disk_uid,disk_capacity,disk_attr,disk_type,user_type,vm_cpu,vm_memory
2ce04e63-f1fb-435a-94f8-01bc317d1527,100,1,0,1,16,32
6f9a0585-c563-4dd9-bbb2-6d662513bb6f,50,1,0,1,8,64
7b5ac82b-c6e2-4900-90c8-f8f1c99e370b,100,1,0,1,32,64
29a660fd-4335-4d73-8e06-583a4b9caa85,100,1,0,1,32,64
e4caf0b8-27cf-4202-83ad-5472fdac47b4,100,1,0,1,32,64
d518c10e-3c0e-414d-8945-c79b660476ac,100,1,0,1,32,64
7624cc15-a060-4f54-8b32-089d67857a0d,100,1,0,1,32,64
0bfaa408-2b58-4c91-b651-28791e496dfc,100,1,0,1,32,64
d2454777-b571-4e5a-97f3-ec74032b43f9,100,1,0,1,32,64
1c475634-3dfa-4f3e-9d6c-0f747cd01a01,100,1,0,1,32,64
e5154d04-6c86-47cc-87a0-446f1208bcdb,100,1,0,1,32,64
346fe0dc-3f23-4c54-b988-9a680f8b6ed0,100,1,0,1,32,64
7ee0bc3a-6c99-4da8-9e39-ec99d54703cb,100,1,0,1,2,4
2498a829-f784-4bf3-9014-717d218398e4,40,1,0,0,2,4
3991af19-d638-429c-b583-8acf1e8d011e,100,1,0,1,16,32
8cf83797-f949-4d64-999a-c1e96eacf622,100,1,0,1,16,32
86b3573a-22af-47e6-925c-d6abb4fcf9e5,50,1,0,0,4,8
d4755451-b8e6-45a5-9ed3-3394676fbabc,100,1,0,0,2,8
910a4ec6-a26c-48b4-b497-502c161ccc02,100,1,0,0,4,8
d6a0c06a-bf17-4732-8993-eca8aceac0b4,50,1,0,1,8,64
adba2657-6541-4eff-91bd-e2b08787f7f9,100,1,0,0,2,8
a741a3c1-43b1-4be4-8e39-ca595b740469,100,1,0,1,4,8
0f1e86e9-59e1-4291-870b-596c4b7b7113,20,1,0,1,8,16
ed8d220f-31a7-4090-a65d-3310693cc373,100,1,0,1,8,16
0b507a0e-dc88-4f51-afb3-11f0a7e75ee9,200,1,0,1,8,16
bc9a9190-e735-40fa-beef-1dcfe23094cc,50,1,0,1,4,16
c3066c60-fb79-48a9-a4a4-827cfd46f12b,50,1,0,1,8,64
b7a5eff5-38ab-41a6-8795-6e707558a98a,50,1,0,1,8,64
cb25a3dd-45f9-40ba-837e-6629374c74e5,100,1,0,1,16,32
7e534216-24d6-4380-9bfe-8bccd364e373,30,1,0,1,8,32
c4ad4260-7dd3-4039-9d23-45b98ed8922e,30,1,0,1,8,32
a38b9d10-78ab-44f5-b40d-0c85dbcf5180,100,1,0,1,16,32
c2a7e351-bc57-4607-a356-0b6123c17bd5,100,1,0,1,16,32
abcaa286-5567-4f22-8c73-bf0447219eb2,60,1,0,0,2,4
364865f6-1925-4f2b-add3-f77d48c7db4b,50,1,0,0,2,4
138883e4-e54f-4724-8838-23e2c5f88ae4,100,1,0,1,16,32
a02ad536-791f-4411-ba1b-74d3d2d3a7fe,100,1,0,1,16,32
75ae97eb-a3a2-4e09-968a-cccb7785a396,100,1,0,1,32,64
08b0d01f-f28a-4b99-8ab8-9fc2876ab830,100,1,0,1,32,64
4bde6f38-2f41-4edf-898f-73f697404536,50,1,0,1,4,16
875e8732-081c-4626-8b23-76f694d336bc,100,1,0,1,32,64
1541f66f-db65-4089-a3f4-d81fe9652d2b,10,1,0,0,1,2
8ff71e95-d9bb-4e8e-925c-035726a32277,50,1,0,0,4,8
41480289-9c0e-4a15-bff5-5ce3a0b787ba,30,1,0,1,8,32
a5990203-65f8-4bde-ae49-d1943da8a908,30,1,0,1,8,32
93415171-fba4-46ea-842c-6ef8f7d4aed4,100,1,0,0,2,4
600c55eb-4aed-4ed6-a2dd-e0558caa8251,50,1,0,0,2,4
6b71a3c7-7b59-4c45-9d13-711a5a77b2e8,50,1,0,1,8,64
42749aa3-2b4c-4a33-b097-83b2fb0c3415,100,1,0,1,8,64
0336d894-5819-45ef-b8b9-2b8201ae0105,20,1,0,1,8,16
679916af-acbe-4ff3-8456-4fef25fe9e71,20,1,0,1,8,16
74ab2df4-7ba5-4a0c-8d96-eaa4d6a033f2,20,1,0,1,8,16
afb9b046-1645-4d8a-8ceb-bd6fe4c2e292,100,1,0,1,32,64
9be11d00-5ddd-4ead-8c24-eb85ee555121,20,1,0,1,8,16
d8f73b32-4136-431f-be2e-5d79e2b12117,20,1,0,1,8,16
f1e68407-be52-4561-a2a8-8ca91f2b7e48,100,1,0,1,32,64
f59c39b0-da39-4dda-bb7f-235deab7edfa,100,1,0,1,8,16
ecd64b69-d5e6-47c2-bac3-8b2877e16425,100,1,0,1,32,64
2a226dd1-c20e-4b90-a2cb-f8adfac2fcb9,100,1,0,1,32,64
592e9412-dd24-4ceb-ad94-5089c8426c38,100,1,0,1,32,64
78c14154-cb24-4d2f-9a55-ce87254ff3bf,80,1,0,0,2,8
6496be84-d5da-4087-8c05-8d82f2519b57,100,1,0,1,32,64
b7cceb5d-1b25-409f-9f9f-05a3612cc17e,100,1,0,1,32,64
85499d76-43e9-4922-818c-e078611c48e3,100,1,0,1,32,64
8d4bb8f9-c58e-4293-ad35-d80b7237a4af,100,1,0,1,32,64
f351c646-e414-42e4-a050-deb830c29ebd,100,1,0,1,32,64
261cdd47-c07d-4825-bf50-b0351f0b7846,50,1,0,0,4,16
c9db96e6-3ce9-4d43-99ec-6749901953d3,10,1,0,0,2,4
af96b406-8b4f-49ae-b41f-3d344390b3ec,100,1,0,1,32,64
b0f29fa2-9042-43ff-ab85-21a0bcefeab9,50,1,0,1,16,64
bbdc150c-cd4a-40dd-9d7c-8def9293a7c1,100,1,0,1,32,64
5bf66da9-2d87-4542-bc7f-1d080f800877,100,1,0,1,32,64
d47b53bd-8363-4104-852f-73c367ee76a9,100,1,0,1,32,64
47619812-69bb-45c8-bfb7-cf779618d77f,100,1,0,1,32,64
840d26e0-3c1f-45c2-9b43-7f82e585e96d,100,1,0,1,32,64
e7a5b043-b47b-41bc-860a-582a5534867f,50,1,0,1,8,16
4da8fe9d-833a-4ba9-b192-9e133e311168,100,1,0,1,16,32
5e19c4d3-3516-4e2e-abea-55dc499d1ee7,10,1,0,0,1,2
bc9d7551-aaf3-4849-a4f1-a26bda9d4ef1,50,1,0,1,8,64
f7da869d-adb9-4dd8-bc21-7f970f7f5ac7,50,1,0,1,8,64
abf48a08-8607-4311-926b-094b3493eb07,100,1,0,1,32,64
207bff00-cd9c-43dc-a3cf-5b273fe61a2e,20,1,0,0,1,2
cf32bd6b-33cb-4d53-9ccd-f90707b2aa74,20,1,0,1,8,16
ea3e2959-9b68-48a1-a019-49a785c8aec3,20,1,0,1,8,16
ae3234dc-dc63-422c-813d-75b049bd8114,50,1,0,1,8,64
fc04a1dd-edb1-4eb6-a7b1-e034d46b8917,50,1,0,1,8,64
64966aa5-b6b5-4a63-a8b4-ef7aa063f540,10,1,0,0,1,2
7c8b9549-03bd-4103-a095-efc84c488b99,100,1,0,1,32,64
0ca58a05-a456-49a0-abde-72081f2f1bc6,100,1,0,1,32,64
1f130da3-5867-4b07-9ded-871364f98c12,100,1,0,1,32,64
2150c1f9-3a3e-461f-a6e9-c93950d3ddfd,100,1,0,1,32,64
2e502503-6df9-42c3-95dc-f89626a5d0a9,100,1,0,1,32,64
433e4c39-7977-434e-8ae2-04fae762744f,100,1,0,1,32,64
c73e2251-3889-40d1-8050-9090b295d5cf,100,1,0,1,32,64
fc4eee65-fbfc-479a-9f42-f93261ba94b1,100,1,0,1,32,64
c5ddfef6-b57a-44dc-8dc2-14d6aa100224,100,1,0,1,2,4
71aa0502-b824-41d3-a2ea-0b834069dfe9,100,1,0,1,32,64
933773f6-52cb-421b-aacc-a0ca73f8a74a,50,1,0,0,2,8
0dd4705e-85e8-4419-9efe-ed7ed3963c8e,30,1,0,1,8,64
4785a542-20cb-4d4d-bf54-ac86d9dbd317,30,1,0,0,2,4
6640ff65-4d0f-44c5-aa31-aca6be32a4e8,30,1,0,1,8,64
18d71341-923c-4884-98cf-0eef73f1b727,30,1,0,1,8,32
d1092308-9c52-44da-82ef-9a56caff3fed,30,1,0,1,8,16
0f82468a-07c7-45dc-a1bf-086cc63c825d,100,1,0,0,4,8
5b3ec298-400f-47f0-871a-37b2f17f4b97,100,1,0,1,32,64
819edd3b-a9c7-47c6-a2a9-bb6adc3f6207,20,1,0,0,2,4
9c54d948-1506-467a-a5b8-733171a57f54,100,1,0,1,32,64
4868869d-3a8b-4996-a65e-0241e0651d31,20,1,0,0,1,2
2ac54ddf-f590-4397-84c7-2c86bc14cc81,100,1,0,0,16,32
771e319c-b84c-4162-97be-1ee824d5bca1,100,1,0,0,16,32
d0bf0493-627a-4674-b03d-e8158498cb8f,100,1,0,0,16,32
0530b7e3-0e29-4619-9c95-d17996565a4d,100,1,0,1,32,64
30233037-5e7b-4916-ae31-a33be88140d3,100,1,0,1,32,64
8826e3bd-9229-4b0e-b1b5-dd781f9d5ef1,100,1,0,1,32,64
7d06fe8d-1406-4d80-8d71-f106d3a34222,100,1,0,1,32,64
0987365a-4578-422c-9651-7f464e435a40,100,1,0,1,32,64
6fa33329-f836-4ace-abb1-bea9ff23dc00,100,1,0,1,32,64
e796a29f-4655-4e08-83c2-927bdcc2b6f8,100,1,0,1,32,64
d9e9c589-b0aa-48d8-b216-9ac05af720ed,100,1,0,1,32,64
2d8d4da1-6493-44f0-b62d-6f99004385ef,100,1,0,1,32,64
f78a15c6-83fe-4548-8a7f-cb8c1364cea6,100,1,0,1,32,128
6543dd5d-8f4b-404e-89fd-a4f693007fc9,100,1,0,1,32,128
bebc8a97-aeac-4caf-bbbc-775b2a1faf74,100,1,0,1,4,8
a5947c2c-d3ef-456c-b097-cd8e5207fe27,100,1,0,0,32,64
84b8ce16-c49d-4d84-ad6b-8aca1d529f1d,200,1,0,1,8,16
c10327e8-5ea7-4e50-9fe5-0a6bf0185eee,50,1,0,1,8,64
24c5c666-bff8-440b-90a9-214d67bec0f7,100,1,0,0,4,8
3d70083c-d416-4b17-894c-e1e6c80a5c5c,100,1,0,1,64,128
f8f9d7e3-0ef2-4fba-96de-a2b5f0f3155b,1000,1,0,1,64,128
90479ed1-4296-46d3-bd8f-e7de0190897d,100,1,0,1,32,64
17d24912-97dd-4a6b-9901-f59652adf4d1,30,1,0,1,8,64
2f84b869-8ec8-4170-98de-12135f424ca3,100,1,0,0,4,16
f766d7d0-0d68-4fd1-a3a5-0ddb0b675ca9,50,1,0,1,4,8
25c98c72-3ad6-45fa-9459-fa5266057eb0,100,1,0,0,8,16
9412ae24-4598-4053-9289-2ecabedd7835,100,1,0,0,2,4
064d6313-26ab-4fc2-958d-10ef2d0cdeb3,100,1,0,1,48,160
78b771f8-0dfb-4f7b-810d-2fb7451b77e3,30,1,0,1,8,16
232cbdb7-d6cd-4afb-82c6-5895faffa976,100,1,0,1,64,256
772fc1a4-b1ec-406f-9965-9be51c33297b,100,1,0,1,32,128
7c60543c-6dac-4736-8f0d-4b6e75240a16,100,1,0,1,32,128
a4d9339a-616b-4602-8f01-b4db768cbd2a,100,1,0,1,32,128
2b884717-6e61-4b9a-a078-e90a9ef7013c,50,1,0,1,4,8
d38ad2c9-2e1a-4940-8842-596917ab6576,10,1,0,0,2,2
197f1c0d-ac03-4def-8c16-e231ae4fab55,100,1,0,1,32,64
210ee831-0dd2-4385-b345-1ff30bf6ac2a,100,1,0,1,32,64
11e14adb-ec7f-442a-853c-6cb29187b926,30,1,0,1,8,16
10e93864-a64f-4084-a60b-be9e1f2a5c78,100,1,0,1,64,128
7d5a60ed-94d5-44be-9731-09e672aca6cb,100,1,0,1,64,128
98f1b327-8dd0-4508-8d39-de2923976966,100,1,0,1,64,128
4aec5286-53cc-4dc1-a7a3-ba1fc9dd63e5,100,1,0,1,64,128
72720d43-36b8-45c0-a3c1-32c3f4adb060,100,1,0,1,64,128
07894d54-0865-456a-a6ba-d3c09ea9fb30,100,1,0,1,32,128
2df49e83-1e68-420f-ba2c-7e9b1725311c,100,1,0,1,32,128
d9a24de9-a208-4769-8599-7c1d1dadbf18,100,1,0,1,32,128
e15a9bb6-e60c-4c88-becf-66b6e3b85eac,100,1,0,1,32,128
430ce9ca-77e4-4d34-82c0-a798ed61d090,100,1,0,1,32,64
9022a114-3c04-47ae-80af-04cff96a4243,100,1,0,1,32,64
aa13646a-61a4-4cab-96aa-b0dbae05ad05,100,1,0,1,32,64
beca2f6d-2b05-4b91-842c-5d8f5bb8ab84,100,1,0,1,32,64
e2625fe7-375a-4949-83af-abad0e0aca17,100,1,0,1,32,64
eb80c17a-e10f-440e-a0de-ba0f700b0c5d,100,1,0,1,32,64
7c22276f-71d8-4c74-a032-fa7b8ecbea3f,40,0,0,0,2,4
d14f5536-cde6-45be-90c8-efa9126085f2,100,1,0,1,32,64
389ec34c-9c21-40d1-a4b4-39b77390ac57,100,1,0,1,32,64
7c6f46a0-9157-44dd-a720-aae2f6d374d1,100,1,0,1,16,32
efe305da-7ba5-4108-9ad6-4ecb95007ce2,100,1,0,1,16,32
72f9007f-b3e9-4dd3-96eb-0a47dd7216f0,100,1,0,1,16,32
98418aab-4660-47bf-93f9-543f42ac90a0,100,1,0,1,16,32
b777d9c7-3b6c-4c91-868d-87aaa1631cb4,100,1,0,1,16,32
b967d7fd-9944-4509-860e-c177ebd535a7,100,1,0,1,16,32
a59b593f-8d7d-4c6d-8e9d-85d63184a397,100,1,0,1,16,32
dc73d692-38fa-41cd-ad77-c24db4f71257,100,1,0,1,16,32
ab52dd34-6379-4aa5-a50d-b9e4232e9653,100,1,0,1,16,32
f878a0b8-2d46-4e1a-9e21-acf308baec56,100,1,0,1,32,128
455f48bc-f66f-417d-ac73-2d014ab37d48,100,1,0,1,32,64
4a0befaa-c55a-43df-a030-a48a39393a96,100,1,0,1,32,64
94c4ab72-3aca-4b61-a920-f8ff6d633816,100,1,0,1,32,64
a9274e54-d7cf-4419-ad9b-650b5786453a,100,1,0,1,32,64
b06a6141-9d70-4ca6-92b5-b71fe51de623,100,1,0,1,32,64
f444e565-895e-4981-a60a-40f7a052e81b,100,1,0,1,32,64
47f82764-671b-4a58-a615-d12c122bd898,100,1,0,1,64,128
658b51df-e0a5-4068-8e93-c25d13e6d83f,100,1,0,1,32,64
0c8282d7-9c3f-414e-8fe3-85808b7c1ab2,100,1,0,1,32,128
8ee4468d-89fc-459a-9469-5d58843a3cca,100,1,0,1,64,256
93a9aed6-f9f7-4c86-837c-33fa569fe5a9,100,1,0,1,32,64
76da112e-da85-40f8-a7cf-89a5aada0152,100,1,0,1,16,32
15965c1f-5b1d-41de-aadd-f7cd4e4ee88c,100,1,0,1,16,32
24bee394-fb9a-4eea-b872-8ddde6009133,100,1,0,1,16,32
438d45b2-46ba-4b5c-8f63-40f49336538b,100,1,0,1,16,32
45c944b9-24d3-4c2b-a43a-84b81a2d6594,100,1,0,1,16,32
c9210153-9b5f-475e-b2fa-764e69d676c7,100,1,0,1,16,32
f6bcaf22-b8f3-462a-b373-2f90adb730be,100,1,0,1,16,32
d1ed3380-d0bd-4695-b796-297d207806fa,100,1,0,1,16,32
d4e57d07-6010-4b73-81ba-10c6b7813106,100,1,0,1,16,32
826f9250-d847-4c5c-a9b3-371ca009462d,10,1,0,0,1,2
ed46419a-9c5f-4b72-ba47-34b271174ce2,100,1,0,1,8,64
7dd0e971-accd-412a-9ee2-bc46b2efd3c0,100,1,0,1,32,64
4c525ff4-2bce-49bc-9d49-fde21c32889f,30,1,0,1,8,32
69a709a7-cab4-45b7-bfeb-9d794460cd9e,100,1,0,1,32,64
71d40aae-a6aa-418c-9f4b-d928f78fb6c1,100,1,0,1,32,64
02ac00e1-f0fb-4ce3-8df2-b0d6fa8d244d,100,1,0,1,32,64
383764a9-b462-47a0-9b92-c8ad42d4a6af,100,1,0,1,32,64
20a699e0-58bb-48aa-a513-632f04b51d7b,100,1,0,1,32,64
638d04e0-b0c7-4e07-a181-f6603466fe71,100,0,0,0,8,16
f4c999ef-5ade-4438-be3c-2b21f34d16cd,50,0,0,1,2,4
f8d3d178-85f7-42ac-b58d-ee07b966c479,100,0,0,0,4,8
f0cf5546-306a-480f-bf35-87941abb031b,100,1,0,1,32,64
73ca59ba-679b-4530-aa11-3de88bb3bc73,10,0,0,0,1,1
88268086-cf8b-463c-8386-2b00fe4750e4,50,1,0,0,4,8
e75375b2-0cd8-4628-abc6-8e3636658be0,50,0,0,0,2,4
75ce437a-bd2f-402c-8691-c385b4b27627,100,1,0,1,32,64
3bb5c714-87c8-40f2-ae19-c083a9f1a159,100,1,0,1,32,64
0682e54f-306d-49fa-a8ad-12fff8f58589,2000,1,0,1,16,32
1eee5a6c-2a9a-4005-b10f-49db15ccded7,1000,1,0,1,32,64
4d891f62-5c02-4c79-bf20-a1a5a101f658,2000,1,0,1,16,32
69f08018-01e2-4000-987c-d6ff5399e7ec,1000,1,0,1,32,64
ede27d97-732e-4c39-b61b-ba3984bf5b93,100,1,0,1,16,32
d0f6de82-bc31-41ac-8c90-7380dcd86507,100,1,0,1,16,32
9f8ea1f0-fd10-4104-b439-db06481843e8,100,1,0,1,16,32
ddfa8c34-4e1e-48ce-b454-52d3c6b7786f,100,1,0,1,16,32
dd650e9f-41c2-43a6-b502-16691e1cf819,2000,1,0,1,16,32
f72e2220-feff-4116-8202-900c0e703f35,100,0,0,1,4,8
a48a85a7-1ef2-4bf8-99e6-e9776488bf41,100,0,0,1,16,64
526fc538-77b8-454f-8b5e-e8ee5964b009,100,0,0,0,4,8
4e077284-0a4c-40b1-8e98-4ae8b6014e30,2000,1,0,1,16,64
ff76bccb-16ec-40ed-be09-5c0bfe189a64,100,1,0,1,32,64
ab65439a-c04b-46a1-8f46-574d8025ce4c,2500,1,0,1,32,128
f748fe72-26a7-4116-8a6c-4ba706580c1c,2500,1,0,1,32,128
5f4c3305-76c2-42fc-8b88-acc00bad2495,10,0,0,0,1,1
24f59a37-65a6-4e7d-9a76-b2f295435433,100,0,0,0,4,8
82bfaa4d-4cc5-4ba1-b77b-8f69f0287ef3,100,0,0,0,8,16
b294ba92-f6c8-4868-bd3e-49aaa97a4cc9,100,0,0,0,8,16
94377eac-27a6-449f-b427-57005a946dbc,200,0,0,1,4,8
474bb5de-39b7-4e03-a302-0225ec263d5a,100,0,0,0,8,16
fb049f11-77d3-4f53-a192-3079d2808cf0,10,0,0,0,2,4
25eb3400-8a27-4eac-bfff-8400f4ae7356,2000,1,0,1,16,64
0c75a413-0111-4d22-87ac-a99b09c4a24c,80,0,0,0,2,8
de5f02f1-d095-4e35-bc69-664f68b79c7a,100,0,0,0,8,16
a662280e-a241-44e6-937b-61a6a76ca601,100,0,0,0,8,16
b823e8fb-cf62-443b-9d52-57d014df92f3,500,0,0,1,8,32
1ffd2bbf-c96d-47ac-98c9-da8a5428aa6b,30,1,0,1,8,16
0b2a2e53-1ebd-4bca-86a0-354a354cd31d,2000,1,0,1,16,32
ce7a9668-c305-4b05-99ee-c59b53ee0fe9,10,1,0,1,2,4
3f69b661-d573-4a7b-85d3-ebea70d1d422,100,1,0,1,64,128
0c4549f6-70f6-4de8-990c-09e4a54e476e,100,1,0,1,64,128
586ffcc4-2931-4c49-af4f-652a567adfc7,100,1,0,1,64,128
90b8508b-6bd0-4276-b479-d049928fef4c,100,1,0,1,64,128
1c2ca95d-c2ef-42cc-b6f1-c806be44d27d,100,1,0,1,64,256
b35977a0-fcee-446f-8e85-15c2c14a4035,1000,1,0,0,16,64
30a04085-d921-41e6-9504-c20de5dc77bb,1000,1,0,0,2,8
23b09a9c-b737-43f8-b527-f0ebfc89b4f2,90,1,0,0,4,8
9dbb9736-33f2-4ba1-801b-07ccea9e59ce,500,1,0,1,64,256
5b7be26f-9945-4dc0-9170-ca6b7c4f12df,200,1,0,1,32,128
2400cec5-7e8b-4f5d-a8c4-880a99ed2beb,200,1,0,1,32,128
fd64f895-8799-4ef7-bd5a-6f99114d29f3,100,1,0,1,64,128
152b4efb-6453-42c0-9609-0c3996081c99,200,1,0,1,32,128
3cf11419-ec35-4ea2-9446-3c8abff33d07,100,1,0,1,64,256
375477d2-490c-4060-9143-d566819af827,200,1,0,1,32,128
3755386a-3714-46f6-b63b-5547879011fe,750,1,0,1,64,128
cc16f9e3-89b0-4aa4-8037-8421b48c69e2,100,1,0,1,64,128
83f3f029-160a-4365-93ed-fadd9d657ae4,200,1,0,1,64,256
c83bd92d-4b4a-4988-9d50-e958b7af4579,300,1,0,1,64,256
1506b010-d977-4c9c-8f60-590065911481,100,1,0,1,64,128
671d8b26-13c5-4c66-85c3-988a824233d7,500,1,0,1,8,32
161814dd-a7de-4f17-9e5f-7336526b5720,50,1,0,1,2,4
57c2159b-d6a4-4d48-a60e-46fc7a0c0e3a,100,1,0,1,64,128
3c412f0b-48d6-4cdf-8016-48df4cae6f9c,200,1,0,1,32,128
e0f65a69-39dc-44cd-8e7d-7aa231bf4941,50,1,0,1,2,4
69a24a57-83d6-46af-b7ff-505358d088db,200,1,0,1,32,128
39db0a7d-3dda-48ed-9fac-ab889ad047b1,200,1,0,1,32,128
04907f09-8f30-475f-b2e7-6717da3089cf,200,1,0,1,32,128
122034a1-1741-4b50-9ba5-67d84144e009,300,1,0,1,4,16
abf96f54-ea66-42f8-ac6d-fb29fb151a42,100,1,0,1,64,256
c44c10a5-79ab-45a6-be10-0052b04e4629,600,1,0,1,24,96
c61d8a72-cf51-4604-9bb1-519917623ba8,100,1,0,1,16,32
a7ef34c7-1347-40b4-ac70-3849f9dcaa46,500,1,0,1,8,32
42c5e9cd-593e-4626-a3c9-00e1c6d59289,100,1,0,1,32,64
91fc07f1-9109-42f9-b024-391156e95b21,100,1,0,1,32,64
fd1cd68f-2093-4a2a-a4d6-da9225165cf3,100,1,0,1,32,64
d62679c4-6f9c-4e0d-ba5c-787278584a9c,100,1,0,1,32,64
fb700ff7-17ed-4f98-8083-50e82e8605da,100,1,0,1,32,64
6506dc9b-12a4-412f-9ccc-38684d2a5af5,200,1,0,1,32,128
99716025-4440-4078-a2cc-d07212948cba,200,1,0,1,32,128
ab58dc2e-94bc-421b-bfae-da76ef3f9d85,200,1,0,1,32,128
a11648ce-115e-49c5-932c-f6402998a31a,50,1,0,1,8,16
e85ad6eb-fb49-4610-9e6c-4f6462778b88,5000,1,0,0,16,64
247c970f-21a6-4221-90b8-69a24487fc00,100,1,0,1,32,64
dca1be55-89fc-4a98-a64b-ef50cf6be742,100,1,0,1,32,64
7406e2b9-01c7-4b1c-b5a2-f1e846d36839,80,1,0,0,2,8
0af142b1-293b-4062-9aee-12552f1195b6,100,1,0,1,32,64
21d7edc1-bebe-4316-b33f-281828137686,100,1,0,1,32,64
6267d134-8a5b-4d87-b6cb-455f60197d24,100,1,0,1,32,64
97d34e5e-3359-4c30-ad5f-d5bf2c00832e,100,1,0,1,32,64
68aaa023-5581-4197-af26-da5ddcc8dd40,100,1,0,1,32,64
e53a5330-e773-44e7-ad30-184f9c20436f,100,1,0,1,64,256
d01817f6-cb1d-419e-8e6a-9936ee40ddd2,100,1,0,1,32,64
bb9a7523-3909-4194-a592-1d272b7b2c8c,100,1,0,1,32,64
2fa3a254-2fb7-4489-a09b-b28f2df13c6b,300,1,0,1,16,32
81541817-bfb2-4b99-9c3b-35e7ccf1988c,100,1,0,1,64,256
39899292-7f3a-4fea-9d20-ccc262fb08b6,100,1,0,1,32,64
56846cd1-fd37-4b7c-964c-3ba5e3415024,100,1,0,1,8,16
7f6579b0-3a35-47e2-bdd2-2a17fea6b4e8,100,1,0,1,32,64
c1da9e9b-f1d1-43be-97e9-216e4d84c40a,200,1,0,1,36,160
145dfd8e-dc34-4fff-adb1-83eeca2124e3,100,1,0,1,32,64
639e6933-2a15-4aea-bb31-2893328fda51,100,1,0,1,32,64
edd7a7e6-de6e-4065-9400-4408b7040c4b,100,1,0,1,32,64
f04b6366-e534-4e4c-813c-3906bedc151b,100,1,0,1,64,128
02cbae00-c798-49f0-af99-56f36fe5fa3c,10,1,0,0,1,1
c90cef84-7dc1-4505-ad4c-3ad340eb540d,10,1,0,0,1,1
e7ffeaf0-975b-4749-a66e-f3147fe41acb,10,1,0,0,1,1
e7d30042-46d0-44e2-ba97-cf0a09833fa8,10,1,0,0,1,1
098c0ccc-9637-47b1-b653-ef50c49221d1,10,1,0,0,1,1
c963cfb4-316d-47f1-8e7a-3cb439a1f9e6,10,1,0,0,1,1
21c78769-4dd6-45a7-a1d1-e8dfdedd94d5,10,1,0,0,1,1
d5929333-ae26-49b1-b069-85508335876f,10,1,0,0,1,1
db4225be-8133-4d75-8684-824e7d9a60f5,10,1,0,0,1,1
460ea46b-bada-442e-b8de-8c82299ca446,10,1,0,0,1,1
6460d610-629a-45df-9576-c313616bb822,10,1,0,0,1,1
c62e3bf8-e542-4c08-8c34-53c6ae9eeebb,10,1,0,0,1,1
365be055-081b-44c8-87b6-78dae4ac5750,100,1,0,1,32,64
395a5168-2acd-4f8c-ab12-de762f9e7531,100,1,0,1,32,64
2f4125ee-5f8d-4fb3-9619-808f2898b548,10,1,0,0,1,1
83099735-e00c-4f32-b4fb-0385e43896c5,10,1,0,0,1,1
e3a41572-2546-4b51-8018-fd8309096265,10,1,0,0,2,4
7e992639-c56b-4d38-af02-39e6bcc3387b,10,1,0,0,1,1
4003b430-b605-44ec-9db1-783f1ecbc685,10,1,0,0,2,4
4bdcecff-38d4-4a21-9ccc-71ab81bc2511,100,1,0,1,8,16
a15ba5da-2531-4f05-866e-741fbf815b47,10,1,0,0,1,1
1d26248a-a202-4d85-858e-a97b54b8192d,10,1,0,0,1,1
226bc679-6a15-4b5a-b239-3277ece11ceb,10,1,0,0,1,1
203e0dfa-83ce-4eca-b7ca-01f57b3a602b,10,1,0,0,1,1
f3963117-74a3-4736-9e4c-737ff12186b8,10,1,0,0,1,1
2b9e4f14-e32a-4a51-8a17-10b35a3e549b,10,1,0,0,1,1
5da9cbda-3e2e-4b63-9fe5-065793fc65c9,10,1,0,0,1,1
f335ca1f-8e89-443d-8cf5-f80bc3844de6,100,1,0,1,84,256
1c16315e-9c19-4b76-bec5-79db8db22f12,100,1,0,1,32,64
646f0ea6-f8d6-4ab2-b871-d49080b9ffa5,10,1,0,0,1,1
d065292b-e27e-428d-9990-5880fb3f1010,10,1,0,0,2,4
d5ebccd7-45fa-419f-b99e-676cf176ade5,10,1,0,0,2,4
ffafe89b-2a3e-4cc4-a327-a2212aafb5c1,10,1,0,0,2,4
0911e20b-b7a5-48ad-81a2-3521e55db03e,10,1,0,0,2,4
83f734b5-c853-4329-b2ba-8a573ce1991c,10,1,0,0,2,4
b582fb42-256f-4ca7-a306-506a46a33ac4,10,1,0,0,1,1
9ec2a8b5-05c3-4b57-9bc7-536155e0be10,10,1,0,0,2,4
e9baaccd-3f49-490c-85a9-736b57483ecb,10,1,0,0,1,1
ca20d137-6c83-423b-8ddf-2625232bc0b2,100,1,0,1,64,128
c94098d8-c464-4396-af24-87e7a701d377,100,1,0,1,32,64
fb18256c-f17c-4997-b4a4-6956d8407931,10,1,0,0,1,1
d3a22a2f-8c9b-4b63-8bda-17badf7e25a1,10,1,0,0,1,1
7c3c44f3-b803-4d1d-930f-02f0ccc1e56b,10,1,0,0,1,1
87baa3e8-9f8f-40b4-9087-f42d7a763fde,10,1,0,0,1,1
00581c4c-e5a3-4668-b99f-4f804e6b6478,10,1,0,0,1,1
1db74d8b-cb64-48f3-8f3e-177d86a26518,10,1,0,0,1,1
9ca90c1c-3409-4183-9f6f-f863513104c6,10,1,0,0,1,1
b72c6154-c1fb-42ae-ac82-a6825a0df645,10,1,0,0,2,4
c9a629b5-67d5-4d73-9703-b9f9881c3a03,10,1,0,0,1,1
bca9b1f3-8372-4586-9d2f-152b2e609e7a,10,1,0,0,1,1
819aea5e-8994-42de-833d-f3bc81e46c96,10,1,0,0,1,1
6da856ac-43c7-4079-a44b-70919bf8e666,10,1,0,0,2,4
72eae369-2598-4427-8f44-6a1acf5a9ee0,10,1,0,0,2,4
1acd70f9-f714-471c-9890-4d5a32751677,10,1,0,0,2,4
a8ee8e7a-d3f5-4232-a90a-f0c3bfa842e8,10,1,0,0,2,4
56127203-80f4-45a1-aeae-5786191fd37d,10,1,0,0,1,1
494e9193-8f9a-4847-9043-f79f17af2dde,10,1,0,0,1,1
daac920c-26cc-4051-aefb-12427040cc7e,10,1,0,0,1,1
b51a5ac9-ef1d-4e36-8026-8b5ee2643494,10,1,0,0,1,1
0051e8b4-2ddf-4621-b1c4-29fb7139d7c2,10,1,0,0,1,1
e61cb41f-f3eb-4583-982c-6bc685d913e8,10,1,0,0,1,1
3e26aec3-f70e-4f7a-b1bc-3ffd0071603a,10,1,0,0,2,4
4f454def-6dda-4419-9ce2-d8b1a53795fb,10,1,0,0,1,1
fb939195-7ab4-4a12-b94a-3c1114ceb29d,10,1,0,0,1,1
091aff72-86ec-4326-9ae2-7942506ff2a4,10,1,0,0,1,1
8cd4a159-27bc-4ec2-87fc-c07d7393b45c,10,1,0,0,1,1
2db4385a-b90f-4a90-a74b-3120a64cb4be,10,1,0,0,1,1
8e1e4714-3066-46f3-9359-9d4df1d7a0d4,10,1,0,0,1,1
9a6e8be7-a1fd-4dc1-8c5e-4a078e91a96d,10,1,0,0,1,1
d5688fdb-d09e-42d1-a7a4-43bead4fdcf7,10,1,0,0,2,4
997e8269-7b5b-47bb-93fd-45a3eb262d7d,10,1,0,0,2,4
e021adb6-30b6-4002-ba39-86f515b3cba3,10,1,0,0,2,4
ef429656-cb3e-437e-a440-d738a56df60c,10,1,0,0,2,4
4298ee27-9bb0-4d5a-86fd-9ee56be8c135,10,1,0,0,1,1
8cf580e2-7710-4bea-840b-f99476f72256,10,1,0,0,1,1
c0a39967-c341-4c33-a19c-595a9da28154,10,1,0,0,1,1
f4ff7832-2fa9-4318-9141-ed8df60116d6,500,1,0,1,16,32
e373089d-3d2e-42e3-b2ef-f1f68ade5dc4,10,1,0,0,2,4
e7587000-1f4b-44fb-8008-675b197dfc0f,10,1,0,0,1,1
957b374e-4840-4403-a4d9-590342d1a3bd,10,1,0,0,1,1
8cbde484-7233-4248-a8af-8da74b8d257c,10,1,0,0,1,1
6124170c-36fb-4d1e-a214-008e5804ae38,10,1,0,0,1,1
759dd092-cfb7-48e7-982f-05fb19b381d5,10,1,0,0,1,1
ab42dbaf-ccbb-496c-803c-84696f9bc467,10,1,0,0,1,1
e3858511-1e61-42ad-a197-5151d6f98650,10,1,0,0,1,1
86d375f2-e2fb-4632-beac-1e1eadf7cbf6,10,1,0,0,2,4
eb51536f-f0c1-4efd-a064-6a65e6a1ad95,100,1,0,1,32,64
a5469ca5-9104-4f08-b61b-396bd6040622,10,1,0,0,1,1
5ccd772d-8d3d-44e9-b926-ff062c9d18aa,10,1,0,0,1,1
955c5937-cbae-4759-93b4-9f7cb8fe04d3,10,1,0,0,2,4
a9580740-dbab-4267-b996-ab531e7b64b5,10,1,0,0,1,1
5a21ab4c-bfc9-44a3-a2d9-8a23b6e08730,10,1,0,0,2,4
7e7b6869-9ce4-45e5-bc8b-108d5c918237,10,1,0,0,2,4
fdd3d5d8-a839-49d9-b654-e6e617311598,10,1,0,0,2,4
7ebc0ff1-052a-46af-97a9-5879258bbbd4,10,1,0,0,1,1
1ebf1d61-a88c-481e-90aa-f2ab5fc0654d,1000,1,0,1,32,64
317e0b6b-a1fd-4db4-a753-405eb05530bb,10,1,0,0,1,1
6c859700-7ed5-4853-abfa-9a4f93d1273a,10,1,0,0,2,4
ae4667ca-22cc-416e-b17e-b3302bebf6a1,10,1,0,0,2,4
5710af6f-a020-437c-858c-ff3ed526383c,100,1,0,1,32,128
cc120073-d80b-4384-bdb1-43f745603e26,10,1,0,0,2,4
aad6baf0-02ec-43e0-8a34-221c858b65c3,10,1,0,0,1,1
6617d51d-caa8-4099-9496-2d8f6d28eec2,100,1,0,1,32,64
6309b783-734f-40ca-ac8d-7a5e65340129,10,1,0,0,1,1
f16714e6-e15c-435f-a366-2ec58dbde792,10,1,0,0,1,1
35d57253-09a8-4c1e-b5c3-717b86a5fae7,1000,1,0,1,32,64
a4ce5ec5-01f1-4d57-9a51-311e674eee03,500,1,0,1,180,464
0fd2ea15-47a8-49bc-85f6-04f3ee317117,2000,1,0,1,16,64
15c0bde8-181c-42f4-a718-b64afb5dd54b,2000,1,0,1,16,32
3d8cfce9-a443-4d36-90b5-6f8921bbaf51,100,1,0,0,16,32
9e4cb3b3-14e4-477f-8849-bf29490cad2a,10,1,0,0,1,1
9ea2a9a1-1b2e-4984-ad72-b467980c023e,100,1,0,1,32,64
960e1055-b9e2-40de-b282-2d21b360aa75,100,1,0,1,16,32
211cb0dd-ee45-4e8e-bb07-4ab02d345943,50,1,0,0,1,2
220c4ebc-2317-4239-8155-0c0d8f90a7a5,500,1,0,1,180,464
f9aa477e-2146-43cf-b86f-0c242281a3f5,10,1,0,0,1,1
5c1dd2ee-ab7d-4008-be82-960e98001730,500,1,0,1,32,256
1c30e64d-6ad2-4fea-8101-3ff6ad739c52,200,1,0,1,32,128
26212d4d-12f0-4fc2-92aa-f64ee41d73df,200,1,0,1,32,128
4edf8fda-3444-47f4-9f3c-f66b3fcc875a,200,1,0,1,32,128
d57525a3-c557-4dd1-b0c1-aa369a9e30bd,100,1,0,1,32,64
46df56a9-b8c2-4677-93e6-632e1d62f29b,10,1,0,0,2,4
e46833d2-7fa3-4638-8002-37fa1c996463,300,1,0,1,8,16
3130efd1-4fb0-47f0-8e8e-cb4cc2c09aa0,10,1,0,0,2,4
5cfb3569-4420-4172-88d6-293cc837e74e,10,1,0,0,2,4
21660fb4-bfcd-419f-ae51-36736e7bd328,100,1,0,1,32,64
856b7efb-da5c-4b93-b614-0d6abe8e9a91,10,1,0,0,2,4
59280651-0520-4e32-8430-1cefe8c604cc,100,1,0,1,32,64
6bf23005-7072-46e3-969c-f39b5dd4997a,100,1,0,1,32,64
63893d2f-1d45-4b97-a69d-9b1fe0055f8b,100,1,0,1,32,64
985027c8-084c-46fd-bab2-80ab48e43b6a,10,1,0,0,2,4
ddc58003-905b-416f-9a81-116d9449a37e,10,1,0,0,2,4
fd0e0d6d-3d16-4e10-9f57-e84b864ef75b,10,1,0,0,2,4
06e8bad2-fa60-4bc4-8f31-d1a19a77d599,200,1,0,1,32,128
5222456b-de21-4c30-a08a-61efc729408f,200,1,0,1,32,128
184acb2a-3e87-4f1c-9e43-1a575e355037,200,1,0,1,32,128
4c3de507-6980-4aa0-8d13-bbf545cbd773,500,1,0,1,64,256
3cc60e19-1b1d-465e-8952-c732153c15cb,10,1,0,0,2,4
77b006df-d899-4386-a204-e370319377c6,200,1,0,1,32,128
0fac7c64-6b4a-448c-9043-0bbe62aad244,200,1,0,1,32,128
c3b92789-dd5a-4972-b82f-7bb2a409a040,100,1,0,1,32,64
1e1337d6-a8c8-4fa4-bc8a-988fb980c6fe,10,1,0,0,2,4
ede0249c-9535-4d32-a3ad-6306b9a3fa4c,10,1,0,0,2,4
439b4886-b326-414a-94e9-0c0b2afe89ee,10,1,0,0,1,1
bd836f2c-c716-4b9f-9727-37e67e978266,10,1,0,0,2,4
100fa530-0a25-4b61-b94c-dae53af77da8,2000,1,0,1,16,64
c6e07667-593d-4b65-94f2-d8f7dd21c0fe,10,1,0,0,2,4
010ba4a6-0593-4939-ae7f-d0b57121bd7e,300,1,0,1,8,16
267f3314-0150-41cb-a341-966660e02b30,10,1,0,0,2,4
641e510e-2ab1-4ad5-b396-ed1d0a753c17,100,1,0,1,32,64
9c220ac5-8a47-456e-9acf-24884c1a0210,10,1,0,0,2,4
385ddf34-e6ca-4845-8cd2-f52370082c3a,10,1,0,0,2,4
e75dd74a-acf0-4b41-b4f9-46e01198eb7d,10,1,0,0,2,4
a1819331-4120-4ee5-9f29-60257f5a4f23,10,1,0,0,2,4
cec9cf6b-41b8-490e-a9d9-fe687f0cf876,10,1,0,0,2,4
7ddbc3a3-608f-490a-81c4-6c58e54dfaf7,10,1,0,0,2,4
685712be-4fae-4353-b3ac-5283f7a36d42,10,1,0,0,2,4
d1e97f02-fa4a-443b-b95e-cff01fe3c5d9,10,1,0,0,2,4
ea4448ef-c6b1-4ef9-bfb5-de63e856cce3,10,1,0,0,2,4
bcaea26e-b7a3-4335-b672-2ca0b422125f,10,1,0,0,2,4
53dbd63c-ba70-4c28-ab2d-6667c96e8709,10,1,0,0,2,4
a4d301fd-8fc1-4bf0-9215-f8ab5567ee86,10,1,0,0,2,4
355f055e-af6e-441b-974b-7fd8ae1ccec8,10,1,0,0,2,4
4bb374c4-b031-4da9-9be5-dc813dfa47ed,40,1,0,0,1,2
0f5a250c-60a6-4615-90d1-42f735684fbf,100,1,0,1,32,64
32f7bfcf-a913-454e-8d9b-42d75b585854,10,1,0,0,2,4
6bbdda47-4ad5-4b07-8015-886694ec8c9c,10,1,0,0,2,4
c352cadc-a702-4300-b9d6-a17f674dde16,10,1,0,0,2,4
8e3c1a1c-9f1a-4981-9f53-358cb5dff508,10,1,0,0,2,4
f3170ced-7965-4b0b-878b-4ae5d872d99f,100,1,0,1,84,256
f62f8a5b-e805-4880-8140-6e6fe461c811,100,1,0,1,64,256
526bb9c2-02bf-4e4c-8589-8b91b0e2523b,10,1,0,0,2,4
186e69f6-f28e-4bd2-b319-8827cb3f728d,100,1,0,1,64,128
48fd9773-3638-4e92-b345-e43621f5c7fc,100,1,0,1,64,128
5700db6b-3779-437d-8b9d-66d35d673153,100,1,0,1,84,256
19203c5d-ccb9-42c4-ad55-cd3265385a15,100,1,0,1,64,128
7364af82-07b2-4fbc-990d-31968581476e,500,1,0,1,32,128
7f03be0d-d2e4-4ea4-8663-e3aa705f51e8,10,1,0,0,2,4
9f6cbb24-079b-4929-9239-2ccfd526128a,10,1,0,0,1,1
8ca9b9fe-37d6-4662-bfc3-22f0d86722cb,10,1,0,0,1,1
14ea1ae1-5a6f-491a-a7e8-a7fbb2a92843,10,1,0,0,1,1
1566698e-49cf-436a-a594-739f5fa17379,10,1,0,0,1,1
293aa428-cbd4-4c08-a7e9-2dbb095cfd1f,10,1,0,0,2,4
bf1c5e92-1a71-4176-9d78-a8558ea40aca,10,1,0,0,1,1
1d085309-701f-4f05-a139-53dff6662c6e,10,1,0,0,1,1
65db3204-779c-4930-b391-eea8f5451a8a,10,1,0,0,1,1
6ea0b1fe-0cd9-4329-a556-f743f7630c12,10,1,0,0,2,4
9007b4b3-9ebb-4f55-af9e-0413340091dd,10,1,0,0,2,4
00cb71bd-0b62-407d-9cb8-dbb9b8284f4d,10,1,0,0,2,4
04ed3d78-ee26-463a-b182-88cbc276a563,10,1,0,0,1,1
73e5d888-9885-4a74-aeed-bba5464768c0,10,1,0,0,2,4
163fc4cc-ba61-4d85-9dde-01d8edc5adb7,10,1,0,0,2,4
1c30ef82-00d9-4303-8e55-4f59d836ce5f,10,1,0,0,2,4
ad8388b4-d786-4653-8b0e-31f02d5a217e,10,1,0,0,1,1
9bcd3a2f-77f1-45b7-9b00-75e76cda6aee,10,1,0,0,2,4
e768d69f-7ce3-4a0f-8111-ba9a8d828304,10,1,0,0,1,1
eac4c84f-82fd-493b-8610-86c4e042aa59,10,1,0,0,1,1
2af75de0-0e90-4956-b94e-8327477ee761,10,1,0,0,2,4
eed0a4cc-7437-40aa-bfc2-670f8a672fe6,10,1,0,0,2,4
ca9e86fc-211d-4969-88a9-05b204dc0663,10,1,0,0,2,4
e9cbedce-a24d-4a08-a5a6-e4f3e0ece6b8,10,1,0,0,1,1
ed87897b-4d28-4f5d-8566-448922d9e28a,10,1,0,0,1,1
c8998819-7721-4adc-ba3a-0e8feadaa99c,10,1,0,0,2,4
a8584160-e73e-4091-ac87-4512c2d225cb,10,1,0,0,1,1
47faaa78-58ad-4859-b8ba-1127b36f55ac,10,1,0,0,1,1
a39f8846-a2d2-4a00-a1ae-caa4da497723,10,1,0,0,1,1
585cdfdc-97c6-4d6f-9d1a-7a2422e71864,10,1,0,0,2,4
34960590-2658-4d8c-8e15-5ab6f7dbb078,10,1,0,0,1,1
5f9e65db-4bb8-46f2-96bc-d14cf748eff5,10,1,0,0,1,1
8e69fa96-a188-4055-83dd-46f4d320fe70,10,1,0,0,1,1
a2edc015-6d9e-4a5f-ae5e-e753744f371d,10,1,0,0,2,4
7357309f-7171-4aed-9cac-dacf8df22148,10,1,0,0,2,4
bb915de8-61f4-45d7-be5f-3e3f92168dc1,10,1,0,0,1,1
b65a7fc3-80a7-4e2e-a6fc-525b84dda60c,10,1,0,0,2,4
de8f2470-90db-4df9-9032-cc96259a71d4,10,1,0,0,2,4
42050475-8e7b-45e9-9959-d507441e4b7f,10,1,0,0,1,1
68ffff78-b0a8-4de1-8ba1-e375f1ef95bc,10,1,0,0,1,1
f28ea60c-8b24-4cc8-9e8c-262b15a36ece,10,1,0,0,2,4
f2ac63b8-f91a-4c5a-9455-eed289468247,10,1,0,0,2,4
33c6ee19-a88b-49bc-950d-38c978f95980,10,1,0,0,1,1
097bbd33-6cd8-4b6b-8b5f-080b5b16f429,100,1,0,1,64,256
dbeb8323-760a-4664-9c16-b60ddb71f89f,10,1,0,0,2,4
e0711111-d9f0-4b1c-a0aa-74e48948a70d,10,1,0,0,2,4
2792cdd3-7ae6-4794-bce6-7149dda28210,10,1,0,0,2,4
5ccde00b-a20d-4635-b858-56aed598a751,10,1,0,0,2,4
5fcbbc70-1ed7-40e5-8f6b-7f5a868733fa,10,1,0,0,2,4
a2f17a7f-a657-43fa-856d-8b91abc1f685,10,1,0,0,2,4
65a85c99-9955-4140-ad27-37482cf16bf0,10,1,0,0,2,4
b95696a8-7c32-4da5-8890-1a826ca3ba28,10,1,0,0,2,4
868fbe1c-363b-40c9-9d13-8ec75e611c03,10,1,0,0,1,1
a4bd5dde-11eb-4d67-bb0b-f7f23e4527b0,10,1,0,0,2,4
5a251ac5-1636-43f1-b0de-77c3fa378d25,500,0,0,1,4,8
849ea6e0-babd-4520-b6d3-7864f3238650,10,1,0,0,2,4
86981f04-6a37-41d6-9222-96ad345c1e29,10,1,0,0,2,4
0367f992-95b0-4bca-879d-15e8e3962552,10,1,0,0,1,1
ab0f5cbc-e174-42e3-a863-24581916b59f,10,1,0,0,1,1
dca80b13-5ffc-4850-851e-4b5536374578,10,1,0,0,2,4
1f12eadd-be5b-498d-aa2b-83635c97e042,100,1,0,1,64,128
d1041a5f-53cc-43cb-ab1a-ae0d9ff2998b,10,1,0,0,2,4
e309c40b-f285-4fc5-930b-c0095f8c90b3,100,1,0,1,32,64
c9670639-91ba-4e47-ae38-b813495aff1d,100,1,0,1,32,64
a0326647-c0bc-4893-aeee-d94590d52997,100,1,0,1,32,64
90953363-72f6-4b66-aae2-5e42991be96d,500,1,0,1,32,128
693fcaba-dc71-489b-a3c2-6170dfc6f8f9,10,1,0,0,2,4
0add4108-c010-4294-8c1c-abc65b4d2980,500,1,0,1,16,32
49cf0beb-e318-4810-9511-a391af8c493f,10,1,0,0,2,4
d0fd75bc-a210-4175-95b7-438548e6aa91,10,1,0,0,2,4
dfbb5860-b169-4828-8ac1-89a13a7dfa31,10,1,0,0,2,4
6a2019ee-761a-482b-b7d5-fc8a431c1132,10,1,0,0,2,4
b372faeb-a127-4ee6-a366-3a3a28de1772,10,1,0,0,2,4
9e0a21a3-ef61-457c-86ab-d4d711da19d2,10,1,0,0,2,4
fa320e17-8c31-41b5-929c-a2a500f6b27b,10,1,0,0,2,4
561fac4b-0467-4b39-b1b3-85c115121a3f,10,1,0,0,2,4
e9740cd4-40b7-4591-9cde-6809612c4f1c,10,1,0,0,2,4
5cbc5e91-0628-4a0c-a727-b9bce13f8d97,10,1,0,0,2,4
8c8b3f43-5488-4293-8ca2-8f9aa0e53572,10,1,0,0,2,4
78955f27-61ac-4370-9449-1965c8ca2baf,500,1,0,1,16,32
31a7a33d-1c81-47b8-b5e6-1099f7750844,500,1,0,1,16,32
9a7385ea-036e-45d5-87fb-2c96c445bccc,50,1,0,0,4,8
ef6f8fee-26a7-483e-aa95-ec82db89473e,200,1,0,0,4,8
7878ea7b-a17e-4028-9a7c-c07ba95bd536,200,1,0,0,4,8
422eafda-ff02-413b-919b-4a3ec6ba8f91,200,1,0,1,180,464
5f97944e-83fe-456f-9aff-fcbe167a8496,10,1,0,0,2,4
2b0f9fb5-4901-48c5-9ebe-e724c3529981,100,1,0,0,2,4
ddb055bb-7545-4e64-aa8c-fb4dd7076885,100,1,0,0,2,4
e3f53178-fe4b-4136-a7c9-068c1a4a0dc5,10,1,0,0,2,4
9292a1ac-f2e1-43fb-a16c-9df8a9459576,100,1,0,0,2,4
75a56a5e-cc2c-411b-84d5-446490601d72,200,1,0,1,32,128
d837db8d-031c-433a-83cc-877e1c20716f,100,1,0,1,32,64
2c77ab30-ee78-440b-a918-fc03f61fc902,200,1,0,0,4,8
a0db6404-9f3b-4d9d-9eef-c79091c146ce,100,1,0,0,2,4
56f91abc-f0aa-4d04-89b9-33c5c9b44c40,100,1,0,1,32,64
e8b711ce-cfce-41bb-8837-873b48b3b0c6,100,1,0,1,32,64
18936260-b737-4acc-a0b5-9af5200d2e48,100,1,0,1,32,64
3ddb5cf3-9844-463b-8c4d-3e618ad33649,100,1,0,1,84,256
987a566a-f13d-4566-b185-1c4aea4212e6,100,1,0,1,32,64
30b9fd68-0765-4e99-b3a6-81d52e537b73,2000,1,0,1,16,32
e891c016-b14a-4a80-9b1e-dcd6d6a044ef,10,1,0,0,2,4
05656cff-0c6c-41cc-a27e-c263ddc6fd12,100,1,0,0,2,4
b3dd58fa-83de-4456-863a-e07f0efdd330,100,1,0,0,2,4
35fe53d1-a324-4bbb-ad3f-40a65c039be0,200,1,0,0,4,8
9a881486-388b-4ee3-b2d6-64de113ddfd4,100,1,0,0,2,4
2439f819-99c3-495e-8a12-794fc727dfdc,100,1,0,1,64,128
4ac3812c-eee2-4f70-9ab8-8168ffdbb583,100,1,0,1,84,256
9c4a7c0a-0d1b-4880-a297-3fa6846d9b4a,100,1,0,1,64,128
304f7dfd-89aa-4c8e-ba8a-4ac98fb6b01d,500,1,0,1,32,64
a3c2f32f-5d70-4696-9904-34d3cb320ed4,100,1,0,0,2,4
27d8e928-93e5-49e5-94a8-7e9ba6b9edde,10,1,0,0,2,4
df51a0f9-7f2d-42e0-b3c1-db5642369a18,10,1,0,0,2,4
f9818efe-e4bc-4589-8df6-d67a1b59b0e9,100,1,0,0,2,4
eb3cee2d-1ed1-4324-ba07-3ed93ac73291,10,1,0,0,1,1
033f050c-9c98-46ef-9b48-2c2e68ae8ced,100,1,0,1,32,64
3a6b471d-034b-4876-9d9c-c51a6d80e8b0,10,1,0,0,2,4
59139884-c9e0-4df2-935f-86b9f000d540,500,1,0,1,32,64
ffdb19ad-2e88-4fcb-a116-74baecfc546f,10,1,0,0,2,4
e65ade81-34f4-4e47-a7b6-4a7ffc2d5e67,10,1,0,0,2,4
650d4543-bc3a-437a-a221-7a5d27deb9c0,100,1,0,1,64,128
626c2011-e130-491a-9347-27f01cbed129,10,1,0,0,2,4
fd5f9141-147f-4263-a22b-e672567f07d1,10,1,0,0,2,4
8ca9ef06-7d65-48ff-8030-7192b9c42bc6,500,1,0,1,32,64
0af3a177-7034-4d23-953b-9452c4a85db1,100,1,0,0,2,4
78f897f5-f367-478e-86d2-07f0113ca403,100,1,0,0,2,4
80bb8694-f8a5-4a2d-85eb-db759d907aee,200,1,0,0,4,8
b62604e8-0816-499d-bb19-d7610a6592d0,50,1,0,0,4,8
cacd165e-df91-47ca-9dd0-73877759e1ec,100,1,0,0,2,4
8a92b81e-0649-4fa3-b36f-d750ceeff096,100,1,0,0,2,4
30ee708c-c30e-45b9-af89-47a1e99dcc60,100,1,0,0,2,4
fb192193-7843-4ebf-9802-549c1665372d,100,1,0,0,2,4
90fbb9f8-8f85-4cc3-ae1b-950f00a39d65,10,1,0,0,2,4
e0f2e53b-1157-4bfd-b238-c3e193a874ae,10,1,0,0,2,4
6548f35c-f991-4295-9938-f8330d0515fd,10,1,0,0,2,4
8eef9577-3ce6-43da-b4d5-aa05b321580a,10,1,0,0,2,4
c8510cf5-4612-44c1-a8a7-b54db225ee90,100,1,0,0,2,4
4eba48b9-d7fc-4700-84b8-86d2f061a38a,100,1,0,0,2,4
105f1d93-fcbf-446c-973c-a81873ba535a,200,1,0,0,4,8
7769f962-1f15-48ab-bc54-a8a9e83bac7e,100,1,0,0,2,4
866b6978-b643-42c3-b225-59e877b252d1,100,1,0,0,2,4
881a842b-ee9a-4cb9-931b-e4cfdbe85c81,100,1,0,1,16,32
e27ed2c4-0512-4513-a78d-fdc55f7701d8,100,1,0,1,16,32
379bb900-6383-4f72-8eb3-816c0a9dee51,100,1,0,1,16,32
a0f87eaa-0804-4250-82b3-175eddd905ef,100,1,0,1,16,32
252d41c9-4d80-44ac-8b94-7cf85195dabd,100,1,0,0,2,4
10516f8b-5fe0-4439-b4ed-9d5a51a461ae,200,1,0,0,4,8
2395f1a5-a33a-40d5-90da-44c5899daea7,200,1,0,0,4,8
dc0a96df-58a5-4b85-b18a-7fb0cdbb39e1,100,1,0,0,2,4
271f32e2-afd6-42c1-ae6c-7354ce4101af,200,1,0,0,4,8
a758a9ad-ae63-4cda-8ff9-8a6ada18b604,100,1,0,0,2,4
dcc152d1-bba2-41d0-85d0-5052dfcb080d,100,1,0,0,2,4
01b12817-7338-4dde-88d2-60e1060ac68b,200,1,0,0,4,8
b11867fd-81e7-4e15-816c-f6f715c8170c,200,1,0,0,4,8
d35f9392-69af-439a-ba67-f30a0eee4086,200,1,0,0,4,8
caf688d2-8b17-4314-9b55-57efc13e071e,100,1,0,0,2,4
55a8db03-e1c7-4a96-bf9c-150067b94ac4,100,1,0,0,2,4
bab92236-0296-492f-8a14-4e56b6791e15,200,1,0,0,4,8
9c0f6a79-07e8-4749-b65a-6e1a5dd27867,100,1,0,0,2,4
89f6f0f4-82b8-4892-9d38-abf9bc71e1de,200,1,0,0,4,8
2cc7bf73-ed28-48c5-a81e-19073be0c292,100,1,0,0,2,4
8e6dfe20-56b4-4b66-a4d0-a67d51de97cb,100,1,0,0,2,4
e52db1b0-8b50-4d7f-83a0-41549c8e1d3b,100,1,0,0,1,2
4b0c44aa-e50f-45a8-999f-62d1712717aa,100,1,0,0,2,4
2620f53a-f11e-4384-8a6f-41d83aa39a86,200,1,0,0,4,8
8fd8a02e-5319-43b4-86d9-2d5c8238767a,100,1,0,0,2,4
e27cef7c-52fa-474e-a335-c37e41c8dbe6,200,1,0,0,4,8
e65f9b41-249b-42a7-82a1-a8a5530b957b,100,1,0,0,2,4
218ea9c9-a746-469f-8d1b-420119454cc0,100,1,0,0,2,8
d2cac695-6dc4-4386-899f-24e6be9247d9,50,1,0,0,4,8
1144fa06-b802-401f-8a65-3f6c677c5ae7,300,1,0,0,8,16
cf831378-5606-4b28-abd2-837256b221e1,300,1,0,0,8,16
e3d58eff-96b0-4a20-8510-3c6e65175f2b,300,1,0,0,8,16
251d05db-c47b-4a37-92a1-034627c9b568,100,1,0,0,2,4
352dedc7-f81b-4b36-8496-82ddaa6c7b00,100,1,0,0,2,4
78071738-61d5-4186-9e1a-b21a2fdd4f89,100,1,0,0,2,4
e57da5e1-29a4-4d82-9022-c720a953a978,100,1,0,0,2,4
53d7fab3-0a83-4508-b411-1c19944c3da1,200,1,0,0,4,8
f7815e08-bbdc-4549-b84c-aabe2dcf8f58,100,1,0,0,2,4
9ae9c141-3f54-41af-a91c-b1ca394e8bbc,100,1,0,0,2,4
0445bc92-e7df-4856-aec7-00f92b2f6fe0,500,1,0,1,32,64
12e85e9c-d536-4b68-bd0c-bb8f9306e7e0,100,1,0,1,64,128
3326f32a-f43c-4d8d-b51c-37ba28cec45a,100,1,0,1,84,256
35db0fd7-52d1-4f42-9cc3-138fcc01586e,100,1,0,1,84,256
87972c5e-5473-4ba0-9055-d3d0d6a79ee8,100,1,0,1,84,256
ca9c7f3b-fb4a-4044-b7c2-3efe6e437a1f,100,1,0,1,64,128
cea6f680-0726-4033-a4b6-cfbaa7a54445,100,1,0,1,64,128
d1ea80e6-53f7-43ae-8b40-719ef4ed48c4,100,1,0,1,84,256
31b51c34-d574-447f-98e5-b79be53148a5,100,1,0,1,64,128
13ef5f62-5aed-4c01-bd16-4463838faa05,100,1,0,1,64,128
d810f719-45e3-4c07-a55a-691b10f684ac,200,1,0,0,4,8
e91fa1cd-fd10-4e3c-a224-ed048249848e,200,1,0,0,4,8
0ba88c43-8b58-4804-9887-2e81111688aa,200,1,0,0,4,8
f6eac892-3a1d-49f3-b05d-ddd35a8598ee,200,1,0,0,4,8
0e77625e-b4ec-43c8-88a5-fc757e6b1f76,100,1,0,0,2,4
8419f355-b01e-4069-a84e-324ddf242fe3,500,1,0,1,32,64
6ad08b9b-dcc0-404b-ada5-ddde44b78b0f,500,1,0,1,32,64
813f841d-4b03-4e43-8ff1-eb7d4bfa33f9,500,1,0,1,32,64
954600ed-08c7-4276-811e-657d982fd552,100,1,0,1,32,64
8bc8fb91-1492-4fb0-b3e4-e7678941ac20,200,1,0,1,180,464
b13d6cb9-750c-4e47-8baa-d505fd2e1662,200,1,0,1,180,464
f991e686-cb80-4e6e-9177-d6cbb369bd14,100,1,0,1,64,128
6c126e2d-2311-42da-903c-5fffd1577a3d,200,1,0,1,180,464
8407a500-0f9e-4c24-84dd-49361895c016,100,1,0,0,2,4
975dca16-2664-463d-b409-7efcf0561079,200,1,0,0,4,8
dc806e1a-4c99-435c-a31b-dd7a73669d87,10,1,0,0,2,4
eb35ea38-79b3-46ee-bb4b-dae03067bfe1,10,1,0,0,2,4
664139e1-6308-41e3-9d2e-14c38a8e3c97,10,1,0,0,2,4
e8d87b35-afc2-4093-b195-c114e3bf8999,10,1,0,0,2,4
1807c4a8-f7c3-4d00-85ba-1fe9d7532e68,10,1,0,0,2,4
1607b84d-6dc6-4eb2-a493-6f23c113319e,100,1,0,1,84,256
d2397417-2f8a-4407-b247-67f24489cedb,100,1,0,1,84,256
ed2f0a1b-bfb0-4d41-bc0c-941facc22a9b,100,1,0,1,64,128
7151ba21-14fe-406c-bd49-f02efe68a1ff,100,1,0,1,84,256
9e81fc0f-ad0d-42b0-89f4-e6221c762da4,500,1,0,1,32,64
1bc48cf0-2fe2-4983-93a3-933d5cf1d623,10,1,0,0,2,4
adc04785-1ddb-4549-8984-dc687113a19c,10,1,0,0,2,4
545f0cdc-9563-42fc-9160-305fa85ca18a,10,1,0,0,2,4
680887d3-525d-470b-ad21-c2333435ba85,100,1,0,1,32,64
09a1c066-3f23-4c12-afd4-3f1fef7f8aa3,100,1,0,0,2,4
b7608ac0-3112-4807-af85-fd4683aa5c93,100,1,0,0,2,4
7a11bba5-febc-4316-b180-250659449408,200,1,0,0,4,8
5284eb79-ffaa-48f8-8e69-0b473a5da8bc,100,1,0,0,1,2
9d0fa1be-8955-4ddd-8cdc-ef21b41d74f2,500,1,0,1,8,32
924abc35-be2a-4c60-9cfe-84348580b709,100,1,0,1,84,256
7ef03923-3636-4036-9359-7d21c79dd234,100,1,0,1,84,256
395d01bd-9441-4de8-870e-69de9b6874c2,200,1,0,1,16,32
bd1dde8d-55d0-4c6a-891a-0607bbd9643f,100,1,0,0,1,2
1a1a461d-b274-44a4-9c80-e4b8ead8a4c0,200,1,0,0,4,8
fa956170-021e-4061-af02-94d102e1b9a3,100,1,0,1,64,128
4cff6489-4193-4b96-aa5c-1de1dbf8bcdc,100,1,0,0,2,4
eb9b11c6-207e-4595-8580-36d1e1e9618b,100,1,0,0,2,4
aa31f07f-c36f-4416-a687-adf4514153ea,100,1,0,0,2,4
a8e4525e-b902-4fbf-a42f-9798205ddbd0,10,1,0,0,1,1
25bff228-79ff-43dc-ac02-30c6938390d5,10,1,0,0,1,1
21d4f9c6-56eb-46fa-9378-5d8dd36d50ce,100,1,0,0,2,4
cbc48ccc-30e4-448f-97ea-9aa3d2f231bb,100,1,0,0,1,2
f3078ac1-b8a9-4acd-8e3e-834eefd7db43,20,1,0,0,2,8
dd2bfeaf-87aa-44a7-a02d-d555b8f7be11,500,1,0,0,2,4
bf09059f-f0f1-4b6b-ac6a-1c5e70eb68fd,100,1,0,1,64,128
79598553-db99-4b28-839a-a88648be9334,1000,1,0,1,32,64
00629016-84b6-4dfd-bc66-d44f8987b351,500,1,0,1,32,64
2c54b557-7546-45b9-8bb6-aa561ebde2e2,200,1,0,1,180,464
562031e4-206e-4f29-9c25-8cb6aab45eda,100,1,0,0,1,2
0eb617a4-83a5-4ce9-bd61-1df75def9c6a,200,1,0,0,4,8
e1b05120-5adb-4bfc-b878-bb3e89ebe01b,100,1,0,0,2,4
1ab39468-309e-486b-a17e-faf6950d2ac7,100,1,0,1,32,64
a3bd76e1-238f-4f20-b44b-1bd449c36390,10,1,0,0,1,1
e13dd4ab-7915-405c-9cec-6cfe0674c55e,10,1,0,0,1,1
b5fdd8c4-1d37-4572-88cf-7c5838883c2c,10,1,0,0,2,4
3d4c3df8-eeda-4818-af41-065b61da5c73,100,1,0,1,4,8
261f1c1d-c406-461d-9c8c-5aba0cc898cf,100,1,0,0,2,4
d2c1e872-ae2d-44f1-b199-81c98bd99091,100,1,0,1,64,128
1bc9ba1d-aa48-45d1-89d1-f0cce50ca375,200,1,0,0,4,8
327723f7-950d-4379-865a-cc54ebdac163,2040,0,0,0,16,64
15cbed7e-b40c-4cd1-97fe-b8b57d883f98,500,1,0,1,32,256
87f4f8bd-460c-439b-ae5a-9c74d1ea26c4,100,1,0,1,84,256
83436194-4e95-4384-817d-f571efcc7a65,500,1,0,1,32,64
e3cd57e4-81c5-4bee-84d6-83ad17bfe82e,10,1,0,0,1,1
108b7965-d981-4e1f-8e71-ae54dd484539,2000,1,0,1,16,32
1bec3bb4-10f9-4904-bba3-7fa92d3ea5ab,2000,1,0,1,16,32
4609ec8f-2a89-46cb-a1a3-b8da93427494,10,1,0,0,1,1
0c937385-5cb0-46fe-b74c-16707596177a,200,1,0,0,4,8
01c4ae10-8fb7-4fd4-b201-92f847fc94df,500,1,0,1,16,32
6703c175-f5bb-40d3-a63e-64aa7d88cb46,100,1,0,1,32,64
f9e97f73-2ab6-4fcf-bf99-649e0fe6a239,10,1,0,0,1,1
14d02ed6-2228-457a-ad09-5b68b7ada494,10,1,0,0,1,1
04345fce-5ce2-4ed0-95b0-da404770e19f,200,1,0,0,4,8
63a152d8-9cb9-4783-b121-58fd8ca616cf,100,1,0,0,2,4
144f6d00-f85a-4e95-9afc-e568c47475f7,10,1,0,0,1,1
f582bfc0-dc68-4b2a-bdf9-9fd425ccb30b,10,1,0,0,1,1
d1852cd4-84c5-4ea1-baa4-085e00e4f1ef,10,1,0,0,1,1
e3325655-c766-4807-9f26-cb674442696f,200,1,0,0,4,8
2a5e2103-295e-482a-93af-f5a678673bb1,200,1,0,0,4,8
42799e5b-3cea-42ed-bb0d-b53f4cb2974d,200,1,0,0,4,8
7561d0ad-c777-49b0-93da-fd1748395d00,2000,1,0,1,16,32
2790d955-7438-4c79-bd4b-5f42d4d863f4,2000,1,0,1,16,32
810312c7-364a-44d1-b310-06d53e124ed6,100,1,0,0,1,2
271ae855-58e8-414b-8376-85709bf06612,200,1,0,0,4,8
070cf2ee-213c-409e-ad26-a9bf782f3219,100,1,0,0,2,4
ba77e318-f804-4591-896d-7855c79d5ff5,100,1,0,0,1,2
d7198431-4ff5-4465-af29-46c49536312b,100,1,0,0,1,2
e663fe88-7fe8-4526-ac38-e19abc262872,200,1,0,0,4,8
295cdf59-98b6-4d44-8687-8fc5a0a6e71a,200,1,0,0,4,8
285f5e03-51b3-4532-9136-3683d3363f05,200,1,0,0,4,8
03953bea-cbb7-43d1-a0a6-3505cb6577c1,10,1,0,0,1,1
745368dd-f7ca-4270-8e5e-6aa0fc147b86,100,1,0,0,2,4
e531a148-8a4b-4d6a-9810-85cfcf7c3916,100,1,0,0,2,4
ee22f8aa-2c4c-4c17-8ca1-2d2ee56d347f,100,1,0,0,1,2
90a1a3cc-3ccc-4e29-bbb2-282b48bc7385,100,1,0,0,2,4
195edfe7-e079-4182-bce5-ac6286e81974,100,1,0,1,64,128
a89937c1-7f96-4f16-998f-59b9aca7dd5f,100,1,0,0,2,4
6820e6d7-212c-43f5-9249-8822f55dbd30,10,1,0,0,1,1
f2c70ee8-9ada-47e2-a12d-1f41aed2a035,10,1,0,0,1,1
f2c84316-4f3e-48e5-bd75-a360bf1176bf,10,1,0,0,1,1
0e619891-8524-4b67-ad71-a82e20a185cb,10,1,0,0,2,4
8af54939-0dce-4cda-9a21-0ecc35df42a3,10,1,0,0,2,4
239715ef-8784-4daa-bf72-5ac9d3a7a02f,10,1,0,0,2,4
2b9cdd0c-e67d-410e-a667-d588301499d2,10,1,0,0,2,4
dc30d70d-f259-43f7-b839-a18cf47116a8,10,1,0,0,2,4
66442e88-a823-4fa8-8173-fa5756adfcd2,100,1,0,1,32,64
eacd22ee-6073-4469-976f-2f76cf326e5c,100,1,0,1,32,64
09a5a10c-5416-4971-ad89-920e3c0ad3b3,100,1,0,1,32,64
428a87d4-58ac-4d2f-be4f-a10271f5fdec,100,1,0,0,2,4
86cd5ccc-b4e7-4053-bb5d-da1cf4783733,100,1,0,1,32,64
d30dd30c-b8f9-4ef3-b122-36a32e3107bb,100,1,0,1,32,64
0d80235e-0898-469d-85eb-82777b950447,100,1,0,1,32,64
59cfdb44-995d-49bc-8219-7dceb0df81b8,100,1,0,1,32,64
d76fb76b-0cc3-4ae9-8d8a-db4e48e72956,100,1,0,0,2,4
c4695ded-4b90-4509-bafc-7a5133ee36b8,200,1,0,0,4,8
4c0ce1dd-776c-4f8f-9393-b42856cc8770,500,1,0,1,32,64
b29f3c21-a46b-493c-97cd-e809ea5c294f,500,1,0,1,32,64
3e7645fe-98bd-4528-83c2-c4f03960a6f7,100,1,0,1,64,128
40a695a7-6313-4b6e-909a-2050c28c5883,100,1,0,1,64,128
1b0340cf-a2f4-4552-8828-5d31a2428b0a,100,1,0,1,32,64
eadda618-2f4c-437e-b8c2-f84f38c5f569,500,1,0,1,32,64
6d8bc6b1-6607-4c9d-9628-60866678b34a,100,1,0,1,16,32
8cfd2399-6664-45d5-9200-1b6ac83783f9,500,1,0,1,16,32
135ddc24-ee22-400c-a4ae-240fc427089f,500,1,0,1,32,64
0cec5717-6578-499b-aa75-e0d28be77d10,500,1,0,1,32,64
27871700-6c25-4cac-a0f1-80447f6f1629,500,1,0,1,180,464
5beecb38-d317-4921-9da4-55d9c65c469f,100,1,0,0,4,8
690c9859-771d-49fb-8594-de69633ccfd6,300,1,0,1,32,128
7dcf437b-677c-4c0d-b0d6-aa3cf59991c1,300,1,0,1,32,128
de3b5266-632c-4f65-8829-a4243bfdcc89,300,1,0,1,32,128
661dd389-c1ad-417d-b324-ed781319a511,10,1,0,0,2,4
38c9b4a8-89a6-42d2-ba53-f1fd7fb48cb0,10,1,0,0,2,4
5a6d134e-8cc4-4204-84a0-e78011bac796,10,1,0,0,2,4
cd3805d4-5a91-4c5b-881b-31a670339e3d,6000,1,0,0,16,64
3e77246f-a28f-4ff6-b82a-5d99c1648447,300,1,0,1,32,128
54451b09-5221-4aac-a95e-89f6b096b27d,300,1,0,1,32,128
5cab3f9a-fab0-4e25-b528-fea639dd76dc,150,1,0,0,4,8
649f711e-1be6-41c2-a96e-d85ac58bd5e3,10,1,0,0,2,4
d67afb68-520f-4f28-bb41-0151b8dae950,10,1,0,0,2,4
a293a8d6-1f13-4d92-ae7e-efcfc4eb7d30,300,1,0,1,8,64
d8bb0dc4-7946-42e6-97cf-6c8f54fe3346,10,1,0,0,2,4
310c2bcc-9990-44ea-9578-444c175c96d0,10,1,0,0,2,4
3cadebd1-e6de-4e2d-95c4-506dd98db6e8,10,1,0,0,2,4
5cdd4d7a-19e3-4576-91b6-0957a9140801,10,1,0,0,2,4
2d4d3a7f-fd23-41d3-b343-6e7713d20962,10,1,0,0,2,4
eaf2e685-19c8-4a4d-a2d9-93414506cdb5,10,1,0,0,2,4
e179d2f9-f62e-4c4b-acfb-34235d07a645,10,1,0,0,2,4
e1b9b6d4-6ffb-4298-9a29-641d3be66abc,10,1,0,0,2,4
1bc419c5-b280-4a87-b005-1f33f542130b,100,1,0,1,4,32
bb32e834-d7f8-442e-a0a8-4e07bcef0077,10,1,0,0,2,4
fb89920b-da13-4c37-94c1-4acf2e331ad4,10,1,0,0,2,4
e774fdf1-04f6-4d79-a65d-6505730acdfc,10,1,0,0,2,4
7be9ef5e-9873-402f-ba37-45d4aa0278ac,10,1,0,0,2,4
4c944e48-c028-4540-b911-3098c9a065bc,10,1,0,0,2,4
d3f3c24a-8f3d-4073-a178-9402259bede8,10,1,0,0,2,4
07d8ba01-d4b6-48d0-aaa5-bdfff542ff83,500,1,0,1,180,464
121bcd14-2c56-463b-8bd5-7eb2ef03f0e0,500,1,0,1,180,464
35355c84-491c-409b-b981-3aa38751dd35,500,1,0,1,180,464
6ec8e4e5-a08c-48ff-93bc-2d102bc378d1,200,1,0,1,32,256
503f57e9-270a-4941-9c89-d4834478edee,200,1,0,1,32,128
463864ae-fc8c-4905-ae12-06f92701bf9e,200,1,0,1,32,128
2ce26f66-7f89-4185-a4e2-e3642d2135d0,500,1,0,1,32,64
26d0f729-1442-43ea-b859-da02c38cf544,1000,1,0,1,32,64
3438156c-344f-41ca-8a20-b7487eb5eb07,1000,1,0,1,32,64
d21a9b02-df84-4320-a012-cef7852d9cba,1000,1,0,1,32,64
f3abba42-b406-4e55-9d5f-b2251b35cb85,100,1,0,0,2,4
58ccc5c4-cfa0-4f37-b4de-d99ab368c493,10,1,0,0,2,4
c207c71d-250c-4495-83f5-98480cb2a1ef,10,1,0,0,2,4
628e5f91-383f-4a73-915a-1cf76bb601ac,10,1,0,0,2,4
f7d2df2d-a903-497e-b253-7884e00d953e,10,1,0,0,2,4
97a57954-c8ca-40e1-b327-4486b2929036,10,1,0,0,2,4
65e0e042-2c84-4feb-9232-250a63a2721f,100,1,0,0,2,4
8143cbd5-b44b-4a90-b455-956a7e7ac849,10,1,0,0,2,4
134c5b5f-b11e-4486-a0d4-856241474299,10,1,0,0,2,4
3048fe1b-4dfa-491c-aee0-34c8a66a8563,10,1,0,0,2,4
5a54efc7-d1eb-410e-bcf3-37b115a020b9,10,1,0,0,2,4
9416155d-c610-49ce-8e1d-552dc0ee84e9,10,1,0,0,2,4
d817bf2e-1f5b-4562-9921-2932dab56fde,100,1,0,1,32,64
831b0b50-810d-40fa-afe3-0774bbcad0a9,100,1,0,0,2,4
3f9e1d49-3ce7-47a8-bbd8-18359675959a,100,1,0,0,2,4
efd1b4dc-8746-4403-bbe5-679f4619dbbf,150,1,0,0,4,8
e3bc822f-d8e9-43f8-9ef7-1a03fb7dbe40,10,1,0,0,2,4
cee64e26-448f-49ff-9cbb-7348d2797cce,10,1,0,0,2,4
b6b9de35-fe82-46e9-becf-f4da39b4f1e0,10,1,0,0,2,4
e5b13579-1dfe-4b07-9478-ae1aee8813d0,10,1,0,0,2,4
b73a6f95-309d-4f5f-a570-9db85be4612f,10,1,0,0,2,4
4b7cc990-1e1d-4d11-a998-8338ff877525,10,1,0,0,2,4
1f865a0b-f7f3-4186-83f8-e82bca70b7d2,10,1,0,0,2,4
b69be6c4-8058-4cd8-89dd-3da43f8cfd2d,100,1,0,1,64,256
3ffa6364-31aa-4087-ae19-c059a4053113,10,1,0,0,2,4
86958fbb-ba7d-43fc-bb49-495a0a9a843a,10,1,0,0,2,4
22a5520f-9b21-4a3a-b74e-b982230f82d9,10,1,0,0,2,4
0ec01b3d-0678-4ebd-b5f0-ed80913f330d,10,1,0,0,2,4
6eab491a-baab-478a-8f33-6c130e9cd9ea,10,1,0,0,2,4
c2692148-0f3b-40f4-aed2-bcfb731b249a,10,1,0,0,2,4
7adcedb1-d6d5-4eb3-bd4f-17f2534980c7,10,1,0,0,2,4
b6010cb8-61a1-4ad3-b38c-a3a7fab67abf,10,1,0,0,2,4
d8fb74d6-04f1-49fd-b2fd-9ec276da9f18,1000,1,0,0,8,16
8a7d2138-438e-461e-88c7-12be478e8968,10,1,0,0,2,4
78c33d0a-52b0-44ed-8cc3-86d32353a101,10,1,0,0,2,4
2cfce4be-6e55-459a-bc36-aa647271bc83,10,1,0,0,2,4
6967e286-8dd8-4354-97b0-59c36197cf13,10,1,0,0,2,4
c51c555f-1126-400f-8034-d0e091766f9e,100,1,0,1,64,256
f998836d-0944-4999-a29b-ad183a8f4252,10,1,0,0,2,4
56ce45f3-98bc-4bf0-9ce7-32c554865e67,20,1,0,0,1,2
226e8075-0e2f-4dd4-9bfe-42d0c35d689c,500,1,0,1,180,464
d7ad2a6f-12d8-45f9-903e-8355380176dd,10,1,0,0,2,4
8e1c5b55-20a9-48f9-80e2-cebfc36ba7a1,10,1,0,0,2,4
ddc127d7-396e-43d1-876a-970e814921da,10,1,0,1,4,8
88e4f208-7000-4313-9ab1-b0a9680f4e09,10,1,0,0,2,4
fce6e7ed-1a37-46e6-9c3b-2824458b51c7,10,1,0,0,2,4
eee8067f-464c-43c0-870b-c7ed6ce1847f,500,1,0,1,180,464
f8d34d63-4479-47ec-a734-e87b4be3ffd5,500,1,0,1,180,464
e297c0bb-40f6-4b29-ab1b-dcb63cc4ab3e,500,1,0,1,180,464
cc97dd96-905f-42d8-86dc-7f4c5bbe0aca,500,1,0,1,180,464
04e99bf1-078c-49c7-b675-38bc36574c74,10,1,0,0,2,4
7a274443-d4c3-4875-9f2b-67e5faa0fe31,10,1,0,0,2,4
725bff99-069f-48d7-862c-fc860bf1eec9,10,1,0,0,2,4
390f9b46-9824-4c13-ba78-a6ba7adc9dc8,10,1,0,0,2,4
fad3243d-11c4-4e73-aa18-65dc9f2350a8,100,1,0,1,32,64
a3529b25-d06c-43c5-9c2c-8d5739198b69,100,1,0,0,2,4
b18ade2b-422e-4a3d-9edb-c2b6c32e9faa,10,1,0,0,1,2
e5b3bd6b-7696-4395-946f-a732a6381918,10,1,0,0,2,4
be4f0e56-c484-427f-b935-30cfc493fc1d,20,1,0,0,1,2
34e30d70-00c1-4945-8560-242799e4b43d,500,1,0,1,32,64
2c673123-3337-4473-958d-153421da9d0f,500,1,0,1,32,64
3e33da5e-b7fc-45a1-adff-beea7b752dba,500,1,0,1,32,64
2e755ed5-2b9d-4ec4-ab1a-ace1b71bad03,500,1,0,1,32,64
3ec5c704-2ad1-407d-89e0-30c55865b239,500,1,0,1,32,64
5cae847e-a0d6-4b81-ab53-374913d36f12,500,1,0,1,32,64
40a59b7e-63c1-49d3-bbd4-81974ed11007,500,1,0,1,32,64
09dfc782-b640-4ab1-b2b4-80a026f578b1,200,1,0,1,180,464
0b2b7ac7-fe2d-4e27-8bc0-16999baf3420,500,1,0,1,180,464
15745714-8ca1-44cc-9143-ed7227fe274c,500,1,0,1,180,464
026d84cc-a7aa-43d2-9c96-03e3b14bdf42,500,1,0,1,180,464
3977cb5f-0cda-4f3c-8313-c7a3a1f1a66f,500,1,0,1,180,464
0f9af10b-4b64-441f-87d8-a1beb849ba40,500,1,0,1,180,464
06dd6acc-6cdf-429e-861a-a2b1e9173457,500,1,0,1,180,464
022f1732-b646-4b3e-bf2f-1a3070b83974,200,1,0,1,32,128
0eb79fa5-13db-4af8-96c8-affcfb8a13f3,200,1,0,1,32,128
105dc08f-b197-454f-a90a-e17748377f16,300,1,0,1,32,128
4a1b97b3-c7fd-4350-a552-4eae15005d0a,200,1,0,1,32,128
11fc1072-735d-44d6-b5d2-faeb8230bdcd,200,1,0,1,32,128
0f54ffe3-b748-4738-8e96-261b73a939b4,500,1,0,1,64,256
4fbb6392-4bd1-41af-be30-0208c638cf00,100,1,0,0,2,4
127d34ca-cd6f-4d9a-881d-2562f5983191,500,1,0,1,32,64
40ef7853-a2ec-48c3-b0b9-fd435c816a1a,10,1,0,0,2,4
7b432496-2902-4eb0-b569-683bce7d4e3f,10,1,0,0,2,4
4621411c-0b79-4a90-8e9f-cecef83712f5,500,1,0,1,180,464
010d069e-96c6-40ed-ba2d-9a5311d3cb93,500,1,0,1,180,464
1f0429d5-b742-4b04-91cc-911899ec1d07,500,1,0,1,180,464
3139cb5d-a67e-4d7e-b57d-1eaafb7e1f1c,500,1,0,1,180,464
d509cc48-b025-407b-a495-a96c7a0d7fe8,100,1,0,1,64,256
838f847d-9162-4c8c-9774-16bbeb32e442,10,1,0,0,2,4
63ccfb80-36ed-4bf1-af7b-33b6ee917e36,200,1,0,0,4,8
6b02f94e-8b37-421d-a3eb-ed354f6dee8a,500,1,0,1,32,64
c4278cf7-f6a8-4f2b-b22b-6acf4b2ab9ae,40,1,0,0,2,4
bf9cdcc5-def1-4b7c-9a7b-667640e8c5c4,500,1,0,0,2,8
b6f9f9a8-f8b7-4ebf-94bd-a63484643b11,100,1,0,0,2,4
883645c9-553f-4d7e-a64b-fe81d8e5cf26,100,1,0,1,84,256
035ccfb6-e487-4d9f-b02c-79fb9bc0e413,200,1,0,1,8,24
00dd1dab-36d9-44cc-bca2-249205968bb2,200,1,0,1,8,24
1cb41b8a-1d66-4660-ab61-b3b57bee3638,500,1,0,1,8,16
ba83f5cc-51bc-488d-9139-e3961d2e5093,10,1,0,1,8,32
ccfe7dc1-5489-4caa-ac94-35ee474c3470,10,1,0,0,2,4
f1bbc80b-1bb5-4684-8e2d-8fcfa63487c4,300,1,0,1,8,40
25eb9026-f8ec-4209-bcd1-fe4fc1860158,10,1,0,0,2,4
c6e29a61-6212-456c-81ce-2f2701dabccd,10,1,0,0,2,4
a0133bac-80d6-405e-be95-c2cc40d64d11,10,1,0,0,2,4
40f9febd-363f-4306-99f8-4b081e634a46,10,1,0,0,2,4
18389256-1a15-409f-9286-ed373cda81ff,100,1,0,1,36,160
50b76ec7-9ba7-4271-9916-40177df86332,100,1,0,0,1,2
d6b787fd-0b34-4cbc-8a67-58e6cd82117e,10,1,0,0,2,4
eaf2dfaf-b2ba-47b9-8387-7af5ccc8fd03,10,1,0,0,2,4
940c477f-0fd6-42b3-aad3-25f3bcc4fe43,200,1,0,0,4,8
67cf9471-224f-4ef0-a157-3daaa2102744,30,1,0,0,1,2
16883d52-c2d3-4832-ae3b-cc68b1e23d88,100,1,0,1,64,128
173c5536-b719-4eea-9211-d14133e91626,100,1,0,1,64,128
29d8c81d-0e3e-42eb-b007-f10f60cb77ff,100,1,0,1,64,128
5e5acc28-39e0-4304-9198-6d16a85ce8ed,200,1,0,0,24,48
b59450c7-87b1-4c1b-91bc-69685550f97c,10,1,0,0,2,4
826c95eb-2da2-45bf-b75d-0253c205cd06,10,1,0,0,2,4
09a5d894-6bdf-4b09-8de3-e5c4c3452715,10,1,0,0,2,4
397a5939-0fd6-4c94-b202-219ce25035c6,500,1,0,1,32,64
0bad25e0-cf67-4011-bd64-fdac50779595,300,1,0,1,64,256
145ef944-fb53-454b-91c4-67a505635bf4,300,1,0,1,32,128
20fbb9cd-69df-4b71-8785-bd470d441e7c,300,1,0,1,32,128
1246a75e-ca2d-47e9-aacc-fc33b54866d4,200,1,0,1,64,256
21d51d2d-7100-41bc-9cd1-b163ca81fc43,200,1,0,1,32,128
272a5996-b1d7-4813-a705-65607b98f415,200,1,0,1,32,128
3157f303-056d-458f-ab64-46a5913c4bd2,200,1,0,1,32,128
44201284-52d7-4d65-a545-97563a89f7fa,200,1,0,1,32,128
3ee797b9-2627-4c6a-8469-d8521de01283,200,1,0,1,64,256
33bd3289-e217-4411-861d-424deb094a0a,100,1,0,1,2,4
755027e3-075b-428d-adec-b4ecd7e1999e,10,1,0,0,2,4
432ec6cc-d7ae-4aff-ae4a-47d85d3629b4,200,1,0,1,32,128
49a21a81-3288-4c5e-ad19-8cfa7a68dfeb,200,1,0,1,32,128
6281e725-b34c-4c12-b131-35d6f1ae7c1f,200,1,0,1,32,128
c1b789bd-3cfe-48d8-949a-2c81c1a27848,10,1,0,0,2,4
11fd5e62-7e8e-47d4-8584-d654c9002d6a,10,1,0,0,2,4
98911633-cef6-47e9-bd60-7fe36df0700f,10,1,0,0,2,4
608d690d-e008-46d3-a6fb-1367ecc2d1d6,10,1,0,0,2,4
8695a1e8-2dac-4805-805d-685d9720c506,10,1,0,0,2,4
89566e7a-dd21-440f-8728-c6718355e989,10,1,0,0,2,4
3cddaa1a-cd8f-4c94-8a06-e515a768c313,10,1,0,0,2,4
180e0681-71bd-422d-b4a6-807e8656aa84,10,1,0,0,2,4
27d4c00f-eabe-4b2e-a9a0-dd52b72d14d6,10,1,0,0,2,4
089b6692-a049-4c35-a192-41ed21e72123,10,1,0,0,2,4
dc3738bc-6432-4c4b-bfff-4cd88cd7ab3c,10,1,0,0,2,4
c01c329c-7684-4907-b580-3ef80e321cd5,10,1,0,0,2,4
9be0867a-a81a-4c38-baed-00b4107bda42,10,1,0,0,2,4
d43606d7-d1b7-454c-84c4-be75deac77c1,10,1,0,0,2,4
fe67d023-a268-42d1-84da-35f8a95954d6,10,1,0,0,2,4
d7d676bc-409f-4471-951b-19b935d7e500,10,1,0,0,2,4
3fdc0f5a-9cf3-420a-acf3-a1d0a900501d,10,1,0,0,2,4
1501a808-5e20-4d76-adfc-e8d81d328732,10,1,0,0,2,4
09a82a8e-b9a8-4557-b34b-5789662b0493,10,1,0,0,2,4
dae0cd60-241b-4ea1-8665-63fc5c7497d5,10,1,0,0,2,4
52a63144-e50f-4e0a-953f-c36b2e005251,10,1,0,0,2,4
02d3f4ed-586e-4007-b6af-a285b894bd48,10,1,0,0,2,4
42abe7e7-46a5-4ee7-b9e4-1164572557e1,10,1,0,0,2,4
c5ab235d-aed2-4362-8ab5-a242b32328dd,10,1,0,0,2,4
fa8dbeb3-08e3-4cf5-ae18-81ebd4eb7730,10,1,0,0,2,4
0dff6e22-d05f-4c6b-bc96-763e5b91c28c,10,1,0,0,2,4
6de8f0b1-a9be-468c-a540-89a504d9471a,10,1,0,0,2,4
5ab64220-6701-43f4-847c-a6f0bed8cd3c,10,1,0,0,2,4
fe46b67d-255b-40b8-9f6d-0efe0eaf7252,10,1,0,0,2,4
cea8db54-01ad-4e77-8801-c476d50fdf80,10,1,0,0,2,4
4e9f42f8-8d94-489d-9b92-52fb3e4b9cd0,10,1,0,0,2,4
5582c13c-292c-43fa-b605-6e0680f88411,10,1,0,0,2,4
65383b7c-db8e-4891-9565-237a5efb6d9e,10,1,0,0,2,4
aee7e05e-d008-40dc-849a-4f9f92ac81ec,10,1,0,0,2,4
4efb5d09-5169-4bae-a134-e07bd7a6709f,10,1,0,0,2,4
2ae75c4d-6a29-4b86-bcf1-5382cdd236b9,100,1,0,1,32,64
ac71d11d-cd7e-42eb-bb06-5390011ee2e6,10,1,0,0,1,2
4af15ed8-1a74-4e38-9efe-d1e12e4f3eb8,10,1,0,0,1,2
0e9d345d-d13c-499d-9e1d-5487fc09d739,200,1,0,1,32,128
16ceb633-d5b3-416c-b12e-3a344abffacc,200,1,0,1,32,128
1097f7b2-b246-46b4-b9c6-20524bdf67e3,100,1,0,1,32,64
95a2c2ce-7271-407d-9999-c96ecdbd03fb,200,1,0,1,32,128
4c4a9ed5-cb2a-43eb-8635-8ef3930d200e,200,1,0,1,32,128
184f7342-c825-4906-90a7-3dddc9ebb962,500,1,0,1,180,464
1aa712fb-10eb-4245-95ad-54808bfc4052,100,1,0,0,2,4
8d2e681f-9d8e-4c5e-82e9-cb25f88838db,100,1,0,0,2,4
8df37e4a-2c8e-4b1d-8be8-d2459a594497,10,1,0,0,2,4
a092d76a-e5bb-454c-8b91-8054b82eedc2,10,1,0,0,2,4
45d5bffc-a5f4-4ce4-84d4-358a10199f28,10,1,0,0,2,4
b309fd79-9edc-483e-8ea2-17e5d931cfc8,10,1,0,0,2,4
e0e00c40-4876-4c8b-b78a-599937f20230,10,1,0,0,2,4
aef4c719-ecf5-4e7d-9bbc-57d8e1c80402,10,1,0,0,2,4
b39e9724-e5d7-499d-90fe-a2882117feb9,10,1,0,0,2,4
7f1ac4e3-ae30-476c-944f-091c9357c047,10,1,0,0,2,4
d3842922-49d8-4e06-a620-f4cde131a37c,10,1,0,0,2,4
a6e4100d-748c-42bd-aeec-98161b9d45f5,10,1,0,0,2,4
ea156680-7bcd-429e-a38f-59da1d026198,10,1,0,0,2,4
f1029f2c-b890-461e-a50c-c832af1dd2da,10,1,0,0,2,4
866626e7-8443-4d6b-9cef-661bec890a87,10,1,0,0,2,4
0080c8fd-23b8-4e2a-a1fa-aebc2f468551,10,1,0,0,2,4
24410dd6-65f7-47e4-ac18-09b8536f11e3,10,1,0,0,2,4
168d87bd-8c25-482d-920c-b50963ad325b,10,1,0,0,2,4
7a233a11-bce7-451e-9a96-dd7b07efe1e2,10,1,0,0,2,4
a69d5747-e5bb-462b-9723-a1a5ff73c315,10,1,0,0,2,4
018d6293-6a62-4739-8c0d-c94547f8c7c2,10,1,0,0,2,4
f8a40d52-4ade-4431-9d0a-5b342ea9cabf,10,1,0,0,2,4
3ae30a72-b473-44f1-b18d-2c97b534512d,10,1,0,0,2,4
f245220f-b106-454e-ac5f-3d3ce9643368,10,1,0,0,2,4
3be95318-64b4-4fad-87ad-a5d1cd170ac1,10,1,0,0,2,4
db4f3cf4-5492-414c-8b42-ac8e970212f2,10,1,0,0,2,4
f20f8382-d77d-49ca-8cc9-2c48412b7161,10,1,0,0,2,4
6ea5ef68-b332-4cac-b059-928768e3acdd,10,1,0,0,2,4
91262292-8a3d-414e-908e-1c38716f0a5d,10,1,0,0,2,4
b9799110-5ab6-4113-95ab-ef2ef2c13c3f,10,1,0,0,2,4
95de41dc-1313-4a72-a76c-617ea4532396,10,1,0,0,2,4
25adf657-7da6-4270-b444-59cc18fc43e8,10,1,0,0,2,4
b53d07b9-e977-40d7-b079-ddcbc208fae8,10,1,0,0,2,4
87f15e9d-24b2-4f34-8bf0-332166d9e423,10,1,0,0,2,4
12df91ed-3c81-40a4-8d65-d039c3dd802f,10,1,0,0,2,4
81b00229-e43d-4b3d-8dde-9303124dd5da,10,1,0,0,2,4
962fe981-67ab-43e7-a37e-40480019e29b,10,1,0,0,2,4
f3d00608-778a-4bd4-899d-937262fa37af,10,1,0,0,2,4
f004d238-b2c5-48c9-bf52-adbf3331d1a1,10,1,0,0,2,4
a077757d-d8cd-4ec4-8334-59ea28341b99,10,1,0,0,2,4
a8a807c0-33e8-4d4c-a700-b67e94b9c778,10,1,0,0,2,4
e36b9fd0-d246-4d18-bbe7-f2856ef21825,10,1,0,0,2,4
6878ec37-a965-44a8-8331-f461a7489f33,100,1,0,1,64,128
382becb4-fe36-4a8a-9e00-4d7ae724d37f,100,1,0,1,64,128
2f5207e4-8a92-4bde-a06b-2d70f3652efa,10,1,0,0,2,4
898cda17-a293-4f6a-b40d-3cc363a8dd34,10,1,0,0,2,4
b325e0f0-55e3-4507-9411-4316708c400e,100,1,0,1,64,128
5cf911b2-ffb2-454d-9457-36a3145b5e7b,10,1,0,0,2,4
4cd5370b-f506-427a-bad3-7056f415c121,10,1,0,0,2,4
12a50b92-b6f1-4984-aa24-9c5074ed238a,10,1,0,0,2,4
c26e0069-7cbf-4c41-b7dc-a06fba7253b2,10,1,0,0,2,4
8e5a0286-4967-47f0-a0df-3944c8195060,10,1,0,0,2,4
5ad7ffb1-f53c-4c63-b880-8b5953b150a9,10,1,0,0,2,4
997a9681-b129-4f73-94d6-5a6c4a790261,10,1,0,0,2,4
6714bef4-05b4-4464-b820-c898ffcbadfa,10,1,0,0,2,4
0b69db8d-faa9-4adb-b672-247c152e81ac,10,1,0,0,2,4
2a8bce9c-2b94-4ec8-b57a-f859477aa104,10,1,0,0,2,4
a8f7be4a-861e-431c-b921-dbaf3998bd8d,10,1,0,0,2,4
fedc6f5d-2d2f-49b4-8a12-d612ad3b7f46,10,1,0,0,2,4
9b0ae447-1e8e-49fc-af66-acb39948b59c,10,1,0,0,2,4
1c73c0f1-8263-46f1-8ec5-c4b42ceb9c8e,10,1,0,0,2,4
78679515-fb79-4705-ab09-119c4c7b3fe2,10,1,0,0,2,4
36088cb3-4282-49c0-aded-10118b4653a0,10,1,0,0,2,4
041684b6-08db-4657-bc62-6911a0ecf6fd,10,1,0,0,2,4
503e66f0-f855-4754-9313-cec6c9d92acf,10,1,0,0,2,4
b077d4a8-69e3-40ab-a707-3311dfba6d16,100,1,0,1,32,64
1adf2986-418d-4e06-b9d0-a208b1809ad2,100,1,0,1,64,128
90ed1acb-3d84-4ca9-97ff-e7f76eec3d45,10,1,0,0,2,4
001bfa72-3dd6-49e5-aad2-9ee27c48530d,500,1,0,1,180,464
1acdb10d-a9f2-4c25-a34f-425c9c1d7ee1,200,1,0,1,32,128
52376c0a-143a-41aa-96f5-971a59fdbddf,500,1,0,1,180,464
5a05e113-6296-41a0-b373-35dbecb02c2f,500,1,0,1,180,464
03cf7282-7d33-4314-8dfe-5ca0011a1b9e,500,1,0,1,180,464
8598bb85-6bed-4c7b-9de6-1c8039c6f809,500,1,0,1,180,464
11ebb8f6-eb8b-409b-b476-8f764b3c422a,500,1,0,1,180,464
c8ad9779-f1bb-4ed2-9437-fa8503a19a9d,300,1,0,1,32,128
397653e0-d55c-453d-8d31-a29f71d0d9ae,200,1,0,1,64,256
37f62e4f-971f-4ffd-a3c1-d485f6112724,200,1,0,1,32,128
9caf8683-6d1a-47a3-a693-85f1778a2f8e,500,1,0,1,32,64
0f2a79ad-d7ae-4c8a-965a-904faaef8a73,100,1,0,1,64,128
09ea96b6-8634-44ff-bded-f1234cb19ae9,500,1,0,1,180,464
0b672c97-531a-4478-b39a-e5104a348d30,500,1,0,1,180,464
164c3e00-2721-4887-a632-58f6090dbe96,500,1,0,1,180,464
29293b01-a192-4af9-947b-ee7f138e0a6b,500,1,0,1,180,464
1753c704-8636-46af-8067-9907b2a082ca,500,1,0,1,180,464
17a951f1-20b8-42c6-8160-7332bab16923,500,1,0,1,180,464
42335490-cf51-476e-bdcf-125abf95ff4d,500,1,0,1,180,464
3fd51e28-990d-461e-b2d9-dff3d83c81eb,500,1,0,1,180,464
33f9c49d-1a78-4fb4-8e09-659b20ce2a3b,500,1,0,1,180,464
08fb139d-7f37-431f-b3f4-4b2e590061c4,200,1,0,1,180,464
64880cec-076d-4708-916a-0c89f87e28b8,2000,1,0,1,16,32
edce0e0b-5109-4bf8-a4d8-b75664333b86,100,1,0,1,64,128
5bf55df5-ea00-4570-8012-c39269b8100d,100,1,0,0,2,4
15557b9b-6a78-496a-8dcf-21c806520463,100,1,0,1,64,128
15fdf42d-1f15-4192-a826-d37aa40dd534,100,1,0,1,64,128
4918861e-2646-4910-969e-2a4672877b5d,200,1,0,1,32,128
4ab5adc4-d186-4163-a4d0-f567017bddd6,200,1,0,1,32,128
544d7db6-fd7f-4dbc-9e5f-f506e6dd0f3e,200,1,0,1,64,256
596a9c6d-cde9-4055-b567-1e698eeb88b6,200,1,0,1,32,128
69c5cdc4-dd81-465a-a38f-b24caad1f14f,200,1,0,1,32,128
2ffc0a8d-0fba-4ad1-b37e-b558a87b0b92,100,1,0,1,32,64
243c2c1a-fa26-40f1-8d3e-5afdfaddf466,500,1,0,1,32,64
0a9ef51f-655c-4497-84dc-098656b6df4b,500,1,0,1,32,64
122659cb-3d04-4c13-9585-1d6586549a88,500,1,0,1,32,64
919615d4-467d-4e6d-91dc-70545cce017b,30,1,0,0,1,2
18d73eee-302c-4239-aeb9-09dc13f6e431,200,1,0,1,32,128
27a5267b-adcb-422b-9148-4b707fda88d3,200,1,0,1,32,128
175851f7-b118-450a-ad99-cf6568be3aa9,200,1,0,1,64,256
82c27459-1f4a-4d9a-bd76-9bc0d7a27beb,100,1,0,1,16,32
187a5097-0acc-4b05-be86-b93e67fddfdf,100,1,0,1,4,8
2fca66fa-e8cc-4c2e-972e-10cab2521da9,100,1,0,1,4,16
32cf248b-9d96-491b-817e-e7bcee665c18,100,1,0,1,4,8
623b32e9-e786-42d2-b40b-4dbeffb44971,20,1,0,1,8,16
a9d3eb72-8f8c-49b8-8780-60425f0ee190,100,1,0,1,16,32
4ea64c6c-1cc4-43da-8766-e28076628e86,100,1,0,1,16,32
59a580e3-aa52-4f52-a700-8b1a63ffa8b2,100,1,0,1,4,8
07a16f3f-8182-4a7b-890c-632ccee5a802,100,1,0,1,16,32
8aca30f1-cfc8-46a3-bd2a-284c5f3bbf0b,50,1,0,0,2,4
f1080b58-b5af-4834-aebc-aadc301f0d5a,50,1,0,0,2,4
877b470e-84bc-499d-99f1-557e1772d013,10,1,0,0,2,4
9ef722f5-2262-4a7f-bef8-1b06055b32f4,30,1,0,0,4,16
0841dac7-03ba-49cb-8025-162bb5469a5a,100,1,0,1,32,64
3f638fb8-2f72-464d-b69a-d69c9362d248,50,1,0,1,8,64
1a698e4f-8235-4a41-80a9-0aaa91eb3497,50,1,0,1,8,64
1993165a-036b-407a-83f5-a18764d6837e,50,1,0,1,8,64
8184a03e-daaa-4d23-af87-a723c875d1f4,50,1,0,1,8,64
7cff09ec-27f1-48f9-a2e7-5a2d0a08b3e6,100,1,0,1,16,32
26729e1d-6882-45c5-b31e-fc5329092deb,50,1,0,1,8,64
93679512-1677-4932-ae05-c674014f257a,50,1,0,1,8,64
7ef41015-6218-4ebb-adfe-c929e9f04c73,100,1,0,1,32,64
e01578d0-7bba-41c6-8ce8-a47691f6d34b,100,1,0,1,32,64
ba257696-ae2d-4bdf-a5b4-47c02e0bc610,100,1,0,1,16,32
a9e91c7a-5876-4021-8cb2-0758b908235e,100,1,0,1,32,64
f444faa6-0bd9-443a-b24d-caabc0ca3687,100,1,0,1,32,64
6723db4c-0901-4949-8baa-b7e46000704a,100,1,0,1,32,64
b3e90f84-d4b8-4e16-8d2d-3a2cc229ec63,100,1,0,1,32,64
3356d364-725b-43d0-9ad8-46015e5e06c1,100,1,0,1,32,64
c8d90cde-7ca4-4080-967a-835edd4d80af,30,1,0,1,8,32
c6d9bbe8-dc0b-4a11-baf1-b05db4f8a42f,30,1,0,1,8,32
7f486af7-eb82-4176-8129-9d1b5e1f5a79,100,1,0,1,32,64
65b36191-8aa8-4702-aedf-7f8b30d8b8be,100,1,0,1,32,64
d277dcad-544d-408b-93e7-eb519a959be2,100,1,0,1,32,64
381be1d5-e1a6-4934-a4a5-9bd24eb493eb,100,1,0,1,32,64
bb202898-6798-40dd-b577-6933c3b60c41,100,1,0,1,32,64
51151a53-1ef5-4017-a8f6-a55806388456,20,1,0,1,8,16
4f877a76-6b0b-48f4-bb55-8d68e00eb9ed,100,1,0,1,16,32
fa3f678b-ad12-4780-aa33-8e8414fe3a43,100,1,0,1,32,64
7bcba189-690b-4890-8810-4b31b1bd866e,100,1,0,1,32,64
922ba388-05ad-4086-9554-e5803c4dccae,100,1,0,1,32,64
b86183ef-6191-411d-82e5-98a9cdfc31fb,100,1,0,1,32,64
7b750a18-2246-4f7b-a1e5-c418b4a7bb2b,100,1,0,1,32,64
06f8d23b-f930-42e2-b775-31c16ad17481,100,1,0,1,32,64
db06e05d-b36b-4cbb-abc3-a25becf7a580,100,1,0,1,32,64
e762a653-5512-41f7-a29b-a8f3e57f697f,100,1,0,1,32,64
f5f713e9-4bdc-4a04-a68c-1e5222e87ba4,100,1,0,1,32,64
fbbe6646-369e-447c-9785-3e77ad05b176,100,1,0,1,32,64
891c8b8b-0628-4513-80d5-203ea3a2a1f4,100,1,0,1,32,64
e183671c-556b-4759-a0b2-c0cd8c35c04a,100,1,0,1,32,64
128c8862-d1ca-4311-9889-894d0c5fc3b4,100,1,0,1,32,64
759ff330-8350-4443-bb14-7dcbe31fbf19,100,1,0,1,32,64
284d31a9-2647-4fa7-85a6-32af9a0a5d73,100,1,0,1,32,64
6aeda8ed-210c-427c-a2d8-428b7e4e0b4c,100,1,0,1,32,64
75a486c9-b3d1-4356-893e-44d6dee164df,100,1,0,1,32,64
7a85d790-8ff9-4d6f-a937-268cb400f8c0,100,1,0,1,32,64
a6832a9e-020e-4707-a79e-428a92e16521,100,1,0,1,32,64
a7469ff5-26cd-4a0d-86a7-585ab30fd0e3,100,1,0,1,32,64
b0431413-36f3-47b0-9938-651186e609cd,100,1,0,1,32,64
fbe676dd-e77a-42c7-8d63-7f7a48f11d30,100,1,0,1,32,64
8c4cb24b-9032-4aa9-b10d-2482bd5d2889,30,1,0,1,8,32
f1764363-3691-433d-aa20-769dab0fbc7b,30,1,0,1,8,32
01a72026-dcca-4bfc-9a18-291c13f56941,100,1,0,1,32,64
67a84ba1-6190-495f-92bf-e8b814dcf895,100,1,0,1,32,64
71007de2-bbae-4fff-9dcf-dc9f034f229f,100,1,0,1,32,64
ef566a70-df2e-4645-ac6c-e97070b20036,100,1,0,1,32,64
2926d265-2df5-4c1d-9b38-9070d0fdce1d,100,1,0,1,32,64
3755a06d-98ab-4fbd-8e70-606284461478,100,1,0,1,32,64
8018a3db-f313-45e7-82d6-e7acafe90bf7,100,1,0,1,32,64
c01a7882-1ae8-46e9-97b8-88cbf4d38c4e,100,1,0,1,32,64
14621a24-9a26-404e-bbc1-a6842d10b897,100,1,0,1,16,32
7b912530-923e-4f7d-acd4-38ddda6a59bd,50,1,0,1,8,64
dd3ed8f4-16a6-410b-b521-01d618cd29e2,50,1,0,1,8,64
1ba86243-2f93-469f-98b8-876441b58bf9,100,1,0,1,32,64
6df3cf17-d511-4129-8f94-c672805512fc,100,1,0,1,32,64
7bfd0fcc-16be-40a4-852c-cf1b3636aab6,100,1,0,1,32,64
8a4ecccc-77fc-422d-8186-82e31521be75,100,1,0,1,32,64
9799a28c-6b72-43d4-ae3b-cea2b385c17f,100,1,0,1,32,64
ccbeaa5e-fe51-43a4-b20a-d0dad4900963,100,1,0,1,32,64
f608c4fc-d3d2-40e7-a079-01fb91d6e975,100,1,0,1,32,64
13e44f3a-543e-4e14-ab72-724fb8392037,50,1,0,1,16,32
8ae91743-5ebd-425b-9460-29b6ee54f0ac,20,1,0,1,8,16
e6fd79de-88b5-47d4-9ce5-83c6f6dcbc03,100,1,0,1,16,32
fd019501-cd98-4bb7-acd7-483e9fe45f7b,20,1,0,1,8,16
353cde1b-15d0-4f3a-8e4d-a3158f5e7942,50,1,0,1,8,64
f91d7260-48c9-47a3-8174-c2d1363695a3,100,1,0,1,16,32
42b219f7-04de-4932-b598-265641639ad3,100,1,0,1,32,64
49f08279-52af-4967-8d78-eaa1a3dec869,100,1,0,1,32,64
b2dbfc77-e46d-4912-8f27-93f1b02edfc5,100,1,0,1,32,64
d344a6a3-1656-4c3d-9afc-1a76c59fc9de,100,1,0,0,2,4
8a5fe976-f4aa-496d-bcfb-6fd8c9e88c8c,20,1,0,1,8,16
902ac907-5b4a-4516-bdc7-0e71c224dcc3,100,1,0,1,32,64
5c593bc8-40fb-49dc-a02b-b1b75fc47032,100,1,0,0,4,8
6f0a29a6-66d8-4d34-9c6e-2809b16db1d1,50,1,0,0,4,8
8a17994c-327d-4e18-8d79-9f11fee8c7ee,20,1,0,0,1,2
704bc572-fcbd-461d-995d-4b8a58c6cd42,100,1,0,1,32,64
ffb9c95d-9c28-4fa7-a041-66536765f0ec,100,1,0,1,32,64
f6ca9c00-c6bf-4675-b682-ee843352f103,40,1,0,0,2,8
bf6fe370-e62f-4b6d-889a-b97cf2ad17fa,100,1,0,1,32,64
dab84d62-dd4b-4fa1-acc1-b239938c3966,100,1,0,1,32,64
44c6f106-8693-4bc9-9cf9-1977f4aacedd,100,1,0,1,32,64
96bb7f7b-083a-4d18-8e00-7f702fdc153d,100,1,0,1,32,64
a8651da0-80fd-483b-9c28-b2d43dc1edf3,100,1,0,1,32,64
b71a6579-0cb5-464d-b493-1148882cc54a,100,1,0,1,32,64
38cd30bc-0324-46a2-9af9-e92bb7922fcf,60,1,0,0,2,8
b5f1302b-d171-4eeb-8718-ad99a12e47fd,50,1,0,1,16,64
1dd818be-d0ac-488c-9d20-df11c3e9a5b9,100,1,0,0,2,8
6d035395-6776-4693-b004-a5c14c8b99c7,100,1,0,1,32,64
3f7eb4d2-7e82-4724-a078-e6071f5c0114,100,1,0,1,32,64
60b76565-4145-4f5d-b728-13a868fcd254,100,1,0,1,32,64
bc9fd834-88b9-4b91-ad77-80c76d76cbc4,100,1,0,1,32,64
0620e655-7f36-4c87-8a1f-257433643f65,100,1,0,1,32,64
3174be91-e580-4de6-b7a7-463e5cd687f6,100,1,0,1,32,64
88c90430-60cd-4a2b-9cf5-74b1fe4ae5c3,100,1,0,1,32,64
c40ffbb5-e383-41f0-89e5-3a1652e59264,100,1,0,1,32,64
d7c678e0-e419-4f1d-8143-a883d616bef6,100,1,0,1,32,64
40cc4e3c-fa0e-4f20-9b66-1c7b01fbbaec,100,1,0,1,32,64
eb5c7230-1ccb-4d9c-aa02-239f3aa83812,100,1,0,1,32,64
eea5213c-6b1a-4da9-b511-22f1ca36a1c4,100,1,0,1,32,64
c930b964-3de6-495e-bfb5-25370c2b217a,100,1,0,1,32,64
9b7e1934-48a4-448f-9d47-e1d0849f3904,50,1,0,1,8,64
c8d91bea-6582-4b84-b44a-a99c554c011a,50,1,0,1,8,64
81edfd61-c8de-486c-84fa-76d5f0129cab,50,1,0,1,8,64
22c20833-81d5-42c7-8172-23a491498a7c,100,1,0,1,32,64
8c5a44a5-8457-4b7c-95a2-f686f63e236d,20,1,0,1,8,16
c8e54952-3675-413a-b851-a049bad53595,20,1,0,1,8,16
94168485-7cbd-4e75-a22a-72fe52692ab0,100,1,0,0,8,16
65e65da0-d607-4bf1-a02a-3f70b97fc20f,20,1,0,1,8,16
fcf2dc8e-e554-4743-991c-bb1479fc56d0,20,1,0,1,8,16
a07f0317-8c79-4ea2-a668-b665bcb01bce,100,1,0,1,32,64
ef2671e2-535a-4a5d-a1f3-2659659a9b9a,100,1,0,1,2,4
3f353dc9-1a67-4382-8f7e-061c713f7605,100,1,0,1,32,64
71e4831d-34a6-4524-8021-7a1533b0d21b,100,1,0,1,32,64
8fb6abd2-baff-4693-8606-6b5702184a3f,100,1,0,1,32,64
9068a311-9d3c-4204-b989-0e6c6e552d7e,100,1,0,1,32,64
d2c9cdca-7d9d-44b5-9ba5-f2f649a54877,30,1,0,1,8,32
7b9b842b-02f7-4ab7-a91e-43ef90153637,30,1,0,1,8,32
c9eb4220-b796-443f-b264-6eac1b12ca3f,30,1,0,1,8,16
1f86199a-247c-4298-b6e1-5594f15446fe,100,1,0,1,32,64
46e1cd45-4302-44e2-add7-d76f7c5e1bfc,100,1,0,1,32,64
818cef0f-0d28-44fd-a72d-6bda38115da3,100,1,0,1,32,64
b7fab241-346f-4538-89ab-2d43488151ba,100,1,0,1,32,64
de4cee34-81b9-49fc-89dd-45c117a5c11f,100,1,0,1,32,64
3361ec39-e8c9-4bcb-9026-f42e05cd0b0a,100,1,0,1,32,64
39a0098a-f6e9-4653-affa-3018c9cbceb8,30,1,0,1,8,32
179db53a-78db-4976-bf6d-875601ca0ff8,100,1,0,1,32,64
20cbb8f3-dfe4-4252-bcd6-6553dfe85d40,100,1,0,1,32,64
2f9bc86b-1815-4698-b242-bb4ad424cc74,100,1,0,1,32,64
70996253-1c4f-407a-aa81-4a697df263cf,100,1,0,1,32,64
9610c635-2b90-4e7d-8a64-5b5929af3837,100,1,0,1,32,64
bdc9ec92-ff56-4a0d-b764-bbb2c5cc4005,100,1,0,1,32,64
f55b6b38-fe22-4b16-8efd-456f5be0e4c6,100,1,0,1,32,64
b3dfdb7b-f746-41bc-a50d-5fa9afa68364,100,1,0,1,32,64
e49c1281-4401-48b1-becf-a123941c6cc8,100,1,0,1,32,64
6fc73b06-f29d-45af-adeb-35cc817dbc13,100,1,0,1,32,64
1d11b900-749c-46bc-b4f9-ab6a431b7832,100,1,0,1,32,64
79655f62-bd7b-4321-a6c0-829e9676b3d7,100,1,0,1,32,64
6a8ad1d1-43d0-461d-80e2-dba139e6b4a2,100,1,0,1,32,64
8f25490d-a45c-4348-88f8-3c9e1d4cfef6,100,1,0,1,32,64
1f7530c4-9bf0-4166-b158-4e94dcbe7f3c,100,1,0,1,32,64
0e092a5b-3c41-4eef-bdaf-74b34e3ac817,100,1,0,1,32,64
7eed966f-745f-40d4-a4a7-6cf347cf53a0,100,1,0,1,32,64
d3b77f66-59b3-42d2-a5a9-9ac49c992aaf,100,1,0,1,32,64
0237e67a-8233-4ed8-8cfe-962654613510,100,1,0,1,32,64
5a4ad62f-1279-4a4e-8508-f5df24ac668e,100,1,0,1,32,64
98330e42-6e6d-4030-a1ed-f6eb45aca5a0,100,1,0,1,32,64
22731574-0e38-45e9-a385-f05619fe1b64,100,1,0,1,32,64
a5971faa-6673-491e-ad6f-fdb3978e3306,100,1,0,1,32,64
cd0ad5b6-bfb4-4be9-ae54-ee37f1790a7b,100,1,0,1,32,64
3fc7cdcc-1d5a-4b12-9fdd-102c7ccabad7,100,1,0,1,32,64
93acf731-31ba-4b10-939c-b97d838dd396,100,1,0,1,32,64
f20cbfa3-44ae-4b9c-87e5-9d3e2e6dbb52,100,1,0,1,16,32
db69b752-624a-4231-84a8-22facd8693b1,50,1,0,1,8,16
29bb14a2-31ff-47f0-a41e-3de11ae1e67c,10,1,0,0,1,2
df01a5df-9e14-4da3-be45-e857f89c0d2f,100,1,0,0,1,2
55038935-7653-4346-85d2-04e0920e43cd,100,1,0,1,2,8
6cfa822b-6f3a-4e6e-9dbc-c1c66c1f6f44,60,1,0,0,1,4
66b725a5-5ff8-452b-843f-24fbb56145b9,100,1,0,0,2,4
4b2b6e26-3da8-469c-981e-54b8936e1c76,100,1,0,1,32,128
7b18f6d0-b90d-4ad0-9e15-cef1a4488084,100,1,0,1,32,128
909a66f9-93fc-4590-808a-3f32fe4d423f,100,1,0,1,32,128
9101b594-c385-4e0c-9c3c-4f8b8166a0f2,100,1,0,1,32,128
da91cc2d-a8a1-459f-936c-5d2a8a199dff,100,1,0,1,32,128
940f4e2e-1458-4a99-b687-30a85c951a72,100,1,0,1,2,4
04099634-8712-425f-9ebc-56d306683185,50,1,0,0,2,4
419a8ad9-f422-45c1-89e7-c693ccb4ecfd,100,1,0,0,2,4
f7b868d9-f187-45a4-b3a0-a2144857cd7d,100,1,0,1,2,4
eccf8f74-1f7e-40bc-89c8-b81e3a7d3247,50,1,0,0,4,8
766f8b14-0682-4c30-8308-a8e3acf81f7d,30,1,0,1,8,32
4bc98530-e7f3-44da-84c6-28cdc51e9dcb,100,1,0,1,1,2
146a1051-62d7-4dae-be06-b25cc2db6ee7,100,1,0,1,16,32
4b73bf30-62d7-446f-bba4-330225c51ef6,100,1,0,1,4,8
6a4804df-05b4-4971-aac7-ccef695b77c0,100,1,0,1,2,4
c746f20a-e881-4592-8717-d1e6ff50b204,50,1,0,1,8,64
e343e6bf-3fc5-4c95-acd3-f38cc9d9ce3a,50,1,0,0,1,2
bc62d14a-9fcc-4448-b985-22a638fdbb0c,40,1,0,0,4,8
02aa98fe-07fe-49d5-aa3a-6dabecc656b3,100,1,0,1,32,64
22af4258-a3b6-40ee-8de6-0641a76a1041,100,1,0,1,32,64
610266e0-0159-4af6-a026-7aac669f6d4a,100,1,0,1,32,64
73c00261-b578-4fcb-ab3d-d62e2765046a,100,1,0,1,32,64
ffef68ac-adf3-4e3e-a289-54ef0b4bacde,100,1,0,1,32,64
5316e662-c51f-4eb6-aca2-c044c387f703,50,1,0,1,8,64
9d8f67d4-cbc2-4f54-af42-d38a8c2b8a65,100,1,0,1,32,64
b13f28db-2b67-437c-9e8f-0430d8468b08,50,1,0,0,2,4
426033ef-4fdd-4a15-9e2f-7979a581be38,100,1,0,1,16,32
dd3d2d76-8db2-4d02-b282-83f27c922187,100,1,0,1,32,64
9642536e-3a0c-4bf9-b20b-b3b27a38354e,100,1,0,0,8,16
1158c373-2542-44dc-8793-efdd980e217d,50,1,0,0,2,8
5e71c8f6-fb86-4006-9083-6c5c1a1e11fc,100,1,0,1,32,128
c5494266-7374-40f0-9af4-123de16e305d,100,1,0,1,32,128
a0258f7a-77f7-4e08-be90-f3838d8b67d3,50,1,0,1,4,8
10d96af0-6d0d-46fe-8e0b-8e574095699f,30,1,0,1,8,16
aa9cfde6-9d4b-4006-92ef-6af44158cb4a,30,1,0,1,8,16
48dee160-8c22-40e7-b648-350192fca8a6,100,1,0,1,4,32
091af943-7f0c-41b9-9d02-c592b8839209,100,1,0,1,64,128
26878ee3-b422-4a77-9e3b-9c4b2de5acdc,100,1,0,1,64,128
4f600225-b9be-4dd3-9d6e-1f508acc133d,100,1,0,1,64,128
c67c2a1a-c6ad-4084-8c56-dd1b9b2ffbd6,100,1,0,1,64,128
13a09f39-b7cc-41d5-af5d-0008cf6eae40,100,1,0,1,64,128
3eced07a-679c-49b2-8de8-c328adb3b62a,100,1,0,1,64,128
5998fd5e-0142-4d1b-b94b-1ea1d1e40026,100,1,0,1,32,128
e60e9ca5-0993-401f-a102-cccebf3c6b67,100,1,0,1,32,128
1f30254a-1a5f-419e-833a-5bd04b6ef4a1,30,1,0,1,8,16
99e8b1f8-8bc3-4942-a7a1-f8e11cfeeb66,100,1,0,1,32,128
58416af9-cf5e-4405-afbb-6ea14b90748b,20,1,0,0,2,4
87b0c73f-061c-4a05-ac28-6e3af5032911,2000,1,0,1,16,32
26da635c-568e-4d8c-bddf-0ab752e0cbe0,100,0,0,0,8,16
6a28e361-c6db-4e34-a38d-6862219dfc88,30,1,0,0,2,4
16eb451d-f80e-4634-8d53-3a8e3fecbf5b,100,1,0,1,32,64
499a394f-969e-4da1-ba35-1074c8cceb3f,100,1,0,1,32,64
5bfb6f48-e15e-4cd4-aa08-83ea2a061dd0,100,1,0,1,32,64
81ea7a7b-3339-4623-80fb-275e40ea8dbc,100,1,0,1,32,64
82ffcd24-4e8a-46b1-9cda-439035b50826,100,1,0,1,32,64
889d814a-6e3f-4e05-bfb3-45ca73de0ee4,100,1,0,1,32,64
914f062f-0121-413d-9709-e08269fad047,100,1,0,1,32,64
a1a7b1aa-d01c-4476-87d8-e3d88fda57eb,100,1,0,1,32,64
abc5a3a6-f128-48c9-b53f-7253ed4ca8c8,100,1,0,1,32,64
c25e95db-ab43-4d3a-a920-6eb22b303830,100,1,0,1,32,64
fecb75a1-20a3-4ed3-b7fe-c57256bacd3d,100,1,0,1,32,64
a6c64a4e-28fe-4d35-b6dc-079c0305e064,100,1,0,1,64,256
e1875081-a2e0-4114-81db-3b257a49279d,100,1,0,1,32,64
bf396e88-6d54-4431-8ab3-32e4bf01ae0f,100,1,0,1,32,64
5f9fd31a-8375-4685-bcea-d3cf76dbff4f,100,1,0,1,32,64
a787efef-4b7f-4d39-a796-14d663497e07,100,1,0,1,16,32
d2121330-fedc-4924-b7a8-36c68eb1fde9,100,1,0,1,16,32
f76e27b4-3346-47a2-8153-9b200367fb3f,100,1,0,1,16,32
418030f5-b07c-4ec1-bd64-f83070ec0ff7,100,1,0,1,16,32
4cb4f2fd-16bc-4aea-a555-8940b3a4ea2f,100,1,0,1,16,32
59231bb8-e73c-402f-b4ee-15fc10a92f47,100,1,0,1,16,32
d8a40290-7eec-46e4-bf34-50f9a8b39e83,100,1,0,1,16,32
f85a6f03-ee16-4de8-8c47-d646f76f5b9f,100,1,0,1,16,32
2ba9b2ee-9b5a-4250-89f3-81eb815a0a95,100,1,0,1,16,32
abcbaf79-92fc-4195-bc0e-d793ef4a3e9c,100,1,0,1,16,32
f45ad56c-8b7c-4b70-bef5-b3723c02e71c,100,1,0,1,16,32
4489dd8d-2c27-4c1a-84e6-de114c13b816,100,1,0,1,16,32
0cba91ec-b5c0-42db-b6ca-00b42c999ba7,100,1,0,1,32,64
1e09c786-4789-4611-a49b-0862583a0583,100,1,0,1,32,64
3c0ce062-c299-4090-bc37-83d2dec3cd30,100,1,0,1,32,64
672f6886-fc77-4d00-805d-97273f42f249,100,1,0,1,32,64
7d193b64-da8a-45ed-867a-3579728f52a3,100,1,0,1,32,64
b61a0c44-4a70-4da9-a71c-b7a78c29c4f3,100,1,0,1,32,64
cce11547-91a6-415a-b11b-24b8069ba8f5,100,1,0,1,32,64
2063062b-bb2c-444d-a11f-7d0480afa641,1000,1,0,1,32,64
12b579b5-0221-47e3-a35d-b59479b0afb0,2000,1,0,1,16,32
2e990d34-bd70-4e5d-9cf3-6da5db699968,2000,1,0,1,16,32
264a238a-4a98-46a8-bb46-37a2a61827d6,2000,1,0,1,16,64
c3207e2c-b1e9-4b51-87a7-ff77676686e9,40,1,0,0,16,32
2701746b-d863-4bb8-b32d-aa855e15bcd9,100,1,0,1,16,32
435786e7-0ffd-4db6-b133-e15f11244a5c,100,1,0,1,16,32
5a53722c-0722-4169-8fc0-ad9da5ca9481,100,1,0,1,16,32
67c18aee-a129-4d13-ae85-81c60c116f9e,100,1,0,1,16,32
71247dbd-7d5c-44be-9449-3af03edadf3e,100,1,0,1,16,32
7fad5139-486c-4037-b811-f045026ad935,100,1,0,1,16,32
bb657869-1579-42af-aca9-ec38094d9964,100,1,0,1,16,32
bd42e4fa-34b4-457e-9ba5-2ea4268e4890,100,1,0,1,16,32
f5fcedc9-594f-4d09-899a-d7d876a043cb,100,1,0,1,16,32
a071eda0-4153-4ac6-acf9-9e447a8df057,100,1,0,1,64,256
32c8aff5-7778-497d-96e2-125bc3c1adab,30,1,0,1,8,32
659ac46c-79e3-4496-b6c0-39fa6fa6e240,30,1,0,0,16,32
3d66abe4-f571-4704-9a4c-31e673793935,100,0,0,0,2,4
5a21c84e-fed7-4b18-8550-a3e69d179583,100,0,0,0,8,16
cd443e79-a0bc-4969-98e2-41c5efa10c7d,100,1,0,1,32,64
809e3063-462a-4e66-a8e0-6a7cf70b7efb,100,0,0,0,8,16
36bbf996-a525-43c7-9d5d-8042299ec175,50,1,0,1,8,64
337c1a74-a3c4-489f-97fb-5ce821279483,1500,1,0,1,32,128
1f4b7ac1-f3e3-4ae0-b69c-fb4f8b7dcf24,30,1,0,1,8,32
a0388610-a852-46f6-8969-3bb95cdde0cf,1500,1,0,1,32,128
a1f27eda-169e-48f6-b8e8-ae18c1c65d22,100,1,0,1,32,64
1d721a13-42e4-46ff-b750-d3f837630604,1000,1,0,1,32,64
21b31c08-5e07-45f5-8c3d-8d77861884e5,1000,1,0,1,32,64
5358c952-e270-4efb-aa81-7d15403dbbbc,2000,1,0,1,16,32
7e77f4b8-34ed-4655-b56f-d73994ad7a82,2000,1,0,1,16,32
012100f8-b955-401b-ab6c-3e51cc2da432,100,1,0,1,16,32
207ffaab-0ad1-40a5-9061-7d9a76cf87db,100,1,0,1,16,32
34a71888-08c9-4c7e-987d-c00927b9950a,100,1,0,1,16,32
3e39b671-b6f6-44ed-a4d9-dcfbcdd5c10d,100,1,0,1,16,32
a90654ca-f100-4eec-9485-05ab91720026,100,1,0,1,16,32
b68e13ac-8fa6-42a4-befe-dc2ad1bcf344,100,1,0,1,16,32
d3708885-ba5b-4b11-8e03-750efb79fd3b,100,1,0,1,16,32
eae1f571-b591-4000-9191-f00caf76574e,100,1,0,1,16,32
b3e33fcc-30d5-42f5-8b60-7d76112eee7c,2000,1,0,1,16,32
a9110060-ce21-420b-aa7f-3a1124fdcaa5,2000,1,0,1,16,64
1c50659c-a1e0-40e1-aeed-64d3dd6e3adc,2000,1,0,1,16,32
1dd21787-bf7c-49b5-9734-4b4f59f8beed,100,0,0,1,4,8
50fc4eae-e685-47dc-9808-a789ac416d2a,100,0,0,1,1,1
bfbdf6a6-5492-4599-9df5-dcddd202cccf,100,1,0,1,64,256
4924e6b3-9d28-42ae-843f-cd99a763247a,100,1,0,1,16,32
40589f88-161b-4753-8775-c86ee85b1717,50,0,0,0,8,16
98553e49-0376-4c3f-9968-f417428ba363,30,0,0,0,1,2
0163bbd8-44c5-4896-9ace-eaf0d21ae22f,10,0,0,1,2,4
1c0bc75d-2da4-4c5b-a5d1-20cb6a557d54,100,0,0,0,8,16
11b58f90-43ec-4ff3-bc67-0e76441d3824,20,0,0,0,1,2
2feac0e4-2ecc-4bdb-990e-71711c07428b,50,0,0,0,1,1
c1cef37f-143c-4625-a1d2-5a4e22c02a64,50,1,0,0,4,8
5ebc0e95-8655-4b8d-9a8f-783d8ec7a3a9,100,1,0,1,32,64
6d3ebe84-e544-40b8-a924-37f541cdb4df,100,0,0,0,8,16
c9d1ea8c-9053-449a-9498-c773da882dc0,500,1,0,1,180,464
c44815d0-0c88-4fbd-9f61-2c62c2ff072b,50,0,0,1,4,16
538411a6-f533-4b16-9a86-592240fd8b86,500,0,0,1,4,16
836c6c1a-97b3-4650-aa9d-e3203ebf4b81,500,1,0,1,16,32
96d5b802-c247-422a-9464-a0a069119fc4,100,0,0,0,2,4
29141925-42af-423c-af8a-71eff761b10e,120,0,0,1,4,8
b3f6f4e2-a513-4923-b7bf-507bbdd31000,30,1,0,1,8,16
867f6ca4-1fdf-4d03-a2f1-85d5d63f232a,100,1,0,1,64,128
52cde91b-dcd1-47c5-962d-a8423027a3b1,800,1,0,1,16,32
958970b8-aefa-41c3-8e8d-9c58f5529fa8,2000,1,0,1,16,32
aa42b7b1-80ac-4549-8dfa-526704ea0b98,2000,1,0,1,16,32
1432a382-2b53-4723-a6b4-d6889eac1499,100,1,0,1,32,64
4efab4be-4fa1-4deb-95c9-7d53b2fe7bb4,100,1,0,1,64,128
aea1ee85-18b6-4b87-ad77-f9ed2e3d2edc,100,1,0,1,64,128
47e252c3-9809-469a-b74e-266f93fc4f0e,1500,1,0,0,4,8
ad018395-5bb1-4043-9983-90f1786e4e78,100,1,0,1,64,256
6db37a1f-b422-4eef-a269-f7c2ca3e6c54,1000,1,0,0,56,224
82c729e4-c5b6-4f3d-b6d1-3f0d74938015,1000,1,0,0,56,224
fe680da2-be2d-4acd-9d0d-b62230bfb15f,1000,1,0,0,56,224
f1e4321b-78d3-4e7e-b81a-a16ec4575a0f,100,1,0,1,32,64
2006c417-ef46-4adb-8557-47eb23cc2114,100,1,0,1,64,512
d0c02d00-15d8-4c8a-85b7-9c4afda288bb,100,1,0,1,64,128
084e07a5-d3f2-4737-9c7a-d2390ee7dd5c,500,1,0,1,64,256
341b7ec6-10fb-4458-9724-a822a53f1cf1,200,1,0,1,32,128
16856d86-20b9-47f4-8cbb-68c37bd23d67,200,1,0,1,32,128
62a2befe-7706-4fe2-a24b-25296aa9aff2,200,1,0,1,32,128
694fa198-8f98-492a-b94a-1970e04fc8cc,100,1,0,1,64,128
84f9c187-bca4-4dd0-a33d-8fab50e985d8,500,1,0,0,16,32
1c2113f3-43c5-4e8a-88b1-c109a5c36492,1000,1,0,0,56,224
cae995b2-bf16-4d8b-9430-1393910082d5,200,1,0,1,32,128
1a89e31f-bf5b-414d-9e0b-bd737dbe8fce,750,1,0,1,64,128
70b10270-29b4-4925-bacd-2dcd1e67cf1b,300,1,0,1,64,256
5053ddaf-b518-4299-ba6e-6100fb829ace,300,1,0,1,64,256
ee7d4464-6c94-4243-ae93-9f17ee680f5e,300,1,0,1,64,256
8229da09-1434-4ebc-885e-73cbe2e6e62d,200,1,0,1,32,128
074bfb4f-4578-4d0b-b72b-2eee4112d23f,200,1,0,1,32,128
d72ff56b-0ea7-4d66-af4a-113d98b7d571,200,1,0,1,32,128
3b2b4bab-463f-46cc-ad1b-36bd5eb68692,300,1,0,1,32,128
1103b729-a9dd-4c77-8878-3b2aa2466438,200,1,0,1,32,128
5e8d838c-13dd-4da9-874f-1479a3047b3a,300,1,0,1,8,16
40a213c6-dea6-4b28-8ea4-459e12d47b21,150,1,0,1,4,8
80b90b37-7806-4a4d-9734-41ec0698f489,100,1,0,1,32,64
26466801-82ce-480b-81fb-dcb06d795f64,100,1,0,1,16,64
2e702b41-a4e6-49d3-9147-92ebc6c439ae,200,1,0,1,32,128
7c1b384a-84de-43da-af09-d60493ca0f0f,200,1,0,1,32,128
cf3da667-4eea-4c25-b250-e2ef64b7bbc2,100,1,0,1,32,64
f52b0f33-2a71-4846-87bc-b77dabdde469,100,1,0,1,32,64
b919db5b-a73c-4cf6-855c-d4b758e4aa38,100,1,0,1,32,64
695a5380-8e63-4fda-a215-d7047206d067,100,1,0,1,32,64
13aaf9c8-e1b3-4f8f-9e3f-fd1ac91788e6,100,1,0,1,32,64
60a617f9-5d14-4d35-bb24-6ab48d33f9c1,100,1,0,1,32,64
f650512f-bec7-42c3-b4f0-637fc89df4ef,100,1,0,1,32,64
3adf9bab-d156-491f-81ed-2cd4f74b96aa,100,1,0,1,32,64
9af1ced3-2da3-4f40-8efa-8301262a7f0e,100,1,0,1,32,64
8c64ff63-d2b5-4596-9c91-2eb492a3face,100,1,0,1,32,64
15f78103-bb88-4bd3-8ec0-47f52b30a4e7,100,1,0,1,64,128
67794d49-ed91-4f09-874c-f8ef8fc812b9,100,1,0,1,64,128
8b5bcb20-1d74-41f2-9966-669008de809a,100,1,0,1,64,128
23593f9f-2488-4b9e-ba2f-39096163a9da,100,1,0,1,32,64
7e4da51c-b1e7-4d16-a942-936a30cafb86,100,1,0,1,32,128
6de15f93-0d78-4791-ad14-0c57c7d62b54,50,1,0,0,8,32
af7606fd-df76-4506-bb17-aebfb9f3cb97,100,1,0,1,32,64
b47b2b74-8e95-4b8f-abfb-84cb412b0937,100,1,0,1,32,64
cfcb52a6-8026-4940-a148-9316856c8a7a,100,1,0,1,32,64
6c157b5b-9e2b-432b-bec9-ce6696a0cc3f,100,1,0,1,32,64
d80aaa73-ae91-485c-accc-dc97f01a047c,100,1,0,1,32,64
5fe18c7c-44dc-4206-a37f-06207947cdf3,30,1,0,1,4,8
69b46940-3678-4626-b9bb-87ac237fb867,10,1,0,0,1,1
d1ab2025-e12f-42d9-97dc-f0e81c9db234,10,1,0,0,1,1
032e0767-09ce-4e11-8dbd-9b715f09d06c,10,1,0,0,1,1
7d5fa17d-454f-42a4-9451-ffc1192b2674,10,1,0,0,1,1
097054b8-55e3-4fbf-8e5b-75ffaa98d041,10,1,0,0,1,1
eb7d161f-2114-47bd-be8f-281358b3f47d,10,1,0,0,1,1
2934c528-c8d4-4846-98bf-99caf9d6e52c,10,1,0,0,1,1
77ed4288-073a-4efc-8e85-c6988edc1e9d,10,1,0,0,1,1
7338030b-7950-4b6f-85ca-2ceaa1e8c677,10,1,0,0,2,4
7b9c2b2a-497a-42e1-9517-f7a002ece980,10,1,0,0,1,1
a66f8562-a34f-4924-8571-5c3459caeea8,100,1,0,1,32,64
393e6fb8-c3b3-448c-9cf5-a99fdbbff20e,10,1,0,0,1,1
76040915-c0e7-4672-82c8-e1752a9a1bdf,10,1,0,0,2,4
3f98b084-4f05-4dbf-89ac-daddace7e870,10,1,0,0,1,1
b0073a04-1a12-4c04-86b6-0a6562e44d34,10,1,0,0,1,1
59c2898d-3424-48f7-addd-c2a4aa42eeac,10,1,0,0,1,1
ecc93c8a-b95d-458a-814c-8dcfd049fb35,10,1,0,0,2,4
6dd62357-83d3-4539-a6d2-b140a46a7b77,10,1,0,0,1,1
c617bd57-9bfc-41ab-872f-95f93d4f86cc,10,1,0,0,1,1
31511691-38d0-4ba9-99ab-d03c0706694a,10,1,0,0,1,1
96e5bb6c-19a3-4e85-948e-8c918d469006,10,1,0,0,1,1
7bd4b8bd-03fd-4237-a5c3-5fdaa9c67739,100,1,0,1,32,64
2e1f0550-84f3-428b-b9c8-1ec17cfbe486,10,1,0,0,1,1
59f38ea8-d15c-463c-aad4-9f4ecb279cc8,10,1,0,0,1,1
7f947516-2fb6-47b9-8c28-54089b0a32e2,10,1,0,0,2,4
0e6a17a2-2da9-48c1-a7c8-aaf718157e22,100,1,0,1,64,128
bf0d9944-1f51-41d4-a5b8-c5de05793858,10,1,0,0,2,4
75d522f0-01b1-4cf4-a0e2-ff5b053ec024,10,1,0,0,2,4
26d6ab41-6053-4de6-b716-7debe8b8ec3d,10,1,0,0,2,4
0c06da67-544d-4b8c-a0e0-ca0c2b3a84b5,10,1,0,0,2,4
b201f7fb-4df9-4aac-a9a0-2d74a5cd0ade,10,1,0,0,1,1
829f2bd2-34de-481c-89fd-17ef9b281ef0,10,1,0,0,1,1
736b067c-0184-4128-b041-2ca05cfbe363,10,1,0,0,1,1
242a9bee-9811-40f3-aaab-0b3ad364a23c,10,1,0,0,1,1
40cc2c05-f7dc-4717-a189-40821ad9cb96,10,1,0,0,1,1
63a5f5fb-871b-4638-ad2a-75e20e0f24dc,10,1,0,0,1,1
6cc1a7c2-8393-423b-9a19-36c82477cde7,10,1,0,0,1,1
2b8ab241-7baf-46b4-94eb-a69dbff92ef7,10,1,0,0,1,1
273c4dc4-17da-48c7-8bda-9b14e2eeb26c,10,1,0,0,1,1
865261ec-2646-40e7-8527-da7a8060241e,10,1,0,0,1,1
675b354d-2067-4893-8ecf-021e3b2727f7,10,1,0,0,1,1
7defef20-46a6-4e6f-aba3-9e502c478516,10,1,0,0,1,1
aa605f77-8040-4c75-835b-58abf777f759,10,1,0,0,1,1
e2d5437d-97af-4cb4-a66e-c4dc07010eb4,10,1,0,0,2,4
af05e404-1d09-4111-982f-31b6c2fa7738,10,1,0,0,1,1
4419a055-4720-4504-9d4e-b25f7900bf03,10,1,0,0,1,1
e42e13e4-556c-4e37-a129-3bff54c82169,10,1,0,0,1,1
f2ac41f7-2066-4ed9-a302-7a04582a9195,10,1,0,0,1,1
6f198a84-a25b-4462-87c9-2c469b16a585,10,1,0,0,1,1
139c6b17-912c-4e26-abc9-152029d73e59,10,1,0,0,2,4
ef1d5b94-2869-4bec-8bcf-c2a9d52248f4,10,1,0,0,2,4
12a2936c-5e13-49e8-b327-e034d78741c8,10,1,0,0,2,4
9c00bdd2-7313-4b01-82d3-f6b3b8ec3969,10,1,0,0,2,4
33365ecd-def3-4301-8a68-e430d854c65b,10,1,0,0,2,4
c05a0c5d-c91b-4934-9b2a-212d4ae1aa14,10,1,0,0,1,1
2df5a2a3-ceb7-4f0e-92bd-1495d408f34e,10,1,0,0,2,4
c0a42734-3e14-41b0-98cd-7d50d20508a5,100,1,0,1,64,128
dd7914d9-2fe9-4acf-a12d-8d1422624fab,10,1,0,0,1,1
61228d4a-916b-4071-8d64-083376a70f2b,10,1,0,0,2,4
fc04e186-8b3a-4914-9d1d-fbe058442697,10,1,0,0,1,1
d3eb797f-6138-40a4-b137-9a57dcf23d27,10,1,0,0,1,1
f6d5b1c1-c3de-466f-821a-0ebae2c33ca2,10,1,0,0,1,1
913158e1-d554-4088-974a-8b9e94e3e165,10,1,0,0,1,2
cf3dd2b0-fc0a-4157-a205-6734002af409,10,1,0,0,1,1
ec38cfa5-a480-45df-8c1e-8a654e21b4d1,10,1,0,0,1,1
affaf24e-1c96-4035-b05f-1ab785f032c7,10,1,0,0,1,1
06b8b891-d5c0-4337-94b3-98fd5f8ee00f,10,1,0,0,1,1
9aed900b-597c-4d66-9965-6246f2997fa1,10,1,0,0,1,1
8d599aa1-2c42-4d7c-9649-2507c1d3b0e8,10,1,0,0,1,1
c7924a8d-16bb-4492-92e0-e5fb80142a4d,10,1,0,0,1,1
3008d456-f599-48ee-8de0-c9551ab2fa68,10,1,0,0,1,1
270a2f84-5df0-4753-b77b-b37e5c73c125,10,1,0,0,2,4
b4d0dfb6-2438-4ea3-98a4-a8ab524ebdc3,10,1,0,0,2,4
d7fc2a12-09d5-4895-aedb-3e07d2fda534,10,1,0,0,2,4
6b631743-ffa1-4dbc-baf7-dfba02fb312a,10,1,0,0,2,4
e338f7c2-22c9-4dac-99ec-4f73ca0040a3,10,1,0,0,2,4
037f3c16-2142-4b8b-b367-560a36b3a440,10,1,0,0,2,4
019f2c46-db18-46a2-9515-55068c18b89c,10,1,0,0,2,4
9d5d7b4b-5210-44fd-b317-68983678bb5f,10,1,0,0,1,1
d6b13b3c-64f9-4852-afbd-d6d690c66c22,10,1,0,0,1,1
726af0de-83e0-4cbd-bbda-94fca66eb6c3,10,1,0,0,1,1
558ef6d8-e169-417b-9cc9-483babd38ead,10,1,0,0,1,1
fed9ff2d-a84b-46a0-956f-550323bb188d,10,1,0,0,1,1
6e578ae0-b46a-46fe-a872-dbb4e9cc22fd,10,1,0,0,1,1
b812def5-63ba-4589-a02e-4f244c27ef3e,10,1,0,0,2,4
32350c9f-7a5e-402c-b099-d172c7e00976,10,1,0,0,1,1
48d0207a-988d-4134-9f11-f61289397b64,10,1,0,0,1,1
e68eff15-d4a9-4cfc-9c87-7db8b261463d,10,1,0,0,1,1
ceca803a-9c90-4a4b-88f8-faefa157e8d0,10,1,0,0,1,1
648d2e3c-63be-461b-b314-93b32775bcc0,10,1,0,0,1,1
65059849-9477-4293-93df-380be9c9d1f7,10,1,0,0,1,1
cd60895d-0663-41da-b36d-592070a62e76,10,1,0,0,2,4
4276970d-23bb-4795-9dcd-58b75baeae43,10,1,0,0,2,4
1a40a828-00fe-4101-ae1e-467a1c27b042,10,1,0,0,2,4
493d2cf9-0e6b-427e-ae52-2eb0a2e8456c,10,1,0,0,2,4
c74d6e1e-f4c0-4d46-b249-a2fddc939773,10,1,0,0,1,1
2c321b78-fd0b-40bd-9042-77e3c05616bf,10,1,0,0,1,1
3eda47db-fa04-41ba-bab4-d461f9ff14c9,10,1,0,0,1,1
31e5beb8-8664-448d-aa58-aadf57e6efee,10,1,0,0,1,1
e9f028be-a583-4d0d-b102-92ecbb5cb7a5,10,1,0,0,1,1
3e3ff845-f216-47fe-8824-2b7b4a13cc31,10,1,0,0,1,1
75a7b692-a8c1-4711-89d9-621eac85d1d1,10,1,0,0,1,1
aa097118-498c-463a-b54f-49083fe506f9,10,1,0,0,1,1
9aa50ea9-c968-4945-b16c-1e798b02a6cc,10,1,0,0,1,1
f9d38055-7586-4042-8610-aa599b4ec740,10,1,0,0,1,1
88b2dd5b-865c-4fc4-bc8a-ffaa6b0b9b8a,100,1,0,0,2,4
5f97ca41-75a5-4a13-8d35-5e5d7da0f6a6,10,1,0,0,1,1
f51c2d81-9049-4f9a-88ae-b33c94ef9e9e,10,1,0,0,1,1
df56d52f-66db-4d34-b043-e8ea8c77d0da,10,1,0,0,2,4
2863274f-3432-4b7b-a9e6-fb71eb7480e8,10,1,0,0,2,4
8c3cb51f-a1e7-49a3-bd2c-974aad9ca9f1,10,1,0,0,2,4
eaeae14e-338b-4f90-b0da-8de2e19fff1a,10,1,0,0,2,4
2ddc59a5-8216-4c2a-b6ea-6f310aea45ff,10,1,0,0,1,1
6af12ad2-96c1-4097-a709-42d00873dd2e,10,1,0,0,2,4
468b0ebf-4782-41f6-ada4-46df2d191912,10,1,0,0,1,1
322f2596-a560-41c6-8254-836e008221e2,10,1,0,0,2,4
80b51176-37ef-4321-af8f-17a5a98370d6,10,1,0,0,1,1
6ce70da6-a918-4ce5-8819-2bb451ec775f,10,1,0,0,2,4
d3549f59-231f-4252-821a-ad0047081b73,10,1,0,0,2,4
ceddc18c-4390-4d30-a173-298a8c4140fd,10,1,0,0,2,4
9f4ec613-dddd-4daa-a8b1-de7d782090b1,10,1,0,0,2,4
9260650f-fc7b-4051-bd25-cb7dbaba549e,500,1,0,1,180,464
bc1a7311-9b76-4d7a-aa36-fe74afa38515,10,1,0,0,1,1
f635f463-15cd-4724-b5aa-63c00f71bc4c,10,1,0,0,1,1
7eabe5a4-c5e1-472b-b028-d09fb90d9bde,500,1,0,1,64,256
5610f76b-6ada-4f86-aecb-0152bec3238f,100,1,0,1,32,64
18026751-6e86-4543-ae8a-23395ebfb3b7,100,1,0,1,32,64
5222686a-fa44-4590-8a0c-fac0111012ac,100,1,0,1,32,64
00d7daf3-2a80-4439-88f0-aa68c42b959b,100,1,0,1,32,64
53c2bcf9-e897-4dd6-baf0-5a0d81b36df5,300,1,0,1,8,16
ba83c5ec-8b33-4d11-9c6a-0791b9c99dfb,300,1,0,1,8,16
2b076f27-f834-4bc5-a52d-5e0efafc2ce6,10,1,0,0,2,4
25685e6b-17c3-4503-b793-b094e79baaca,10,1,0,0,2,4
826468b3-bbd1-4aa8-852c-e4bbeb4f741a,10,1,0,0,2,4
342fa6e9-3300-4d9e-a03f-ec6f76d13ab4,10,1,0,0,2,4
cf587718-8f30-45d5-8db1-841369ed163b,10,1,0,0,2,4
c206d001-20dc-4753-b48e-7dc6a93224cb,10,1,0,0,2,4
9209ad78-4a22-4630-95ed-840c02cb3874,10,1,0,0,2,4
1b320315-48bc-4e0e-b830-226f4e161d6c,200,1,0,1,32,128
09dea4ec-5626-48a9-9375-706d144c0ce9,200,1,0,1,32,128
2d884e31-290f-4bcd-9f90-4bdff0d4a0fc,200,1,0,1,32,128
10003546-ea58-4b80-b83c-128661e83c97,200,1,0,1,32,128
3337c556-167b-4ed4-9225-a771cd042c50,200,1,0,1,32,128
b6301c7d-2499-41f7-bb2f-327837f6b2b4,10,1,0,0,2,4
c8c2d918-455c-45a2-8966-88b82ceee959,100,1,0,1,64,128
6979ccf0-7971-4f19-a571-ed8868591fd9,10,1,0,0,2,4
a9ade8d8-0671-4c71-a2ca-4e04220936b9,500,1,0,1,8,16
88ae5870-e617-4e5a-bec5-1781504c537d,100,1,0,1,16,32
c8d0c980-3009-4e33-bfea-8cbda9e6f908,10,1,0,0,2,4
9fb27242-b3d2-4afd-b32c-ce873c46a211,10,1,0,0,2,4
ee9876cd-38d9-48ba-b2f4-d1dfb4bb54e2,10,1,0,0,2,4
edd23ede-be74-4d78-9ca4-f2c399de7b59,10,1,0,0,2,4
d2e7d038-b3cd-4489-84dc-3352d06d02cc,10,1,0,0,2,4
dba26ad3-1f30-45d5-b534-ab934d748efb,10,1,0,0,2,4
942b4ce9-f279-4b18-a78a-aa06316a05d7,10,1,0,0,2,4
8d48dd72-0f66-46a7-9c83-e0a8afd707d7,100,1,0,1,84,256
804962e6-d5b7-41b0-90fb-b1a20c40eae4,10,1,0,0,2,4
2da241c4-4d9f-4103-a835-d8f773dbb06d,100,1,0,1,64,256
116ca3ad-4de7-4b68-911c-441efb203e6f,100,1,0,1,64,256
9a975210-281b-456f-af94-f0e5ac082df4,100,1,0,1,64,256
926f38b3-fda3-4387-b22f-84d0131663f4,100,1,0,1,64,128
b1097362-7a37-4acb-80ce-5d4b279358f6,10,1,0,0,2,4
309ec49b-fc49-4162-abf8-ec4d40068257,10,1,0,0,1,1
f42c09c6-f7c3-4642-bb25-67ab720d71a2,10,1,0,0,2,4
43336332-d2ae-43f9-a6c2-9e7cc6c01c03,10,1,0,0,2,4
b3e749fa-5975-4fa6-ada1-67b75c46c06a,10,1,0,0,2,4
60049a68-bc1e-4152-88ef-96d7be83b59a,10,1,0,0,1,1
8464ea21-6561-4673-8019-5df48a9fcbd2,10,1,0,0,1,1
c338c6e4-3dbd-4eff-b2f6-625c0438c090,10,1,0,0,1,1
251434a7-7ee3-47a8-879f-7ad3b480d847,100,1,0,0,4,8
25afeaee-b4cf-4b0e-97ef-ebd3d658c893,10,1,0,0,2,4
7c89c1cc-8d6f-4909-b773-b3a381036920,10,1,0,0,2,4
8afd1662-77c8-4b7c-beb3-1f66cc2028da,10,1,0,0,2,4
fa4f5d03-0966-43eb-8de4-1afdf689bf4d,10,1,0,0,1,1
698687b8-2652-4e20-9f14-04bc91119342,10,1,0,0,2,4
4a30f257-7a99-4c48-8151-4a6469353bdc,10,1,0,0,1,1
67ce5d41-f7d5-40b1-b811-ecc60116789a,10,1,0,0,2,4
b27381c4-a9b3-423c-8499-6f872cc4bee2,10,1,0,0,1,1
b35f8f6f-b350-43b7-8ecd-d43dd3a506d3,10,1,0,0,2,4
736a61cc-2dae-4de3-8805-231874a16d88,10,1,0,0,2,4
3fb13ca6-f03b-4a9b-bafe-042a389cad93,10,1,0,0,2,4
4a3612f2-d416-4612-ab8e-c9c69f8f6b91,10,1,0,0,2,4
9e68fbbb-50d7-4e77-8e1c-3d08fc01aca9,10,1,0,0,2,4
1dfe8bc5-4e84-4b69-b067-efa19c0b0f27,10,1,0,0,1,1
096718fb-fb34-42ea-87d2-11d72bd37ab7,10,1,0,0,2,4
227a0d5b-0b12-49f9-938e-63f37afb00b9,10,1,0,0,1,1
aa3a0fb0-85c8-4b27-81ae-e649c81ee2d6,10,1,0,0,2,4
d8cc7fac-7036-42ef-93cd-7cadbb117787,10,1,0,0,1,1
01ae9767-9210-441d-8461-3c3d3193f651,10,1,0,0,1,1
50e773c3-a768-4b07-8ae4-d6786c36fb7e,10,1,0,0,2,4
127ba76e-cf36-4702-b412-3afddef948fe,10,1,0,0,1,1
39b625fc-3771-47e6-b9ff-200c2bbe4b47,10,1,0,0,2,4
58cc3fc2-e8e6-44d9-b11e-3e24506c899a,10,1,0,0,2,4
5c7312b9-f26d-40e3-90a8-0bab934ad146,10,1,0,0,1,1
d72794a7-5286-42b1-abc0-862382c29807,10,1,0,0,1,1
bec41ac7-baab-4bed-9feb-6487f4b7530b,10,1,0,0,1,1
f8c2f963-6ee1-4866-9e84-05f385ba6bb0,10,1,0,0,1,1
42ec877b-74a2-4a46-9670-d360f0870762,10,1,0,0,1,1
0df92e27-cf96-40f2-96f5-b22a4ba8caaa,10,1,0,0,2,4
89c5da12-ed02-4a47-9862-0b72c6fcfb5d,10,1,0,0,2,4
28d52b29-55cf-4a20-843b-ad7c24372487,100,1,0,1,64,256
ccb9c14a-d7f7-468b-815e-caf9d2cfa783,100,1,0,1,64,256
db18da51-b8c7-49a3-835c-d672815fd301,100,1,0,1,64,256
fbaae2ef-f66f-404d-8805-7bbf11389bfc,100,1,0,1,64,256
00e41dff-8874-484d-9fd5-d80ef6f76e4c,500,1,0,1,180,464
2cecc85e-d89c-4b02-9ce7-cfe046296f7c,100,1,0,1,64,256
f3136edf-0913-45e1-b17e-e465de6e064c,10,1,0,0,2,4
186fae14-5e9e-45c1-9eda-20347ba7e9ba,10,1,0,0,2,4
33f15b65-cce3-42c7-b931-e42606445a1c,10,1,0,0,2,4
479e9fdb-1756-438d-ac6a-33393e50b065,10,1,0,0,2,4
8c5dd830-f2f7-4d4e-819f-98ab30a7ed3a,10,1,0,0,2,4
e9e93180-18da-41c4-a38d-67a1eca9ed9e,10,1,0,0,2,4
f9d92215-785a-4ff8-8dad-dd8ac6a833aa,10,1,0,0,2,4
8fb2cc58-7789-4ca9-8d38-b31ad084a032,10,1,0,0,2,4
0326551c-9e45-4d86-93be-d491edc21f34,10,1,0,0,2,4
383b9313-0cf2-4abc-967d-3779d55216d0,10,1,0,0,1,1
e907265b-9dd2-4081-9daa-ec5c297cd23c,10,1,0,0,2,4
fd3ecced-2374-48ec-b981-deeb86615aa5,10,1,0,0,1,1
3d394061-cd0f-46e5-9bec-8cc3855207d4,100,1,0,1,1,4
66352348-2a9c-4cf3-948d-efca457d8a5d,10,1,0,0,1,1
e3971527-5a0f-45c5-b64b-4452ae9769fc,10,1,0,0,2,4
74ef806f-cb61-42d8-b222-fc68fc350058,10,1,0,0,2,4
2160d18c-983a-4f58-95cc-b40686f1cec1,10,1,0,0,2,4
519ccb26-142e-412d-bc1e-5b48d857f50e,200,1,0,0,2,4
7d66e243-7f3f-4619-a3fe-84ac87363d05,10,1,0,0,2,4
b23f7a01-202f-4ec9-a4a5-79499914b00c,10,1,0,0,2,4
325a6b39-eacc-4ce4-956a-eaacb6a52ea3,10,1,0,0,2,4
a90e76c5-73f8-49fc-befa-b48c5c64ef77,10,1,0,0,2,4
afdc4d17-6958-410b-b010-cafb8e9e45e4,10,1,0,0,2,4
0438b9bf-820e-4311-b230-8265e8d27aff,10,1,0,0,2,4
92ec2134-e7d4-4cc5-a70a-2f01627478fa,10,1,0,0,2,4
70f4724a-798b-49cb-a5a3-5294087c8698,10,1,0,0,2,4
2a06f56b-d207-4645-9a8c-929d97657ab8,10,1,0,0,2,4
88355136-a3a2-4248-9ea3-9d6db0794e5c,100,1,0,1,64,128
958a7a0c-a8d8-41a1-87f8-bf637c86c75b,500,1,0,1,180,464
fcb0033b-a379-4902-a5c1-9ef31994b587,10,1,0,0,2,4
d4e01b69-b370-4ddf-a66d-9fab2a4342e6,10,1,0,0,2,4
bc67b83e-0289-460d-9941-c466fc462107,10,1,0,0,2,4
b7943c32-7576-445a-b147-7459898141b8,10,1,0,0,2,4
9cef6d9b-27f1-43f7-acec-6c1806dbacdd,10,1,0,0,2,4
26a356d1-100d-47ee-9535-4d140201dd17,10,1,0,0,2,4
2dccbcc8-4c9b-4339-ae0d-43feb1686ad0,10,1,0,0,2,4
17633ad7-715c-4940-9be9-b88d3e881a97,10,1,0,0,2,4
6bce4c8a-c1df-4c44-994b-71f50aee8f1d,100,1,0,1,84,256
cd59d191-14d9-4a37-a3b2-e310da5aa25a,100,1,0,1,84,256
56c03133-54a4-4973-9612-411f1f9cac08,10,1,0,0,2,4
3e8ac308-6c66-49e3-a04b-dee6c6fc182a,200,1,0,1,180,464
6ec1adec-252e-4c93-a303-4eb1f105ad68,100,1,0,0,2,4
9d7f5dce-b4b1-4492-a957-3b9c5516e3cb,100,1,0,0,2,4
db1b4674-e434-4572-8a66-542cbd5048e3,100,1,0,0,2,4
6220d662-e8bd-4265-9155-265678f9e84b,100,1,0,0,2,4
4bfef15f-7563-42c2-8f24-3f72b3207ead,100,1,0,0,2,4
783105c6-633d-4794-99ad-f02a010f1676,100,1,0,0,2,4
4ac4fe3c-a87a-4c89-9a36-f47dd979d8d4,100,1,0,0,2,4
1638cfba-6135-44ba-bacd-2ec2f918c730,200,1,0,0,4,8
5f315a1a-ee00-41ff-b942-c8504e11f15c,100,1,0,0,2,4
014466e2-8225-4ff6-a62f-96f2c51a806f,40,1,0,0,4,8
11ff5c70-7c7c-47dc-9a09-a9da5cf15b0a,100,1,0,0,2,4
59cff489-7b41-428d-9a17-dded571c984e,100,1,0,1,32,64
9ced0751-e40a-417c-ad0d-854f266f38b4,100,1,0,1,32,64
8c7c73b8-220a-4dda-aa4f-e99c3de01c3c,100,1,0,1,32,64
24d522ab-2598-4f3d-af9d-798d2577c96c,100,1,0,1,32,64
b68d3fe3-4eba-4a95-b779-0e8e802246dc,2000,1,0,1,16,64
a48f585d-2613-4827-85c2-05566788efa8,200,1,0,0,4,8
e8d87316-8c6b-4f9d-a6b8-da382d0882cd,100,1,0,0,2,4
f6b8e625-f8de-4684-ab5c-177f569f6bb5,200,1,0,1,16,32
6423821d-8c04-4fa0-b718-250e2be3efb0,10,1,0,0,2,4
2c2e5f53-8441-46c1-a135-6d706556bf71,100,1,0,1,64,128
48688755-9db7-4354-a092-87e6af958f6e,100,1,0,1,84,256
a2f3a545-e0bb-4adf-8ed4-c353f1cffae4,100,1,0,1,64,128
5cd817a5-e6ab-4e5f-ba36-27a6b0eaf68f,100,1,0,1,64,128
c1c8c8ac-6ecd-4179-9038-1305c309d28f,100,1,0,1,64,128
a107ece1-e5c5-4cda-959a-3e2457ee3153,10,1,0,0,2,4
dc3901d7-bb8e-4ffe-9f52-af9e42719f8e,10,1,0,0,2,4
9d84e16b-d018-4a01-8d7d-2094b8948f6a,100,1,0,1,84,256
a400b599-5e65-4e04-881d-4d2e6003eb0b,100,1,0,0,2,4
38232426-e166-4c6d-80dd-c89eb1fbe3cb,50,1,0,0,2,4
00c5f9de-9c9e-4058-9ffb-ce4aaf2ea7da,10,1,0,0,2,4
3179e941-9695-4856-a952-e5fefaaff0f5,100,1,0,0,2,4
3b6434b3-7f8b-4d7b-bf54-378626323ac3,10,1,0,0,2,4
622d8fcd-44ef-4e81-841a-99c6c7b06062,10,1,0,0,2,4
c4aef34e-0764-4ae7-9fdb-9a9a5d4b1441,200,1,0,0,4,8
7491961f-795b-42c6-9409-b3c2f993554b,10,1,0,0,2,4
0a5ce92a-8daf-4236-8db8-467461976482,10,1,0,0,2,4
2aff323f-9e17-4028-be4e-728ae2e1a127,10,1,0,0,2,4
3b15b6a2-9701-4276-a194-7b54bd433ea0,10,1,0,0,1,1
e5772f1c-01b8-462b-ab6c-d78fc51cf872,10,1,0,0,1,1
1e6083f9-5ffa-456a-8bab-4709c69541bf,200,1,0,0,4,8
171caebd-71a2-49bc-b508-158a261dc74f,200,1,0,0,4,8
82caf2e6-d392-4edb-b62b-30c676572b7b,200,1,0,0,4,8
cc0ef074-3e67-4f51-8c2a-d3758605f38c,100,1,0,1,32,64
6b32b49f-5737-4104-85f0-53dbeda0258a,200,1,0,0,4,8
35991423-0864-4ac9-bafe-7d18edb26ef5,100,1,0,0,2,4
f5f3b571-ba4a-448c-8c20-7575b1854ccd,100,1,0,0,2,4
301751b1-0606-4989-ae6c-1c22257c3ea2,100,1,0,1,32,64
eb7a97d9-1313-49dc-90a1-4462c274804f,200,1,0,0,4,8
edf643dd-70e7-4ce4-b737-d4c0f3b515e4,10,1,0,0,2,4
532a0c6b-a405-49a8-8622-fa977168927e,100,1,0,0,2,4
23aeed28-536c-4d08-83ed-e2c5ed5bd76f,100,1,0,0,2,4
e153af2e-d2c3-4736-b151-d44988ad5941,100,1,0,0,2,4
00d83043-9017-4625-839e-21442487adf2,10,1,0,0,2,4
2f6241b1-6b14-481a-bd7f-f0f8860a8cad,10,1,0,0,2,4
778fb734-2f97-45ba-afd3-2afc77fce355,100,1,0,0,2,4
8668820e-d42a-4646-a205-f8c32cce72ed,10,1,0,0,2,4
a894d7c8-968d-442c-8c4b-8139a873a8d4,10,1,0,0,2,4
f0c379b9-56b8-4c01-bb68-84739896b6e7,10,1,0,0,2,4
5deefe6e-8eb7-4bfb-aeba-6f47e713c9b4,10,1,0,0,2,4
13c1ceed-3864-4148-b609-42e69d484de2,200,1,0,0,4,8
b72aac6c-49ff-4845-ab09-2438548af133,10,1,0,0,2,4
6a7b035f-2429-4248-8040-85ccd1a361c1,100,1,0,0,2,4
11f6525e-cd97-4aad-a9c9-47352742deee,10,1,0,0,1,2
8aa9d23b-e890-4759-989b-3c98b41b003f,200,1,0,0,4,8
d9ce7c7c-51e2-48a5-826e-352bcb7c333b,200,1,0,0,4,8
3e6d1f49-ae94-4fc2-b598-51e7f2fa654a,200,1,0,0,4,8
0e62019f-5d39-4741-bc29-db02e949350e,100,1,0,1,16,32
534b3fa8-c3a9-4302-8cdc-4dd4b6248ab0,60,1,0,0,4,8
983a51ac-c42f-4556-b1b1-5ddd016788d0,100,1,0,1,16,32
f38f1824-fda0-466a-8f84-d77de9d72e8c,100,1,0,1,16,32
dd6331c9-e281-48cb-b02a-595c21e1d110,200,1,0,0,4,8
edca7202-2c2d-403d-b40f-8b815cda8f63,200,1,0,0,8,16
37579223-1efc-4319-9505-690c24904ff9,10,1,0,0,2,4
b9489dc1-5288-4238-bd81-9b2c13a3d62b,100,1,0,0,2,4
91fe0ede-f148-4a2d-a7cf-83f4a8bf7d9a,100,1,0,0,2,4
c73b1b7b-7fb6-46e0-b230-2a768126d98d,100,1,0,0,2,4
23c9e2fc-736d-4580-b776-2c5168f62ca5,100,1,0,0,2,4
c3f4b7c6-c585-4984-8376-917e7beb500c,200,1,0,0,4,8
746692f5-0d07-4b65-9305-901410a9a9d1,100,1,0,0,2,4
c1878691-5136-4322-b844-0d560e55f2d0,100,1,0,0,2,4
d40049e8-db19-424b-aefb-c3c788280e53,100,1,0,0,2,4
4065dfb8-f8dd-41f8-8c9b-d3845db7b9d3,100,1,0,0,2,4
67193109-88c0-4549-8195-92b232eb8ac4,200,1,0,0,4,8
aa477134-6c1a-4634-9241-5c06194e3796,100,1,0,0,2,4
e837a820-f561-4693-9459-5c01087d1b6f,100,1,0,0,2,4
db2dea44-cc36-4ead-9455-b0cb65f96f7f,200,1,0,0,4,8
6308946e-4791-42c2-9e5d-272e7512efb2,200,1,0,0,4,8
2d37d036-0406-4600-b07c-506a4a9a09ca,200,1,0,0,4,8
2f556c0b-0f1c-4679-a9fc-58ddc2209ef6,100,1,0,0,2,4
6bb4221b-293b-4a4b-9339-73f9ea5a1a60,100,1,0,0,2,4
1d509cea-7907-43f9-82ee-06b331ab2132,100,1,0,0,2,4
b3255405-32c3-46fe-a4da-96a5a4358006,10,1,0,0,8,16
d819b210-4a1a-4ce1-95f4-98c057a03449,100,1,0,0,2,4
262dd8a0-35cc-442b-931f-4b0800b90ef1,200,1,0,1,32,128
e72ffa31-09e6-4d02-ac0c-70e0e8ec8049,100,1,0,0,2,4
97492b04-d94d-4f01-bfaa-fc5bec162c28,100,1,0,0,2,4
a13e6af0-4764-4d55-83b9-d83fd9b029f8,100,1,0,0,2,4
503c4aac-0cc2-4789-ba9e-4b0a470b8fb1,100,1,0,1,64,128
45f379e3-545a-46f6-86cd-13c4ee503b46,100,1,0,1,84,256
5565d103-f94b-4b6e-9182-a6512740defa,100,1,0,1,84,256
5bd41dba-63f1-4137-bd4a-f9cd20f7c5d9,100,1,0,1,84,256
11d5631d-f16d-45c7-adc1-000463d195f2,100,1,0,1,84,256
639c5568-8683-4bc4-a9b0-2bcc3ef5066b,100,1,0,1,84,256
6b6f6133-dade-4112-b85c-33f5cd253a3d,100,1,0,1,84,256
9df6d511-6674-4cf8-9b7f-9e7631c40619,100,1,0,1,84,256
bac94f9c-71d4-4235-a808-32c6c36daa48,100,1,0,1,84,256
eb9e6faf-ad10-4dba-9ff6-bc102d303442,100,1,0,1,84,256
466c4629-8d69-47da-b5e0-db956ab368fd,100,1,0,1,84,256
7a833f01-256a-4567-aac6-aa9c92411b7d,100,1,0,1,84,256
8341e5a2-e41c-4810-8a47-479b942778bf,100,1,0,1,64,128
392a0a84-125d-4779-b879-7b63a415c904,100,1,0,0,1,2
5734665d-d856-46e0-a9f8-d2151b2c6d42,200,1,0,1,180,464
325c4b33-8ac7-4e71-a834-f20d81c7b4fc,200,1,0,1,180,464
98b63e61-fe93-4080-814d-69578e4537c5,200,1,0,1,180,464
af490eee-8618-45d9-82d9-5124c646480f,100,1,0,1,64,128
4cf7135a-441c-423c-9c23-a5e65b82ca2a,10,1,0,0,2,4
25de14bd-d807-48f5-9dc6-43b5962b4524,10,1,0,0,2,4
b6a38ad8-6519-4d19-9caa-83c80cc1e4db,200,1,0,0,4,8
184b45f9-d4c6-4677-83e6-bf5a129cb6f2,10,1,0,0,2,4
9b6cd5d8-e9ea-4f2f-91e2-0fed9a4fd35b,100,1,0,1,64,128
d1293dab-b40d-4a37-8f1d-cb7bbdfb2fe5,200,1,0,0,4,8
0d4a8d72-3616-40e9-ad82-d6a1f52f9aed,10,1,0,0,2,4
45ad7b29-c7da-47cb-aef0-2faa34664f37,10,1,0,0,2,4
d371a754-489c-4c4c-b6d9-04e6c51c40cd,10,1,0,0,2,4
02a4e3c8-2172-402b-82c7-cd320f698091,10,1,0,0,2,4
802dfe19-781f-4cb8-b26a-5c9df59f07b5,10,1,0,0,2,4
ec66553a-1738-4b70-b8b2-d0087c3a0f89,200,1,0,0,2,4
b0ec3128-75e4-48e4-9167-9f3a8406c772,100,1,0,1,64,128
34baa39d-2766-4600-a45e-d792bfb27c67,50,1,0,1,2,4
db6f5ee5-66d7-4b01-ad59-3fe7c40549e0,100,1,0,0,2,4
145de3f2-d92a-4838-a38d-c368385d4ff8,100,1,0,0,1,2
379992ad-ba7c-415b-b334-d4536f636acf,100,1,0,0,4,8
b50824ab-e560-4af6-86c7-88cd6679a8b4,10,1,0,0,1,1
925a0787-6e2c-4f2d-b8dc-4ae7abd35476,10,1,0,0,1,1
09dea263-1178-496c-9b16-0946e14c9be6,20,1,0,0,4,16
3f5311aa-70b4-4f78-aa19-0f11f56099a3,200,1,0,0,4,8
debd089f-682b-43b2-af02-6fe46524684e,100,1,0,0,4,8
4497ef93-9304-4806-a167-1e27d649f1e5,100,1,0,0,1,2
3c7ad401-ac30-4cd8-ba84-04e3f6282227,100,1,0,1,84,256
ed6d25b5-7081-44fa-8690-023af6466a3c,500,1,0,1,32,64
235357c0-99aa-4a6c-9480-8908967c2bc0,100,1,0,1,32,64
c7e09fe9-3e19-4e39-81a4-01ceb4e969b5,500,1,0,1,32,64
1180b907-185b-4d50-8650-9545a7952efa,10,1,0,0,2,4
af8ebea2-bf4f-4440-ace1-8315742fd953,10,1,0,0,2,4
1a0132cc-22fc-4148-863f-8fba11ddeba9,100,1,0,1,64,128
3f255f00-461f-4bc8-832e-77d3cbc0f09d,500,1,0,1,16,32
f33be3e5-9ac8-4b19-bba3-59f0af636481,100,1,0,0,1,2
0cbda847-a5e3-4326-9f34-4669b7282eb4,500,1,0,1,180,464
5c3b1c10-5329-41c4-a691-1b21684a5eaa,200,1,0,1,8,16
37cf8ea7-68f4-4643-85b0-a89695a906f6,6000,1,0,0,16,64
ebc391f8-1e62-4fb8-bd1f-7ef3556d70b5,100,1,0,0,2,4
7c40f8f1-5c2a-470e-aa3b-705f971973a5,200,1,0,1,32,128
66d5aed9-008b-48fa-a31a-c7e55641e1e3,10,1,0,0,1,1
3a067da7-9516-47f0-83f7-e85df321593e,200,1,0,0,4,8
765bdcc7-038f-4c35-bace-bb1316ae5ea9,10,1,0,0,1,1
eb35a04c-690b-4640-b577-1bb3f62b6bb8,100,1,0,0,2,4
4aa7757f-b575-4723-b834-08fa17514d44,100,1,0,1,32,64
29b8a849-b884-4d34-99e9-461e3c1d9cae,10,1,0,0,1,1
45a65968-a63b-4bd1-aa34-4f48518cb61d,10,1,0,0,1,1
b4bee10b-fa2a-4d13-b00c-cb8bb6ee8adf,10,1,0,0,1,1
f99b4bf2-5e82-46f7-96b9-b9db7086c0ab,100,1,0,0,2,4
104badaf-5c6c-481c-a366-201c6eb50a5a,100,1,0,0,2,4
2c737378-c065-4610-8369-18cdac197d32,100,1,0,0,2,4
e29bf0a9-9f4f-4e14-9d8d-360bcf810761,200,1,0,0,4,8
a4ae8e3c-85f3-47d4-bb9f-02482882061c,200,1,0,0,4,8
c307d11f-ecee-463b-8a6d-bc6314297bc3,500,1,0,1,32,64
02a0f2cc-1d9c-48c0-a0a7-a6bef026de8d,500,1,0,1,32,64
0cb88fed-06f0-486e-adce-3635f042ae4c,500,1,0,1,180,464
c94098d8-c464-4396-af24-87e7a701d377,500,1,0,1,32,64
8040fdcd-bfa4-4606-90ff-25fe9ff43369,10,1,0,0,1,1
0771f639-c3df-4bd9-ba2a-81ebb8a9b107,500,1,0,1,32,64
ef8279d5-165c-4c3b-ad9f-5f6f8e790ca8,500,1,0,1,16,32
7408cfeb-0dab-45e1-be58-dc14a8033a14,100,1,0,0,2,4
ceb47f47-a610-4827-8e47-7935fb541f81,500,1,0,1,16,32
96964fea-65d8-43f8-a001-9bee4640a8b8,100,1,0,0,2,8
f856fcd9-a60d-4c45-bbf0-06727408b916,100,1,0,1,32,64
7e1929ad-10ce-4664-b87d-f355b5d96208,200,1,0,0,2,4
d6739b58-b513-4eda-aa77-f0e23e1cb18c,100,1,0,0,2,4
92523b87-9ca5-40c9-85c3-10ba59e4f3af,200,1,0,1,32,128
ed6ed3ac-1de9-4282-ae13-c5a0d2c51eff,100,1,0,1,84,256
2e5743ac-21d6-4afa-91a0-0f6bd691f3f9,100,1,0,0,2,4
352cfcc2-37a6-4013-93e0-f94bb566c37f,100,1,0,1,32,64
cff49a72-7ab8-45a2-8ea7-737c7c6c9a34,100,1,0,1,64,128
17710918-5547-470a-8641-863b0395739e,10,1,0,0,1,2
f914e40f-4c48-4408-8d1c-d0c915335924,50,1,0,0,4,8
6a3fb463-99b5-4842-9269-e4cb527571e1,100,1,0,0,2,4
edd51bd3-1b54-4c2f-862f-13dc1336819a,100,1,0,1,64,128
fbee1366-42bd-4c51-98fd-922c06299117,100,1,0,1,64,128
33e8e566-599a-44b4-aa16-c246136b4085,10,1,0,0,1,1
a7bc348e-2ba6-4c62-874c-177b3ae34ba2,10,1,0,0,1,1
8c7d1fa6-2f0c-4f38-bf00-68354a7af511,10,1,0,0,1,1
468006ef-286e-48cd-815c-135bf62ed529,10,1,0,0,1,1
d583f293-c4f4-4683-905a-f190faca3e91,10,1,0,0,1,1
6a07bfc8-5a93-4f43-b26e-e30abbe70d9f,10,1,0,0,2,4
e71438e6-3f55-4ead-bfe8-909de52ff4e2,100,1,0,0,2,4
d7860f84-338f-4c85-8dfa-71205c8b0b9c,10,1,0,0,2,4
05c6365f-28d9-4ba5-bb79-bb9a2394356d,10,1,0,0,2,4
ca246b58-763f-4515-81ee-f1ff8b265302,10,1,0,0,1,2
9cb1d278-695e-4698-84f1-0a39427d95fa,10,1,0,0,1,2
fb787553-78b2-4741-9f2b-41c9b5a016d4,100,1,0,1,32,64
7aa90fd6-8174-48a7-9f4d-f2075e67a7a4,100,1,0,1,64,128
2faa7b62-e360-4f57-8ec9-1f4c1f9abc0b,10,1,0,0,2,4
2a79710d-86d1-4649-a360-3b1b396f977b,10,1,0,0,2,4
a58e5977-97c5-4ede-8027-626a22fcfe30,10,1,0,0,2,4
210bc55b-53b5-4e3a-9c37-2258cbb27f22,100,1,0,1,32,64
2272aeb4-db5f-4b38-932f-e88431a2b458,100,1,0,1,32,64
4ede5b90-2a9b-4f88-82ee-f598d67139bc,100,1,0,1,32,64
615f8fc4-caa8-4fe0-a5a0-925f7702c284,100,1,0,1,32,64
7fa2d0cc-7ec4-43be-b012-9c4331357e4d,100,1,0,1,32,64
3f848938-e7da-490c-9ab0-0979f8cebdf4,10,1,0,0,2,4
85bd9c9e-e0f8-4c84-b333-2702a7b9c8a3,10,1,0,0,2,4
e1d9f256-b148-454f-8bcc-a319fbe329e3,200,1,0,1,8,32
2bb8e353-9d3f-4a9b-83df-42ad88178db8,100,1,0,0,4,8
0ba5f797-992d-463a-8b1f-ec3c5581aa04,100,1,0,1,32,64
67940d20-1b09-489b-82f9-f70194a9ae18,100,1,0,1,32,64
79dfacc5-9e0d-4776-b64f-c411ea08a2d8,100,1,0,1,32,64
bfaec795-fc9b-427a-a9f0-5242a641ce3b,100,1,0,1,32,64
cb166bd1-b843-482f-b4d6-03c7b858e92b,100,1,0,1,32,64
817d847a-5e84-4172-a1f5-5d7d953816d7,150,1,0,0,4,8
4878af2a-7e33-4d27-ac29-4f340c7ac68e,100,1,0,0,2,4
2766341c-3df4-4363-b4d8-5e7c3e568eaa,100,1,0,0,2,4
098e8ff6-6435-4b70-bc4d-e91f2830350c,100,1,0,1,64,128
013bfecc-b009-4d4d-a30e-278908b1b527,100,1,0,1,64,128
eacebd29-3e08-428a-95e9-acbf20a27ec7,500,1,0,1,32,64
0d35190d-a553-4499-9838-3933b19db6dc,500,1,0,1,32,64
009d13d4-8360-4af8-b173-010d198b61b8,100,1,0,1,32,64
008a93e9-dc2d-4d33-8a38-94f6e176f66c,500,1,0,1,32,64
03119007-2a20-42b5-897d-671324ec6b14,500,1,0,1,32,64
10acc94a-1bc7-4796-a1f6-083bf4440f83,500,1,0,1,32,64
1435ce72-2889-4f48-9c55-656ba93ee773,500,1,0,1,32,64
0452d3fb-955f-4ca1-bd8d-5350c677be32,500,1,0,1,32,64
01fb66cc-2572-4623-abbf-4639b77e4c05,500,1,0,1,32,64
07375fff-cfee-4d2b-af4a-d125ffb3d579,500,1,0,1,32,64
19ae88ea-290a-40a5-9858-79469175715d,500,1,0,1,32,64
1015c103-e11b-41b6-9df5-286898a49f30,100,1,0,1,32,64
13b5438c-aa1c-4aab-9b8f-918925aa6c32,100,1,0,1,32,64
1087e279-fd23-4165-b40b-9fb47274f2b2,500,1,0,1,32,64
1790636e-4889-4a72-92c3-52284fb1fb3f,500,1,0,1,180,464
03e67db6-1759-4de3-af24-d77d3c680f46,500,1,0,1,32,64
04777138-dbc6-4f1b-b40c-f054604b9838,500,1,0,1,32,64
03dae546-5943-4392-8ad2-3611da4fdc4e,500,1,0,1,32,64
00db00a3-5e86-4793-aef0-1bddbf00867a,500,1,0,1,180,464
020fb06f-0c36-4fe4-afdb-703976f1d71c,500,1,0,1,180,464
266cf653-321e-4183-b58d-b2f888a0256d,500,1,0,1,32,64
c93bb110-df79-47b2-afc1-31fb0bc2ac6a,100,1,0,0,8,16
05a375a9-753c-4ef8-827c-82e170ae3754,100,1,0,1,180,464
21511f56-eb96-4315-befd-59b68f841f0f,500,1,0,1,180,464
060a5de4-e418-434f-a070-6ed10e710f8e,500,1,0,1,180,464
56df4214-d9d1-4605-8e7f-75b33873ddf3,150,1,0,0,4,8
8fe9d7b2-6072-48aa-9aa9-dabbcf67ef40,100,1,0,0,2,4
de939798-dabb-48a8-ac75-ab26c4eb434a,300,1,0,1,32,128
626ac289-ba71-4adf-961e-7eb34f99f03b,300,1,0,1,32,128
43a7c684-517a-4052-bff3-c2c9629849ca,10,1,0,0,2,4
e7a40ba1-138a-42c2-8789-29493213d75e,200,1,0,1,32,128
942a77e2-e76d-403d-b78d-da075ba02974,300,1,0,1,32,128
f109b5a0-d71c-4af3-b445-09df9d4ad549,200,1,0,1,32,128
513ee740-a859-4e9d-9593-350d85e4fe52,300,1,0,1,32,128
70b56499-3fd2-4717-8a1a-297eab1edcc0,300,1,0,1,32,128
e83bcb0f-936d-484a-a71d-348a045ea3fa,200,1,0,1,32,128
95290269-2ee5-4bc8-8ce1-affc37b9f669,300,1,0,1,32,128
de8c3454-8ebb-4b37-93bb-f56de3702e97,100,1,0,1,64,256
05119978-b872-4cfa-a941-46e7adec0669,120,1,0,1,2,16
73d237ea-0682-4ad5-a246-c6fa113485ae,100,1,0,1,64,128
12b11951-a6fb-4a8a-a3f5-64b3d93ce2c0,10,1,0,0,2,4
265b7d0a-3f89-4b74-8cfe-4a50c3c63d45,10,1,0,0,2,4
4997ecd1-b4b1-48a2-84d3-a702bde0a273,10,1,0,0,2,4
15478d92-9d49-4b9a-b952-9155c1aaff55,10,1,0,0,2,4
7d185ff0-46cd-4b83-ba3f-9390ae58ae74,10,1,0,0,2,4
4381eeae-4778-4298-9259-119e97a4ab4f,10,1,0,0,2,4
d6b3d1e5-b1d2-45e3-ac85-1ca553b1b57e,10,1,0,0,2,4
d22954fd-a976-4c47-819f-00d04351272d,10,1,0,0,2,4
59df7797-2f1a-4a6d-bb44-2269e4f422da,200,1,0,1,32,256
e459a4aa-ac79-4abf-8007-4ae88feeb853,200,1,0,1,32,256
e9f8d254-c3f4-4941-b90a-f86c80ffddd0,300,1,0,1,32,256
851943f4-b216-4de2-9818-22705f0f88b0,100,1,0,1,32,64
2e6aeb8c-d558-4d3a-9821-5f4c26f0e709,10,1,0,0,1,1
e40cb629-bc24-41eb-a2e4-7a3dcc4d0f06,10,1,0,0,1,1
04710e83-ea4d-41b1-b759-0024e49dd061,20,1,0,0,1,2
5149bcb9-af29-4ec9-92e4-8ef0b0cfa4af,200,1,0,1,8,24
8372cb48-c32e-4235-ae4f-fac753128704,200,1,0,0,4,32
3c687c17-ccbf-4c54-87b6-81513b03bdca,10,1,0,0,2,4
85b0e8e8-a859-4947-bc09-63068fd85110,500,1,0,1,180,464
fe2d3ad7-4aab-4db7-825f-1706f04d09e9,500,1,0,1,180,464
9d6e5c75-5096-487d-9b0f-12bbf360fcb7,10,1,0,0,2,4
a0cbcaa2-4921-4ade-b152-bb040df1995c,150,1,0,0,4,8
f872c15d-2c77-470d-b096-f609cddc2493,10,1,0,0,2,4
c0911d5e-9fbe-487a-b869-78d74eca332d,10,1,0,0,2,4
331d620f-48cd-4579-a176-ceffde8afd25,10,1,0,0,2,4
73f25e5e-48dd-4bdd-88cc-4c7240f9b045,10,1,0,0,2,4
d385e03c-9055-46b2-840d-9b7b3cd397f0,10,1,0,0,2,4
28956057-3555-471b-a6e5-90d760876b09,10,1,0,0,2,4
f71c22ba-0a5f-48ea-b7c1-1f7543ddd6c4,300,1,0,1,2,4
a2933475-7b4c-4100-b521-2ff6280b4b39,100,1,0,0,2,4
7391a1a6-4d76-4627-aabe-b5c1e39194e7,100,1,0,0,2,4
270f59cc-b845-496e-8197-e219f61ac092,20,1,0,0,2,4
5a929605-eab4-4d8c-b2a4-ccd8a7af1153,10,1,0,0,2,4
2d9ed2f4-2c1f-4dd6-92ab-ed615256bf21,10,1,0,0,2,4
41148c78-176f-475d-8ec0-b7dcee2621d3,10,1,0,0,2,4
2d30f493-ae88-4f12-bb45-7d6d3ef47d5f,10,1,0,0,2,4
f7c9ef15-54bf-45dc-be41-822d3bf631b1,10,1,0,0,2,4
c25bec87-df0c-48a6-bef5-03b5b10cc8ee,10,1,0,0,2,4
a17f1653-c2c3-40ca-ae8a-32665b03a0ec,10,1,0,0,2,4
400e580b-ac8b-4361-a5ac-ee93b1d0b23b,10,1,0,0,2,4
826f5004-2aeb-425e-9994-edc186c4b03f,200,1,0,0,4,8
ec2b3cf0-25f5-4c5c-a5d5-75b4f162a25a,10,1,0,0,2,4
3bb9c706-5a59-4dce-877d-055b6d81abed,10,1,0,0,2,4
b6f9f893-1191-41c1-af7c-e77bb5cc706c,10,1,0,0,2,4
057a6407-65c6-4275-b83c-7b09ab92253a,10,1,0,0,2,4
3dd21063-1f1d-47dd-8f7e-d9cf91fd802d,10,1,0,0,2,4
d21038d0-fee7-4b77-82c5-5fcc1b6a6171,100,1,0,1,64,256
741ec60d-107f-47ba-93d7-c9dea3c25eaa,200,1,0,0,4,16
dba2665e-11b7-4047-a419-ef20e96500fd,10,1,0,0,2,4
fd0ca600-a5a2-44a8-8d28-9a3754fb85e9,10,1,0,0,2,4
c8856c24-0745-42f2-92e2-fa98d6204d2d,10,1,0,0,2,4
76c63aa4-6051-456a-a274-0f0c103aa1c3,10,1,0,0,2,4
52a4a709-667e-4c2e-9124-d27c2e3a754a,10,1,0,0,2,4
804b3608-c45d-4454-832b-bcb34d324c80,10,1,0,0,2,4
220196b6-3e14-4903-91ac-05041e79dba9,10,1,0,0,2,4
a81b292c-2b6e-411f-b1d2-379856caaad0,10,1,0,0,2,4
4c37d9a1-3919-4219-b2a7-f59de53d95cf,10,1,0,0,2,4
fee5cadc-7d0c-4622-b56a-5be1ffad0f85,500,1,0,1,180,464
223190ff-5e6b-478e-bbf1-299d0c70241b,500,1,0,1,180,464
3887dbcb-78c4-4b80-a430-c07d5444033a,10,1,0,0,2,4
aa17a135-212d-4f18-abeb-472c6f4c835d,10,1,0,0,2,4
e62b7f2c-9f6f-4404-8c64-a8c0efd0b7d6,10,1,0,0,2,4
709fe930-ab60-4578-bf07-6e30efc5ae71,100,1,0,0,2,4
3a197b7b-5b16-44b9-9660-d5e803eb373b,10,1,0,0,2,4
a4c14937-1834-4bf9-bbd9-b4b387f99cbf,100,1,0,0,2,8
5722af39-1d55-4bcf-8c82-9c86f9c81a44,500,1,0,1,180,464
0af69a34-965d-46e2-a04f-0818490cf752,500,1,0,1,180,464
e2f36e2d-bbb1-40b4-a244-217dc1e858b2,6000,1,0,0,16,64
1c6f38c6-ea56-4c2e-841c-3d55b7632790,500,1,0,1,32,64
2c62d476-c29d-4d4f-a3cd-eb4526096ef6,500,1,0,1,32,64
59b695ff-10d7-4ff1-8e88-3f762c10e2ea,200,1,0,1,32,128
435c2da2-6e4b-4e1f-9d2b-bd3e6abf9ee0,500,1,0,1,32,64
17f8de02-8563-43f1-9556-7cdeef1e701c,100,1,0,1,32,64
6f6e3b7d-e799-4e69-aae8-7d1aab1e039a,100,1,0,0,2,4
3bc28d57-a536-4c8b-a4c6-bbe14c559669,500,1,0,1,180,464
15070d01-9a12-4068-822c-49a6b9069f4f,10,1,0,0,2,4
9120f4da-c699-4f4b-a128-7905a98d9b5c,10,1,0,0,2,4
fba5090c-37ae-4c82-82f8-25523072105e,200,1,0,1,8,24
49013094-acdb-4c5d-a316-a86551b37d0d,200,1,0,1,8,24
0ff2a79a-bc91-4e21-ba71-1f8945f00d53,200,1,0,1,8,24
381a8acd-2b63-444e-a7d2-52074671024f,20,1,0,0,2,4
e8cc7217-02a7-41ce-afc1-09f9f802ebcb,4000,1,0,1,16,64
99f7f86e-7fdb-4741-9ae9-bb2b8c33de50,100,1,0,1,64,256
3820b0fd-b058-4fc4-b2cc-b6e3c72a626b,10,1,0,0,2,4
c110f02d-796c-49ca-a475-ae81ad9f3906,10,1,0,0,2,4
1e043f99-6674-4926-9c62-f7296bece706,500,1,0,1,32,64
03336072-8b70-406b-ba47-c0cd4c4071b1,500,1,0,1,32,64
25b33085-ac54-4bc0-a1c6-1b6f4cf8df03,500,1,0,1,32,64
3e992788-0c9b-46c6-99bb-41a4a20e45ec,10,1,0,0,8,16
b2c66ff3-df31-4746-a461-5741ae0cbf9b,100,1,0,0,2,4
6091c165-b020-4286-a6ee-8713ab96512a,200,1,0,0,4,8
3c1e64dd-68e1-4baf-88f5-a66e6aaca6ad,100,1,0,1,84,256
43e5b5a0-c1c5-459b-9cf4-336d07a1f690,100,1,0,1,84,256
7b5c824c-d1ae-44c0-a372-6ab96529588d,200,1,0,1,8,24
333b6977-4da3-483e-a068-3b999b812608,30,1,0,0,2,4
1ae77e4d-1817-4afb-a120-6f7a9b6b4185,10,1,0,0,2,4
0a5f9ed5-a753-4211-bec4-d92cd718f004,10,1,0,0,2,4
cff8ae8d-e084-4c31-8c93-5262ddc5af30,3500,1,0,1,4,8
c7d981f0-6de4-47a3-85ff-d0919d7f49b0,300,1,0,1,8,40
051a37b0-1508-46c8-b633-48e929fa8bd2,10,1,0,0,2,4
2b05a5b6-1299-4b5a-b87a-197849af5a18,10,1,0,0,2,4
0394042c-98ed-4ec6-b525-ed5068028804,100,1,0,0,2,4
ae99107a-8fd1-435a-a339-06143af65734,10,1,0,0,2,4
0472abfb-d8b4-4147-b1e5-a68c54b586b1,20,1,0,0,1,2
037694ba-fabd-4363-9ffa-4b7977848b45,10,1,0,0,2,4
a359c1f2-8e28-41e2-8d03-8eb47c8809a0,10,1,0,0,2,4
eb658bbb-1f0c-4b35-9324-a361772ca9dc,10,1,0,0,2,4
0ae4ae5b-3660-428e-b4a3-c78877e6146f,200,1,0,1,32,128
29184fe1-9b8c-4f4a-bd51-e7a49e8f9ba3,200,1,0,1,32,128
00ea2f36-0ff8-47ee-9170-d94ab2e653dd,500,1,0,1,180,464
44d2caed-1427-4eb5-85ad-49e3f8d8d049,500,1,0,1,180,464
33fc1f3e-2de2-4c9e-9c87-ea4ba11981c9,500,1,0,1,180,464
23243c5a-6871-41b3-8ca4-0c6820d4a177,500,1,0,1,180,464
9d06c8d9-d45f-46b1-a447-975ee02568d7,200,1,0,1,32,128
3a136c1b-9dcd-4aca-a975-31e588e45a3e,500,1,0,1,180,464
309a3505-6e63-4d5c-9616-907c4fb3c1c7,500,1,0,1,180,464
553ff2da-518b-4c31-9c69-ebe97755acb2,500,1,0,1,180,464
39630ccf-6c4c-4104-ba53-082262dd54d5,200,1,0,1,32,128
4c42fd2f-03da-4189-93cb-47b8ce34580b,500,1,0,1,180,464
456b32a8-be81-4522-a9cd-872a801bdd2f,500,1,0,1,180,464
49fb9ab8-84dc-45fd-8bec-03f4a6a341da,500,1,0,1,180,464
004173ee-2688-436e-b6ab-fc4070671149,200,1,0,1,180,464
001bfa72-3dd6-49e5-aad2-9ee27c48530d,500,1,0,1,180,464
2a58963a-8c43-4a6f-b30d-3c266f869006,500,1,0,1,180,464
030be78e-a0ed-44c2-9235-39e9abb1e65b,500,1,0,1,180,464
017f0d46-bba8-4431-954c-cd0871a14cef,500,1,0,1,180,464
032dd973-c6b7-499d-9948-654c23a0d687,500,1,0,1,180,464
108e8a2a-c285-4d7c-9ba5-40b1d7e5d647,200,1,0,1,180,464
03eeb215-11fe-4a3b-a45e-a445c2d6641f,500,1,0,1,180,464
3393178a-b78e-4e30-a50c-d0bde4f1f721,100,1,0,1,64,128
46f1cbd8-a4e5-4329-8e0c-241df9ac2f42,60,1,0,0,2,8
89f54f09-ec00-49f5-b19e-e076e723e29a,10,1,0,0,2,4
636a7d06-efaf-4740-bb1a-4f848afa4bf5,10,1,0,0,2,4
764c185b-d275-4efe-97bf-beedf09b6b04,10,1,0,0,2,4
08d775f5-cc47-4912-a171-4f9bcc18b58a,10,1,0,0,2,4
957a810c-057c-4fc7-b2dd-8b748772237b,10,1,0,0,2,4
d520204c-92e3-491c-8d58-c945f4936ad8,10,1,0,0,2,4
c851172f-c0e0-4439-a722-49bfc4a30422,100,1,0,1,32,64
9309c1aa-70ac-4239-ae8a-e6b7e583dd11,500,1,0,1,32,256
c5e10fde-d320-4a69-9657-1fc000e37f02,100,1,0,1,16,64
53345db1-e6d8-45d1-ba67-581d635d7532,500,1,0,1,16,64
f3ab643f-fd39-489c-99c7-7f6ea3b19d71,10,1,0,0,2,4
1a73d17a-506a-4dea-9a96-44b980210853,10,1,0,0,2,4
e10fb5c1-b870-443f-a33c-e000ccb76c6e,10,1,0,0,2,4
9e70c1cf-b97f-491e-af2d-dd724ec657e9,10,1,0,0,2,4
8f947aae-8991-4864-b645-3e430cf1aeed,10,1,0,0,2,4
f49f4b83-4bff-424d-b000-d3bf47141df6,10,1,0,0,2,4
dcfbabbf-058b-4924-b820-bfb19c24f06b,10,1,0,0,2,4
15b3988c-2403-46a8-8cb4-e63377308534,10,1,0,0,2,4
fa909246-e062-4aa5-994a-c7d01c7be9f9,10,1,0,0,2,4
5a838012-86ef-4c6e-bdeb-17deae00ea02,10,1,0,0,2,4
a328b31b-d49e-43fb-96b3-db8cdd6c5b8b,10,1,0,0,2,4
96b8f33b-511f-4cf3-ad5e-a3cefca8eea2,10,1,0,0,2,4
fbc6d1f6-bcc3-429f-a7eb-7dbba1221f88,10,1,0,0,2,4
aa5f3a8a-59b1-4070-8ed9-230e689aeff3,10,1,0,0,2,4
82b19f89-1a94-4545-9903-2c93a3aaee85,10,1,0,0,2,4
4a4561b7-1950-46c3-b44f-eb9c921e689b,10,1,0,0,2,4
78983d28-84d4-4d40-bbbd-9e591eb58d65,10,1,0,0,2,4
52938849-8ca1-44eb-bc88-f44e98a29fec,10,1,0,0,2,4
66fecf89-45dc-4b39-be74-f047475332d9,10,1,0,0,2,4
5278866b-bb91-4367-8276-cc9544c60ce2,10,1,0,0,2,4
19b81fa2-2298-46d4-87ca-726461faf021,10,1,0,0,2,4
1f8e03cf-4aed-41d4-b670-21f0b6e6392b,10,1,0,0,2,4
d28c6bbf-64b7-4615-9e71-2f6af2f0b76e,10,1,0,0,2,4
15a41919-036f-4692-8ba3-d07f85f1c09b,10,1,0,0,2,4
9574f66c-9f35-46d0-8c5b-1d9174f415df,10,1,0,0,2,4
153ff4f3-8360-4113-981a-bc3863db5240,10,1,0,0,2,4
2df61bee-9951-490d-81ad-76ce2ffb84e9,10,1,0,0,2,4
5ce1e58d-8c94-4da7-a096-333d0d049136,10,1,0,0,2,4
adfc1c87-7d1f-4439-a2c6-60902421f0c3,10,1,0,0,2,4
3bef393f-b349-4178-8721-4b265a31fe63,10,1,0,0,2,4
6402cb2b-1f48-41ac-98ba-e43d2800e2a3,10,1,0,0,2,4
e63946a1-911e-4e80-82e3-6f5a548d62b1,10,1,0,0,2,4
b7494185-ce32-45fb-968c-4efcbb9c82be,10,1,0,0,2,4
759f540a-023b-4f7d-b208-bcf53e3ef370,100,1,0,0,2,4
6406933e-4665-4a94-bf94-8ce909d5579b,10,1,0,0,2,4
21ccc1cf-e1c9-410a-9a22-65c589ea85e0,10,1,0,0,2,4
c3dae22f-2f6f-4e80-bbf8-6cb62ae12eb3,10,1,0,0,2,4
3415c8eb-c51c-4529-a100-340cb700c883,10,1,0,0,2,4
2183e479-edfc-4ee5-9a10-df9bcb15ee93,10,1,0,0,2,4
fb10bc9e-1a11-44ad-a677-e8671e9f9f1f,10,1,0,0,2,4
6a0668f0-2a5a-4d21-99b3-7f3654552923,100,1,0,1,64,128
9145f3da-62e3-44e7-955c-15e3af1272c4,100,1,0,1,64,128
a3f52f0f-6f48-461a-81cd-1fd15e33f9d1,10,1,0,0,2,4
005c39a4-87d6-49fd-bada-f54502f3fb27,10,1,0,0,2,4
275857d4-c6a8-46a4-aa2e-452d3bb446e7,10,1,0,0,1,2
592caaa5-148d-4703-bf03-dc69144b7216,10,1,0,0,2,4
b4e56c7b-0ed0-419e-bb7a-a90e520eb2b2,10,1,0,0,2,4
c7f04972-36a3-4773-883d-e15ef0d6217e,10,1,0,0,2,4
b5784828-7fdf-4319-8342-0849d9667578,10,1,0,0,2,4
ebc1fe4a-33f0-43aa-9fcd-48c631f7a120,10,1,0,0,2,4
7f48f405-7dd1-4bba-ba3c-93a8fb76f4a1,10,1,0,0,2,4
f806decf-d388-4dcf-b594-30f8af525793,10,1,0,0,2,4
9e593e47-499c-4025-9158-4f62052307c7,10,1,0,0,2,4
2749b5f8-36e4-4ab7-8ffa-82a872f889b5,10,1,0,0,2,4
3099d6d4-4f7a-48b6-8d6d-7ecc7d6ebbdc,100,1,0,1,64,128
c62ba0a3-0723-4ade-a26b-17b0cc318fe1,100,1,0,1,64,128
91966a3d-95c1-4108-a032-5ccaf8216e13,10,1,0,0,2,4
93003574-c527-46ae-8161-18afdab35769,10,1,0,0,2,4
694dbc9a-d4e8-40d9-8808-09ef44971ba0,10,1,0,0,2,4
20fd9e35-90ee-406c-8a98-9ff2bca2b80a,10,1,0,0,2,4
2b3416cc-bc34-4b39-bb58-0dda8b2a5f0e,100,1,0,1,64,128
a8ec471e-75f6-459f-a932-1f3534308289,10,1,0,0,2,4
fd521822-b546-442d-a17a-ae8785144bc6,10,1,0,0,2,4
db5d47a7-e2ab-47ce-a056-d8303808c95f,10,1,0,0,2,4
de78a13d-b79b-4a76-ab66-dc432b56a342,10,1,0,0,2,4
8965fa2f-1149-4370-9bf7-66a5fd70e86b,10,1,0,0,2,4
2bb07834-a60b-479a-a78b-139dc4e58bee,10,1,0,0,2,4
cee5087c-411e-48ec-9bce-2721f81b57d0,100,1,0,1,64,128
5c2c7a3a-e9c8-41ac-ad2a-ad702794352c,100,1,0,0,2,4
bdb9909d-0c70-458f-ae2b-218a73067c35,200,1,0,1,32,128
244de684-5dea-4c76-adb0-4411170d9bee,200,1,0,1,32,128
24d29af7-ec02-4775-a2a3-375596b677e5,200,1,0,1,32,128
244924d5-e78f-4eee-b9ee-5169a563fc92,200,1,0,1,32,128
b0d8a272-8c9a-461f-a0a7-05e779b1bd56,200,1,0,1,32,128
62489bc5-de9f-494a-89cb-32d6a8a2b063,200,1,0,1,32,128
881853d7-35d0-4d24-9e4c-5072b8244bc4,500,1,0,1,32,64
58abf6ed-88ca-4f40-8d1e-04bbfbf44312,10,1,0,0,4,8
44d5501d-681b-4cbb-81a0-b400c3aa7831,500,1,0,1,180,464
004e437e-8a18-4e5a-9626-ebe825b2ac4d,500,1,0,1,180,464
34a30ab1-bea0-4ab4-8343-d9cf458aff01,200,1,0,1,32,128
206c7e2b-968e-433e-a44b-3b8dec7cec47,200,1,0,1,32,128
2c1005ce-3482-4554-8ed1-399c31037a20,200,1,0,1,32,128
2fa257a1-08b7-45c6-9d00-0359935929ea,200,1,0,1,64,256
2d0b2007-80e9-49ac-820b-eb9e6d51a97c,200,1,0,1,64,256
d7c964a1-bcba-4e47-80fd-8cdce0fc574d,20,1,0,0,1,2
0105aa1c-cf32-4ad6-9b3c-ddd81191cc7b,100,1,0,1,180,464
014dc425-d063-4f24-b8d1-7939666f4c3a,500,1,0,1,180,464
41d989ad-8398-447b-872d-eefc0d152a2b,1000,1,0,0,16,32
1d1bbe07-aecb-4b4b-9a5f-df0a577d764f,500,1,0,1,32,64
6321f063-50d6-4fa1-8822-5f3cf7e25e2f,100,1,0,1,4,8
31d911e4-2396-47a9-9638-5a176b7f36a2,100,1,0,1,4,8
27b60a4b-9504-4c94-b7f9-d14ef6326bfb,20,1,0,0,2,4
03f8500c-3f4e-4cae-a939-5d394a1a25b5,30,1,0,0,2,4
21ad1c5b-fea7-4a11-a099-30b6b2706f28,50,1,0,1,8,16
686f327e-0375-409e-a4fe-22e5775ce653,100,1,0,1,16,32
800c95c3-6196-4b50-813a-09c7401e3f3e,100,1,0,1,16,32
7ce1cd7c-ddda-4784-a290-d44578411982,100,1,0,1,4,8
55cb0172-e3a0-4c2a-a62b-d6abac22aec1,100,1,0,0,4,8
6f98ad8a-ea53-41f3-8e30-064e48f75d6b,100,1,0,1,32,64
5f33f92a-f957-4bca-9bca-a64f6a95150f,100,1,0,1,32,64
8c4b7bbb-380e-430a-8f9d-f1201166c23f,100,1,0,1,32,64
668af05b-c7d5-4e3e-86b7-b96382654218,100,1,0,1,32,64
1f452fec-5afc-4a52-b161-a2919fa62805,100,1,0,1,4,16
2f261508-e32a-4223-8809-b5bac24859b7,100,1,0,1,16,32
7782b303-4a9e-49c4-8d02-59f8f6e3c9cf,100,1,0,1,4,8
21953fd0-039c-4956-8b90-d447986699dd,80,1,0,0,4,8
84c9c127-dfd9-4ead-9c1a-c9a610a7c3ee,100,1,0,0,2,4
3bbe381b-84ea-4ccd-8a9d-026d46130806,40,1,0,0,2,4
429cadff-37fe-4bbb-bd96-fca4a6a6e0f8,100,1,0,1,16,32
80d5544d-302f-4413-92e2-93a4c17f3934,50,1,0,1,8,64
103171dc-080f-4f33-9e04-ecadf5a13034,100,1,0,1,16,32
35cfdd38-cdde-49ed-811d-176dda26ef1f,50,1,0,1,8,64
1f4f0577-609e-4ec2-bdbe-ccdb4f3b9bd3,100,1,0,1,16,32
3c60f1d7-287d-44cf-b69f-4802ed1845b8,50,1,0,1,8,64
028c2ff8-9cc5-430d-8259-511a9624950c,50,1,0,1,8,64
43502d13-f63e-437b-8c6b-b5130f6662bb,100,1,0,1,8,32
77204643-e2fb-4ebb-a706-71a9a2dfc25b,10,1,0,1,1,2
3602da43-85f6-437a-9c64-c928005fbfcd,20,1,0,0,1,1
6939fc04-2d75-4690-bb1f-41506c89d619,100,1,0,1,32,64
40dded5c-25df-4e63-af74-8d08ced29590,100,1,0,1,32,64
62989c7a-6f9a-473a-b6e7-42af487ce7f4,100,1,0,1,32,64
8f226abd-eca9-484b-85c4-8f2419d6252c,100,1,0,1,32,64
88bb34f8-01b4-483b-be41-c63a7d4017ff,100,1,0,1,32,64
8d55eca8-24c4-4578-91f2-efe088e08299,100,1,0,1,32,64
917b4213-f470-4cd2-8387-fbbf44bab061,100,1,0,1,32,64
195d6e52-58ba-4dfb-80ce-cf4c4da115c4,50,1,0,0,4,8
9196ccf0-1ffd-4beb-b0f2-3400334a4f6d,100,1,0,1,32,64
046be609-dcf2-4b68-8612-6689c1f72c57,100,1,0,1,16,32
1e74c772-e945-4a3b-959d-af1f056c983c,30,1,0,0,1,2
a128a9d0-1e66-41dc-bbf6-1f52fd52cacd,20,1,0,1,8,16
a407f119-9f31-4634-a845-abb91e52f8e7,100,1,0,1,16,32
a54754a9-708a-4581-8c40-b4e927bbe47f,50,1,0,1,8,64
ac2ecb4e-a865-496a-93d1-7a857797ae54,100,1,0,1,32,64
add681ce-6447-43dd-b35d-cfbf472d393c,100,1,0,1,2,4
ae5de7fa-1f79-4139-b6c5-7d8c10aa0850,50,1,0,0,4,8
b3399d8a-1a8d-453d-8eff-5d838f42bec5,100,1,0,1,32,64
b4c6909b-cb3d-4f1e-8d48-f6750c2a14f8,50,1,0,0,2,8
bbe3b149-2dd5-4e3f-83ca-0a0c35f00f93,100,1,0,1,4,8
bf61f571-02af-4de9-b277-37e767f26a8b,10,1,0,0,2,4
cd08c0fb-9b82-4e03-8f32-bb569e3b2294,50,1,0,1,8,32
cd586086-aeb0-4ed9-9ce4-0d6c49f722b2,100,1,0,1,2,4
cf6cc12d-16c7-43f0-bd5d-85cdaac8cdb1,30,1,0,1,8,32
d842d369-bfef-44af-8d9a-6c82a4ac2383,100,1,0,1,32,64
d90e2602-90c1-4034-8ac8-4f032080eaf0,100,1,0,1,32,64
da5d4351-7e47-4b6a-a3fe-45cfd1f1d062,100,1,0,0,2,4
dc237d1f-7ad1-484f-9637-f462cfae132d,100,1,0,1,32,64
e018ec82-07e1-43e8-82af-b188b4742039,100,1,0,1,32,64
e2ce7c86-c9f3-485c-8e43-91ff671d5617,40,1,0,0,2,8
e42f1d73-51ed-4a15-b9d0-8a0d8df380d5,60,1,0,0,1,1
ec3ae04b-e8cf-4b09-b1e0-76bb12986d7a,100,1,0,1,32,64
f0a14751-dcc3-480b-8818-2bf430045df2,30,1,0,1,8,32
f9ebca20-7148-4fa3-a784-4f9a7de4634b,20,1,0,1,8,16
fa272c3d-6238-47b6-b032-52c1cebb02a7,100,1,0,0,8,32
fb299da3-6020-4ad8-9d92-1a619d215335,100,1,0,1,16,32
fc27efb1-033a-412d-ae65-e1a64cdff8cb,100,1,0,1,32,64
18f22465-f087-4e71-a0ae-ec4a8ec37669,100,1,0,1,32,64
5d1e2bca-ced8-4bd9-ae83-c85c494ab952,100,1,0,1,32,64
69ecba29-d6ab-410b-bef3-a566f67ba763,100,1,0,1,32,64
77bcd05a-42a9-43d5-9741-c3b305d7c5fa,100,1,0,1,32,64
86256bbc-bdfc-4e72-8665-17c43318ffd6,100,1,0,1,32,64
36915e03-8ed5-43b0-a5b2-9fbf1020ad7d,10,1,0,0,1,2
ea0b672a-8767-445e-9582-c77286c0789d,100,1,0,1,32,64
753023e9-a872-4d2e-be6a-7d9dadc1312c,30,1,0,1,8,32
b69ce0b1-d924-4017-8500-63f61956d211,50,1,0,0,2,4
75b99731-7df9-40a7-85f2-80ef5e846c83,10,1,0,0,2,8
6f24d9b8-8bab-4ca9-8c53-149bd282ea28,100,1,0,1,32,64
819161c1-5d7f-4d6a-90cb-1cfb212d453e,100,1,0,1,32,64
ac1c1c23-5819-4aa5-a6c8-c7399bb9a80c,100,1,0,1,32,64
a4edfaeb-3d95-4d80-ad0b-527890e651e2,100,1,0,1,32,64
0a991b74-7644-4030-b1e5-5547c378b1c6,100,1,0,1,32,64
54636c13-6f59-4c1d-a803-7158c5a29344,100,1,0,1,32,64
941f6604-b099-4caf-96af-24750c00fa7f,100,1,0,1,32,64
a1553688-c609-48ee-9d16-f6dec6e0027e,100,1,0,1,32,64
a5099260-f8ff-4499-b3b7-3410ca896fc5,100,1,0,1,32,64
e08705ed-9e03-4edb-af55-f796b34968a1,100,1,0,1,32,64
404817a6-33d1-49b9-9a83-a07a284b057c,100,1,0,1,32,64
840b1ce5-1d4e-474d-9ec3-9ef0988ab87e,70,1,0,0,1,1
677b8968-e542-4e65-9b2f-139f3e86b035,50,1,0,1,8,16
b821c3f0-9154-4ff1-aa97-aaaefc0626f4,50,1,0,1,8,16
0cf1e8b6-623b-4b88-9590-26d2b5ee9f8a,50,1,0,1,8,64
81454c5b-a770-4923-9753-abca06cceada,50,1,0,1,8,64
86de466b-83e6-416f-a2c4-a477db870494,100,1,0,1,16,32
c40732b5-1958-44d8-bb3d-2f2c92b2164b,50,1,0,1,8,64
b2639fca-1c89-4d24-b81f-dc655be03c98,20,1,0,1,8,16
ec80b3f7-8d0c-4a52-9058-91391c73da3e,20,1,0,1,8,16
fd8fc504-b2c6-4803-962e-d7212bee943f,10,1,0,0,1,2
f14fdbf2-c45c-4c3d-8041-d70d7fcebec9,20,1,0,1,8,16
cd2e582f-dbeb-439a-afc4-73999bc11a70,50,1,0,1,8,64
ee264fa0-d8e6-4870-a0c5-0809712202d8,50,1,0,1,8,64
cf16d781-f624-4f1d-9927-38c2dc0a8627,50,1,0,0,2,4
269e9ebd-b71f-44eb-9459-2298fe226ba0,100,1,0,1,32,64
3291d3bd-47fb-40b9-b7b2-76085846d956,100,1,0,1,32,64
97db2c18-c44d-4f07-88ae-1a2e1620fad5,20,1,0,0,2,8
bd40c157-f568-45eb-aee7-9c08fe69853f,20,1,0,0,8,16
b4457657-c623-41ea-a29e-2faeb46a4d4a,100,1,0,1,32,64
f66e5568-a28b-45ea-9cf3-df8149215575,50,1,0,1,2,4
63afb52f-2f37-4daf-b425-3e91925d46db,30,1,0,1,8,64
c4ad1558-2f57-441e-8164-acdf01de0b8e,30,1,0,1,8,64
ae1fda86-1daa-46fa-bee6-36e81ba46b97,30,1,0,1,8,16
119229a1-1e47-424b-85df-633793f6448a,100,1,0,1,32,64
2ba1a7e3-1d1f-420b-a11d-24309fca9c88,100,1,0,1,32,64
e9c5cbef-2101-416c-8130-b6f72f2bc462,60,1,0,0,4,16
4b4514c1-0ff2-4e84-b1d3-fc2fa7b2c7b9,100,1,0,1,32,64
554d2460-db14-43eb-b6dd-ebee3f01ebf2,100,1,0,1,32,64
a08a14d2-0ba3-45c1-8a70-4e64dfef12cb,100,1,0,1,32,64
f5d578b0-c3e3-4d76-ac20-d37a32e2a67a,100,1,0,1,32,64
81d0bd15-74da-4311-95b3-2c605489ae8e,100,1,0,1,32,64
faa7adbc-7f30-4a6d-a3a2-1bfc8c0fd8af,100,1,0,1,32,64
fec680a2-38c5-4511-8128-ad8b63c45b96,100,1,0,1,32,64
e7a90245-450f-4f64-afd5-ce6bc9ff04e5,100,1,0,1,32,64
78dbbf5f-9e5a-4e75-8826-a3c25a2dfa92,10,1,0,1,1,1
57c8a070-79f3-4740-ba0e-41c72665c1f8,100,1,0,1,32,64
8081ac14-b8fb-4dc5-ab3b-6ef23e21ef9a,100,1,0,1,32,64
b2473dcd-0c6e-45d6-815c-179d5cf7bce9,100,1,0,1,32,64
252449ba-0f1c-4673-8a87-20b99d48f645,100,1,0,1,32,64
47b5e66e-eecd-44bd-9630-64a8d4b0fc1b,100,1,0,1,32,64
3ce16253-dc1c-4229-9e50-3ff1585e04fa,20,1,0,0,2,8
696913ad-7add-455d-a58c-56514d68d4f2,100,1,0,1,32,64
a7538daf-df90-48ae-9542-7d9b4c84b34c,100,1,0,1,32,64
e55634ce-088e-409e-81a9-33b2d0c26b25,100,1,0,1,32,64
5713edd6-7c7f-4c14-9bfb-6d8f9cc9b1ec,100,1,0,1,32,64
70fb849f-a5dc-4bbd-ab1d-bfd16aea1a33,100,1,0,1,32,64
8cfcb483-469c-4f54-b3d7-a24cb2fc942b,100,1,0,1,32,64
6c923394-950c-46b9-a0cb-fdf310770ce1,100,1,0,1,2,8
d081104c-c8d5-4ced-b4f8-16f65c665e9c,20,1,0,0,1,2
cf7df109-501d-4efb-9bd8-81bfe3c4a2e5,10,1,0,0,2,4
3b47413e-8b2b-4597-a2be-4d7bc3a0a357,40,1,0,0,2,4
38c603c2-52c9-4d62-967f-33a6adbf07fe,100,1,0,1,2,8
4b3ed9c7-25d6-482f-988e-9033e5798645,100,1,0,1,32,64
6d38af0b-214a-42a0-bcfe-d345562cd571,100,1,0,1,32,64
4e68b937-2beb-490f-a32e-45bef3a635e8,100,1,0,1,32,128
6afe2a20-69cf-481a-a1f6-5c635c3129c1,100,1,0,1,32,128
f4d9c1f0-380b-48bd-9bec-8b17a2bfa557,70,1,0,0,4,8
cca704b6-3eba-4ab9-b17f-846d5ee6a696,100,1,0,1,32,64
fadc8872-2f0d-47ae-b077-5b74b386ae30,20,1,0,1,8,16
a8052dbd-eecb-41ba-b887-75eb353b7335,100,1,0,1,32,128
fd4b77e5-dcea-4d9e-b977-456db2fc8b0e,20,1,0,1,8,16
0d7030a6-f40e-4f84-9da8-39d14741349a,100,1,0,1,32,64
6fafaf34-0de7-4a5f-82ad-c9d9518306f0,100,1,0,1,32,64
7a5565ea-1771-4737-982d-21e438364d68,100,1,0,1,32,64
9f6b537f-e0b8-4444-8e67-9234416b0c09,100,1,0,1,32,64
dbec7269-61f7-45c9-a0db-4342adec16ad,100,1,0,0,8,16
024c1cc1-16f3-460a-9b10-30c15b962023,100,1,0,0,2,8
863de230-ee37-487c-9a92-5c558183a45d,100,1,0,1,32,64
cbe7860b-61dd-4576-992c-d3fd02cf24d8,100,1,0,1,32,64
2fc07987-06d0-4441-8337-14c9d7a683e1,100,1,0,1,32,64
76eba55c-2869-48d7-a3ea-9ca328356d2f,100,1,0,1,64,256
3c425910-0cc0-4762-84d6-ff4a6b9f50b8,10,1,0,0,1,2
01e57c00-e207-4f02-9871-f39027a5ceb4,100,1,0,1,64,256
50c6f965-b2ce-492c-b82c-43c30b9d6ba2,100,1,0,1,64,256
d5ed4748-0538-43ab-970e-0bc778dd547d,100,1,0,1,64,256
4c0ee8da-2291-4469-920f-03613a6b6885,100,1,0,1,32,128
6e7458d2-b21f-4ac1-bb98-ccf6f8a7248f,100,1,0,1,32,128
3ef8fe9e-9f74-42af-857c-77eefd807f1a,100,1,0,1,32,128
476e5c0f-9fce-4ecb-b630-cdfb7018b0e5,100,1,0,1,32,128
860f8d54-e0f4-4eed-a754-bfeead60ba48,100,1,0,1,32,64
85d70189-c091-4cb2-b6f9-f61cf2b1f677,30,1,0,1,8,16
c82c1945-85cf-4cb9-a5fc-160dfcd7d71c,30,1,0,1,8,16
0d2953ae-e4df-4949-a993-213a6ac218d5,100,1,0,1,64,128
480bd030-a408-4c60-a20a-a184e75f7757,100,1,0,1,64,128
63767acc-8e5c-484b-a383-25df9aa6097a,100,1,0,1,64,128
7fd5d76a-6ff8-421a-848c-beeb22151d51,100,1,0,1,64,128
c8b3af6e-82f6-42b1-ae98-73c760e4bbee,100,1,0,1,64,128
ce1cc541-7361-4b98-a3be-2eeaf868080c,100,1,0,1,64,128
58032459-e920-4916-af5a-e5fd504da752,50,1,0,1,4,8
db8f932f-e329-447e-8aee-032638596ce0,100,1,0,1,32,128
f071df85-e617-48d3-badf-7970ae52c85d,100,1,0,1,32,128
649a8aab-13c9-4101-baa9-0eb7aa22452a,100,1,0,1,64,256
4381765d-f3dd-46b3-8fc4-412823378042,100,1,0,1,32,64
4bf00bc7-f85b-45cf-a2cc-cc7ddb4b6ff9,100,1,0,1,32,64
5bd469ee-9dad-444f-b2f1-0880d083b383,100,1,0,1,32,64
9403f252-ef10-4661-91b4-0becda0ce694,500,1,0,1,16,32
943bb84c-de21-4edf-abb9-cbd07c9686a3,500,1,0,1,16,32
854b89b0-7724-46d4-9b7c-cdebe8482b9d,2000,1,0,1,16,32
9ed7d575-449e-48de-83f8-6830855e11de,100,1,0,1,16,32
508ca791-160c-4a28-9fbf-9e58ec66f49e,100,1,0,1,64,256
49959f58-a221-4fda-b30c-a22459dda18c,10,1,0,0,2,4
87cd84d7-4296-49f8-9926-61efa3214ab9,100,1,0,1,16,32
2a036406-b9dc-46ba-b946-2dbbe4dabba4,2000,1,0,1,16,32
3562f95f-b6d7-4d28-9b7e-e2cb5c14d3e7,100,1,0,1,16,32
f3d45b7e-8a4b-4035-977e-2dbfd6cf25bf,100,1,0,1,16,32
00141396-c9ca-4c12-ad94-69749e435b26,100,1,0,1,16,32
02b127e7-c531-4063-8baf-f57646ef5c8e,100,1,0,1,16,32
58c5ffdf-09c5-4786-9cec-aa050adc8f0d,100,1,0,1,16,32
751df2be-d799-4178-832e-54af1f0fed13,100,1,0,1,16,32
a0332ae7-89a1-467a-aca0-2612b567f2ac,100,1,0,1,16,32
0a574655-c0a6-4730-bfd9-639e5a17c849,100,1,0,1,32,64
7ded287b-02fe-49c5-9841-8bf427486ccd,100,1,0,1,32,64
938b44f2-a6d0-4a82-83ba-13e69ea54ad0,100,1,0,1,32,64
6ef460a6-20f8-4ec3-b33e-251d4aaeeae8,100,1,0,1,32,128
cbfca6ab-2945-4a16-a419-a81b2875d52c,100,1,0,1,32,128
c7266bbf-1f4c-4061-8c6f-195b710ca23c,100,1,0,1,32,128
66827dd3-5961-4983-9385-16f16ccd4882,100,1,0,1,16,32
9934a981-a172-4746-8073-a61c438151a9,100,1,0,1,16,32
e8cec29c-4caa-460a-bcab-470881c15fa2,100,1,0,1,16,32
01dc3554-21ce-470f-abec-83ddfcf79c49,100,1,0,1,64,256
708ecd06-b46f-40ce-9b62-87643fa3befa,100,1,0,1,64,256
9280caa4-d8e4-4f32-9050-6c189972f146,100,1,0,1,64,256
0f2e483a-626e-45f8-9dd8-5d351657adc9,100,1,0,1,32,64
c7982b97-cb2c-4010-8d3c-5811af9e2a18,100,1,0,1,32,64
4c5e7cc6-3642-4386-8f1f-52c70c9007dc,100,1,0,1,32,64
0c92559e-f44d-40d8-8dd1-c01deda46638,100,1,0,1,8,32
3a3e58d6-4069-4761-981f-a810ef4a4e00,100,1,0,1,32,64
feade77b-346a-468c-b26e-f60e476913d4,100,0,0,0,8,16
7cb633fa-ec6a-4d4a-977b-99fe8bfacbca,2500,1,0,1,32,128
6a22360c-d7c9-444b-9c41-c7b7f04b4fab,50,0,0,1,2,4
b824caf3-21e9-46fc-ae2f-ab5b0c9d65c4,100,1,0,1,32,64
57b3705d-320d-4ab7-a7d4-1a209bd3559f,100,1,0,1,32,64
429530d6-a997-4c04-b5fb-87affe7d092f,100,1,0,1,32,64
380ae267-a561-469b-a8c1-b679178e3867,50,1,0,1,8,64
07b79cdb-c03a-42d3-99e2-fa7aeacfbb7a,1000,1,0,1,32,64
21b6f23d-8a8a-4000-a319-53ab9aa0568f,1000,1,0,1,32,64
eb53a8a0-b726-4d06-b61e-b55bbf923a45,2000,1,0,1,16,32
0d38c5ad-b7fc-42f6-86fb-076aee70723e,2000,1,0,1,16,64
05f41d89-afb4-4bc3-b53c-5013715abc6b,100,1,0,1,16,32
15a3963a-33a1-44e1-90f3-c5252cbd311f,100,0,0,1,8,16
d4338d3c-da80-404a-9370-31da1fcdf9a1,2000,1,0,1,16,32
6711cf55-7287-4e64-a5a1-0491198ce582,200,0,0,1,8,16
3f255f00-461f-4bc8-832e-77d3cbc0f09d,500,1,0,1,16,32
35002bd2-b940-450a-a2ed-01511f8ee865,100,1,0,1,16,32
579656f2-732e-4710-a1be-23286eac74be,100,1,0,1,16,32
5c4adad7-a1e2-4862-84e9-737c56ad60ca,100,1,0,1,16,32
7ebab5e2-2a5c-4f90-9707-0114334dadc8,100,1,0,1,16,32
b4df4b1b-d5e2-4967-9e17-919e738d1d6c,100,1,0,1,16,32
cf9b9977-a9b4-4d32-8f96-7b79e55761e4,100,1,0,1,16,32
e2268ea6-971e-48c4-a368-8d634be5de08,100,1,0,1,16,32
4c3c50f1-b75f-46d6-b883-0957da6a6ff4,100,1,0,1,16,32
5ecdfe4d-6385-458c-a23b-f0c151f7ed39,100,1,0,1,16,32
721a8a04-4f45-4e0a-ab32-519d4bd39446,100,1,0,1,16,32
f702bff1-0e59-4602-83f6-047ca9a1e3d7,100,1,0,1,16,32
fb76d390-b153-4bab-923d-21d8c7bfb74a,100,1,0,1,16,32
9530df8e-0148-4f39-9af9-52aa643ffc22,100,1,0,1,32,64
4db7dc9e-03d9-442d-b2cd-2163356ba67f,10,0,0,1,2,4
84691207-5481-4583-a3b0-a2ac9d0e1650,3000,1,0,1,32,128
c1e03432-3485-40e0-8593-d084b856ff71,100,1,0,1,16,32
c9bc5bba-7126-4dd0-872c-68dce988ca22,100,1,0,1,16,32
8bc405d2-8229-48d9-936f-9baba36a58ee,100,1,0,1,4,8
6b9ac89a-c3d6-4292-89cf-f88e33950015,1500,1,0,1,32,128
d0b16996-5613-4d25-991a-04fe8a44a755,500,1,0,1,36,160
7fbdbbfc-1358-4a83-b278-e379ee7012c8,500,0,0,1,16,32
5bc0088a-c5a6-4983-91a1-235bdf9c973b,100,1,0,1,32,64
9c8a0e32-a8fc-4d96-87e1-04c25a8ea1d6,150,0,0,1,1,8
d5bc6e53-240c-4c44-bfc0-944d20df6e12,20,0,0,1,1,2
cfd51626-d447-4b44-b3db-06766cdd608d,200,0,0,1,8,16
91ffccd6-077b-4608-b27d-18d48ba97968,50,0,0,0,2,4
33fbe598-f22d-40ab-b05e-345600f46f44,100,1,0,0,2,8
02d255cc-c125-40e8-96c0-8670af4f025b,500,0,0,1,2,8
c061a83b-0d26-430a-906e-f9481aeedea8,1000,1,0,1,8,16
d6f0c7c6-f3e5-48c9-85ef-ea64850b3d2b,300,0,0,1,8,16
d698f409-8eba-4956-a613-88f54fda7514,100,0,0,0,4,8
62ab4f35-afc8-4f2f-bf0d-a62a654154e5,20,1,0,1,8,16
c0701162-90a5-49e8-9cc1-a37f03f7a885,20,1,0,1,8,16
0c74d057-dc7c-4116-94ad-0db02b69fab0,100,0,0,0,8,16
271a1861-c3b7-41ca-abba-eb4ad26049f2,30,0,0,0,2,4
1edc462e-0a57-4e65-ad5a-2cbaa9c0dc01,300,0,0,1,2,4
4cb24e28-de95-470c-8ab3-ae034a2a00fc,200,1,0,0,4,16
eef1ba56-a814-4d39-9c43-e34f33e2f2e5,30,1,0,1,8,16
39e6519a-0042-4fba-b2f8-9beff88f9399,150,1,0,1,4,8
20b35fb3-0b5d-439a-896c-76c798e547fc,100,1,0,1,32,64
877fc6e4-aecb-489b-9b77-14824721c885,100,1,0,1,32,64
c0b17878-0db1-44ca-a598-9dec48bb2fe6,100,1,0,1,32,64
8c184fdb-d6a6-437a-bfff-b15999b2b0ec,2000,1,0,1,16,32
6349822f-d725-4212-b371-960889f2a28b,100,1,0,1,32,64
6dd2ebd2-129b-4fbd-8035-b9c912da8c6d,100,1,0,1,32,64
e067c88e-50ef-4ad6-8cd9-920db3687e4f,100,1,0,1,32,64
2a1d501b-aa1f-41ea-9b56-bee78783d574,100,1,0,1,32,64
86c12722-8e13-4d72-b105-bae445b03826,100,1,0,1,32,64
05bc7de3-a2e6-453f-ba36-383c80876976,100,1,0,1,32,64
48b40973-a091-4e1a-92fc-1781b27e2f5a,100,1,0,1,32,64
3fc24913-352f-40e7-b1cf-6068170454b5,100,1,0,1,32,64
99d0467e-54bf-495d-a2a6-3acbdeb0a33b,10,1,0,0,1,2
6c90832d-5947-4225-acb1-c95a7186385d,30,1,0,1,8,32
8265aa0c-936f-4a00-ae17-1aa6b4ed14f4,30,1,0,1,8,32
7c6d7ee9-e8db-4c01-a8a5-7e71933ff6df,100,1,0,1,64,128
317e7793-15d6-4fa4-8bca-787fca67e5a8,100,1,0,1,64,256
e4783dba-0cb9-4a6c-b837-67eff63fd361,100,1,0,1,64,128
5b152c54-a6fe-47bf-8ce0-0024f183b4f9,100,1,0,1,4,8
7aef9f3c-7114-4c8e-8e71-624809008f58,100,1,0,1,64,128
801270c0-5dd2-4806-b258-ea095d7faa59,100,1,0,1,64,128
e6118f76-a01c-467b-88f4-91c223af3e11,100,1,0,1,64,128
ac66ddf9-dba5-4c70-b5cf-a8bb4db0c963,1000,1,0,0,56,224
c7979e6f-bdec-4416-bf83-33572332f410,1000,1,0,0,56,224
cf62e9c2-24ae-4ec0-b1cf-caf7b9bcda90,100,1,0,1,64,128
a098d267-b800-4abf-81bc-3bab2db05404,500,1,0,1,64,256
00951684-7816-40a3-a95f-d078b1cc8d36,500,1,0,1,64,256
2e887f67-3af0-433b-bdce-4a784c8414c9,500,1,0,1,64,256
55338627-00f8-4bdf-bc5b-1069f29bbf95,200,1,0,1,32,128
c029f0ab-2d2b-4d30-90cf-016be615badb,200,1,0,1,32,128
e21e5341-6952-4a79-a0f3-2baa71062523,100,1,0,1,64,256
212f92c8-cbcb-406c-834a-13acc90b9216,200,1,0,1,32,128
37f62e4f-971f-4ffd-a3c1-d485f6112724,200,1,0,1,32,128
7f14cf77-b60d-4550-a5f7-0b5acb74cbf9,200,1,0,1,64,256
0542e5a2-5d01-4384-9855-377bc518bfee,16000,1,0,1,24,48
52aa6cf1-d53e-45dd-b777-3b8436f1e585,100,1,0,1,64,128
8894c909-14c2-4ed9-96e6-aecf29fcae8d,100,1,0,1,64,128
ad138915-7b04-4493-bad6-d51c2972739a,100,1,0,1,64,128
3c18c55d-565d-4361-88e4-79daa6c99364,100,1,0,1,64,128
144b6505-3d6f-4ce6-b510-a7078ea487dd,100,1,0,1,64,128
2ef759fe-da8a-4e4a-9335-2705189132db,10,1,0,0,2,2
af077387-eeff-46de-a757-fbbf7595e32d,200,1,0,1,32,128
607257b1-215b-478f-8014-410eb148392f,200,1,0,1,32,128
e62bd277-902f-44b2-9596-0ce97eb70e74,300,1,0,1,32,128
5ca1a0f9-689c-4f3d-a734-0746291f6b92,200,1,0,1,32,128
b5e44bfa-3657-42c1-8126-bc445dacf135,300,1,0,1,32,128
3b77c8c5-e7d3-42e7-9463-4ff51aeeb1fc,200,1,0,1,32,128
13af9a6b-3ee8-43f6-b0ab-a01c68a292d7,100,1,0,1,16,32
578d314a-22b0-4520-a5c6-5ba2cf9c5cda,110,1,0,0,4,8
c9be7b00-dbf7-4806-b59f-cc00e30a8749,100,1,0,1,32,64
0494cd71-7aad-479b-b3d0-0a7c7f46ed25,200,1,0,1,32,128
8d449cd0-0393-4d6f-aa43-e330bb425e6c,200,1,0,1,32,128
a4e0a20c-32c2-49aa-8b05-6661fe57454c,200,1,0,1,32,128
48469f53-9809-4b66-b7c8-33192b1acb1e,400,1,0,0,16,64
95c8befd-12d7-489d-a67a-87d03a9a8e9b,10,1,0,0,2,4
851e3d75-c05b-4cfb-be07-ed37db812668,100,1,0,1,32,64
ffe416f1-24cf-4cc3-918d-9c97dc9ca67c,100,1,0,1,32,64
7b7b8873-3f3c-442f-8a0b-e343495ccb1f,100,1,0,1,32,64
ae9ca6b2-5b07-42fc-9f3f-1a498cf4464b,100,1,0,1,32,64
713d245a-a026-47ba-b693-4dc3e6ede3c5,600,1,0,1,24,96
6ff522f7-996e-4667-bd5e-f1c89fcdea77,100,1,0,1,32,64
742fad1a-5c79-4413-b577-e83c32b9f36b,100,1,0,1,32,64
266a70fa-bff6-46a0-8e57-bc9d2fb9012d,100,1,0,1,32,64
01f1deb1-9c1b-4b71-9c95-fda629ce27ae,100,1,0,1,32,64
4ad46f10-a9ba-4933-a5cd-2a346ee4401a,100,1,0,1,32,64
5bd54d06-e93c-4499-b659-927951ecb3e6,100,1,0,1,32,64
5e237194-c7fe-4f47-972e-f4d6e89fb40f,100,1,0,1,32,64
e32c175e-a77d-4857-94c7-fd7331db98b9,100,1,0,1,32,64
6e981611-54f7-4f20-9afc-f4538f1631d0,1000,1,0,1,32,128
a6618c9b-a235-4d5e-8238-54fcb4c5a27b,100,1,0,1,32,64
889f2be2-4416-431b-ba1c-626f984e4098,1000,1,0,1,32,128
d875d435-c473-4d50-82d2-899a02f94c8e,1000,1,0,1,32,128
29de4da4-03b8-4df0-b033-4e760b804634,100,1,0,1,32,64
939ed2ce-9ea1-4018-92eb-826449f3c558,100,1,0,1,32,64
18fac6a0-cf59-44c4-b20c-ac704e1796fb,100,1,0,1,32,64
79f1cd40-b125-4b44-8cc9-010c26a69e2f,1000,1,0,1,32,64
b4e9df4a-517e-4166-a9e6-7d77fd47d857,100,1,0,1,32,64
6146de2b-e135-4816-b521-16d4920621a8,300,1,0,1,32,128
1b0dc05b-487e-4461-b9e4-cc60fb3b2663,100,1,0,1,32,64
44c59698-8908-47dd-8954-9621214124f5,100,1,0,1,32,64
aaffcb0e-4965-4742-ae97-cbc14cf48165,100,1,0,1,32,64
11942011-b02c-4fed-9c8e-c2c33d7fc9bf,100,1,0,1,32,64
352cfcc2-37a6-4013-93e0-f94bb566c37f,100,1,0,1,32,64
d0f8537d-e920-4100-8eb2-33c2bbf1b0dd,100,1,0,1,32,64
b1a1ba79-0c35-496d-a905-92e69672e475,100,1,0,1,8,16
c5fd1742-c4ef-45ed-bace-d01630c0eb00,100,1,0,1,32,64
82b3fcb6-0fc1-4655-b3d5-7a3ab014680f,100,1,0,1,64,256
e611ebfa-146f-406b-b9ae-8c96e19ebfff,100,1,0,1,32,64
e697854f-9678-407b-9a25-c674c38fe1be,100,1,0,1,32,64
31f25f5e-bd49-42f2-bb43-ad10b4710d1c,100,1,0,1,180,464
26c5a24f-60f0-4311-9259-6cc0c7689b9f,100,1,0,1,32,64
9d74d039-58d7-48d0-82cb-062cd3b3ed69,100,1,0,1,32,64
dc28de99-e918-4057-a58c-65548d16651a,500,1,0,1,2,8
3339e5c2-ebd4-4d03-b501-2d0307d0efd8,100,1,0,1,8,32
bddd892f-b27f-4765-b507-2905e2c747da,10,1,0,0,1,1
3ee04198-0ae4-4339-9554-09607d2403cf,10,1,0,0,2,4
80c3d0b9-10b2-434c-9bc2-e40f3626f685,10,1,0,0,1,1
a63d7459-6873-4ab0-be87-d3479ddb1dfe,10,1,0,0,1,1
2e4186d0-4827-44b3-b398-c649c5a8cba7,10,1,0,0,1,1
d247a30d-ab08-492d-9357-c40d3afd762d,10,1,0,0,1,1
658f2f20-6d12-4ce5-b13a-09617ca058f3,10,1,0,0,1,1
a79ce095-931c-42a0-9890-1a2a9068a431,10,1,0,0,1,1
f46dc90c-e322-4357-b1ff-ae2e39aee36b,10,1,0,0,2,4
1979c8b2-6401-48a0-9e17-89b6b9178ab6,10,1,0,0,2,4
c4c07afe-7965-4e06-991a-5cc99aca5d33,10,1,0,0,1,1
678834c5-04ae-4647-8e83-789ea9973035,10,1,0,0,1,1
e9b8e7fd-ca57-47b5-98c0-b418baf51c00,10,1,0,0,2,4
145b6eb6-9013-411a-846e-ae02cabe9b2d,10,1,0,0,2,4
7804397e-173f-4fa7-9996-c3897c4e9bc4,10,1,0,0,2,4
02c24cd4-bfe2-43ba-b2b8-97f8c7ab8171,10,1,0,0,1,1
0e383c28-ad41-4e17-845f-dc750ae1f9c0,10,1,0,0,1,1
dc2cdc03-f4df-4d1c-9b5d-0c18b6914c96,100,1,0,1,84,256
a5c7a742-8abe-4d96-9b50-7e13f92320ca,10,1,0,0,2,4
835974e1-b795-4534-a432-b1ceaa425a0a,50,1,0,0,2,8
c17a7bd7-ede8-4c31-904a-b0ee17a8c6a6,10,1,0,0,1,1
e6d65cbc-9fe9-4f73-b57f-63e582957594,10,1,0,0,1,1
3cd3fe71-57b0-422d-911c-35cbf9c97b15,10,1,0,0,1,1
939d9455-ede2-4b62-a8c4-8bafce0fe43f,10,1,0,0,2,4
e6606805-66d0-46df-81e3-f97fe0ae8998,10,1,0,0,2,4
2d3df5a9-3faf-4bc7-bf87-df49524e7176,10,1,0,0,2,4
e014868f-d5cd-49f5-83c6-845616e46463,10,1,0,0,1,1
e7c7c444-b314-4a1f-a0dc-7c9ca3a82659,10,1,0,0,1,1
89d8296a-ef41-491b-a93b-14d39452d54d,10,1,0,0,1,1
a5a2fdba-44e3-46f0-bc1e-9882cdf839a9,10,1,0,0,1,1
3c0f2d83-41da-4549-a21f-0c8b2ed48092,10,1,0,0,1,1
1ba5fe6a-4ce7-46fb-9bd5-21c0e61426b8,10,1,0,0,1,1
bf5a952f-80af-4df1-803b-296148c5b7aa,10,1,0,0,1,1
c1dd3879-b450-4f4f-a19e-facba10a4c3a,10,1,0,0,1,1
2f7b15e2-9c51-4a74-b837-e3ec3124a64e,10,1,0,0,1,1
2517b6b5-1ed3-4e08-ac2f-c787dfc09855,10,1,0,0,1,1
7ae65d1f-e544-4792-b36e-9256f7fa94d5,10,1,0,0,1,1
6379f24c-8b1b-4b52-a505-270ecf2af57d,10,1,0,0,2,4
a767028e-9196-48c8-ad84-8e2b64a9ff0d,10,1,0,0,1,1
f4768475-4fcb-4b94-9ac7-a013b4577b7a,10,1,0,0,1,1
1baab27c-d4b5-49e0-9f77-54104bd1681f,10,1,0,0,1,1
95a7cccf-3880-4100-bd80-aa7b99e625d3,10,1,0,0,1,1
02823a5f-11bd-4337-b208-94aa8b63c04c,10,1,0,0,2,4
65cda68a-0ef0-4f01-bc2f-bdf5f825256d,10,1,0,0,2,4
e8178eb5-6f9a-45b4-99f3-9564bd8b89a1,10,1,0,0,2,4
89af3c69-874e-4f2e-a3a4-89cc36f7e550,10,1,0,0,1,1
595e29ba-ecfc-41a3-9b85-85447bd6302b,10,1,0,0,1,1
79534633-60da-4a76-bedd-65787893cb8f,10,1,0,0,1,1
f6d090ed-e261-4c4b-8782-b6e429ab1233,10,1,0,0,1,1
3ee7d2d3-d327-4932-8d62-54da74fb3283,10,1,0,0,2,4
e82ea596-f359-4324-ad26-d5c321f6483e,10,1,0,0,2,4
ad49a027-e1bb-43a8-ad5b-82b1e2c77b32,10,1,0,0,2,4
91709709-7a30-461b-81ae-6c20dcad467f,10,1,0,0,2,4
a97c516a-161f-4d9b-9d76-44282b2c8ffd,10,1,0,0,2,4
e46cd633-7e72-4a47-9b14-5d849acf8540,10,1,0,0,1,1
3c34adc6-c18b-41dd-b598-b52a71af17f6,10,1,0,0,1,1
3080bcc7-7123-490c-b68d-7bdd6ff7eea6,10,1,0,0,1,1
31aee4b6-5260-414b-92cd-151538cfb097,10,1,0,0,1,1
bd647726-fb50-472a-b88b-01cfa8d9b690,10,1,0,0,1,1
3d10ec9d-b92b-41fb-9537-2d725a0949c0,100,1,0,1,64,256
713044e5-6682-434e-a8b8-116a7d3d3bd0,100,1,0,1,64,512
50d55798-1a49-4e14-8938-222c2547aa8d,10,1,0,0,2,4
94544a70-f69a-4f57-83d7-a5acd9b9abd8,10,1,0,0,2,4
060e6f05-b2f1-4771-81e1-13f7e436ed84,10,1,0,0,1,1
1c4e24ed-6e28-4bf4-823d-3090c5b1676b,10,1,0,0,1,1
521a31b1-949b-486a-b8fe-781319aa7c6b,10,1,0,0,1,1
3d23429c-473a-45ce-948d-4e3613e7fd9f,10,1,0,0,1,1
03220f82-b49a-4c13-8efa-2e442dff49b0,10,1,0,0,2,4
513677e3-97e8-45f6-ae94-967de4b3e75a,10,1,0,0,2,4
6c83e674-8775-48df-bf0f-dbe90a071c0b,10,1,0,0,2,4
6fbec461-ef3d-4309-be05-24e91b1cf05d,10,1,0,0,2,4
4ac701b3-260a-4284-bd93-aa8a37cf36f4,70,1,0,0,1,1
1dd6213b-205c-4a65-88bf-f85e614f91cd,10,1,0,0,1,1
755a9df9-6939-4573-b3e2-6c5d9eb06f1e,100,1,0,1,180,464
e3e3f8f9-0d50-45f7-a3bd-a8e50056a2de,10,1,0,0,2,4
486cc33b-72ea-4dba-a848-2e953bbed5a2,10,1,0,0,2,4
50bb5b34-2080-483e-b8c4-bd6a87f2cf54,100,1,0,1,32,64
deaa6911-8d70-4ebe-b9ba-a968d460f225,100,1,0,1,32,64
0ddf6f99-5561-4c9a-be7b-2b17a590e713,10,1,0,0,1,1
834fe5bc-b9b2-4488-abef-8667f8aeaf94,100,1,0,1,32,64
db91c2d7-a463-4ab0-ae3c-448cd533823a,2000,1,0,1,16,32
52eba648-df6c-4232-999e-ba01381fb083,2000,1,0,1,16,32
d1ad1e5a-e07a-484d-af62-4fa8e9c2a926,10,1,0,0,1,1
3865b522-a0f4-488b-a416-28effa44e0fb,2000,1,0,1,16,32
276e2252-c3a9-4e24-b850-6302999d2181,10,1,0,0,1,1
a8da44f2-3040-4a2f-a83d-55bb1522faaf,500,1,0,1,180,464
b3dfff6c-f8b9-4014-a04b-6e4d806d6694,500,1,0,1,180,464
dccba109-14be-4cb4-8934-0f243e004b8f,10,1,0,0,2,4
d44e6fcb-8d2f-4eb6-a639-2f71da85dc56,10,1,0,0,1,1
6d679370-8df4-4767-b21b-f5ea3ba51a1b,10,1,0,0,1,1
d7082e6e-cdf0-4535-a368-7d21ef8d7b5e,300,1,0,1,4,16
ab3b03e5-845d-4fbb-8a53-3b2c03b8bcb9,100,1,0,0,4,8
c239c7ed-87cb-42fa-9af0-b5c03cbcc68e,10,1,0,0,1,1
bd1f5316-5322-476a-8fca-b4aba15a27a4,100,1,0,1,64,128
06cd07b8-70bf-4825-8137-89ed888a13a8,10,1,0,0,2,4
5b8f974c-bbcc-444c-aaad-994b07c10706,10,1,0,0,2,4
18388370-1976-4c29-9c15-d793646157e3,2000,1,0,1,16,32
f9ec46d7-3d6c-41b9-b545-37251060df92,100,1,0,1,64,128
5358c952-e270-4efb-aa81-7d15403dbbbc,2000,1,0,1,16,32
ecee465f-9e15-44b8-a0ff-656c1d7b5c28,10,1,0,0,1,1
32ece1f2-bb7a-4665-8a2c-a3e2b8213ec9,10,1,0,0,1,1
0089fb7c-067b-4503-ac13-c08340e02bf3,500,1,0,1,32,256
02dad1ba-770b-4d30-9084-9117394e7c1e,100,1,0,1,32,64
34dc2e77-6cc9-40a5-a722-b6306160ed57,10,1,0,0,2,4
7c7419b8-953c-4a9b-a4aa-c3c743774c87,100,1,0,1,32,64
12c6e75f-bc8e-4266-a0b9-6c4240519892,100,1,0,1,32,64
5465a370-6eac-43b0-aec5-a6d10a9ee3ad,100,1,0,1,32,64
fa0ed9b3-a005-448a-92b3-f4b74b0bade5,10,1,0,0,2,4
2ebf6161-3787-4eb3-9dfb-cd809270f431,10,1,0,0,2,4
49084dee-ae25-4d6c-b075-b788b2a36b35,10,1,0,0,2,4
46157d05-336b-4477-b8c7-091e6dc14ad6,10,1,0,0,2,4
09e9e12e-5e4a-4de6-967c-5a3a92f2a543,10,1,0,0,2,4
d1f7287d-008f-4b43-9123-b18f86f73926,10,1,0,0,2,4
f595e0a3-08b4-4461-819f-2b315de40ed8,10,1,0,0,2,4
9aac34fa-5e73-43ce-bb3e-192a0b0ed20a,10,1,0,0,2,4
6f64a73a-bf88-4d00-9dc6-51d58d6143a8,10,1,0,0,2,4
17a4405b-010b-4b88-bd4a-c4340b1f3a60,2000,1,0,1,16,32
66125a6b-d257-4d57-ac25-b373dc382c81,10,1,0,0,2,4
dc62e606-70c7-4dab-96b8-ef67ff3bd7fa,10,1,0,0,2,4
26bdcc49-f6a6-4739-bf31-bf01287437f4,10,1,0,0,2,4
59f52a4e-4222-4bb0-9304-8acbb7e186a7,10,1,0,0,2,4
6ec611ba-9ef5-4239-9653-8deef28234ff,10,1,0,0,2,4
72f4388e-0c97-459e-b90a-0f1785755aef,10,1,0,0,2,4
e5966fc7-86f5-404c-9def-fd4a226df7e8,10,1,0,0,2,4
51c0f7a9-3a72-4c1b-8079-6d369fd323c3,100,1,0,1,64,128
60fb7313-e5f4-4c16-b4f1-53f74e591952,10,1,0,0,2,4
7580a59b-0d21-4bcc-b588-ce500301c62a,10,1,0,0,2,4
f8b1d1ce-63e1-45c2-86ab-d68ee50cdbea,10,1,0,0,2,4
cbf154ce-7cab-48d9-8c9b-88547d851a20,100,1,0,0,8,32
4a57dbdf-c085-4229-a8d5-ec884d7357d2,10,1,0,0,2,4
4ac8e1db-2c13-486e-98c6-f3527e69c5e1,10,1,0,0,2,4
78dc59fc-a561-4a34-8127-d7fe7877667a,10,1,0,0,2,4
bc58f97c-58d7-4a58-aeee-c8bd9336771f,10,1,0,0,2,4
ffe0b7fd-094c-45d3-ac85-4453c212ac45,500,1,0,1,4,8
56a1be7c-ba8c-4650-806d-e08f41acaff7,10,1,0,0,1,1
4a1a209a-0683-4709-9882-3bf5991c914c,100,1,0,1,64,256
adea39fd-7a55-4c7f-a615-098befbb724b,100,1,0,1,64,256
a4e09e44-1fa3-4d44-8d92-071e9aa90f83,100,1,0,1,64,256
27d15dfb-d06d-42b0-9019-5efbd1341b46,100,1,0,0,1,2
b99122bf-201a-4eca-a915-15df8c2e4bc2,10,1,0,0,2,4
ed02d35a-d7bc-41f6-adf9-16c72b83943d,10,1,0,0,2,4
7a3fb46b-ada1-431b-a6e7-d1b678bfa160,10,1,0,0,2,4
7ee49512-d3db-4534-9966-0298abe1944f,10,1,0,0,2,4
df60a75b-91cc-4a02-ac85-3f58e605347e,10,1,0,0,2,4
dbc1a4d2-644a-4ea2-8f5b-250e6fde28bf,10,1,0,0,2,4
5094c453-29fe-4038-82de-fd264f6e44de,10,1,0,0,2,4
fe17cdd8-de70-49dc-a2fb-5cdbefb9417e,10,1,0,0,2,4
c3ee71cf-e539-488c-9ea5-36fb94f2ce31,10,1,0,0,2,4
1ff8f9f7-c2b0-44b8-830e-99846024cfbb,10,1,0,0,1,1
c322a0f7-c141-46ed-9729-16ca7591e22f,10,1,0,0,2,4
162ec954-33d4-4383-8149-1068e21ed635,10,1,0,0,1,1
38e71e2d-971b-43df-a940-ac42a74f7639,10,1,0,0,1,1
ee769266-2597-43bd-8b7e-b05d4f5b66fd,10,1,0,0,2,4
839ce367-a97e-4ea3-b4ff-354446ee16f9,10,1,0,0,2,4
08535f65-871c-49be-8eac-02cc53f93880,10,1,0,0,1,1
bbfe6899-250e-4478-90f1-c50a0a6830dc,10,1,0,0,2,4
35e8b545-19e2-4404-aa55-62c03beaa3e9,10,1,0,0,1,1
dadce2d5-4d3a-4345-ad05-5f800fc9ae8d,10,1,0,0,1,1
0da4efc3-6587-4339-baef-42a62e0e6f06,10,1,0,0,1,1
24910148-beef-4e63-8872-5f762355b7e8,10,1,0,0,2,4
74792228-fdc6-4f34-8628-c548e68b6037,10,1,0,0,2,4
eac7c67d-2029-49ac-991a-f4fb0b0092ab,10,1,0,0,1,1
56720a16-b53a-4700-b323-309b4e5448fb,10,1,0,0,2,4
60f14819-b34e-45b6-b4c0-05a462ff991e,10,1,0,0,2,4
06da20b1-80ac-430b-b9dc-3e8f4526a701,10,1,0,0,1,1
19edf618-7704-4cea-bc76-599b53d97ce7,10,1,0,0,1,1
6d808a94-21f6-4b81-a078-f41df420f140,10,1,0,0,2,4
af88af13-1126-4ef0-8549-2cb24d718fb2,10,1,0,0,2,4
37070145-479c-4b67-84e4-a116bd7ed876,10,1,0,0,2,4
f29eade9-2281-48f5-b25a-86d6586cbfad,10,1,0,0,2,4
78c653b8-c2a5-41cb-9f4c-daaeee000e60,10,1,0,0,1,1
a73be936-36f7-495e-b7da-2528bc58f735,10,1,0,0,1,1
253da2a8-d372-471d-af97-0a7ae2f3736c,10,1,0,0,1,1
317516e6-284a-4364-afb0-d7167b3fad11,10,1,0,0,1,1
a09e61d4-8225-4576-957c-cfb53d5bce54,10,1,0,0,2,4
e56244e7-4bff-4cb8-af8b-7277c1ca8d15,10,1,0,0,1,1
14ba1167-1ab7-4cb8-9b46-80cde4a393c0,10,1,0,0,1,1
85e4102c-2090-4d3e-8b5e-78591ce7a549,10,1,0,0,1,1
c38d07d5-99ed-48b8-8d5a-92e2ff82878c,10,1,0,0,1,1
d513e676-6fc2-452f-832e-4380e7f56fdc,10,1,0,0,1,1
487c8b1b-77eb-40e4-895f-0800694ec012,10,1,0,0,1,1
5a1c59a9-3eb1-4e0f-a945-016518af8844,10,1,0,0,1,1
7bed0f10-986b-4d27-b0a9-ddfff4ba7583,10,1,0,0,2,4
b162d8cf-d019-403c-98c4-f5a3aff56e93,10,1,0,0,2,4
6980f69a-0e80-4ea4-b318-20c85d487bd8,10,1,0,0,2,4
75eb9d26-e475-455b-ad8b-3694d7788008,10,1,0,0,2,4
f78d9d90-bc39-416f-bb63-549aa1793ad3,10,1,0,0,2,4
29822d85-bf8b-4e2d-822d-440d6c92e579,10,1,0,0,1,1
534d6241-84fe-4f46-9f62-4225c13ca219,10,1,0,0,1,1
a17ffbb2-69c1-4a7f-81a2-88879d7b9b35,10,1,0,0,1,1
d01c7a28-8fdc-4522-912f-5954acb9e773,10,1,0,0,1,1
3bac46bd-052f-4899-aac8-b56dfe1261db,10,1,0,0,1,1
496f065d-3b6d-44f7-87d2-8f5158fefe58,10,1,0,0,2,4
543d6ef9-2a83-4afb-8ddc-b24fe22b943c,10,1,0,0,1,1
3fe60423-bd19-4e4b-a49e-eda33b5340ca,100,1,0,1,64,256
ecb35fbc-9446-4a46-a682-322d833ddd4b,100,1,0,1,64,256
d6f6a08a-1a36-4e68-9f4e-ad0f4aef3beb,10,1,0,0,2,4
256bd6f9-f0db-4f6f-b73a-1e7b99adf9d5,10,1,0,0,2,4
b18b22ed-65ab-4692-9872-a74f82dea8c8,10,1,0,0,2,4
09380166-03ae-4df3-a1f1-34535445fe84,10,1,0,0,2,4
5e1e5c6f-9dad-4892-8310-fa61aa6ee305,10,1,0,0,2,4
bf411ec8-0965-4735-b317-1738e3269d42,10,1,0,0,2,4
e0bc016c-2206-455f-8314-3b7be9a04aaf,10,1,0,0,2,4
343b594a-8a5b-408e-8b0a-73c5989fc688,10,1,0,0,2,4
03f68351-d900-4e1a-8277-8bf0393cf31f,10,1,0,0,2,4
ec5df84c-43dd-4b3b-8c6e-3f7be9f4c737,10,1,0,0,2,4
c5f63eee-2dca-400b-8381-88cff883dd4b,10,1,0,0,2,4
1ada936c-829c-4089-bfa0-7744557600d9,10,1,0,0,2,4
4cc88411-2078-47b7-ab3c-bff4dd7a15b1,10,1,0,0,2,4
77badba4-e379-4676-a6e5-a3f80b6b8c11,10,1,0,0,2,4
236daa9e-25e9-440d-98b5-83124635fda4,10,1,0,0,1,1
712f33ec-dcba-419b-a6c0-d7258a512848,10,1,0,0,1,1
8fba831b-446e-4183-b812-c715f1ea4404,10,1,0,0,2,4
a720899a-abc0-4a9d-adc8-0b7fa083d8d1,300,1,0,0,16,32
2b9a66b9-c2e0-4143-a10a-fd34fed8767b,200,1,0,1,4,8
3b4ec37f-104c-4e78-916f-2aa23a74ce4a,100,1,0,1,32,64
8bbe8527-b755-4431-8dee-06526030d356,100,1,0,1,32,64
265c47a9-061d-4a53-94b1-dd5b567db2de,500,1,0,1,32,128
17c164a6-ac83-4ce5-884d-a0506bd1ee07,500,1,0,1,32,128
161d3d35-1751-4a0b-aeda-abb297cb673b,500,1,0,1,16,32
2182db12-a477-4ed3-98d4-cf93df19bc93,2000,1,0,1,16,32
ba358059-9dd0-4e41-a9ff-336cdd525256,10,1,0,0,2,4
0497a834-dfd5-43aa-a6f2-ebccb563ae69,10,1,0,0,2,4
d27cbec4-66be-46a1-80b8-34fc153259b6,100,1,0,1,64,128
e495eb72-1122-4c9b-b958-83d320ddc035,100,1,0,0,1,1
ac5c7054-1027-4773-9f27-107a82689e03,100,1,0,1,32,64
59084342-fcae-4ad1-a306-bcebad7df284,100,1,0,1,64,128
dc88c8e2-a4a5-43cf-ba21-e18502e457c8,200,1,0,0,1,2
0a331b29-90dc-4338-b28a-eb5ebd4ed47b,200,1,0,0,2,4
9713eed6-159f-44f6-9d19-8ed56b81337c,10,1,0,0,2,4
589edc7a-7dcf-4ec2-94ae-7a1c97aa26b5,10,1,0,0,2,4
4b35f081-4dea-44e3-a2b7-4cb62cbaf14c,200,1,0,0,4,8
b9ce034b-52f3-4511-a484-07e5e9b00c51,200,1,0,0,4,8
a7014da5-d7b4-4fbf-9e27-98529673042a,100,1,0,0,2,4
95af0fbd-c88c-4d80-ba84-81d079c41df9,100,1,0,0,2,4
cfdace17-fe83-4292-8c25-131903fe0623,10,1,0,0,1,1
37855bf5-009b-4ab0-853b-d16957f2083a,200,1,0,0,4,8
c4d63681-5ade-4b46-8d80-62114d0cce6b,200,1,0,0,1,2
b47c6cb6-c443-49c5-af97-7179cb09995f,100,1,0,1,32,64
4be17e2c-cbe2-42b4-83ec-8d3189f00a4b,100,1,0,1,84,256
861f1e64-dc30-4543-9839-584d70cc32df,100,1,0,1,32,64
e323a198-1d84-460c-a97b-dd5002176eb7,100,1,0,1,32,64
e418c6d7-f88a-4295-9d6a-09ac96c3cf91,100,1,0,0,2,4
bda9f772-81f6-4e77-9b5c-337c2445c1cf,200,1,0,0,4,8
1270690e-f95b-4fca-958e-a3a86e295683,100,1,0,0,2,4
7d007dfa-ca74-4745-b9e7-cff11f1e2c51,100,1,0,0,2,4
efde2b8a-0242-43f5-9eda-eca52c3751ca,100,1,0,1,4,32
31d331ba-7d79-44c5-a03e-07aba9f1ef31,200,1,0,1,16,32
493a7b47-d607-44e9-af62-889093059412,10,1,0,0,1,1
3b3e947f-9388-419d-a2d1-d6ea2b939d12,10,1,0,0,2,4
fc78e4a0-a2e6-4463-99d5-0fbecb566897,100,1,0,1,84,256
836ec86e-20f3-4cb8-9590-ac363264adbd,10,1,0,0,2,4
d2196360-d019-4e6b-91b9-b5f30bff280e,500,1,0,1,32,64
d375c955-428d-4b57-accd-81a4940315f2,10,1,0,0,2,4
3b29e4ee-e807-46e6-8fad-ea17fe691600,10,1,0,0,2,4
e0080494-e2d9-42ef-936a-c7b9c1ad2e32,100,1,0,1,16,64
cf157566-8772-48be-af0f-8a7920b5538c,100,1,0,0,2,4
a5c67b58-11dc-45af-9e71-200531083c64,100,1,0,0,2,4
684de474-7fcf-4411-b780-8a458d7e5b50,100,1,0,0,2,4
1102017f-9911-48f5-b880-1fd2cbdec6d5,100,1,0,1,64,128
f6d80d62-3181-4489-b0de-3d514790199a,10,1,0,0,2,4
52f7cc15-1bc3-438d-9572-12111885c02f,10,1,0,0,2,4
f7b544fc-3025-4eca-ac3a-8fabb8789a9d,200,1,0,0,4,8
8f10da89-db25-43e1-8c90-feddcfc85a56,10,1,0,0,1,1
a3b022d4-8086-472f-bb01-34eb21fa1e8d,10,1,0,0,1,1
733636e8-a96a-486e-ad44-e0f468b8b7e0,10,1,0,0,2,4
f94ad26f-9b50-4934-9460-d93d9abe5e47,200,1,0,0,4,8
5b6fc26b-5689-4843-95ca-cbf1dbbaa84c,10,1,0,0,2,4
a74cd0f6-810d-444e-af8e-9c41299d0dc5,100,1,0,1,32,64
1b293ecf-ca46-4e88-bde2-21f0575c607e,10,1,0,0,2,4
c1f94828-d2af-4841-a693-c74c5daf062a,100,1,0,1,32,64
d2e48e96-b39b-4562-9394-17c867da26bd,100,1,0,0,2,4
865c205d-e47b-4b52-b918-f9b6842b494a,100,1,0,0,2,4
a50b7027-6944-4283-a074-ac5a63e5d1ce,100,1,0,1,32,64
f3f3de69-2627-44f1-befb-f71f9c539817,10,1,0,0,2,4
de404003-a9a7-4b63-ab42-3832220639c8,100,1,0,0,2,4
53e56554-528c-4cee-b3f5-04fab1f4f860,10,1,0,0,2,4
b34ffa27-852d-4377-b63d-fc5b17154dd0,200,1,0,0,4,8
bc1f6de4-7e33-4c85-965d-6abba6f32630,100,1,0,0,2,4
b39b5dde-1a31-48bf-a200-147e50eb4abe,500,1,0,1,4,8
15f59054-befc-4e43-8aa7-3f2a9ddffddb,200,1,0,0,4,8
f775e47f-64f1-45b4-8df7-e72378c0200d,100,1,0,0,2,4
59a2834c-eff7-4af3-909f-9b103098eb04,10,1,0,0,2,4
05daf570-9000-4335-8076-9df80c1b589d,10,1,0,0,1,1
ae06341a-a72c-4868-8779-963cc00ac9ed,10,1,0,0,1,1
fa019eb6-6f26-4d25-b72c-59b93b827962,10,1,0,0,2,4
73a5e095-5cf5-41a5-b88f-418d38dd2f3d,10,1,0,0,2,4
5c8f8525-8c25-49eb-a4b2-e40536d609f6,10,1,0,0,2,4
1ed8738a-5c61-424b-b9dd-99425e08d117,200,1,0,0,4,8
19c4fdfd-a2c8-42ba-850c-467ffb326469,100,1,0,0,2,4
79c1659a-3f8f-4764-a34c-6cd0e1feb1a3,200,1,0,0,4,8
c63726ae-0688-46cc-a814-56bd2291a5ba,100,1,0,0,2,4
c72305a8-54c2-422f-b4ad-33fde007b6e1,100,1,0,0,2,4
7d1881ae-7196-4326-b292-fc43062c842c,40,1,0,0,4,32
24b86927-88dd-488d-85a3-e78df9d2cff8,200,1,0,0,4,8
b0d49111-5596-4e1d-b69f-6cf393790c77,200,1,0,0,4,8
f76b2374-a054-4e27-8b17-ca9d07294040,200,1,0,0,4,8
162bb417-2e26-4a7a-b0dd-fa182d01c495,100,1,0,1,16,32
37faa180-4147-4dd3-af6f-d61a57fa64f7,100,1,0,1,16,32
4f8e1245-30b2-459d-8ab0-d8b5bd21a4bd,100,1,0,1,16,32
201916fe-21d6-4ec7-a10b-031c23a84c1f,100,1,0,1,16,32
8f5ee4db-bb96-488c-9c4e-5c5fec08e1b6,100,1,0,1,16,32
63d89821-3ab9-4432-b531-9168fd41c1af,100,1,0,1,16,32
78966ffe-9920-4b07-a0d1-ec6cb8b9d073,100,1,0,1,16,32
fb564ffa-3b57-4558-a61e-1b704f3a2249,100,1,0,0,2,4
5e6d67e9-e42b-4e32-8c15-695eca0de744,200,1,0,0,4,8
a0ef3c36-f387-4fdb-9263-61bee6b628fc,200,1,0,0,4,8
2a534cad-8936-44c1-bf36-0072bf926cef,10,1,0,0,2,4
ecba32de-6d29-4f27-a8fb-55d51d66aae9,200,1,0,0,4,8
e82fd5d0-76d1-46da-9b0b-1b185a159dd1,10,1,0,0,2,4
ef205e92-6435-42ea-a5d1-e08ae292a6ca,100,1,0,0,2,4
87d731ba-61a9-4311-9b88-bf35cb9eaf63,100,1,0,0,2,4
c5b14185-fae4-4ea7-a7c3-29c04f7253d8,100,1,0,0,2,4
b8dedfc8-446c-4c29-9142-bab02bfd6529,10,1,0,0,2,4
5549501a-4c1e-4c46-97b6-1663cd145639,10,1,0,0,2,4
64edb5e5-7874-4a8b-996d-9a1e2feb3efb,100,1,0,0,2,4
247b582e-c430-48ce-8895-c3034dcee2d1,200,1,0,0,4,8
7632379c-78ad-46ff-bb79-154f22811e17,100,1,0,0,2,4
8fa3ca10-cbc8-42c9-8473-9c1aa0c4a0d9,200,1,0,0,4,8
dfe80621-0c50-464d-ba19-bfa6c3b8768b,100,1,0,0,2,4
6fe32253-fa9f-40b4-a6a0-4ff871e1f446,100,1,0,0,2,4
da9e7656-dfb0-4355-9a27-33301fdd828f,100,1,0,0,2,4
61d1e55d-9695-4364-a027-f66dd4d0d289,100,1,0,0,2,4
0beb6b36-6f28-4f45-8c3c-28465eb85f54,200,1,0,0,4,8
4bec55de-4ae4-45aa-aab9-82c0262faaaa,100,1,0,0,2,4
b011dfcb-97ed-4271-ab5d-e46cdfa64714,100,1,0,0,2,4
00ad710c-e612-413c-950d-cae4322410fb,100,1,0,0,2,4
d2d8816f-0faa-4827-afdc-61890646159b,100,1,0,0,2,4
be46a8e1-d14e-42ec-9dce-c58c3064f195,100,1,0,0,2,4
fc9884c6-113f-4d3f-976a-90d4f6eaaf33,200,1,0,0,4,8
3f8a9ae2-a1b6-4451-af08-fd8483f36e34,200,1,0,0,4,8
0804c441-2313-46c4-976c-1a5bca8cbe93,200,1,0,0,4,8
c9f78587-9f10-40f3-a73b-0cafef705449,100,1,0,0,2,4
a0db6990-a02e-437e-96c4-986eb501934c,100,1,0,0,2,4
57710430-3d04-4c9f-9d28-c8938f547555,200,1,0,0,4,8
b7002709-ab54-4c5b-9328-bd13c25ea5a0,500,1,0,1,32,64
4757fb4a-32b1-4890-8234-b737cec993f6,200,1,0,0,4,8
f0a99ca2-92c2-4d95-9667-0f7b995c772f,100,1,0,0,8,16
cb78f349-f77e-4edd-a4ab-08b3245d8833,200,1,0,0,4,8
93c9626d-ac09-4f17-a8fc-5f9082dcbc90,10,1,0,0,1,1
b574f8fc-9ffe-430e-b900-51c835912f5f,100,1,0,0,2,4
41fdf337-6554-46ed-88f5-dc834fd50951,500,1,0,1,32,64
e4f64fff-89a5-406c-b496-db2d9881b3a1,500,1,0,1,32,64
5006e78e-9708-483e-b9ae-63fc4c63728c,100,1,0,1,84,256
ce9390f7-57ac-4c7c-96a0-383c94586c14,500,1,0,1,32,64
de018b7a-65b3-48a8-abac-07d7671b75a5,100,1,0,1,84,256
90e36112-cae0-4e39-a6a9-3cac911b9847,100,1,0,1,84,256
6e2b38d5-a6fd-40c4-86fa-3b6b11fe242c,100,1,0,0,2,4
e23cd209-e17c-4561-a652-526e8d01c3ca,200,1,0,0,4,8
a2128fa7-226e-4012-9652-42108895e9e1,100,1,0,0,2,4
0288785d-f6a8-40cf-a2ab-43e1061fc07e,100,1,0,1,64,128
339817ac-04b9-4231-93d1-deb38113a366,100,1,0,0,2,4
ac842cad-b6bd-479f-86ca-3cd6f372a6cd,10,1,0,0,1,1
8af9dfa9-2872-444b-8ec6-c42e6ca6da8d,10,1,0,0,2,4
a75e79c0-396b-4f45-a0ca-725ebd2f625d,10,1,0,0,2,4
39eb4819-6325-4aee-9b23-cfd3451d52b6,10,1,0,0,2,4
452d1210-140f-4856-ad39-c446f8483945,500,1,0,1,32,64
7615c569-8168-4fb8-8599-f7b0cc584188,500,1,0,1,32,64
eba6ecf2-9235-4144-bde4-ae2922729c24,500,1,0,1,32,64
ae235ac1-44bd-48dc-b313-911d8f17ccf3,10,1,0,0,2,4
db728e12-129d-4dc3-8c8f-91c1ee49e28f,10,1,0,0,2,4
8395cbe5-08eb-4732-a9f1-5311921be6a7,10,1,0,0,2,4
45269a01-fc22-407a-874e-fbfd5bd3c75e,100,1,0,0,2,4
d43ff64d-22ca-420a-a508-6a4fee13979d,500,1,0,1,32,64
2d44815b-42e6-465e-afa7-d29a583fa2b9,100,1,0,0,2,4
1a2f957e-0c76-4234-9a3e-07ef31e67029,100,1,0,0,2,4
93a304f4-f68c-4d3d-82fb-07d9f7afc4d2,200,1,0,0,4,8
6dd58206-e5e6-42d1-ab46-85b1de77e336,10,1,0,0,1,1
bf69c6d0-6703-435a-aa88-6d4b373f80c1,500,1,0,0,4,8
13000294-52c7-4949-8346-92dae29776a4,100,1,0,0,1,2
242292a6-24ab-47a9-ab08-9a469f3ed928,50,1,0,0,1,2
3d6fc422-f797-471f-a556-e9491b5478f9,100,1,0,0,2,4
81e26467-044c-4d35-8d46-e5e5d026d68b,500,1,0,1,16,64
95caaf43-d53e-4aa5-809b-bb81f7d7b331,10,1,0,0,1,1
5d181d27-1029-477f-818c-b2533992c7f6,200,1,0,0,4,8
d0e93f81-3bb0-4f00-aeed-2dbd5fb65ab8,100,1,0,0,2,4
e2acc2a1-0b78-44b0-8f80-c2a5e12ceb04,10,1,0,0,2,4
99652a46-82e8-44ca-a2cb-28581f3303bb,100,1,0,0,2,4
514caab6-c949-4ea7-b6e3-40bd85590caf,100,1,0,0,2,4
bc1486a7-1d8f-4414-8cdb-4f25c135b119,200,1,0,0,4,8
3837adbb-50db-4a9c-b345-8d29a275f73a,1000,1,0,1,32,64
388c6d41-9f78-49c9-8bea-504bcbbc17bd,200,1,0,1,32,128
556dd282-1fa9-426b-aa5c-eac86d980c64,500,1,0,1,32,64
63596097-fd5c-4a11-80f7-628aec611461,500,1,0,1,32,256
9a0f3f03-1cb3-4c85-b785-fed23b019a12,100,1,0,0,2,4
a21634fa-98fb-427f-8c59-e6af7c556746,100,1,0,0,1,2
0e02b375-ca78-4e13-961d-0b3ec0e49a5d,10,1,0,0,1,1
37b31a10-d908-4319-bbae-aa5f0c001366,10,1,0,0,1,1
16ebad8b-7e93-461d-a110-5b02a6fed23a,10,1,0,0,1,1
12b83eb9-39ff-4b87-95a4-3b8b1a733da9,10,1,0,0,1,1
a8d7e8e5-0aae-43e1-8b93-3758b2667400,10,1,0,0,1,1
d5b23de5-1c76-422b-b920-c5e85b2acfe5,10,1,0,0,1,1
8dd8a8e9-f73d-45d3-a07d-cf5073f73151,100,1,0,1,32,64
2bf48e66-2b10-4a75-9986-215ef1ee59b4,10,1,0,0,1,1
a08f990b-4e8e-416b-bf58-1e42e3aa2dd6,500,1,0,1,180,464
302568fa-8131-4c01-a4d5-a477528d21af,100,1,0,0,1,2
2a01ffe6-bed8-4874-b569-f987fa10b3de,10,1,0,0,1,1
9dd3cfe1-ae62-455b-a5e1-2f120e12b219,100,1,0,0,2,4
f2097a31-62d0-49c0-bf0c-91cc2f018951,100,1,0,0,2,4
ac5c352a-d223-46d7-ab04-490e0b6b4086,100,1,0,0,2,4
e8d785e9-244b-4537-894c-968997cab6d0,100,1,0,0,1,2
b628d0b5-0a0f-461a-9058-bbb60a24637a,100,1,0,0,1,2
05f39814-cae6-47ef-a283-fe328756a020,100,1,0,0,1,2
7ace552c-65c3-434c-b43d-97c6fe394895,200,1,0,0,4,8
fb509973-d037-45eb-9b49-3e0c4b5bec44,10,1,0,0,1,1
b639de27-8d26-43d1-a3dc-0553d64b0182,10,1,0,0,1,1
5fc716fd-2dcb-465a-b830-5aef9aac16ba,100,1,0,0,2,4
dc18677d-492d-4ae8-9953-ef8b7b2c713c,30,1,0,1,2,4
1df2b4c0-c502-45d8-a39b-1075a68415de,100,1,0,0,2,4
3018a29b-07ab-4f16-b52d-248016aadbef,100,1,0,0,2,4
cd4dcb2d-e291-40f5-b314-a6f3320fb90a,100,1,0,0,1,2
5171e01d-3004-4e49-b6b5-82ceb0328328,10,1,0,0,1,1
686dc68e-7aec-4ad5-966c-4b0fe8ba5657,100,1,0,0,2,4
2c6f79a4-d1f6-4b56-86a6-c7cc75e480be,10,1,0,0,1,1
33d9caee-c237-4834-9e7f-f0ab64786918,200,1,0,0,4,8
1d2e3f79-2ea7-47fa-8db7-a2b09fc2f917,200,1,0,0,4,8
02997240-6c61-468e-a4e7-e88039e13127,100,1,0,1,64,128
66c418f1-dc33-4bb0-9386-76b23262f21f,100,1,0,0,2,4
da66c812-5bf0-4796-872a-e48528f34d67,100,1,0,0,1,2
0c8bca06-d6b0-46f2-87ea-f5bbc698e63a,100,1,0,0,2,4
b65df96f-65cf-4f4e-be73-28783bda0726,200,1,0,0,2,4
2302ab77-de07-487c-a1a4-f100113527de,200,1,0,0,2,4
8c09664f-cc66-47eb-b7de-24505625b2f6,100,1,0,1,64,128
a53660fe-0e64-4d09-beb3-8fb5af0c7b42,100,1,0,1,64,128
aff488c0-e191-408c-892a-88d8f4980045,500,1,0,1,32,64
f399b441-5dee-4c97-be91-46fb081be2e5,10,1,0,0,1,1
e98478c4-4c17-4175-960e-ca6078632197,10,1,0,0,1,1
1bbdc4b1-492b-4987-a39b-074551d5097a,10,1,0,0,2,4
1e083396-ea6c-4f62-8dbe-07de41955f70,50,1,0,0,4,8
a10b7e0f-a8bb-4b5f-9005-f0235766017a,100,1,0,1,32,64
441e94f9-f7cb-4849-850d-cd08afb080d9,500,1,0,1,32,64
2ed618b8-e042-4933-bc29-2919828664a8,200,1,0,1,4,16
c0a3a1f6-7184-4e81-90ad-66e6ae2f8b35,10,1,0,0,2,4
51af12a1-271a-445a-8d52-b3d58ebd1dd1,100,1,0,1,32,64
4c6f6c21-56de-4078-b1cd-91ba59f89092,500,1,0,0,8,32
5e0598e5-e10d-42c9-ae3a-e8252f16ae69,100,1,0,1,32,64
6c014f3c-d05f-40f2-bb4d-ec74ddec489a,100,1,0,1,32,64
49e7a570-5946-41d4-8c94-d4bbf20ad47f,10,1,0,0,2,4
0fa752f0-0276-4642-9c9b-35f9a221f239,100,1,0,1,32,64
3c32dd44-005d-4bff-84a1-def63aaef60e,100,1,0,1,32,64
5e99e04b-c380-4cce-b26e-23663e8ad195,100,1,0,1,32,64
77cc41f8-9157-46d3-83bf-517bc60d048d,100,1,0,1,32,64
9e1a1091-d585-4991-93e1-bd8273530891,100,1,0,1,32,64
a121b8d8-9a14-49ba-af31-d6a20d2f2474,100,1,0,1,32,64
a23917d5-1a45-4d9f-a791-09e22d395fa3,100,1,0,1,32,64
c4fb331e-43a3-4d49-bda1-ae8a374b918a,100,1,0,1,32,64
ca3cd3ac-ef63-4911-a662-11dd275bebe2,10,1,0,0,1,1
6fdaa9ba-7e9b-47d4-a6b9-997ccb3e9335,300,1,0,1,32,128
c03c430d-4cb4-453d-be06-6712c7e22754,200,1,0,1,32,128
5fae265f-6bc7-4255-a6a8-478423e2579d,200,1,0,1,32,128
8df693f6-11fc-4adf-acd6-f65c8d899157,300,1,0,1,32,128
c8810ae1-d6a9-4b2f-901d-82f96e700370,500,1,0,1,32,64
8152002b-3477-422a-90de-fe084597beac,150,1,0,0,8,16
bf5eb685-cb65-4b3d-8c7e-695f1fe890f1,150,1,0,0,8,16
e35a9581-9bce-426f-b01b-fb0453eff7e1,150,1,0,0,8,16
07e2ebd2-cf91-48ee-8609-aa700396998e,150,1,0,0,4,8
8799e513-f1af-412f-8f5d-ff1815df034f,150,1,0,0,8,16
b650166b-a1a7-474b-93e7-df6cfcb9b4cf,150,1,0,0,8,16
d93cc70a-ebd5-47de-8df5-8b31b6e7fdb4,300,1,0,0,8,16
64d029ae-6184-4c09-b224-6029e2d3fc37,100,1,0,0,2,4
80d9b97d-753b-4dcf-903f-a3db37505da7,500,1,0,1,32,64
f7322fe4-883f-477e-9f85-9448374df8a3,100,1,0,1,84,256
95f1bb0e-7e0b-4fe0-9a4e-bfe116f39d1f,10,1,0,0,1,1
79171cec-329e-4575-a20b-458e8f7d498c,150,1,0,0,4,8
d854f87a-81a8-4e3b-b9f3-086f2ae8b651,10,1,0,0,2,4
18928b6e-72fa-48b8-8cba-b2658375b15a,10,1,0,0,2,4
0097a531-6eeb-4206-94c2-710470bc25df,100,1,0,0,1,2
cf4fe417-dc82-4f28-bc25-bddce2d97286,200,1,0,1,32,128
0c3f53c3-d101-4ad0-b602-59a5dae24c21,200,1,0,1,32,128
e5f73c82-90fe-4eb8-b2c5-45ae571f5f9a,10,1,0,0,2,4
dbab8b30-a226-4c93-b882-6d91982841f1,10,1,0,0,2,4
b1447ccd-2d53-4095-ab26-314e77ee9284,100,1,0,1,8,16
5866d9cd-ac04-4e77-83fb-0d804c9ffef3,10,1,0,0,2,4
62bbe12a-a694-4e91-a69b-2e44e9980872,200,1,0,1,32,128
14676755-6794-4e8d-9a6a-0c5bfc2ceeb8,10,1,0,0,2,4
f5363903-af12-4a56-9d6d-3bf7b135e1a4,10,1,0,0,2,4
9ff1d772-970f-4ac1-afdf-2ea76edad077,10,1,0,0,2,4
ae8a85b8-3243-45e3-b770-6103066e83a9,10,1,0,0,2,4
cc6b1a43-473a-4310-aa69-8cce3a3299ab,10,1,0,0,2,4
8d3b2070-6ff0-44ec-bd57-f296885d024b,10,1,0,0,2,4
0199ee04-dfbb-4349-a65e-eb2fc549cb86,10,1,0,0,2,4
5d4ffe90-74c7-4c22-83e8-ea66ed2a261d,10,1,0,0,2,4
a89ba10c-24d1-4be9-b225-237ea8e061ae,10,1,0,0,2,4
ac2fa119-91d4-4733-8b7a-6e41a068b05d,10,1,0,0,2,4
e40ad451-0e7a-468a-a6df-37b2e587af56,10,1,0,0,2,4
d2060779-3b4f-436a-82c3-9cfefca3b44c,10,1,0,0,2,4
fb841214-5099-4961-9336-2a89634c1952,10,1,0,0,2,4
f8117ffc-ace6-49b3-8063-94cd7b063da2,100,1,0,1,64,256
aa518da3-6f30-4164-ae16-db6cab0d79af,10,1,0,0,2,4
a371b4a5-ade0-4943-a176-e3d648f550f7,10,1,0,0,2,4
8484b3ac-4171-437a-99a4-c2e8da26cb24,10,1,0,0,2,4
779a182c-ee8d-4a74-96ef-6a63049cd659,10,1,0,0,2,4
58eea473-c0e1-4dad-8211-06a15d2292ea,10,1,0,0,2,4
f51b1d51-9b83-49aa-9bdc-adc7512dc742,10,1,0,0,2,4
a4e48c72-e77c-4b6b-9777-c399918c8ef1,10,1,0,0,2,4
ea979da6-ff6e-421d-95aa-061919f1e060,10,1,0,0,2,4
ca40d17f-2fe7-4301-a9e3-094019119b8d,150,1,0,0,4,8
8ed65cc8-94a0-4fae-946a-1d28e214ade4,10,1,0,0,2,4
929472de-1474-4764-966c-306912626628,300,1,0,1,32,256
0d72162c-ed61-478f-be5b-a37f33a56a41,200,1,0,1,32,256
4ff15c74-93d0-44dc-ba38-ec898d44c5ac,10,1,0,0,2,4
78776aa0-1852-4769-b241-906dfc57f2cb,100,1,0,1,32,64
8e6e08bd-593b-42f2-b371-4bda89f8d448,100,1,0,1,32,64
1e13c9b3-4741-480a-84fe-ce80c6abbeec,500,1,0,1,4,16
5c3b12ec-6d67-4f54-9a81-c8795665386d,10,1,0,0,2,4
1842925f-828d-418f-b5f4-fac5558fd25e,10,1,0,0,2,4
0d6b091c-3bda-4e54-b0d6-398aef72bc41,10,1,0,0,2,4
8ae22ebb-281f-493a-a427-54290b307205,500,1,0,1,180,464
d5df7fcc-efa3-48a5-947e-6543fc1e3e71,500,1,0,1,180,464
64e69d15-50c1-4a82-84c4-2c7e8448fb08,10,1,0,0,2,4
74867849-dad9-4757-a2b2-f26163a28dcf,10,1,0,0,2,4
2610bd6a-1db1-483e-8223-fe0fd7657d32,10,1,0,0,2,4
83dea5cf-0851-4f72-b3ec-db9fab62cf92,10,1,0,0,2,4
c12f074e-84bd-4cb8-adeb-25319b1d01ec,10,1,0,0,2,4
2ba7aacd-9452-44d5-94cc-3d74d0ac119f,10,1,0,0,2,4
8e2a5331-3b36-46b1-934d-9d0dec3f8f10,10,1,0,0,2,4
75ccc75c-70f2-4e5a-8823-a7be6391bfdf,10,1,0,0,2,4
5ee697a1-6006-4adf-a301-17c2ce7889cb,10,1,0,0,2,4
1a093ff3-9fcf-45f0-9adc-e997cec52483,10,1,0,0,2,4
179c5f85-3e4e-466c-8668-78fd83476434,10,1,0,0,2,4
aa3caa60-0768-4ac2-b223-b181ccb24dac,10,1,0,0,2,4
bd421f12-afc6-4204-9d39-4a10205218df,10,1,0,0,2,4
1b02ebde-5d96-4d3a-aa6b-3ab170d61ecf,10,1,0,0,2,4
71cd3bda-0ff8-469d-9120-003dd295e0c0,10,1,0,0,2,4
1877de4c-0360-4f4e-8748-ab83b93b37f6,10,1,0,0,2,4
9f3dfd19-7e36-45da-9fff-183066e77fad,10,1,0,0,2,4
dafe5acc-c642-4d4b-a135-c3c66946e11a,10,1,0,0,2,4
a5ed8e40-10f6-4593-897d-0e19da29a0a9,10,1,0,0,2,4
00555ba3-c840-4f9f-89fb-bf6b50215d7f,10,1,0,0,2,4
f8ab705a-9e2f-46ff-b3e4-5e9ddeab8eb4,10,1,0,0,2,4
213d9c58-119f-4dc5-83e4-b82ebf4d2ac9,200,1,0,1,4,8
ebd9a147-478f-4f46-9603-1ad3fc6c5eb1,10,1,0,0,2,4
a34206e5-4143-4edd-beb2-0e4964aa248d,10,1,0,0,2,4
fcdcd4de-8f99-491e-b3f4-05899b4df52a,10,1,0,0,2,4
c883d22b-2a31-4249-aa17-c50b94898754,10,1,0,0,2,4
95154f9b-3249-4396-ac18-7f65435a5b92,100,1,0,1,64,128
eeec339c-d02b-49b6-94eb-b24db5629951,10,1,0,0,2,4
af0efb1f-b005-45d4-a897-940e6f478bac,10,1,0,0,2,4
166bb2f6-27e8-481b-a095-afc6cce02147,100,1,0,1,64,256
1dd3691b-a61d-4899-b1b5-cfc53d2656c6,100,1,0,1,84,256
0da34c0e-1482-4d5a-a684-1afccbec593c,100,1,0,1,64,128
065ebe84-93bf-478c-86f1-2fbe8a487214,100,1,0,1,84,256
05519de0-fbeb-4c6c-b79e-65504ae0835a,100,1,0,1,64,128
1326e30e-f773-47e8-a646-387aa8142680,100,1,0,1,64,128
db6d9cf9-070e-4047-955f-ca8a920d31cd,10,1,0,0,2,4
625c4dd1-e0b8-49ff-a543-f24245ac9412,10,1,0,0,2,4
69f8d411-e057-49b4-9928-2af39f3b3fcd,10,1,0,0,2,4
715fda6d-3dc7-466b-903a-e146b2fcf4ac,10,1,0,0,2,4
ffde124e-e9e4-4f6d-972a-bfaf9c4aa596,200,1,0,0,4,8
b58a15ce-186b-4e19-810a-71bd8be53d0e,10,1,0,0,2,4
10c0b75c-bdd4-4ad2-8ef8-34b017e0990a,10,1,0,0,2,4
3b467e48-58b4-41c7-887d-eaa662cb3205,100,1,0,1,64,256
54d430f2-6ed0-4f3a-964f-85023b98c863,100,1,0,1,64,128
3cc188b5-24b9-431f-ac28-62585ee855ad,100,1,0,1,64,128
23d437f9-86a2-4f4d-9482-6fa1d5d60d4e,100,1,0,1,64,128
089737f6-9971-46ab-a790-39ca46873aa9,10,1,0,0,2,4
b90bcc58-cb5b-42e0-9955-3a8ef4bcb095,100,1,0,0,2,4
f4571188-d63e-47a3-aeaa-6a5679ddd6c7,500,1,0,1,180,464
5041e4ac-0584-4752-b3bf-fdd9bd8bb594,10,1,0,0,2,4
a3234d8c-393e-4e0a-89f2-e657dab593a4,10,1,0,0,2,4
24f8b678-0524-4836-92f7-6c703cf361af,10,1,0,0,2,4
115e317d-83ee-4fe2-9c1a-cc1ac69c2195,200,1,0,1,32,128
0b57ebf3-c139-4dc4-a5b0-628899b75a3e,100,1,0,1,32,64
241ace1d-30f6-4759-a35a-239f0f259f80,1000,1,0,1,4,8
117696bd-e915-4c22-8674-1362b5beba54,500,1,0,1,32,64
18d4436a-119d-45a9-9abd-81f017c55f11,500,1,0,1,32,64
0819c616-ae1f-4bdc-89a1-53731a97ce76,500,1,0,1,32,64
0d0def12-7b83-4a3e-a104-cf11ef960a52,200,1,0,1,180,464
25686e44-2f64-460f-b784-27ba07749200,100,1,0,1,180,464
5758d31f-ef79-40c6-bfdb-c87cc39d3725,500,1,0,1,180,464
44f70c12-6acb-4462-9298-3d0e10a91164,200,1,0,1,180,464
23bfae61-fa6d-4427-b3a2-6ce94121bc66,500,1,0,1,180,464
08d3d8a1-96dc-4542-a25a-5054ffb383d9,100,1,0,1,180,464
09e16945-bdd7-4661-8868-de5889eb657f,500,1,0,1,180,464
1bbbd6e0-2880-4f62-999a-04f017c85090,500,1,0,1,180,464
294c382b-6603-4fe8-a1c5-3bcd81207a95,500,1,0,1,180,464
2c4e68cf-6596-4e1d-b296-3ad8affe0b08,200,1,0,1,32,256
306b8615-a6e7-4fdc-8800-8002293ba067,500,1,0,1,180,464
339a1bf5-ca83-41ce-b29e-fb4fde388782,500,1,0,1,180,464
3116a276-a8bc-4b15-a1d6-113e3580a0ad,200,1,0,1,32,128
6eb4668b-19c4-4559-b944-238375dc3ece,200,1,0,1,180,464
263435bc-496b-4cd6-9635-1900c5d8372b,200,1,0,1,32,256
eb7eff3e-3685-4b95-a6b9-5ee395035868,500,1,0,1,180,464
21c1d422-78c6-47db-a78a-31bc02d881d7,500,1,0,1,180,464
d6df2060-d827-4108-9f95-fed29654b55e,200,1,0,0,4,8
4bd8f982-d3e7-4b0e-84f3-402f0fd75de7,10,1,0,0,2,4
cd412a21-72b8-40c2-a971-d34e8ecd2c4a,10,1,0,0,2,4
f2fd40ec-534b-4ea8-adf7-692ec5613283,10,1,0,0,2,4
d7d26aa4-0ed5-4b85-9e62-de0a1189d5d0,10,1,0,0,2,4
b40eb1e7-8a75-4e9f-946e-230c47ce9052,10,1,0,0,2,4
3d8b9ef2-6d14-49c8-b34f-12ed8fcabdaa,10,1,0,0,2,4
daf9dc34-a2c3-4704-8262-e6c96151c118,10,1,0,0,2,4
9d8bceb1-aaa4-4c19-989e-621984cc72c3,20,1,0,0,1,2
90ccd3ba-d2d8-49dc-828a-299526a3f7c5,500,1,0,1,180,464
97af3099-4b53-4f0d-9a26-e70da43faa9f,10,1,0,0,2,4
af67c641-287e-4053-a1d5-fb4dec096204,500,1,0,1,180,464
39ebb4ce-9d04-488b-84d7-306abf005c63,10,1,0,0,2,4
eb6e7c78-dc3c-419f-b1f8-78c9f6e32167,200,1,0,0,48,96
966b3585-cb28-414d-a80a-aae27e82b58f,10,1,0,0,2,4
ca9025c4-af40-41fd-ba4e-10e17e548229,10,1,0,0,2,4
62756d82-9ff6-4a26-be67-c482198c993e,100,1,0,0,4,8
45a2ac9e-8a23-48cd-a0d5-c519da8d041b,10,1,0,0,2,4
690c54cd-94d4-4ced-a0fb-87f788415320,200,1,0,0,1,2
c2d69557-fbff-4268-a4ad-c335a376614a,200,1,0,0,4,8
aa773ccc-0277-4d57-9dbd-8320e33f957e,10,1,0,0,2,4
ac029e8a-474e-471a-99a6-8531ad756d26,500,1,0,1,180,464
37faf8be-c406-4626-9b5f-9f9df529e050,500,1,0,1,180,464
f8c0f463-7f4e-48da-899f-d9cd2f57b8a2,500,1,0,1,180,464
a7c2f987-738d-4c7a-8f22-38f7acbedb90,10,1,0,0,2,4
b0df05f9-c3cc-4423-8efb-769c1f46c93b,10,1,0,0,2,4
b1c52b76-dc1d-41ba-b9ff-4acfb023b341,10,1,0,0,2,4
fc7fcb8a-1a58-4e95-97a0-31f6a31bdfd2,10,1,0,0,2,4
57ad04ee-c806-4f42-8fd8-24e2a28e8d89,10,1,0,0,2,4
b5802a1f-a901-4fc0-a29e-c8fe6be013f7,300,1,0,1,8,40
be89c461-54fd-48cf-9dff-cffc8127dee4,300,1,0,1,8,40
abadae10-0997-4ff0-8370-fd1ee45e6443,300,1,0,1,8,40
03996f8e-64d0-4553-b65e-51cedd89a2c8,200,1,0,1,180,464
176a70bb-d4e7-4c8b-b93e-bebd55754916,500,1,0,1,32,64
173ac221-5195-4174-a5a4-13cda58ec479,500,1,0,1,32,64
17c0e86e-b61d-41ee-8f77-079812033dd5,500,1,0,1,32,64
3d516b3b-35d0-4992-b6a6-e6451974f59b,500,1,0,1,180,464
2670222b-f044-4de8-a52f-055a4fbd2130,10,1,0,0,2,4
169fe971-6896-4142-a175-00aa4f8ea380,10,1,0,0,2,4
0cc5817b-c1ca-4c8c-9718-7fee5b816ea1,10,1,0,0,2,4
424dc3e2-ad72-477b-a037-f5d2a16ec26c,500,1,0,1,8,32
d1ff6306-f635-4f26-b88f-c35b8cc30108,100,1,0,0,2,4
5a8561fb-623b-4345-aa34-0295bca55d35,500,1,0,1,32,64
859fc09b-67c2-4879-bd40-8b4efe2d737c,130,1,0,1,2,4
a41dc061-f6de-408a-8ef5-f5be6b11da1d,100,1,0,0,2,4
c64b0ec0-9553-42d1-9f6d-aa04e01102a4,5000,1,0,0,36,160
0dbd1917-139e-449e-a9c9-edb7a33e6763,100,1,0,1,84,256
c5d7b056-0cf1-4a2f-80a4-17e2356e41d9,200,1,0,1,8,24
df3124e4-2e45-4aa6-a75a-35f5a987e4d5,200,1,0,0,4,8
c6cb7e55-a42b-4ec5-a3e3-f18b3814165c,100,1,0,0,2,4
7e449031-bd47-4b40-834b-bd73d26977a3,100,1,0,0,2,4
d3803637-1c57-48fb-8ed0-a596cbfb202f,400,1,0,1,90,224
143a9755-1d60-413f-aa32-d30e330b0638,300,1,0,1,8,40
0d693029-d666-47db-9cda-cedb96044ed7,300,1,0,1,8,40
d593a01c-bd43-42cc-8dcf-16ade238e121,300,1,0,1,8,40
c07f8543-5f78-4ff0-bb0a-0047fa2ca1b4,300,1,0,1,8,40
54a066ab-82c9-4ffc-babc-d072eeb86d55,10,1,0,0,2,4
42fc7e74-36c1-4b51-be80-b384aa5932ea,10,1,0,0,2,4
1e95b1be-0402-49d2-b29b-be9990f917e1,10,1,0,0,4,8
fee652a9-0990-4133-93a9-1e44cc6e51ac,10,1,0,0,2,4
0a9df033-e80e-49f1-909d-399d51414da9,100,1,0,0,2,4
36c492b3-79d0-4139-bd09-9193893470c2,100,1,0,1,64,128
3820a194-eaad-43c1-a1f8-26e60d03d735,100,1,0,1,64,128
3f115f1f-6d0c-4af0-b82e-c3487daddcae,100,1,0,1,64,128
6928b755-d503-4ebf-9430-c6f0924e2e70,100,1,0,1,64,128
73e64087-799c-4ea4-a09c-fed4daf6358d,100,1,0,1,64,128
427eec0b-1de9-4c7d-ad78-cf4fa81f1fd0,100,1,0,1,64,128
6fbb0d52-9111-41a3-b12d-e34948d75606,100,1,0,1,64,128
52a3540a-a8d5-4593-a986-57d56c1deeb4,100,1,0,1,64,128
57f8e00c-2867-4aee-942a-ee0efa1bd8e7,100,1,0,1,64,128
83a22df9-f4d7-4c97-ab61-88756d2b0b2b,100,1,0,1,64,128
16a4df7c-e4b9-41f8-8b8c-e10611f8d1e1,10,1,0,0,2,4
f377ef9f-f023-4dc9-b132-b2ba3c4a98f0,10,1,0,0,2,4
b580ff02-ac60-49ac-9ce0-316b581801d9,10,1,0,0,2,4
3bb8e336-752a-4264-a4b5-cecfc9791a5d,10,1,0,0,2,4
22897a09-9236-4c63-a927-d94d6d0d48ed,300,1,0,1,32,128
0b3f0df9-e1d4-420a-a05e-9fa63fb373ea,300,1,0,1,32,128
29a285ae-0196-47e6-bb70-145ad6d25191,300,1,0,1,32,128
1cf72b92-b225-46b4-aed8-d11a6f0ae6f6,300,1,0,1,32,128
01bbc794-0c46-4754-92da-50b93a434aba,300,1,0,1,32,128
0179d83d-ceae-4603-838e-665ccda1e176,200,1,0,1,64,256
0206b901-97ed-45d6-92ed-9e35f9df62be,200,1,0,1,32,128
16db9027-ac45-40d3-90d6-474242661059,200,1,0,1,64,256
273be3ee-e724-437c-9b8f-e534f4b7327f,300,1,0,1,32,128
30b4dc67-e68e-4aed-867d-49684495fd8c,300,1,0,1,32,128
2caf2411-b694-4651-a1ca-c82c9bd7ca24,300,1,0,1,32,128
bda3d0ed-a06b-418e-bc58-1234c02173bb,10,1,0,0,2,4
f89a9090-5e5e-4541-afed-b67908cbf02b,100,1,0,1,32,64
167a1cad-478d-4023-b6c0-0c8b96ec8f40,10,1,0,0,2,4
73069276-cee6-487b-8d70-ff2bfce61895,10,1,0,0,2,4
4be6363b-231f-468b-9532-e17700aa03f5,10,1,0,0,2,4
0b0c57a4-25dc-49bc-82c8-968edc23bc81,10,1,0,0,2,4
fdabc1c8-89b6-42de-af49-a843552da541,10,1,0,0,2,4
4f2c041d-4f3e-4e15-8198-b47030a0eef5,10,1,0,0,2,4
29d62319-d98e-4bc9-9fc0-676f6b30a39d,10,1,0,0,2,4
f8a90d2e-3bd6-4055-b449-6d6459648cac,10,1,0,0,2,4
6e64d4ad-8d59-48c5-b1ff-0fe572fddc59,10,1,0,0,2,4
e2daeccd-bf8b-4a05-b766-fd15b8c9e316,10,1,0,0,2,4
56d6170b-2572-4d5a-86cd-c410519f0531,10,1,0,0,2,4
a09ed6f1-4437-4034-8489-bf010b0fb0ab,10,1,0,0,2,4
85b69fe6-492e-40a1-8177-360428d80590,10,1,0,0,2,4
42b65fc6-5a68-4549-afae-d43fe8f90fc9,10,1,0,0,2,4
25805d01-5173-4b74-9b5f-e1d5c88c6217,10,1,0,0,2,4
12fec454-758f-4033-850f-18cace97301b,10,1,0,0,2,4
18e63483-ff4e-4e47-b36f-4b2a72dc320e,10,1,0,0,2,4
d73f56b3-f4ee-4ef5-bbf0-c269a8aa48c7,10,1,0,0,2,4
20588f35-9dc6-4172-9afa-bd9b3300d54a,10,1,0,0,2,4
21d80b7b-5e0b-4daa-a986-9a491980ec29,10,1,0,0,2,4
3c0079fb-79ef-4c93-b20e-33091ff0ba8e,10,1,0,0,2,4
1f27e7c2-aca6-4558-bcba-81f284bb7be0,10,1,0,0,2,4
3259d377-f996-4f7f-ae12-956a0ecadefa,10,1,0,0,2,4
c34fc3e8-ed19-46ad-aa28-366f3b14cb17,10,1,0,0,2,4
929b781e-892f-4d4e-b2b4-c7b04af8583e,10,1,0,0,2,4
757ac960-33ec-4281-8f13-2fe9316c40a5,10,1,0,0,2,4
0c2f4050-eea6-428d-9bd9-7dcc2c1d103a,10,1,0,0,2,4
c754aa8b-80b9-468d-88ae-f557ac3b0855,10,1,0,0,2,4
6064a995-2db9-4232-9d5b-b31559ee7316,10,1,0,0,2,4
bdab719c-7110-4f16-b933-62ff1aec82c4,10,1,0,0,2,4
6213abb8-18a7-4715-8661-8f6da076070b,10,1,0,0,2,4
3328ac6d-5125-4b84-9958-1871af640ff5,10,1,0,0,2,4
6e0e8298-a712-47bf-82f9-7b00bdec3c43,10,1,0,0,2,4
14561b74-d86a-4648-9674-461d33311edb,10,1,0,0,2,4
0ee15638-51e9-4ac1-9575-34a5adceafa0,100,1,0,1,32,128
d95be1f7-d151-4d8b-a962-d4ce4757c190,100,1,0,0,16,32
ae9c9f60-b874-4aeb-ad26-c73839766709,100,1,0,0,16,32
187b8f7d-0d3f-4720-bd93-5613cc142532,200,1,0,0,4,16
9fdc12bc-cf99-4edf-85ce-bad34f3cc9b6,200,1,0,0,4,8
9dd89c21-3454-4ca9-9195-3346d26d1726,200,1,0,0,8,16
e15b4af3-9fd4-4ea9-933b-d855afaa7701,10,1,0,0,2,4
d83bee71-281b-473b-8486-333f78bc847b,10,1,0,0,2,4
1860c9c9-291c-48ca-9d48-597c21893605,10,1,0,0,2,4
3ce52a6b-8906-42cb-9d81-41fd9169cf53,10,1,0,0,2,4
2fb059a9-978d-4c10-a40f-ae4bcc115b34,10,1,0,0,2,4
6541349e-ba25-4204-9107-23822930e171,10,1,0,0,2,4
05f519dd-7843-40ff-8c80-c2b1582ca29c,10,1,0,0,2,4
f87156e7-d5d4-42f2-8148-51cb9e7ef040,10,1,0,0,2,4
9a9aa6a5-349b-4438-8177-eb7c4b21c01d,10,1,0,0,2,4
c567ed97-5990-4616-8e61-dda66e2cd0bd,10,1,0,0,2,4
3fc976fe-e065-45a5-9d68-20072dda55e6,10,1,0,0,2,4
1ce3a1ab-7202-4559-a144-a476bd7c3820,10,1,0,0,2,4
928c616d-5702-470e-a01c-fbc4ce7f8970,10,1,0,0,2,4
c7da2c48-581a-402d-b0a0-90969c402433,10,1,0,0,2,4
675544f7-bfeb-4594-9d40-b13f5d440f14,10,1,0,0,2,4
f56ab270-e2a8-48f4-99fa-d85153d67669,10,1,0,0,2,4
420f9b43-a388-4765-8650-3e0cb1f9f528,10,1,0,0,2,4
1f584fa6-285e-408e-985b-6e96733ed419,10,1,0,0,2,4
a1aea53b-9ff7-4fc6-8ae2-d5f27ced75f6,10,1,0,0,2,4
2f0eeed3-6520-4147-8712-d1bc12db875a,10,1,0,0,2,4
2141c919-96bf-4ca5-a54c-6350d1dbccf4,500,1,0,1,8,16
aa7e7d22-b3b8-4533-9c45-6ab3bb06031e,10,1,0,0,2,4
6fed6c25-043e-4f7d-bdd1-ba97e3a7688a,10,1,0,0,2,4
29478b31-8cc9-41de-9d00-99ee42ec3fe8,10,1,0,0,2,4
a13b982f-0c09-4fef-b5cd-499a8f1ddeda,10,1,0,0,2,4
9f5d807f-3d20-4c29-ae22-1bb56050fd39,10,1,0,0,2,4
9706efa0-45dd-4e32-9c85-8dceb2f044ea,100,1,0,1,84,256
e4f6327a-001d-4ba1-bf76-3af4938e7b30,10,1,0,0,2,4
4af05cc2-0fa2-488b-ad44-6f4483c72537,10,1,0,0,2,4
5de23ec3-b429-48fe-ac88-76de0de4e23d,10,1,0,0,2,4
5b5ebc3c-ab96-494c-85d3-2784e620be1f,10,1,0,0,2,4
d9b99e1c-2867-4ab7-820c-45d2f7a64fdc,10,1,0,0,2,4
3ed1bea5-26bd-4274-97a2-26185cbfa1a1,100,1,0,1,64,128
bf541621-29f8-4647-b0cc-8f5a7d0e2399,10,1,0,0,2,4
ffc42761-fd29-4c3f-a616-e2ecc72b9453,10,1,0,0,2,4
f3619a94-2f88-4ad6-9576-4e75328138ae,10,1,0,0,2,4
821b8f25-79c0-4484-9327-8d59e2f886d8,10,1,0,0,2,4
b713b3ef-533e-4efc-ac7b-d6dd965e1b30,10,1,0,0,2,4
90bc88ad-f414-4733-a2e2-2c19a50e7b3f,10,1,0,0,2,4
8eab8d11-62ad-4ba0-bdeb-f55f93a64422,10,1,0,0,2,4
01eeec8e-d4a6-4e5a-847a-2b160a40bd9d,10,1,0,0,2,4
6965c13d-c4bb-4574-934c-eb86a9362a3e,10,1,0,0,2,4
0a23199c-d66b-4b7c-b990-1708e5076f7f,10,1,0,0,2,4
502c0c5f-c351-4d5e-99da-ca71f6812cbc,10,1,0,0,2,4
bee4f4c1-95ad-4428-b6a4-9f49493974f4,10,1,0,0,2,4
ac3e729f-6e9a-4047-a268-c13c8dcb5439,10,1,0,0,2,4
00223656-80e7-48b6-a12e-a0ec751464b8,10,1,0,0,2,4
56c3d1a8-f91a-4000-a7aa-cd825900ddda,10,1,0,0,2,4
623b16e7-d2e0-449e-8701-b9724f5a4515,10,1,0,0,2,4
3e365714-7bc1-4d33-8337-271d5e3753d6,10,1,0,0,2,4
8ce2c02d-8de4-40a8-8c0d-471cf7e80f42,10,1,0,0,2,4
11ac673f-cbe3-4b9a-9252-0ab2e6985070,10,1,0,0,2,4
3e9114b8-26e6-49cb-9c19-c175012520f7,10,1,0,0,2,4
5377ce9c-019e-4973-a009-8d7b9809ddfc,10,1,0,0,2,4
88252b91-add8-4fe6-90e5-46424f842397,100,1,0,1,32,64
54b91907-400c-42b1-b98f-5dc99b3cef11,10,1,0,0,2,4
59139884-c9e0-4df2-935f-86b9f000d540,500,1,0,1,32,64
156a20da-b524-408e-a728-4e0498d970df,500,1,0,1,32,64
003f09be-8819-4e4f-b40f-560eada152ca,200,1,0,1,32,128
797c199b-d06a-4875-baf3-76e15be451df,50,1,0,1,4,16
7fe442af-66e5-4e11-a916-e523f33ca862,100,1,0,1,64,128
e9f97e26-0473-448a-8f8e-b0567750fbc8,100,1,0,1,64,128
acc3f1fa-9bef-4565-bd4b-6fd687d80bf6,100,1,0,1,64,128
13e675b1-e21e-467a-8715-19c147816d7d,300,1,0,1,64,256
fd0334ad-0677-435d-8b84-4544b7853b09,500,1,0,1,16,64
006ead5d-2654-46ce-b3a2-b63c4ca17ab9,500,1,0,1,180,464
00e34c09-e784-46c7-abf7-e57f1ec74224,200,1,0,1,180,464
00db00a3-5e86-4793-aef0-1bddbf00867a,500,1,0,1,180,464
0709a171-54e6-4ac9-a302-d54aca857aac,500,1,0,1,32,64
0c2447af-13a2-4948-9d51-e1065096bd4f,500,1,0,1,32,64
1a020f3b-b1d1-4240-923b-a552321ad938,500,1,0,1,32,64
