disk_uid,disk_capacity,disk_attr,disk_type,user_type,vm_cpu,vm_memory
a2049546-cd8b-49ff-b863-c503baa79429,50,1,1,0,2,4
5a894495-8fe4-4b66-bb8c-274e1415304e,50,1,1,0,1,1
58e2862f-c80b-4553-8ade-434d3c536dcb,50,1,1,1,8,32
2ce04e63-f1fb-435a-94f8-01bc317d1527,100,1,0,1,16,32
cefd6f02-862c-49a1-8789-b873b2fe9944,50,1,1,0,2,4
5e457425-619d-4e8a-965a-1941aaddbac0,50,1,1,0,1,1
d3a0a96e-751b-4e13-863f-80b8df1c56f8,50,1,1,0,1,1
922f92b6-aff9-446b-8954-adf3e94c7c07,50,1,1,0,4,8
c2625e80-7ac3-4c35-96f9-eca9e8d9cf8c,50,1,1,1,2,8
4dae9bee-022a-4f5b-84fc-cc93bd434aa3,50,1,1,0,2,4
28009893-173b-4de9-8c5d-7dcb0fa60af7,50,1,1,0,2,4
4494e42b-cfc6-4954-ab06-0433fdb38352,50,1,1,0,1,1
d7548214-1448-4e66-9b1e-b84cbc939aad,50,1,1,0,1,1
ed3e743d-d9b9-4100-a3bc-586ae6b65db4,80,1,1,1,2,4
31ef4dd8-722b-4b15-8e9e-6de276a3c260,50,1,1,1,1,2
6f9a0585-c563-4dd9-bbb2-6d662513bb6f,50,1,0,1,8,64
31a77ef5-355b-4cb1-9408-fec9f5f55fd9,50,1,1,1,4,8
a8a93d69-b8af-493b-abae-f0493617c4b0,50,1,1,0,2,4
047cc4b5-40c7-46f1-ac7d-251724d52b00,50,1,1,0,1,1
7b5ac82b-c6e2-4900-90c8-f8f1c99e370b,100,1,0,1,32,64
29a660fd-4335-4d73-8e06-583a4b9caa85,100,1,0,1,32,64
e4caf0b8-27cf-4202-83ad-5472fdac47b4,100,1,0,1,32,64
d518c10e-3c0e-414d-8945-c79b660476ac,100,1,0,1,32,64
7624cc15-a060-4f54-8b32-089d67857a0d,100,1,0,1,32,64
0bfaa408-2b58-4c91-b651-28791e496dfc,100,1,0,1,32,64
d2454777-b571-4e5a-97f3-ec74032b43f9,100,1,0,1,32,64
1c475634-3dfa-4f3e-9d6c-0f747cd01a01,100,1,0,1,32,64
e5154d04-6c86-47cc-87a0-446f1208bcdb,100,1,0,1,32,64
346fe0dc-3f23-4c54-b988-9a680f8b6ed0,100,1,0,1,32,64
03331c8d-49c6-4bb0-b330-eb5698682570,50,1,1,0,2,4
7ccc512b-5486-44df-8384-434be72d6ded,50,1,1,1,4,8
540061f9-3ae7-4cd9-9ba7-0a1011271bc6,50,1,1,0,1,1
7ee0bc3a-6c99-4da8-9e39-ec99d54703cb,100,1,0,1,2,4
2498a829-f784-4bf3-9014-717d218398e4,40,1,0,0,2,4
3991af19-d638-429c-b583-8acf1e8d011e,100,1,0,1,16,32
8cf83797-f949-4d64-999a-c1e96eacf622,100,1,0,1,16,32
29f04038-8a1d-436b-973e-1b2f91626842,50,1,1,1,4,8
225e4bfc-16d5-48f2-9baa-bca8fb9bfb09,50,1,1,1,4,8
d2d7edec-ec9d-4709-8550-7ba7fe218adc,50,1,1,1,4,8
05a01eec-3259-4e7e-97a1-4e16abd89282,50,1,1,1,2,8
3c93e6de-c8e8-49cc-bc90-c0f4d212fa70,50,1,1,1,2,4
3720065f-2c65-43b1-8553-aa0ebe6c4bc6,50,1,1,0,4,8
2b985c70-9e0a-4d13-a1ac-e05e666fd23b,50,1,1,0,1,1
7304ea95-438c-4d77-bf7a-940ac7aa02cb,50,1,1,0,2,4
bb4ffaf7-5f73-4520-a3dc-dbb8e57fbe72,50,1,1,0,2,8
1c5c9c4e-a8c8-42cf-a502-e117256e8548,50,1,1,0,4,16
242ddeaa-5880-4d16-ba4e-3a8b51f1f0f2,50,1,1,0,2,4
ee670e79-5ceb-4c9e-8602-14b9514a2843,50,1,1,0,2,4
bafec621-3c91-4bda-9e16-0296a6bec81d,50,1,1,0,2,4
35f57ecf-b4ab-4078-a00b-610c7bba92bf,50,1,1,1,8,16
974d5c33-1c56-4510-a9f6-d3101794dee4,50,1,1,0,2,4
f1e86cb5-0f08-4ccc-84a9-b76050349148,50,1,1,0,8,16
efecfbf7-efcc-4e5f-b5f9-0206e35b0410,50,1,1,0,2,8
86b3573a-22af-47e6-925c-d6abb4fcf9e5,50,1,0,0,4,8
ac4b7051-f58e-46f6-9c1e-05ab5b11ab51,50,1,1,1,2,4
d4755451-b8e6-45a5-9ed3-3394676fbabc,100,1,0,0,2,8
366af4e8-1c78-4d2c-8972-4c8b70d9e851,50,1,1,0,2,4
f117fa3a-68c5-4541-b229-87e6785457eb,50,1,1,0,2,4
d29c1937-251b-4f70-8066-bbb17969efa7,50,1,1,0,2,4
d11cf63a-9a64-4707-8d1a-b9350036f244,50,1,1,0,4,8
d4f41b90-f978-45b0-967e-dc7dc2845515,50,1,1,0,4,8
910a4ec6-a26c-48b4-b497-502c161ccc02,100,1,0,0,4,8
d6a0c06a-bf17-4732-8993-eca8aceac0b4,50,1,0,1,8,64
dc84206b-03f7-41bc-82eb-abda1b430ce3,50,1,1,0,8,16
b0805dd7-ef43-46ae-8e1d-bff8083d9f24,50,1,1,0,2,2
40a8822a-69e2-4cf7-89c2-b3cc4be1ffdd,50,1,1,0,4,8
c1d0b610-d3c8-4e81-aa08-2fbe239b55da,80,1,1,0,4,8
b9d0069f-215a-4c12-bc3b-8da262f4d3e7,100,1,1,1,8,16
0d60458c-0bfc-4709-a081-9fa2daac013d,50,1,1,0,1,1
a3522b58-629a-4e6c-8cec-101861e60172,50,1,1,0,1,1
b2fbe78c-3050-475a-95f0-49fa55b0c240,50,1,1,0,1,2
adba2657-6541-4eff-91bd-e2b08787f7f9,100,1,0,0,2,8
5e7cc2c2-12c8-4ee9-a318-86abf7717a84,50,1,1,1,1,2
5cb6fb5a-f976-4b41-8a98-e80278054ee1,50,1,1,1,4,8
a741a3c1-43b1-4be4-8e39-ca595b740469,100,1,0,1,4,8
d6f28df1-e985-4a30-b396-f678825bf765,50,1,1,1,8,16
46fabcbd-9cf0-4c05-a57f-9625f8ed5700,50,1,1,1,1,2
39206d9c-d4c9-44c2-94b7-bb93ff6c3e8d,50,1,1,0,2,4
0f1e86e9-59e1-4291-870b-596c4b7b7113,20,1,0,1,8,16
318cb553-1c82-473d-838d-31648ecf6084,50,1,1,0,1,2
a043e6c8-fdd5-4fc4-87d7-9ff6494767bc,50,1,1,0,2,4
2fffec5a-e155-41aa-8a84-6587b0962f63,50,1,1,1,8,16
f27d341a-2929-45f4-b627-d97f55c86c0d,50,1,1,0,1,2
4c536c0f-6651-4f97-9f0c-29631580b1d4,50,1,1,0,1,2
c1a86867-f575-429d-b959-aecc971d7810,50,1,1,0,16,32
2453cde3-892f-4b86-8d0c-ea6b605fe70a,50,1,1,1,4,16
6c414c9d-734f-48d6-9576-a090b6c80fe9,50,1,1,1,2,4
0a89109b-b743-45d5-9ed3-9f995f470ba8,50,1,1,1,4,8
ed8d220f-31a7-4090-a65d-3310693cc373,100,1,0,1,8,16
790afeb1-976d-4dbe-8307-64fc97d9fde2,50,1,1,0,1,1
a6097091-d055-47e8-a7c0-0ecab81941cc,50,1,1,0,2,4
0b507a0e-dc88-4f51-afb3-11f0a7e75ee9,200,1,0,1,8,16
bc9a9190-e735-40fa-beef-1dcfe23094cc,50,1,0,1,4,16
c2dfb7f0-6639-421e-8425-759b9d48809c,90,1,1,0,4,16
13e50309-0459-439f-b154-4458144b391c,50,1,1,0,1,2
2b7ee4b2-aa3a-4019-8428-4aec479fbb1b,50,1,1,0,1,1
70e983f4-50dd-4459-81b6-366888a471e8,50,1,1,0,1,1
d269ae54-e41b-4174-96b6-043346a0d57f,50,1,1,0,2,4
ac00aa81-1e75-4808-bc0e-1a389f65f05e,50,1,1,0,1,1
489b33e2-0e03-40a9-a1b7-75f46c0427f3,50,1,1,0,2,4
c3066c60-fb79-48a9-a4a4-827cfd46f12b,50,1,0,1,8,64
b7a5eff5-38ab-41a6-8795-6e707558a98a,50,1,0,1,8,64
413a4d6d-c2a1-4b6e-a067-cf1bd33cd194,50,1,1,0,2,4
6d7aeeb7-d06f-41bd-a016-05362378b6aa,50,1,1,0,2,4
46795af3-741e-4ccd-b8af-8efbb2f743db,50,1,1,0,1,1
20d4558b-c64a-40ca-b862-151cc45c7c4e,50,1,1,0,2,4
946feffe-c130-439c-b838-014ad15e4461,50,1,1,0,1,2
cb25a3dd-45f9-40ba-837e-6629374c74e5,100,1,0,1,16,32
7e534216-24d6-4380-9bfe-8bccd364e373,30,1,0,1,8,32
c4ad4260-7dd3-4039-9d23-45b98ed8922e,30,1,0,1,8,32
0493d234-2150-46dc-a185-98911f15b5d9,50,1,1,0,1,1
9a7effb6-6540-473d-bdeb-af30443678b8,50,1,1,0,2,4
2af092e8-66b8-43ae-a161-b2f9010a5786,50,1,1,0,1,1
1a5cf1e4-7570-430c-9c76-f5b784243fcd,50,1,1,0,2,4
cb4c7f6b-370b-41b7-be0f-06a857b5d691,50,1,1,0,1,2
a38b9d10-78ab-44f5-b40d-0c85dbcf5180,100,1,0,1,16,32
c2a7e351-bc57-4607-a356-0b6123c17bd5,100,1,0,1,16,32
d9087301-d99d-4e5b-85d8-2e7e7a26f69a,50,1,1,0,2,8
5521c5ea-57de-4e55-8dd5-03f63bc37894,50,1,1,0,4,8
ba6b10ac-ecbe-4795-92c4-9b44facdd222,50,1,1,0,1,1
45dcaba1-5379-4ace-ad54-ddeaea70e844,50,1,1,0,1,1
b88efd1e-f2f6-4bac-a5d1-682e303e3774,50,1,1,0,2,4
b4391a0b-2ea4-498c-8872-2180db14c929,50,1,1,0,1,1
2a95b41c-61ad-49de-99f8-4fabf8683ca3,50,1,1,0,1,2
6dbf3f57-015e-4d83-8394-54c9c1960d5f,50,1,1,0,2,4
dfa6a7e1-1685-4f30-915c-450226f45d0c,50,1,1,0,1,1
0201b94f-8ad9-4fa2-a26a-31823ec34ed9,50,1,1,0,1,1
abcaa286-5567-4f22-8c73-bf0447219eb2,60,1,0,0,2,4
d57f2dc7-14d4-4891-8723-9b8f91f1267b,50,1,1,0,1,2
364865f6-1925-4f2b-add3-f77d48c7db4b,50,1,0,0,2,4
8a3a5c70-f9fa-4ecf-9e8c-bc7d436f698c,50,1,1,0,1,1
133f4deb-46c9-467f-9302-e55379c4da62,50,1,1,0,1,2
c01efce7-17bd-42c0-9a26-fe01f401d417,50,1,1,0,1,2
b61a8e5b-1eee-4ce5-bbb3-7d4061033710,50,1,1,0,1,2
9e48ce00-fe37-413a-8ae6-1b10efab1ec6,50,1,1,0,1,2
10ab81f6-52f7-4473-af4e-f1233e3cf306,50,1,1,0,1,2
4a7549ee-1f93-4526-bda0-8c7f864d0846,50,1,1,0,1,1
6a139b3f-27a7-4477-a341-9700332dce2f,50,1,1,0,1,2
4b55e0d7-d686-4ecf-86bc-4dc0b1487153,50,1,1,0,1,2
0b3dd1ea-9b2b-4f9d-9197-7a31344953f1,50,1,1,0,2,4
9e811291-c9af-4688-996c-4cadf0bf279b,50,1,1,0,1,1
5b410df8-cf8b-4b77-afdd-6273a5fcbc6f,50,1,1,0,1,2
7f8aaa39-53d5-4682-b6fa-a0bf74c2db0f,50,1,1,0,1,2
79e5afdf-46a6-47a8-8467-4a82373e3033,50,1,1,0,1,1
a272f194-a8cf-4fae-a868-bf961e93a3fc,50,1,1,0,1,1
7e2c1abc-0c79-4669-a5a4-2162547db9c0,50,1,1,0,1,2
61f21409-b890-4234-b8cb-3e9a96306c5c,50,1,1,0,1,1
44ba187e-834f-4dcb-a380-19402da10eed,50,1,1,0,1,1
83ff244e-fcb1-4289-b83e-0ef4deddec56,50,1,1,0,1,2
0d921f16-0aef-4e40-8ee2-7fef77d1dbbf,50,1,1,0,1,2
c85e2f5f-6950-4669-9e88-874314325ce8,50,1,1,0,1,2
c2a61be0-b7d2-4fe2-ac10-a0b82cf5155d,50,1,1,0,1,2
04acc503-3f85-4007-b561-27b01d6c506d,50,1,1,0,1,2
7c244c12-63c5-45be-86db-9c14420eadf4,50,1,1,0,1,1
f0036e58-895b-4574-a3f1-8216ac402738,50,1,1,0,1,1
8b41fffa-9370-484c-8355-42e6c360d919,50,1,1,0,1,1
6245fd37-862d-458c-bde2-e335796f2178,50,1,1,0,1,2
6a87251c-cf42-4b30-8ffb-6d8dec825cf8,50,1,1,0,1,2
0037dec2-e85d-428d-bf9b-050172ef7b70,50,1,1,0,1,1
baedfb53-1742-4013-b280-dd8cf72f94f1,50,1,1,0,1,2
ee50b699-a7a8-4b33-b972-f7449c8cd5ee,50,1,1,0,1,2
94813fcb-1f51-4d23-a8e6-a4a4ad66946c,50,1,1,0,1,1
e445559d-6158-49b9-bdf6-108588034689,50,1,1,0,1,2
3ff41ce5-2092-47aa-8326-0a6f48bf57cd,50,1,1,0,1,1
1b0c5baf-ca68-4751-b9b1-d7b8b9ce78e1,50,1,1,0,1,2
d966cc07-5a5a-45cd-a66f-79e61442eb8f,50,1,1,0,1,2
b3c351d9-d419-4724-8b5f-380287bbd7a7,50,1,1,0,1,1
baa18ae7-7fd2-420f-9983-88da0bdf04ec,50,1,1,0,1,2
80769101-c6ef-4368-ae71-07e33b720dbd,50,1,1,0,1,1
239a6673-96dd-46fd-a0ea-e7030407405a,50,1,1,0,1,2
33223922-76fe-4c25-a2b1-a76284a255a7,50,1,1,0,2,4
7b1b9641-900a-4160-b9c5-487f314f627f,50,1,1,0,1,2
5d4e1292-65c9-459a-b425-e02d376d3af4,50,1,1,0,1,2
8f0fb34d-4688-4d40-a28b-61a827a5e42c,50,1,1,0,2,4
ded7ed95-0578-4c85-bae7-a2799f25632f,50,1,1,0,1,2
5b5a01f4-d74b-436f-8a21-3b4efadaee89,50,1,1,0,1,2
2cd9bf42-ca7b-43f7-9999-79d64705663a,50,1,1,0,1,2
9cdf95b2-8143-4be6-98aa-ef5de0d271c9,50,1,1,0,1,2
481543b3-ba7e-4e44-93ed-952dcd70e45c,50,1,1,0,1,2
1569cfb5-e454-48d0-8c05-2f7f104105c6,50,1,1,0,1,1
336604ad-f710-44c9-bb21-91d75b2725d3,50,1,1,0,1,1
302ac3e8-5a0d-44d9-8186-0bba07679e82,50,1,1,0,1,1
a0474e9d-2e22-4094-8fb0-8f55c4c1183f,50,1,1,0,1,2
e4b07d7f-881d-4b0a-b9a7-02bcc8287fbe,50,1,1,0,1,2
9f807c80-7923-427a-9106-06fd660ca0da,50,1,1,0,1,2
34fcb117-4399-4595-8d59-78ba6964e085,50,1,1,0,1,2
04f7c6a6-1ae0-4aa1-8850-ec4ecebac2ce,50,1,1,0,1,2
b45fb938-8dfe-430d-a478-4f96134fe9f6,50,1,1,0,2,4
523fa431-2ebf-4068-9fe1-fe9135f3897c,50,1,1,0,1,2
c42f48b5-cb3e-4a6a-aa02-0cda0bcf1cac,50,1,1,0,1,2
4ce3fb06-eac2-4bfc-a3fa-db29b0aae624,50,1,1,0,1,1
43ef5bcd-ad8b-47db-8e4a-fb3f4246aecb,50,1,1,0,1,1
78ab45ed-13d0-4932-bd39-365d44a2fc15,50,1,1,0,1,1
de00ab37-7d25-426a-abf9-9ba5df69aa6a,50,1,1,0,1,1
138883e4-e54f-4724-8838-23e2c5f88ae4,100,1,0,1,16,32
693352a9-c1ab-425a-9a0e-6cf0fbb27c1d,50,1,1,0,1,1
29d0c9b1-466b-406b-89a9-24d66819513a,50,1,1,1,1,2
3a2fd5da-fee8-4fd2-a700-7a452d6f6da1,50,1,1,0,1,2
a02ad536-791f-4411-ba1b-74d3d2d3a7fe,100,1,0,1,16,32
75ae97eb-a3a2-4e09-968a-cccb7785a396,100,1,0,1,32,64
43745c7c-d4db-49fc-bf76-0f68763fda0a,50,1,1,0,2,4
ecde0671-b889-4326-801a-324419b0ee3e,50,1,1,0,1,1
dcef19b1-c9fb-4cbb-9cef-825ce59559b3,50,1,1,0,1,2
7cfa6565-0da1-4c8a-98be-a2dc337ac064,50,1,1,0,2,4
026ade33-f0a4-4bfd-9416-58b7d96ceda8,50,1,1,1,2,4
6426c4fb-713f-4ad7-8d2e-6de6b1d84ed9,50,1,1,0,2,4
dc468a4c-432b-4cd2-8eb1-17bfbe0887ee,50,1,1,0,1,1
2cb89f52-26ee-4449-b74d-5b72e8042cef,50,1,1,0,1,1
08b0d01f-f28a-4b99-8ab8-9fc2876ab830,100,1,0,1,32,64
d19ce836-975c-4a1d-b4cc-c03d4371c69a,50,1,1,0,1,1
c024d749-76a9-4e00-b0a1-bc54d6f371db,50,1,1,0,1,1
cf9255c4-16d2-4fa5-8ae8-0f98fbf531d4,50,1,1,0,1,1
2e7b8c6f-f1d0-4d72-bea6-581da6a9192f,50,1,1,0,1,2
9ac34c1b-b091-42d9-a7fd-5013f3729b38,50,1,1,0,1,1
739d1c1f-581f-4c8f-bfc1-e520d02e35d8,50,1,1,0,1,2
06622e18-7003-444f-b24a-8efc5307c46c,50,1,1,0,1,2
c40dbe70-3a83-4155-bea3-cd004df324e6,50,1,1,0,1,1
02d44841-5c27-4dd4-b600-c54822c5a832,50,1,1,0,1,2
93e03bd4-c1a9-46df-948b-6c65cb183ca3,50,1,1,0,1,1
3f668634-43b3-4ebe-a0ad-0572d14c59cc,50,1,1,0,1,1
65b7eb89-6a91-4e5c-bd2d-f0d1fc7873ba,50,1,1,0,1,2
c308ba14-73ef-49ad-92bd-5f1ec448ffd4,50,1,1,0,1,2
61d63916-eef3-4df4-a3e6-b2c25bf643a9,50,1,1,0,2,4
bf75efd4-cfb5-49e1-a3f0-74c79e3106a2,50,1,1,0,1,1
877dd05c-1ba1-4acb-93da-7ff880c709c1,50,1,1,0,2,4
a04dfaa4-b809-45ea-b703-e8af5b16627b,50,1,1,0,1,2
3e930802-e8e3-4c33-9304-39ff2652ead7,50,1,1,0,1,2
4bde6f38-2f41-4edf-898f-73f697404536,50,1,0,1,4,16
a89f8d33-002f-4e58-9647-fc7ed415809d,50,1,1,0,1,2
abecdd05-3954-4b9f-b611-7ac1f33cbc4a,50,1,1,0,1,2
591d5e28-7e6c-4a19-b3ce-3a8c5053bd45,50,1,1,0,1,2
eed564a5-20a3-4d36-9d66-2f117d3253f9,50,1,1,0,1,2
9652e974-2cad-4fe7-ac7f-fb2071dec896,50,1,1,0,1,2
ac1ebbed-0870-43e9-b1a0-dbb83b51b69d,50,1,1,0,1,2
5f95b051-5535-44ad-8f14-b4dc06e88cb1,50,1,1,0,4,8
e8a25e76-ea95-46b8-85e8-57a549119110,50,1,1,0,4,8
7c7e6223-e4d3-465d-aa59-8a79bcc58a44,50,1,1,0,1,2
cfafbe3c-9897-4fab-8445-120614fa718f,50,1,1,0,1,2
a15a30ff-19ef-4339-9c47-0a81707b0245,50,1,1,0,1,2
875e8732-081c-4626-8b23-76f694d336bc,100,1,0,1,32,64
cb1f8ad4-0c50-43ac-9c81-d9d39b233dec,50,1,1,0,1,2
2cecb855-b458-4deb-a629-6e7c0fb17b4c,50,1,1,0,1,2
55ace2f6-405c-40d8-a643-ce07e9aab7a3,50,1,1,0,1,2
e1ba5e25-a9a9-4fc6-be75-ecc04ff291f8,50,1,1,0,1,2
82ba08e3-6554-4dbd-a6f8-c405ad053174,50,1,1,0,1,2
6dd3a16e-2f11-424e-bc54-968f6a5c1308,50,1,1,0,1,2
e2103da6-9320-467b-825a-617dc5b925e7,50,1,1,0,1,2
44696aec-1365-488f-a69a-81a996d28c64,50,1,1,0,1,2
e58bdf7d-875a-4b3d-8f4e-94c78e300a04,50,1,1,0,1,2
817cecba-64a8-4efc-8083-8f541ee03457,50,1,1,0,1,2
2634dfc2-14cb-4c7d-bff3-2c58d8afe2a6,50,1,1,0,1,1
a141f3a3-06c6-4ff9-a08e-f0e8ed59a5ae,50,1,1,0,1,2
b2d0c3be-a456-4608-9a97-c13fccb3d58f,50,1,1,0,1,1
f26db11b-054d-4b1c-bbd3-e44304111e43,50,1,1,0,1,2
27d96098-ea99-4dda-a3b3-10dec2e53b3f,50,1,1,0,1,2
d7a40159-de4b-4033-ab8a-0caa676ab3c2,50,1,1,0,1,2
bd9fe08b-28d6-4183-82e8-d2a14abaefac,50,1,1,0,1,2
62a33192-27b3-4f43-a011-93003be99505,50,1,1,0,1,2
74eda843-b02a-4f6f-8a7a-173fc91ebcbf,50,1,1,0,1,1
b2bb793c-e0c7-4d72-8462-02143b250660,50,1,1,0,1,2
f1a01bbc-07b3-4604-9bf4-112898d7d618,50,1,1,0,1,2
4e2ab3b8-9b23-4aa8-a83d-00cdc9fbf12d,50,1,1,0,1,2
1909addc-ef7b-4bf5-b40a-3e342ce35ee6,50,1,1,0,1,2
9add74ca-8f44-4705-8559-af4f3e915ebc,50,1,1,0,1,2
d60d20d8-a6a0-4a38-8ceb-c900ba589b34,50,1,1,0,1,1
09050159-cc64-4d7a-a51d-256e4bea90fa,50,1,1,0,1,1
1541f66f-db65-4089-a3f4-d81fe9652d2b,10,1,0,0,1,2
a75f0cb0-0daa-460a-bbf4-aa04b3459624,50,1,1,0,1,1
11337337-9308-4e09-81de-f48fb5d979ff,50,1,1,0,1,1
0a4fd13d-3750-48e0-a269-15584f200079,50,1,1,0,1,2
b5eac40a-6d7c-4fc0-a392-e09e297a5f0f,50,1,1,0,1,2
1a946cca-c208-47cd-9fc7-49860da95585,50,1,1,1,4,8
95eef0a0-82f8-4ae3-b608-c5a18fb8d820,50,1,1,1,8,16
b309991c-f106-46cf-aec6-5abd09c9c636,50,1,1,0,1,1
18b48858-dcc8-4c97-9834-7048b3d79493,50,1,1,0,1,1
62002e45-e76d-443a-8451-84e674bba69c,50,1,1,0,1,2
714cc0ff-07b3-4130-893e-4f12840be827,50,1,1,0,1,2
5b437c12-ee13-4ae0-b78c-19772898840f,50,1,1,0,1,2
ef86d1a4-4574-474e-babe-04443936274c,50,1,1,0,1,2
92599319-756d-465e-8926-f373043dc3a4,50,1,1,0,2,4
95bcc6be-f2ae-475b-a6d0-e5fbb5c355c9,50,1,1,0,1,1
130a740c-4aa1-48e9-b07c-d5ad5aac104d,50,1,1,0,1,2
ea7a42fc-5e52-4adc-ba18-4f2ad0b1a4cf,50,1,1,0,4,8
551a5ec3-0032-418c-81cb-85f807891f3d,50,1,1,0,1,2
964617a8-dd48-4772-8ab4-bb899787e2ed,50,1,1,0,1,2
78eaf2b2-20d0-477a-bdd2-6b6081ab8cce,50,1,1,0,1,1
d02c6da2-c356-48df-afe3-e3657a62a7d5,50,1,1,0,2,4
13ebcee9-d526-4a8e-8382-cd076d2cf2ee,50,1,1,0,2,4
7159fe24-7f76-4331-97c9-36acb83c3eeb,50,1,1,0,1,2
4cc15cd0-d6c4-4493-891d-c505f5f48715,50,1,1,0,1,1
01f4bd3b-8f77-44bd-a96c-90bf861c820b,50,1,1,0,1,1
e9d55ec1-d199-4ad2-8745-d482887e8141,50,1,1,0,1,2
f019727a-af23-44ae-b140-e9968b4e0c4d,50,1,1,0,1,1
cfda6180-6ef6-4860-88ec-04a846efb27d,50,1,1,0,1,2
d21cf47f-6739-41a6-ae10-ba2591f77cd6,50,1,1,0,2,8
6dc43c41-eeca-43d6-876a-a9ceff2d6724,50,1,1,0,1,2
dd3a29b0-5e4f-4dad-b00e-3429302a0388,50,1,1,0,1,1
9a9e1f2b-42a2-4cbe-be24-dd5449a1d8fe,50,1,1,0,1,4
b63b4947-7f77-4f65-8320-3132e76e4194,50,1,1,0,1,2
9736dd02-d8a3-4c2c-9b8d-c84ea89140fe,50,1,1,0,1,2
46b3766b-85b9-4ccc-b778-bc1f06e3a333,50,1,1,0,1,2
de350f69-1a8b-44bf-a4bd-44745eaf1a0c,50,1,1,0,1,1
7cdefcdc-ac48-4c60-b102-cfecb20b5699,50,1,1,0,1,2
8d33855e-3831-431a-8a74-a0c5166a7593,50,1,1,0,1,1
21aaebe6-016e-4100-a8d5-021b24c2a590,50,1,1,0,1,1
4d875aec-c1c0-4e5a-aa60-d2c7214578d2,50,1,1,0,1,1
8ff71e95-d9bb-4e8e-925c-035726a32277,50,1,0,0,4,8
02c9f822-66e6-49d4-a4c2-5f70b3643376,100,1,1,0,2,4
20c2064c-ef8a-4ed4-abb6-23e025cd81f4,50,1,1,0,1,2
f29d1367-c733-451d-a7f7-9fd989ccd8c2,50,1,1,0,1,2
600c06a0-c51a-4315-93e0-1b91dbebd201,50,1,1,0,4,8
b33a5bed-e77b-4bf9-82a5-718814f1a778,50,1,1,0,1,1
3e2404d3-e168-44b8-b7fc-c371f65bccb2,50,1,1,0,1,2
91c3f605-e349-441c-b735-95d57819a08e,50,1,1,0,1,1
8cd1dc2f-c51d-4a7e-8c55-927ea85576a7,50,1,1,0,1,2
462ddd1c-f503-4b9d-8f38-54b592c86acc,50,1,1,0,2,4
543ca7fe-b11e-4a5e-9063-301c8032eed1,50,1,1,0,1,2
698df85e-91ef-4643-a4c2-30064d0ce571,50,1,1,0,1,2
d4c52ce5-c181-47a5-ae43-8d0882169a29,50,1,1,0,2,4
5f4f5084-8340-4744-a10d-06c6ec982217,50,1,1,0,1,1
dae39717-cd9f-41d8-88e3-c04fb7030ea0,50,1,1,0,1,1
eb170b3e-1ff6-40dd-bc6a-5906005b0e8e,50,1,1,0,1,2
8523292b-87b1-4fe0-80f4-59feaff659a8,50,1,1,0,1,1
35dd1ed6-7017-4bb7-bed1-4ee32905ac67,50,1,1,0,1,2
d6278eee-2e4e-4ced-8b90-a54c0ab960d6,50,1,1,0,1,2
b6298b4d-df0a-4124-bfca-acc548287200,50,1,1,0,1,2
6e725bf6-91ff-4cb7-bf9e-7df7b8c75861,50,1,1,1,12,24
ef2c4a2d-b277-4180-9d35-9f4681af53f1,50,1,1,0,1,2
a9acfe44-7acc-47a0-8292-f7f61cc96dfc,50,1,1,0,1,2
11ff0b7f-e895-4102-aa0f-26def36ebf82,50,1,1,0,1,2
69e1880c-049f-450f-8c25-2fe03922592a,50,1,1,0,1,2
a9e69b90-5c24-4c58-8715-88d0d250993e,50,1,1,0,1,2
d52d5d45-fe81-417f-8abe-91cd9e730f5b,50,1,1,0,1,2
72d3456e-9b2f-418f-b934-2c78f98f4d65,50,1,1,0,1,2
5d103394-378d-4bb9-89a7-5e06f9d0850d,50,1,1,0,1,2
6ed5ac36-92ba-4c98-878e-164f35c6811a,50,1,1,0,1,2
982e45e9-7251-4ae3-ae52-891a39cdc634,50,1,1,0,1,2
e948694d-23c5-46cf-b95b-c12aa096fb5e,50,1,1,0,1,2
8aa90966-e733-4590-96d7-0d34cf3be5b3,50,1,1,0,1,2
24922d5a-e206-4105-9eb8-cd834fa9481d,50,1,1,0,1,2
057c2f5c-d86e-4ec5-a8d6-b19ec319d52d,50,1,1,0,2,4
8c503aad-f6db-44a9-bb1b-61349190a96e,50,1,1,0,1,2
797784b0-1895-4605-9b4e-fe341b06efd9,50,1,1,0,1,2
c291e267-0309-49b6-bc18-17cb37794bd7,50,1,1,0,1,2
3b7996c5-e24f-4e63-9462-680787365667,50,1,1,0,1,2
4fa3bce2-3192-4729-9108-901ad483289e,50,1,1,0,1,2
31f3a129-6b6c-4114-a1e6-d4b5f30f728b,50,1,1,0,1,2
dfc62988-0b19-43dd-a504-e7324c54e573,50,1,1,0,2,4
42bd339d-a2f4-4d2c-8aa9-5b8146c95336,50,1,1,0,1,2
516a14d3-b7ed-4674-b8ef-adf8c2f0500e,50,1,1,0,1,2
350cede8-77f8-4bd2-b4ca-b2c5ff6c9e9d,50,1,1,0,1,2
cdfe3eb3-3671-4394-8d30-cc8ad97f0e05,50,1,1,0,1,2
2a9dfc61-bdc7-434d-8e1b-43a2978a309d,50,1,1,0,1,2
e2ae0c78-4b06-4d62-9981-e510bf7cd87b,50,1,1,0,1,2
6d46ada7-99df-44e2-84bb-1afe1ea9eafb,50,1,1,0,1,2
c280b3f9-a719-4b2a-92da-ac9e447873fb,50,1,1,0,1,2
4dbf3d4e-1f7c-4d9d-89a2-5e3a9aca047a,50,1,1,0,2,4
1dd1c8dd-ea71-4135-8e7a-cda663c08ed7,50,1,1,0,1,2
95fc915d-647e-41fc-b8ac-e3bdd8414f93,50,1,1,0,2,4
63e32107-da8b-4184-b10d-64cacb8ac60f,50,1,1,0,1,2
8077e104-5f3b-4016-9121-99b45157b99e,50,1,1,0,4,8
59dfb322-775b-49c5-a3c7-603bc8096116,50,1,1,0,1,2
7094f96d-ef60-44f5-9377-b28968b8fa3b,50,1,1,0,2,4
d93041b7-4fea-4e71-a30b-a07452f6f605,50,1,1,0,2,4
1224ef56-af13-4e8d-a793-17f39cfdb7af,50,1,1,0,2,4
d4eb0e59-4fd9-4762-93d9-b7fda9ef496c,50,1,1,0,2,4
11d2061c-2429-4b04-aa7c-dd08896533e5,50,1,1,0,2,4
682fa26c-5031-4cfb-bda0-8e9f237df646,50,1,1,0,2,4
1ae64dae-18db-48c5-ab85-1282b499a0b5,50,1,1,0,2,4
b95149c6-fb78-420f-b905-3c09b50e4aa4,50,1,1,0,2,4
bfa7a106-2434-4e09-9ee5-a6d9077a022e,50,1,1,0,2,4
b7c69dbc-9a54-4df3-8028-3017094a1d1a,50,1,1,0,2,4
a7aa409b-a90e-4653-ab5f-ffa845a16367,50,1,1,1,2,4
459c74b4-775e-4e7c-8519-23d39fdf67c4,50,1,1,0,2,4
b626600a-c364-45b6-b31c-258e3448157a,50,1,1,1,4,16
4b575b0a-a4d8-4fe3-95e6-d504a3692372,50,1,1,0,2,4
86240378-73cf-4124-8a50-7180e305244d,50,1,1,0,2,4
8622e3a1-a8e2-4244-b8f0-63c394b09170,50,1,1,0,2,4
dd070b9e-236e-4d24-85e4-4e9feff5d35f,50,1,1,0,2,4
07a82138-5b47-49f0-90dd-bc1845f62fdf,50,1,1,0,2,4
71a1cd96-64c5-4939-a179-3085d79257eb,50,1,1,0,1,1
6a572a08-e760-4b1d-bdde-5cd969e2ae29,50,1,1,0,2,4
677e2e0c-cca0-44e2-9f98-7ed4a9fce6bb,50,1,1,0,2,4
2a04e9a1-d0f0-446a-9b6c-984b772fa891,50,1,1,0,2,4
320ad33d-bbdd-4a06-b8cf-dd0a9440628f,50,1,1,0,2,4
3b7cf2a7-334d-4eab-aa3f-6badf6229d63,50,1,1,0,1,2
971a2cfd-d5d4-47f9-a9f0-959fd6c9b249,50,1,1,0,2,8
695a440d-926b-4f8a-bb50-8761b3827aca,50,1,1,0,2,4
70cf7d7d-1d97-47e3-8b44-e7ed47b91dc8,50,1,1,0,1,2
1269ab12-5878-44a6-9501-f5eec422b715,50,1,1,0,1,2
e5e7cf2e-9a51-4b23-a0b2-8dbd860128ab,50,1,1,0,1,2
646f5aa6-3025-4228-9e20-2823081a8871,50,1,1,0,1,2
43c62454-4df1-495a-b579-2669f32ad646,50,1,1,0,2,4
4c357ece-4932-4b00-8cad-496c1adce914,50,1,1,0,1,2
00a3e1df-9ae8-4b05-a91d-2f45374a8233,50,1,1,0,1,2
ec3bf432-de7f-4430-b833-80d9e6435ab6,50,1,1,1,4,8
c4e4b168-4213-4386-b184-48928acc308d,50,1,1,0,1,2
d9a48c32-f078-459a-b384-e527d3a1c566,50,1,1,0,1,2
a693fcc3-71e9-476d-aba1-3b0065b32335,50,1,1,0,1,2
abee6b40-4b81-4638-bc0b-4202e6b94bb8,50,1,1,0,1,2
41480289-9c0e-4a15-bff5-5ce3a0b787ba,30,1,0,1,8,32
4a7b54a0-99d1-4b42-9c35-153586bfe480,50,1,1,0,1,2
a5990203-65f8-4bde-ae49-d1943da8a908,30,1,0,1,8,32
ee739875-c0f5-4f96-b859-54599d365001,50,1,1,0,2,4
acb290b4-95c3-45bb-a7d6-4fb4deac00b7,50,1,1,0,1,2
a7656d54-2fea-4d20-8da5-be9666b2a564,50,1,1,0,1,2
d3953797-33c2-44d5-88e6-687fd66ab095,50,1,1,0,1,2
497ce0c1-c433-47cd-a2df-a972807803d1,50,1,1,0,2,4
2303d888-10f0-4514-9c14-f2677f853351,50,1,1,0,2,4
f57c8fc7-1d30-49f6-8942-a8bd80343442,50,1,1,0,1,2
06eb453c-8af7-4a09-9f8d-11c213a26860,50,1,1,0,1,2
a2853840-71fe-44f5-bb2f-0ddb802995d1,50,1,1,0,1,2
7d3e8c6f-1b5a-422d-b0fe-11969c9b851c,50,1,1,0,1,2
5c4a1c02-7218-4886-8fcc-d065f88699b3,50,1,1,0,1,2
93415171-fba4-46ea-842c-6ef8f7d4aed4,100,1,0,0,2,4
22d136a9-787c-4055-821b-c5ca42762031,50,1,1,0,2,4
5b9faaaf-d9cb-4ca3-8b21-db55bf2c259c,50,1,1,0,1,2
99e0f6f5-fcde-4ec1-ba94-59bc6abb0c25,50,1,1,0,1,2
a5557379-c731-4ef2-a238-b404a422782c,50,1,1,0,1,2
b93eabfe-27c2-4352-965b-d2b6c7efe06c,50,1,1,0,1,2
bd71ad3a-057e-4e7e-a323-a63af7802d18,50,1,1,0,1,2
c1f45817-a7b1-479a-9af6-fca64624beff,50,1,1,0,1,2
22ffcc8a-031a-4fe4-b61a-b6ee575320d4,50,1,1,0,1,2
68e8d63c-6b3c-41df-9059-8e44b67be994,50,1,1,0,1,2
7dc03ccb-953f-4b22-a4ae-10a276e31cca,50,1,1,0,1,2
004a657f-4f56-43e1-86eb-c6720ec05148,50,1,1,0,1,2
441cea4c-06e6-4376-960c-f24744bad08d,50,1,1,0,2,4
7f576cae-ee41-47a0-babd-cadb72525cea,50,1,1,0,1,2
17e5e8c7-9d8f-435b-b599-ccde84a84904,50,1,1,0,1,2
06090614-1d9a-42c2-b955-9a9c3aaa9690,50,1,1,0,1,2
14cddec2-c663-4629-b419-3ce0a9cec262,50,1,1,0,1,2
77826c22-2b9e-4294-8f6f-cb3915f46325,50,1,1,0,1,2
b5c09957-5493-4de5-9dc0-c19501efa5b9,50,1,1,0,2,4
2f584137-3ba0-459b-a51f-a21c2e22d672,50,1,1,0,1,2
d8ade3f8-fe45-46fd-8d36-00ec4581986c,50,1,1,0,2,4
0790d431-3f81-4b15-ba68-fbaef9e3081b,50,1,1,0,1,2
dc719ead-734c-42ad-b3eb-6db0a67d65ff,50,1,1,0,1,2
5c037737-a1d6-4f78-ab32-17f04e893485,50,1,1,0,1,2
9013894d-5482-48bc-9406-48fe15a8c100,50,1,1,0,1,2
eac516b2-ec44-447f-aa50-f6f45668f114,50,1,1,0,1,2
775c0151-c9a8-4dc6-aad0-427714eb5858,50,1,1,0,1,2
7331e890-3ed1-4d16-ade3-eaa5855a690d,50,1,1,0,1,2
74e90116-91ca-4792-888d-d9d7ada66aaf,50,1,1,0,2,4
49b3d37d-42eb-4bd2-bd54-918da307f4fb,50,1,1,0,1,2
ca92b174-f0cd-47d3-88d6-ce63cb9cae06,50,1,1,0,1,2
600c55eb-4aed-4ed6-a2dd-e0558caa8251,50,1,0,0,2,4
0d395780-4ae3-44aa-bff1-05bdbc1e44a7,50,1,1,0,1,2
c59d8af7-e7c1-44a4-8da8-bcb73716cdd5,50,1,1,0,1,2
ce71b36f-ac3a-4a35-9799-8ce1af1dbe5a,50,1,1,0,2,4
682af994-bc18-4c19-95da-590c381a5830,50,1,1,0,1,2
2cab514c-15f3-46f5-bdff-a82f35a5534f,50,1,1,0,1,2
b228ba94-af9b-4160-9e2e-2f0af48c35f6,50,1,1,0,2,4
ce782c4a-aaae-4316-977d-637b344415a8,50,1,1,0,2,4
ab3fe6f4-d6a3-4369-a49d-99d70cfc90de,50,1,1,0,1,2
e4d9c8ad-948f-4af3-9e2d-c6f99e5d10cd,50,1,1,0,1,2
22cbaa92-fd05-4738-89fd-1b351664917e,50,1,1,0,1,2
c503eed0-5aa2-4c5e-b399-b705d410de59,50,1,1,0,2,4
84db611e-c436-4fad-bb7a-608ed13138fb,50,1,1,0,1,2
aaf21515-c685-4e60-b0da-9c244f271d5a,50,1,1,0,1,2
cf9dc00a-5a35-44a7-933d-c3e0b200cfe8,50,1,1,0,1,2
1ec9355a-01e3-4eef-8f1d-075ee58c5f40,50,1,1,0,2,4
bff9568d-d227-4e49-8ce8-f93aa1370b98,50,1,1,0,1,2
d822fe74-97a1-4c4a-941c-35661e3074cd,50,1,1,0,1,2
3a41c261-1b3a-4099-b06a-bb4aadc5e7a8,50,1,1,0,2,4
5d010da9-6051-4f03-acaf-1f97d5aa8349,50,1,1,0,1,2
00edc4e9-90a2-4a7c-8d4e-3beae1bb9328,50,1,1,0,1,2
6b71a3c7-7b59-4c45-9d13-711a5a77b2e8,50,1,0,1,8,64
ae3f55b9-cb53-407e-a255-dcf88e1e7e7b,50,1,1,0,1,2
e861eb7a-e112-484d-b4ca-c3d38be49919,50,1,1,0,1,2
28576557-706e-43d4-9902-7118f48e12a3,50,1,1,0,2,4
b1dfda2c-82f1-4bb2-aef9-ba5038bfc8d5,50,1,1,0,1,2
804ea472-8414-4690-b036-512f1aee28d9,50,1,1,0,1,2
283226a9-5640-4460-8469-868fd1c9d241,50,1,1,0,1,2
483c0d6e-0426-4c58-a6a8-13e08b366dec,50,1,1,0,2,4
de64746b-999b-4172-888a-40fdc679bc8a,50,1,1,0,1,2
8910ce04-85a6-498f-b9d5-eda18217b3e3,50,1,1,0,1,2
493670dc-639a-4ca8-b3d9-34f098c481cf,50,1,1,0,2,4
9901d795-a44f-4e64-b5f9-da2720523db3,50,1,1,0,1,2
c3cda2d6-e616-4323-aa3d-75e5a09297e3,50,1,1,0,2,8
7b4336ad-a9f9-4758-9ec8-7ee33c21a300,50,1,1,0,2,4
59eb7d01-db56-4f8d-b244-b18f90eafe18,50,1,1,0,1,2
e06ac322-00df-498f-b5a4-2cb5e5adcaea,50,1,1,0,2,4
55a8f7d8-16ea-47b1-87c7-7626f5c75a09,50,1,1,0,1,2
415c1aaf-9a1f-4332-b22c-8ebc5bf7ac7c,50,1,1,0,1,2
8240044c-445a-4630-8976-5783825ae550,50,1,1,0,1,2
9caf928b-378e-4a5d-863e-9dc5123a963c,50,1,1,0,2,4
20c5284a-ee1b-43bd-aa4a-f3dd09095a5a,50,1,1,0,1,2
90c9e962-799f-4836-b0bd-ae4f08c50216,50,1,1,0,1,2
b514a67f-cfd6-4521-8448-6f1d2bb3a8ea,50,1,1,0,1,2
c80730b5-1a95-4bf6-8b82-f6c7ba707387,50,1,1,0,1,2
8a713b2f-e24b-41d9-a94a-83317f080dd1,50,1,1,0,1,2
733d5488-9a9d-4bcd-8ac4-d2bc49a4cb0a,50,1,1,0,1,2
8c58fcce-3cb8-48ff-bcd9-9273a290165d,50,1,1,0,1,2
b2369b58-480b-4586-9766-7d4d59f73fb8,50,1,1,0,1,2
554cf5ad-49b3-474c-9af3-15fcdc3251c0,50,1,1,0,1,2
ed03bb93-ce46-4897-9b61-080e74bc9ca5,50,1,1,0,2,8
9698efed-3a05-4720-8e14-9ab23d4d5b19,50,1,1,0,1,2
342274f5-8e27-4ead-bae5-6e345a937599,50,1,1,0,1,2
ad6c9e97-c260-4c82-b808-50922d52dc25,50,1,1,0,2,4
389972a3-48b0-4a4e-9552-700c2eff701b,50,1,1,0,1,2
da691169-08f7-429a-a365-f612efb02ed3,50,1,1,0,1,2
14e63378-1cc3-4c6f-ac8e-75728548116b,50,1,1,0,1,2
01cb457c-d2e5-4198-a699-fdf38022ea13,50,1,1,0,1,2
14bb248a-b214-48e1-acf1-8149225bd58f,50,1,1,0,1,2
d203d859-8464-447b-ac22-37f731e8ac35,50,1,1,0,1,2
81e6b9c3-4234-4c32-bbc9-84d51cbaf44d,50,1,1,0,1,2
5902b117-3f5d-47c6-a4ea-de12596ebe4c,50,1,1,0,1,2
bff477e9-b376-4524-9845-acbbb09c82aa,50,1,1,0,1,2
2c392f64-3141-4543-9c96-41a231c21330,50,1,1,0,1,2
cb230dbd-c944-4e6f-bae4-55c4e4611a53,50,1,1,0,1,2
3dbfe049-0d87-44e3-aaf6-26921ab9bb1b,50,1,1,0,1,2
bdf07173-6837-432b-bebc-eaac745d6962,50,1,1,0,1,2
2de476c0-c71f-4a96-9bc4-335a4bdb596a,50,1,1,0,1,2
44fab3a5-bb70-4c09-8744-990c89e9187d,50,1,1,0,1,2
207d1ef0-bb69-4dcd-8862-cc40903d079d,50,1,1,0,1,2
78b9e99a-e3a6-4923-a3e9-23dc95a68776,50,1,1,0,1,2
a9bc4241-c8ee-4a9a-9d1a-c16596076215,50,1,1,0,1,2
42c2adc4-e332-4e80-a508-10aa6ced9c49,50,1,1,0,1,2
42749aa3-2b4c-4a33-b097-83b2fb0c3415,100,1,0,1,8,64
0336d894-5819-45ef-b8b9-2b8201ae0105,20,1,0,1,8,16
679916af-acbe-4ff3-8456-4fef25fe9e71,20,1,0,1,8,16
74ab2df4-7ba5-4a0c-8d96-eaa4d6a033f2,20,1,0,1,8,16
dc6c5eb8-ce68-4bfb-b1f6-787ce23a1dba,50,1,1,0,1,2
7f4c0480-68de-49a9-aa51-12961ca94b23,50,1,1,0,1,2
afb9b046-1645-4d8a-8ceb-bd6fe4c2e292,100,1,0,1,32,64
0df9cd7c-1eee-474f-85a0-13b8539ff327,50,1,1,0,1,2
412bc396-7aba-42cd-9960-bd1e9fa13c25,50,1,1,0,1,2
9243570b-051e-4447-9dac-91f1cede0b6a,50,1,1,0,1,2
9b6ef40c-b1af-47cb-a063-8142d0f1f7c5,50,1,1,0,1,2
21cfe574-2e5f-4433-96ee-909522e2d5ad,50,1,1,0,1,2
3805ef5c-5a5f-4cd9-bfa6-6658eead5d0a,50,1,1,0,1,2
17b42d63-b029-46a1-8458-850eae53c79f,50,1,1,0,1,2
62fe2a16-8544-42cf-b4db-3de60e69f1fe,50,1,1,0,1,2
c61f0bba-1317-41c5-bdb6-c27ff94eb89f,50,1,1,1,8,64
6f1f2d15-7203-41ec-9a40-ec8dadb4affb,50,1,1,0,1,2
716b6bcc-b236-4ec4-abcc-166d5871dd30,50,1,1,0,1,2
2777cf2a-f74c-4626-ba1a-afa11d21eaea,50,1,1,0,1,2
497bde9b-7f1e-490a-bb5c-278349043030,50,1,1,0,1,2
8e246915-5ac9-4704-b321-acd2a9b596bc,50,1,1,0,1,2
20a33d09-c946-4404-8215-84d59fb77045,50,1,1,0,1,2
ce057e14-8fb5-4b6e-b7b8-8f1198a81a46,50,1,1,0,1,2
2e931233-3792-43a1-866b-8ca40dee58b9,50,1,1,0,1,2
3179f46d-d557-4ff1-8e46-1cd682db045d,50,1,1,0,1,2
e39e0281-a5d4-42ab-8a10-a730965e4c43,50,1,1,0,1,2
24ca0860-5450-4c6b-a821-4a9b72a341b7,50,1,1,0,4,8
0cf337c3-60ad-4201-b40c-3981405b30d6,50,1,1,0,1,2
0c587956-2658-47df-81c7-7af4f3f83e85,50,1,1,0,1,2
92c26a59-49fb-42b5-8ed6-99621d1b9fde,50,1,1,0,1,2
8fa7a568-afed-4442-abe9-ac16fd6a8f67,50,1,1,0,1,2
f7a77b97-f620-4938-aa28-10c52fd1c86a,50,1,1,0,1,2
f91cbfd8-a5e3-40e4-ba3e-7434d8d919a8,50,1,1,0,1,2
fa0df528-37cd-41c6-8dcc-7a8d4d8d98c1,50,1,1,0,2,4
fa2795d3-be26-4814-bd1a-ae1c78eb0c40,50,1,1,1,8,16
fa87c38b-bfef-4b5f-9b12-82fe0461d5d3,50,1,1,0,1,1
fc177943-675b-4f7e-b3c5-1843d3c00a95,50,1,1,0,1,2
fc33a76a-ba7b-4491-aa5e-307a11f9b213,50,1,1,1,4,16
fe25b1fb-9c99-4359-9a02-5f5876638294,50,1,1,0,1,2
fe9dc0fd-bee9-45d6-9184-5512fbffe5d3,50,1,1,0,1,2
ff191eb8-90f9-426d-9ee8-558f7dd154e5,50,1,1,0,2,4
ffbf4cc0-0b16-45fc-9db7-d2e011fbe43a,50,1,1,0,1,2
8a316298-56f2-4e29-a2be-faa99c3479ae,50,1,1,0,1,2
9be11d00-5ddd-4ead-8c24-eb85ee555121,20,1,0,1,8,16
d8f73b32-4136-431f-be2e-5d79e2b12117,20,1,0,1,8,16
f1e68407-be52-4561-a2a8-8ca91f2b7e48,100,1,0,1,32,64
933782c3-f351-4ee4-b93a-4c13a81ae648,50,1,1,0,1,2
17e96653-33a7-42e0-8908-e343b3c9c758,50,1,1,0,1,2
f59c39b0-da39-4dda-bb7f-235deab7edfa,100,1,0,1,8,16
ecd64b69-d5e6-47c2-bac3-8b2877e16425,100,1,0,1,32,64
2a226dd1-c20e-4b90-a2cb-f8adfac2fcb9,100,1,0,1,32,64
592e9412-dd24-4ceb-ad94-5089c8426c38,100,1,0,1,32,64
60f6c632-0597-4690-b8c0-68eafe08875a,50,1,1,0,2,4
0ca5c98b-fd9f-4a51-9e71-e75251e508c9,50,1,1,0,2,4
2df706c9-c90a-4d8d-ba9d-57911d46c3c2,50,1,1,0,2,4
e5802f49-6408-4784-ab00-f6a25f40a4b7,50,1,1,0,2,4
0ece4927-2ceb-4c7d-b6fd-fbdf31b5b18a,50,1,1,0,2,4
cda583c3-01cc-4af2-882e-f587bf8d885c,50,1,1,0,2,8
faa6e8ba-551e-4b99-87da-2d160d913749,50,1,1,0,2,4
02177032-5af6-4c16-8d83-08cc99b20834,50,1,1,0,2,4
72010fb8-59e6-4fa1-ab1c-3e42ccbaf293,50,1,1,0,1,2
bdaff3de-19cc-4f3c-9dbe-a77a15bdd9e9,50,1,1,0,2,8
a6d8cbe1-860c-4f3d-bb4c-8e8f202febbf,50,1,1,0,1,2
0d2c72aa-0e9c-4f49-a2c8-2c9e6f86c2f0,50,1,1,0,4,8
d8aec047-f0d1-4296-b392-b23e7a75bafe,50,1,1,0,2,4
ef0bdae8-c8eb-4554-9643-c43da6f150c5,50,1,1,0,2,4
6741ab45-50bf-4d2d-84ba-6789bc1f7697,50,1,1,0,1,2
28e26297-a51c-4081-a777-aff599017ff5,50,1,1,0,1,2
49de3402-fef4-4666-8fb7-ca91297b3b17,50,1,1,0,2,4
1f8fe9b5-1f64-47d4-a8f1-6da8f3f75c30,50,1,1,0,2,4
ce7fb127-d4c7-48b4-afef-98651109f246,50,1,1,0,1,2
3700832c-6715-49cf-a467-d3418b2edd9a,50,1,1,0,1,2
fddf1d7c-b291-40ea-9b62-85454a697c50,50,1,1,0,1,2
64ba5ecc-32c0-4200-9a66-db1b87c00f41,50,1,1,0,1,2
757619cb-6d7f-44c4-864d-df4545f7c44f,50,1,1,0,1,2
f4b5f258-d37b-47e4-b452-cfd6fbc91cd5,50,1,1,0,1,2
c0f73ac7-e7a0-4cfa-a8ce-5b6f879995af,50,1,1,0,1,2
74e03cfb-4ac9-4e22-98fe-cf2f549a7065,50,1,1,0,1,2
d144dc74-b2cf-468d-8f32-91b9a7617635,50,1,1,0,1,2
78c14154-cb24-4d2f-9a55-ce87254ff3bf,80,1,0,0,2,8
dea0c6fc-9fdd-4ffa-a7ea-9c634ff7c53d,50,1,1,0,1,2
b00a9542-9a10-4c4d-86ed-15746434b88c,50,1,1,0,1,2
26717625-7635-4071-a428-461406375cc8,50,1,1,0,1,2
f92ad882-7da4-4a11-9cf2-ccbe0c3c0650,50,1,1,0,2,8
6366e47c-ad9d-4a1b-aa49-374cc242253f,50,1,1,0,2,4
71283f8d-5f6c-46bd-be11-4ee3df4ab56c,50,1,1,0,1,2
4225d8af-30e8-4136-953e-d007a0884201,50,1,1,0,1,2
b5236c3f-0b20-451c-986a-4c75b2ba94be,50,1,1,0,1,2
52c95058-30d1-4a27-96fc-2b1fef54b674,50,1,1,0,1,2
b9ea9cae-8c0d-4228-8f81-4a0edde42012,50,1,1,0,1,2
dd8bae71-9395-4067-b175-1b2ff9ced01a,50,1,1,0,1,2
cedfd0de-a93c-4bc8-bcb1-f52c6bd0a53e,50,1,1,0,1,2
ec2d377b-5956-4b4d-ab6a-862e54426713,50,1,1,0,1,2
ec221f0e-60d9-4b2d-8143-adc82dd7751d,50,1,1,0,1,2
642ea91a-a5d6-46b5-9be4-835bf1a3e838,50,1,1,0,2,4
01ef6b47-4280-44ad-aae8-813b50325d1b,50,1,1,0,2,4
1af34656-e848-4cac-bb99-ea6dcefb975f,50,1,1,0,1,2
bb8f1050-49c5-4c30-8ed5-df2d4879763a,50,1,1,0,2,4
7fffa9fb-2775-44ee-a4f3-0f9824b632b7,50,1,1,0,1,2
d7a17113-3cb6-467b-b246-820a283d7dec,50,1,1,0,1,2
8b7a13b1-1e62-4445-bc8f-cd59a19fa002,50,1,1,0,1,2
dd87504e-c258-4279-9dd0-d60b5ffc6b69,50,1,1,0,1,2
21608c7a-a7b9-4039-a676-ba5c490e3b98,50,1,1,0,2,4
760a6402-6cc3-4f77-bf40-005c01577b43,50,1,1,0,1,2
35e6c792-0300-403b-b63b-37fe6acbcc54,50,1,1,0,2,4
cf7c1374-79cd-4047-83ff-5607b09b2656,50,1,1,0,1,2
4a1ce581-dda6-478d-b302-da506771cab0,50,1,1,0,1,2
6ce37770-0d9c-4167-b48a-35768dcd72d6,50,1,1,0,1,2
93fd673b-d89f-4ab7-aacb-9115cdeded40,50,1,1,0,2,4
ccbf63fe-449c-40f2-8f93-173238d6053c,50,1,1,0,2,4
46692a7e-a731-4bb8-8eea-13f72f7decba,50,1,1,0,1,2
1675951d-98fc-4c7b-bf27-bd98952240df,50,1,1,0,2,4
5262e34d-c13f-4b01-80da-4c36df45f320,50,1,1,0,2,4
83ceeb7c-ba18-4e1e-a1cc-d66fa07fcf46,50,1,1,0,1,2
c966a3e6-1231-4188-94f2-d5ea8bfdbb29,50,1,1,0,1,4
65c72574-8acf-48eb-898b-4de4fde9d067,50,1,1,0,1,2
dbdcd529-6699-46e4-be74-6d25814dd9ce,50,1,1,0,2,4
46b1e029-064f-4bf3-ab3d-15d585e69fc0,50,1,1,0,1,2
77377cb9-d9c1-4c16-aa7b-7650f0792cdc,50,1,1,0,1,2
b15c90e1-b209-43b2-b6c9-f488f6d870e3,50,1,1,0,1,2
382463f5-a64b-49ab-ae37-aff5041b7abd,50,1,1,0,1,2
e6a8d879-a32b-4223-af73-909f83bd2120,50,1,1,0,1,2
5f3c0a08-7f2b-4e12-be37-0b3ab63702c7,50,1,1,0,1,2
2407e1d0-04bf-4af6-b7d7-203c707becb0,50,1,1,0,1,2
c8f3400b-bf30-425d-b4cf-f1f85c1b131b,50,1,1,0,1,2
66ef08e5-a6d3-449a-93fb-e936041e909b,50,1,1,0,2,4
e767429e-39c3-4b3f-8f11-e72a9d884fe2,50,1,1,0,2,4
cb3bc9ea-0274-4070-8548-3ab9b0132f81,50,1,1,0,1,2
6189afe9-ee58-405b-be51-24d1b69cf100,50,1,1,0,1,2
dd0dd9ab-14a0-44b7-b21a-6511873c5c3b,50,1,1,1,8,32
1c5e1a8a-7c71-43c4-a713-5e159dd5a242,50,1,1,0,1,2
7822f56d-78ce-4817-8047-b889edbd4cf5,50,1,1,0,1,2
ce42c751-aa73-41be-988c-5f281f61e878,50,1,1,0,1,2
f9c2b418-7915-4c88-877d-2ca6590ffae0,50,1,1,0,1,2
9766bcf6-8be1-45f4-977e-dc70e4666f6a,50,1,1,0,1,2
98276183-e21a-4161-ade3-2406fe6a8361,50,1,1,0,1,2
4cbf7407-632d-45da-abf6-a0dcbfbe6779,50,1,1,0,1,2
f07c9ce6-5d70-4e01-9add-dd4cf52330fb,50,1,1,0,1,2
ad06cc7a-1085-448b-bc55-1c441c02fc83,50,1,1,0,1,2
c4c2bf57-61ab-477d-83f8-7dc016f6de3e,50,1,1,0,16,32
8ed674c8-c9db-43c3-add1-303384bf1a1e,50,1,1,0,1,2
463ebca2-8d92-4cc4-a6b1-1c9a0d4978b7,50,1,1,0,1,2
b7862d39-95b9-41a4-bade-42ea793a6fba,50,1,1,0,2,4
cad8536a-6c2b-46c5-8c5e-a2815035c82a,50,1,1,0,1,2
0f08c286-31d4-4c74-9bb2-a574962096d8,50,1,1,1,8,40
abf59712-63c9-446b-8f6a-6030a5f10746,50,1,1,0,1,2
ccbb416b-a31f-42f2-948f-286a34c0f3d8,50,1,1,0,1,2
6f7e5e1c-a746-402a-b381-fd795b40a7d4,50,1,1,0,2,4
760a4ef6-3c57-40fa-870c-29ecd2d177f2,50,1,1,0,1,2
183543d5-09b7-404f-a7e3-9707c9f15e11,50,1,1,0,1,2
7c79f7c8-0334-4613-a3a3-def484ac45e2,50,1,1,0,1,2
6496be84-d5da-4087-8c05-8d82f2519b57,100,1,0,1,32,64
b7cceb5d-1b25-409f-9f9f-05a3612cc17e,100,1,0,1,32,64
85499d76-43e9-4922-818c-e078611c48e3,100,1,0,1,32,64
8d4bb8f9-c58e-4293-ad35-d80b7237a4af,100,1,0,1,32,64
f351c646-e414-42e4-a050-deb830c29ebd,100,1,0,1,32,64
b0c7a867-f7eb-49c2-9016-4e6c0d6ec7df,50,1,1,0,2,4
1e800a2c-7d51-4857-9aa9-ae5086e456a6,50,1,1,0,1,2
6a696a15-8c97-494d-a3ed-b1231aa574fa,50,1,1,0,1,2
bc00b02f-56e1-468b-92f6-6aed1dced877,50,1,1,0,2,4
ad3a6dba-f064-41e7-bdfa-0867fbcb175c,50,1,1,0,2,8
bf96b0f3-e4ec-448c-9bad-fcd3dac06a26,50,1,1,0,2,4
0987b563-1135-4344-a927-dd9f671d8ea8,50,1,1,0,1,2
a23a4beb-5ae5-4b03-a207-cfcf64a4c174,50,1,1,0,1,2
53b2d46a-dec3-4b22-a11a-7692c8c1bfe5,50,1,1,0,1,2
64e54ff0-fc63-4be6-ae34-3e57848d64df,50,1,1,0,2,8
b22a9663-1937-46d6-bff5-f46589cf7af9,50,1,1,0,1,2
167f9b0b-bf07-426f-9566-d2207c2b21bb,50,1,1,0,1,2
50d987ea-78a6-4f01-be54-30dd3c7f7313,50,1,1,0,1,2
8bf0d342-568f-40f3-aac5-4cadad8ebe64,50,1,1,0,1,2
ba04ffe1-9e6f-4687-8778-052862c28bea,50,1,1,1,2,4
2bf85b5d-0a59-462f-841d-fa3abac731ab,50,1,1,0,2,8
6d44bb9e-2688-45c1-9efc-2a4bab87d2b4,50,1,1,0,2,4
3ba80859-64bb-4b22-820c-22ab2374eaea,50,1,1,0,1,2
ed0ff65c-132f-4d46-8e36-46dfb052e7e6,50,1,1,0,1,2
e12f05f0-949e-43ff-88bb-83f24874a404,50,1,1,0,1,2
5d07d3c6-4e11-4ab1-bb25-c3c41ec375bc,50,1,1,0,2,4
fecec378-162f-4c2d-80c4-b4d220c3d53e,50,1,1,0,1,2
261cdd47-c07d-4825-bf50-b0351f0b7846,50,1,0,0,4,16
b9e80270-45af-492e-9a03-294d2feac33e,50,1,1,0,2,4
5fb97eaf-88ef-4399-a67d-2b9a9bbc3d1a,50,1,1,0,2,4
20ab1608-d5b9-46e3-926c-6d8ee91043a9,50,1,1,0,1,2
bb0f4661-bf8d-4fa1-b6a5-456177d9c919,50,1,1,0,1,1
a38eff98-269f-4f88-af7e-6f8e06fc67e7,50,1,1,0,1,2
6af10792-6819-40dc-b19f-559e7feb468f,50,1,1,0,2,4
906a0bde-886f-48e0-af11-07e29bd07c86,50,1,1,0,1,2
3b6b94cd-c413-4b7b-bf59-1633e78fac8f,50,1,1,0,1,2
4f63e263-ca2c-45d4-ad4b-f93ec89137f2,50,1,1,0,2,4
124b3204-a73d-49cc-b7ca-bd68dad21840,50,1,1,1,4,8
379a5f40-dd6f-4fb3-b4c4-3a62abcba4f6,50,1,1,0,2,8
12387380-9793-41a2-bac0-99b9cf41bf2b,50,1,1,0,1,2
265ae196-3574-4f0b-8e21-f5e5729dc253,50,1,1,0,1,2
843c8d41-1b2c-432d-beff-951424957fba,50,1,1,0,1,2
1ce58428-ee9e-42bf-a7de-fe9dc61963fc,50,1,1,0,1,2
9ff681bb-ed71-40cc-9a3a-0f909ba515f4,50,1,1,0,1,2
7af1ccd8-dbd3-48cb-8e11-a8a926724033,50,1,1,0,1,2
8d4664a3-9a27-4514-92fa-5309bfb3874d,50,1,1,0,4,8
c84682e4-5eb5-4ae2-89f4-f233456cee61,50,1,1,0,2,4
c18c09ae-a0ec-4474-8a93-64b2263f2761,50,1,1,0,2,4
b04c5cdc-ef61-44fc-a2f1-b794d9fe333b,50,1,1,0,2,4
6abea8a5-ddad-4088-ad6e-d62bd81cb597,50,1,1,0,1,2
e668636e-9792-4730-8675-1ddd8cd478f1,50,1,1,0,1,2
cbccc1b7-5833-41f3-a777-d1fddff39f61,50,1,1,0,1,2
7922baf6-bd29-46e6-a3f4-3ad1abb84690,50,1,1,0,1,2
4bd42566-396c-4708-b67b-c892de36be30,50,1,1,0,1,2
36ea9b9f-e3c2-4d34-8c00-433297c1152a,50,1,1,0,2,4
96b3f258-bd86-4ae7-9ee9-b2fac32d34f2,50,1,1,0,1,2
ba0dfd88-4287-44ea-bd63-81e999d747a7,50,1,1,0,1,2
7cebd252-15f6-4b19-a609-9fe049dd7fe4,50,1,1,0,1,2
c9db96e6-3ce9-4d43-99ec-6749901953d3,10,1,0,0,2,4
a4912e59-6b62-419b-b3fc-9c1ab954cd38,50,1,1,0,1,2
7f845b95-977b-4a64-9f85-7f3eb89ac540,50,1,1,0,1,2
b68462f7-0f7b-40a7-829a-94e8f33aeab6,50,1,1,0,2,4
2ddc0bc0-16c3-4cac-82eb-cc88c6a96e69,50,1,1,0,1,2
67999337-6e2c-473a-8828-29d634b51831,50,1,1,0,1,2
586e2697-35fc-4cc5-83ed-ff3f0d9a96e0,50,1,1,0,1,2
03500cc2-78ab-4e38-86cb-43dfced5ec3a,50,1,1,0,2,4
1acb61fc-3383-4b4a-ace2-17cdcb5cec62,50,1,1,0,1,2
c9666d51-7358-4c21-9150-e847d1697044,50,1,1,0,1,2
cbb388dd-dc01-4e76-8ea2-d3fd0496dc85,50,1,1,0,1,2
b6cc4c93-084c-4f98-ac89-6b83883b082b,50,1,1,0,2,8
fb764090-dc06-44f1-b5fe-c5b73cbfa2cb,50,1,1,0,1,2
eaba8bac-a4f8-4eb7-b631-ea8eb2fc12ab,50,1,1,0,2,4
e1cc77b3-0be9-44b6-9f9b-621a32525274,50,1,1,0,1,2
69b039d9-8e2e-4b79-a003-58113ea68bde,50,1,1,0,1,2
efa60a51-5887-4f66-afa1-eb30fc1eb721,50,1,1,0,1,2
7f86a891-e210-4a7f-b454-4681eefe0f7b,50,1,1,0,1,1
224a646f-29c8-429e-9b9d-94f3ea520fd8,50,1,1,0,1,2
def56131-47e9-421a-9c6b-356111155ee1,50,1,1,0,1,2
e5822e35-f970-4060-b049-2b2f66c476f4,50,1,1,0,1,2
d33794b9-ecd3-4290-88c5-466290781f87,50,1,1,0,1,2
d300ffd7-f148-4707-a21a-95a31c7ef98e,50,1,1,0,1,2
2efa8818-6c25-47eb-8a98-3e4607feda41,50,1,1,0,2,4
df2fd6d6-34e0-41d0-b076-601d2cabedd9,50,1,1,0,1,2
97e0e4b0-deba-4952-a35c-4ddc691f9cc9,50,1,1,0,1,2
237237f8-2755-46f5-92e2-7352eccf8673,50,1,1,0,1,2
0fac732e-d2da-49b2-b343-19059470d60c,50,1,1,0,1,2
7f37f96f-aa8f-49c5-bd1d-a17b6b5e81b2,50,1,1,0,1,2
777ed4ad-9242-479f-ba87-f47c74816b87,50,1,1,0,1,2
69bd5415-8cb3-49b1-b8b0-534284d802ee,50,1,1,0,1,2
af96b406-8b4f-49ae-b41f-3d344390b3ec,100,1,0,1,32,64
dd90fd05-c0fa-41f9-b7a4-f89dd401317b,50,1,1,0,1,2
393fba68-07af-4e57-a260-004b0a1eef07,50,1,1,0,1,2
612d4b7a-2489-40fc-b44f-d79b26d0107a,50,1,1,0,2,8
0e1f4847-3fc0-4c8e-a751-f1876e908590,50,1,1,0,1,2
632ddc9c-839a-442e-8dcd-0c468602f907,50,1,1,0,1,2
ba25d404-c682-46e0-840b-074b5a99607a,50,1,1,0,1,2
b58e6519-79bf-452d-925d-b75ac3126425,50,1,1,0,1,2
b17650b2-0775-4a4d-983f-d9d4c5a7d65c,50,1,1,0,2,8
6e0842f7-2130-456b-bc9e-01a7b6a0b7c3,50,1,1,0,2,4
f9d86af3-cab6-4b23-bea3-25f1d4e7cd6a,50,1,1,0,1,2
045e48f5-44ad-4c17-964b-149b52ab821b,50,1,1,0,2,4
fa8c274d-876d-4973-be0a-f44d693c07ea,50,1,1,0,1,2
3f5343e8-a3d6-43b4-b876-aa5b51cfbe26,50,1,1,0,1,2
a5423582-2693-400f-b567-ea8e00ae1f3c,50,1,1,0,1,2
e89a7858-2af1-495c-8987-bcb4b6c16542,50,1,1,0,1,2
1535d784-ec8f-4baf-bfdf-152aff1d79f2,50,1,1,0,1,2
1a01f9c7-b1dc-44b9-9142-564a8c559b4d,50,1,1,0,1,2
603fe52a-e029-4d9e-aac7-72e6fbf517f9,50,1,1,0,2,4
6faf078a-e154-4881-b250-9846a6cc006e,50,1,1,0,1,2
e7ad92fd-ac7c-413a-ab70-3b159f1e327f,50,1,1,0,2,4
9ce6c01a-475e-4a4d-8e3d-360082728071,50,1,1,0,2,8
64a874ac-c48f-4626-b125-8759b4849c2f,50,1,1,0,1,2
3537dba2-6425-4f1e-a564-f9541840fa74,50,1,1,0,1,2
007389d6-8400-4222-af7a-c1a276bf6d15,50,1,1,0,2,4
135f4183-c0ec-4f42-97f6-874d0e5c4bcf,50,1,1,0,2,4
7ffd6919-ab42-4e04-b774-8f60d9bbdf00,50,1,1,1,16,32
50c21359-0d2c-434f-9f16-5a37743ec662,50,1,1,0,1,2
47732daf-1425-4c26-92ab-8a10af11e4ec,50,1,1,0,1,2
ecb8e921-681a-4630-aadb-a69cf0138481,50,1,1,0,8,16
c8b5a092-5224-46eb-be45-6c8ead02fdf1,50,1,1,0,1,2
b9063e84-7932-4e11-95ce-fcf5745125d5,50,1,1,0,2,4
e85361bc-e4fb-4f99-a4c5-b1512804a44c,50,1,1,0,1,2
ead66879-5a1e-45ec-9d6d-a89f4cec850f,50,1,1,0,1,2
e8385266-e155-42e9-b8b3-372530e9be7a,50,1,1,0,1,2
7c650d72-a24e-44bc-9076-306e1b3fb7d7,50,1,1,0,2,4
ec447698-f83d-479d-9030-4c789ca4ac48,50,1,1,0,1,2
3f13beeb-22d6-4187-aca5-72e49ae6c23e,50,1,1,0,2,4
fdf8f696-35bb-40f1-9c66-e7a66cba4d15,50,1,1,0,2,8
c24ed15b-66db-4038-b462-33dac62d5cb4,50,1,1,0,1,2
07a6f791-2964-4bce-ae03-2dd7bc5d174e,50,1,1,0,1,2
4fc5447a-078d-4f3f-8222-5c3d67c51c16,50,1,1,0,1,2
ce12b361-e6ef-4c60-a608-bbff909b14ca,50,1,1,0,1,2
edb97c88-4f1d-4997-9a50-d2deadd14da8,50,1,1,0,1,2
0e6b3e85-8283-47f9-8541-60fb28be54f6,50,1,1,0,1,2
8f49f200-1c90-4970-a515-d1c831b85801,50,1,1,0,1,2
157d7a1c-83ce-4759-bda9-8699c5b433bd,50,1,1,0,2,8
c6608ac3-02c1-41a3-975e-5fa1fac3f3b5,50,1,1,0,1,2
c273c02e-334f-4814-9fca-83382a184ff0,50,1,1,0,1,2
f011862a-aa78-4c26-bce9-a47187107b24,50,1,1,0,1,2
bbc50aab-7c38-45a8-957d-7dd6e021bb35,50,1,1,0,4,8
36241b2d-19ac-45f3-a8a9-7e338e9f1611,50,1,1,0,1,2
87715606-e17f-4a38-b95e-0de587a2deb3,50,1,1,0,2,4
0d521873-e16b-46ef-866b-c4cc729488f2,50,1,1,0,1,2
e41a8952-0d76-40f9-a45b-8b32bdfc2208,50,1,1,0,1,2
e905af9e-1e9f-4a84-b83b-635a02c1df00,50,1,1,0,1,2
4e875ad4-dce5-459b-b3af-d5f6c020ea97,50,1,1,0,1,2
58b3e031-3d0b-4924-a715-d8dd9950cdc0,50,1,1,0,1,2
21b528b0-9ef0-4b17-8224-addabce29902,50,1,1,0,1,2
d997569e-d3a0-49bd-b88c-7f401e8ba260,50,1,1,0,1,2
e0a84563-4281-4080-a047-ed533c29336c,50,1,1,0,2,4
333af266-0e02-40a1-adde-ada72fd66a24,50,1,1,0,1,2
997ba336-f04a-4c03-98e5-ad5aabd7a6cd,50,1,1,0,1,2
54197520-7691-4537-8cb8-3b542754d0a1,50,1,1,0,1,2
40f9c9f1-4280-4eec-8fc2-6c7893379dfb,50,1,1,0,1,2
c3e2814e-fee7-44a2-8536-609ccb368d23,50,1,1,0,1,2
886a2e30-f57f-41f0-82f9-9bb48a0ebc3d,50,1,1,0,1,2
13089cf4-6e83-411e-94f9-63f3e93b6613,50,1,1,0,1,2
2b6a4fdf-cd5c-4387-966a-d83d08f8dd26,50,1,1,0,1,2
4ca20419-bc93-4b89-887a-eac78d19c1cb,50,1,1,0,1,2
21dbeb88-cfec-4f0b-ab1c-b76eb1a6054d,50,1,1,0,1,2
405d2890-52e0-4425-9d9d-82700fd0a2da,50,1,1,0,1,2
81a61543-8393-4c81-a048-6d7922a65cb2,50,1,1,0,1,2
731bb248-4375-4126-a9c6-9cb65dd5f492,50,1,1,0,1,2
c44fa676-5ffe-4895-bde8-2fb413fd164a,50,1,1,0,1,2
3ddcc937-a788-48d5-9807-2da1c13b5c45,50,1,1,0,1,2
ee32d272-8d68-4314-83db-e3a74650a1a5,50,1,1,0,1,2
83fa3143-f41c-4a19-af89-ffa4481a9f7e,50,1,1,0,1,2
3a78ef7f-5d13-4bfa-a3f6-52a0fe487007,50,1,1,0,1,2
1a5a98ef-6dcb-402d-9dbd-c34e532b3507,50,1,1,0,1,2
62dc691f-ba56-4162-ba60-8738854e7cb8,50,1,1,0,1,2
eb90c045-33c5-40f4-9eed-773b768e44ba,50,1,1,0,1,2
e333c28e-3454-4c65-bf7f-8781e4d9d331,50,1,1,0,1,2
3b719178-38a2-40b8-8a41-3ec210a3dd85,50,1,1,0,1,2
76f6d554-a0b4-4b63-8ac2-0eaa9bc71c95,50,1,1,0,1,2
b331f7b3-b040-45c4-8ddc-3207840e8b96,50,1,1,0,1,2
0d0b562c-285f-443f-b757-75aef1932bf2,50,1,1,0,1,2
d4bcda4d-dbcc-483d-8080-ef31d33097d6,50,1,1,0,1,2
a8fa814b-bd03-4a1b-a280-995a57cb05c3,50,1,1,0,1,2
cdb11515-af4d-4fc6-af94-e25babe79abe,50,1,1,0,1,2
060f6533-fbfa-4fdd-a070-19c5bd48b4db,50,1,1,0,1,2
2f298833-2de9-40d5-88e6-1e6cbd36cf96,50,1,1,0,1,2
e8fef5ce-56f8-4b0b-8c05-00a65f595259,50,1,1,0,1,2
9292a581-d443-4565-bb89-cd6f3a462940,50,1,1,0,2,4
e5192a67-ae26-483b-a98e-f90592082d62,50,1,1,0,1,2
fb366ae4-8de9-4c60-a6fd-aa4566a6f80e,50,1,1,0,1,2
87bd10a5-b6d1-440e-b238-90b83db1bc3c,50,1,1,0,2,4
cb6fbe9b-a0ae-4aec-9e92-2b00ed1a48d3,50,1,1,0,2,4
a533437f-904b-496f-ac22-21ff76fbe4b5,50,1,1,0,1,2
8f4c4fc8-b2b2-4eaf-b200-0fe5d9288471,50,1,1,0,1,2
cf191865-08d7-42ae-be0f-4275436e3b42,50,1,1,0,1,2
7a949351-383e-4ee4-962a-e048295df1e5,50,1,1,0,1,2
9708b879-646f-4547-9823-216397829e72,50,1,1,0,1,2
47624efc-fd44-4259-b927-695711f4318f,50,1,1,0,1,2
99b5f267-7d31-448a-8976-35e84bcda1d5,50,1,1,0,1,2
29952582-c636-48be-b57d-7dac9dd004f5,50,1,1,0,1,2
29ce5e15-4fa6-4847-bf97-de25057a189e,50,1,1,0,1,2
964145cd-d43d-4d8c-aa1e-e4ea3a2d520c,50,1,1,0,1,2
6e448e3e-9c59-4e80-bf1f-e491ba8df415,50,1,1,0,1,2
80cbd2d2-191c-4208-9dbd-a9e11c6b0ef0,50,1,1,0,1,2
67283bff-2897-40ac-8ae3-c4e4cbaaf220,50,1,1,0,1,2
61d4b176-bf5d-4819-bbb5-7c09768c3429,50,1,1,0,1,2
8649c75a-a7f5-476c-a60e-53de1c1afd03,50,1,1,0,1,2
2be4be29-6266-4eeb-9be6-2a1a5795747e,50,1,1,0,1,2
b0f29fa2-9042-43ff-ab85-21a0bcefeab9,50,1,0,1,16,64
4e37fa79-ecba-41af-89ca-6f3ad8541b14,50,1,1,0,1,2
420a3295-af54-4aa9-ace5-060a9e4f0466,50,1,1,0,1,2
5db84865-4116-4679-bcbd-51fd0552cbd1,50,1,1,0,1,2
359a4bac-e30a-4477-93bb-69f09246c88e,50,1,1,0,1,2
0af83451-97dc-4485-9a41-19f3dcf4be33,50,1,1,0,1,2
12cf4c7a-074b-4b82-83f6-1912100e0451,50,1,1,0,1,2
4e1a3b4b-d586-4c72-b9c6-638440c78e5e,50,1,1,0,1,2
4f5bd9eb-c839-4cc2-9759-b6e497684b0c,50,1,1,0,1,2
369a3025-76fc-4ec6-bacb-e523e9043b1d,50,1,1,0,1,1
e706fcd6-71f4-41bb-b46f-2a269186399f,50,1,1,0,1,2
2e5e9257-4498-4022-9365-72e18f94077f,50,1,1,0,1,2
07d834df-51ca-4cd0-a34e-70fc5c8fd084,50,1,1,0,1,2
357caa83-19ed-45f2-af20-7493e86ee402,50,1,1,0,1,2
578b7a01-34ec-4db7-8ed9-ed42d35addf9,50,1,1,0,2,4
8f1028fb-82cf-4b91-9dc8-bd812bfbc4a8,50,1,1,0,1,2
0f207113-dabb-44ed-8fd2-8a034d18a702,50,1,1,0,1,2
ef2a19b3-9da0-4241-9fae-a24043567343,50,1,1,0,1,2
f5958f0d-2356-4bba-b718-3babe71485cd,50,1,1,0,1,2
ff27ca4e-669e-4cfc-99fb-46c6e5100cff,50,1,1,0,1,2
c853f98d-bf39-478e-a278-ca8cb4e3ada4,50,1,1,0,1,2
65d5927f-b372-4860-aef3-0b7e39c43e5c,50,1,1,0,2,4
d81bda1e-9f6f-4228-880a-848ed3e9bf94,50,1,1,0,1,2
9ec94b3c-2e0f-4739-81ad-7b576795cf69,50,1,1,0,1,2
a2a77009-a7a9-4291-ad66-3def53776b68,50,1,1,0,1,2
83229943-4fd7-4027-bafd-a561e4beb4e6,50,1,1,0,1,2
9eb9b036-03bc-476a-8de1-63dbb2956a7c,50,1,1,0,1,2
01b4cfec-67f0-4673-98c3-aadfbf0a00b9,50,1,1,0,1,2
40f96d69-8f6a-4ebd-bd75-3af47a967aa0,50,1,1,0,1,2
4be87792-06c2-4212-9a37-6a02efd631de,50,1,1,0,2,8
c4932833-fd92-4fc2-8241-943fd4e86e45,50,1,1,0,1,2
77031fbe-ddd6-4671-afa2-6b6fe37022f4,50,1,1,0,1,2
b77af690-cb47-4864-8a26-5c90a898f524,50,1,1,0,1,2
c203ee7b-a9c1-47c9-b261-4ca16ed25dd3,50,1,1,0,1,2
878976d1-bae8-4a50-bf6b-f81262d55f0e,50,1,1,0,1,2
4468887b-0678-41bc-b016-3274b41f40d1,50,1,1,0,1,2
7f5adcfe-3df3-42ab-92fe-17f344745b2e,50,1,1,0,1,2
31fe8b87-8c0a-4fb3-865a-92fef35a039d,50,1,1,0,1,2
48011de9-1881-4a09-989a-113ec8113cf4,50,1,1,0,1,2
1880dc0d-1280-40ad-85a2-b84f64f09ba6,50,1,1,0,1,2
d6f632fe-d943-4a53-b638-bb54cb3fd745,50,1,1,0,2,4
07d73711-8f43-49b3-813a-476767748bd0,50,1,1,0,1,2
7403a3d7-0a1d-4189-8abf-d8c76c7512d5,50,1,1,0,1,2
b10ba98d-de0e-466a-939f-9072670c48d7,50,1,1,0,1,2
c110997e-6d4c-4517-998a-3220dc75c8a7,50,1,1,0,2,4
065fd6c0-64cc-4563-9f8c-d6b80b3908c6,50,1,1,0,1,2
d2004619-fc6a-43c8-b7b3-7d08521ebaa9,50,1,1,0,1,2
ebd3cffa-52ba-4c7f-b07c-1f6101f3da18,50,1,1,0,1,2
db89172f-f452-4f57-875e-d285e8e9b301,50,1,1,0,1,2
b7465e97-f365-4e1f-9019-33f2fce1c0fb,50,1,1,0,1,2
4f601f46-79c9-46c5-b96d-15aa988d387d,50,1,1,0,1,2
b9bba40b-7456-4bd3-8e14-b4321d0d970f,50,1,1,0,1,2
bb870261-f5cc-47b9-85da-7293905772bb,50,1,1,0,1,2
b1f42e44-534c-4983-af0b-fff8fcd079f2,50,1,1,0,1,2
bbdc150c-cd4a-40dd-9d7c-8def9293a7c1,100,1,0,1,32,64
5bf66da9-2d87-4542-bc7f-1d080f800877,100,1,0,1,32,64
d47b53bd-8363-4104-852f-73c367ee76a9,100,1,0,1,32,64
cad1c267-347a-456a-bb5f-d1e4f416a515,50,1,1,0,1,2
6d9eff6e-eaf0-43b8-bdf2-f383c31ffe0a,50,1,1,0,1,2
47619812-69bb-45c8-bfb7-cf779618d77f,100,1,0,1,32,64
840d26e0-3c1f-45c2-9b43-7f82e585e96d,100,1,0,1,32,64
fdff3ad3-2b4e-4ccc-9c91-3a58a33fb55a,50,1,1,0,1,2
971b9cbb-151b-4908-aefe-f320595d2bc7,50,1,1,0,1,2
2301f322-5639-4ba9-b31b-ce904fa73c3e,50,1,1,0,1,2
7e829e8d-a6af-4933-a0ea-e82681a929f5,50,1,1,0,1,2
4edbbb45-fc1a-44a8-9a87-8218537a0f6d,50,1,1,0,1,2
9427315f-a4fe-4c3e-b79c-cbb6f08f5808,50,1,1,0,1,2
9e8ada89-2248-480c-b92a-c128e4b8f839,50,1,1,0,1,2
14b169b1-5260-4fea-b7c1-36aca8888ce0,50,1,1,0,1,2
8abc62da-c5f3-4c7e-8eb1-0b80d631ac10,50,1,1,0,1,2
c96c48b1-95c2-45a8-94d1-9549932bc899,50,1,1,0,1,2
66266418-f513-40ff-a8c5-9dca6d0c9b17,50,1,1,0,1,2
871dfcd9-b9b3-4e39-bcfc-46eb8e7969fd,50,1,1,0,1,2
3b9bd4fd-117c-45dc-8de1-fa95396688e7,50,1,1,0,1,2
dbddaf3d-3368-478e-b02b-965d3edb3f46,50,1,1,0,1,2
5a10c8d6-80c6-45d5-9cd8-cbca82c93441,50,1,1,0,1,2
c67d6180-1cac-4d3d-85bc-2c91771268df,50,1,1,0,1,2
e74865aa-d3e0-4e0d-a513-e49b251e8f55,50,1,1,0,1,2
5c6d888f-fcf7-420f-8ea0-c5a94c2feb9f,50,1,1,0,1,2
9106ce1f-8b4f-427c-94ab-e2df118605ff,50,1,1,0,1,2
dd7ee37b-4fed-4227-a570-b11d7d24edc7,50,1,1,0,1,2
dcf893ed-9cea-49f9-9acd-b5cae3416246,50,1,1,0,1,2
891fc3e7-4957-4c22-9b78-42a2bf7c9daf,50,1,1,0,1,2
80efda8a-fdd2-47d7-872c-b973a9097440,50,1,1,0,1,2
0424927e-4a38-4a75-bbf3-d87e061a8bc9,50,1,1,0,1,2
b0fcb1a1-0b4d-4f40-aeb1-54b500a3eb54,50,1,1,0,1,2
c158418d-fe62-4823-a964-e0dbad221b7c,50,1,1,0,2,4
9b1595ed-9581-42a4-abf0-128fda42ea99,50,1,1,0,1,2
4cb96dbe-c3b1-4d15-964b-dc474bc4c18f,50,1,1,0,1,2
3d09772b-2713-4c52-a6ee-f26010768f40,50,1,1,0,2,4
47280d30-6934-484c-8024-f7076359ed32,50,1,1,0,1,2
96ffceb2-40dd-423d-ba73-16db50dedd00,50,1,1,0,1,2
52cd9562-f598-4bfb-9c92-f7cc65059496,50,1,1,0,1,2
c7015314-7251-4d9e-b8f3-0bf848375f68,50,1,1,0,1,2
0950f41a-7b44-495d-a7f6-d4c3dc112841,50,1,1,0,1,2
3ef69761-9bbb-4b23-9283-9ab51515b707,50,1,1,0,1,2
05f484ec-f20a-4eb6-ab8a-fd394f072b5e,50,1,1,0,1,2
30d1580a-ccb9-4a7a-bcca-039ab518a39a,50,1,1,0,1,2
808275dd-cc9b-4774-b956-708ab5e15041,50,1,1,0,1,2
8d0feccb-addf-4000-b123-dbb5819aedb8,50,1,1,0,1,2
c7a0b039-f2b8-40f0-a37a-4496ed9e0f24,50,1,1,0,1,2
79c85b22-f694-444e-aa41-5052c509bbd4,50,1,1,0,1,2
50635e69-ef5a-4d37-9de9-8b694f73f781,50,1,1,1,4,8
741c8648-b5a9-4f31-a91d-d81d54f5b2a7,50,1,1,0,1,2
69bb9a72-09a5-48af-9c41-ba1868e272fe,50,1,1,0,1,2
3dab9793-367b-4f40-b5d8-1623fd7200eb,50,1,1,0,1,2
dcc57bf7-dcc3-4f53-b4e8-67e91395c8f9,50,1,1,0,2,4
0ede9054-6c1a-49aa-82a8-9ce98638c324,50,1,1,0,1,2
e8118202-f383-4598-b93f-393f9fc61220,50,1,1,0,1,2
8c73c1fa-e7bf-4cde-ad20-439cd4724384,50,1,1,0,1,2
a4b48b72-ae61-40d9-a04c-45864ac1c9d4,50,1,1,0,1,2
8a933fec-f497-4b82-962b-b8c6b0ef3497,50,1,1,0,1,2
8bfaed9f-6a7f-4860-b7bb-e9203d11f6d7,50,1,1,0,1,2
97bc93b7-634c-4913-929e-c5de15622bd3,50,1,1,0,1,2
a1792a2e-b5d3-4239-94de-b2eaa068d9a2,50,1,1,0,1,1
e4893659-f019-47dc-aa87-dd91fbc7cd39,50,1,1,0,1,2
e7a5b043-b47b-41bc-860a-582a5534867f,50,1,0,1,8,16
95d31d5a-76c6-4ce4-8ffe-a335d1fe3b26,50,1,1,0,1,2
152f78ab-ea6c-42ce-9eb7-71cd4bb07d76,50,1,1,0,1,2
73ac2734-38e0-4b41-b56b-0b3ac835cb2c,50,1,1,0,1,2
76aec2a5-7c47-486e-aa3b-5d42d5cb5c89,50,1,1,0,1,2
17588c5e-e4bf-4982-8fef-35885debed97,50,1,1,0,1,2
2c5f3cce-7a29-445e-979a-0cb838426922,50,1,1,0,1,2
4da8fe9d-833a-4ba9-b192-9e133e311168,100,1,0,1,16,32
c7918736-8377-4c5c-bdeb-b4d7fe3117a1,50,1,1,0,1,2
459ef404-2a2b-4580-86d4-30cd67660101,50,1,1,0,1,2
55df2ff9-7d55-4a12-b625-c3398d47171f,50,1,1,0,1,2
58dc7a4b-702f-4c3e-93a3-81614a4f5ea4,50,1,1,0,1,2
75c1f9a3-b5c8-4488-b013-89e7d4c1d254,50,1,1,1,8,32
0914c8f2-b04a-4c09-b38c-4ade01a53ab2,50,1,1,0,1,2
b47eafcb-ff85-4258-80d1-ba3b57f7e4d9,50,1,1,0,8,16
1b78a885-aa6e-47e7-89c5-5701b02151c3,50,1,1,0,1,2
be373279-a5e4-48a8-b3f7-f97589632390,50,1,1,0,1,2
450ce70a-a0f5-48cf-91f2-e10c50b4417c,50,1,1,0,1,2
bce665c9-c877-4609-b5a5-29921b15f639,50,1,1,0,1,2
5e19c4d3-3516-4e2e-abea-55dc499d1ee7,10,1,0,0,1,2
87cf5fe2-86c7-4582-a081-fd61a9ba2e79,50,1,1,0,1,2
22e10290-2170-4fe6-9d31-032f4b9e4387,50,1,1,0,1,2
65fbc7ac-1600-4e7b-9e39-de8d153ee323,50,1,1,0,1,2
078d8ad5-2268-4f23-9490-2b1782a831a2,50,1,1,0,1,2
0290703b-e343-44c3-a083-f42e957509cc,50,1,1,0,1,2
6c8b3c09-aa36-4efa-bd90-9748152ee3cb,50,1,1,0,1,2
f6b92435-f56a-4328-b52c-04dce6384478,50,1,1,0,1,2
89c47a51-6b73-446c-8611-5783eba151c6,50,1,1,0,1,2
6c9d5494-5057-4c06-87e8-b4b7dfbecc4c,50,1,1,0,1,2
66dc896c-c92c-4be7-87f9-ffff672f5c58,50,1,1,0,1,2
1e8a6f01-eb39-43bd-822b-fd05431c1576,50,1,1,1,16,32
6b3e327e-3ed5-43e2-b874-4b3b8924b1f4,50,1,1,0,2,4
667e64f3-64c5-4d7e-874b-8f3ce9b1fab4,50,1,1,0,2,4
22f1f2e9-126d-486c-91c7-16921f32950c,50,1,1,0,1,2
e53b0c85-564f-4292-9369-02f86d05e6ec,50,1,1,0,1,2
eaea0f1c-3c81-491f-bb10-97289b7d319e,50,1,1,0,1,2
7d5660b5-b5c7-469d-b138-b74a76b18f20,50,1,1,0,1,2
ef64507e-fde5-43f3-881b-3186b156a572,50,1,1,0,1,2
7c093acf-3afe-4972-b56e-e720c6d601fd,50,1,1,0,2,4
9fcd7b05-c8cc-4483-ab89-f9e4c2771fa7,50,1,1,0,1,2
b590e88f-865e-46bd-bca9-98bd4c7a1d32,50,1,1,0,1,2
efff9f2e-f071-401b-9fb5-1696b4490f54,50,1,1,0,1,2
0ad20f8b-bd8d-4ef5-9735-8fd12f54b84f,50,1,1,0,1,2
e5c424a5-4f75-4790-be98-4e489d5c09db,50,1,1,0,1,2
c4c2cd70-d6ac-4905-b96d-feabe44971a6,50,1,1,0,1,2
5e6220f7-1694-4fc3-bd96-11ea08a9bb8f,50,1,1,0,1,2
a027c77c-4d66-4da8-9f8e-d62000874f4c,50,1,1,0,1,1
5a50b41c-cfa4-4d8e-9e97-0f44e51db1d1,50,1,1,0,1,2
8373c8e3-f169-4ab9-be3f-b7630faefadd,50,1,1,0,1,2
eddb1ed8-58bd-46d6-b1a5-8ea9e57d89bf,50,1,1,0,1,2
d0924e65-3e59-4955-b74a-d9973db80fe0,50,1,1,0,1,2
e2d063a1-f390-40b7-8f31-ed41dd339a1b,50,1,1,0,1,2
cbffc679-d0b1-4245-ab9d-4ff4cf8ef6d7,50,1,1,0,1,2
6c47b1d6-2aed-4bb3-8ef8-f741e94fae29,50,1,1,0,2,4
73d93a26-a4c5-4d93-9845-e2c30d144e07,50,1,1,0,1,2
b3c3bf9b-55ce-4862-99be-9cd260b61058,50,1,1,0,1,2
94f92034-108e-4ab8-b9be-f7459de52a95,50,1,1,0,1,2
14112bd0-d4eb-4b74-9c6d-b1a47bfb008d,50,1,1,0,2,4
67a7cf2f-bf4f-47d7-8aad-fa6be9939967,50,1,1,0,1,2
38cd9657-fabf-43cb-84d7-10b76748975c,50,1,1,0,1,2
bed9ec05-b10f-4927-9563-2ae8a572e314,50,1,1,0,1,2
bc9d7551-aaf3-4849-a4f1-a26bda9d4ef1,50,1,0,1,8,64
f7da869d-adb9-4dd8-bc21-7f970f7f5ac7,50,1,0,1,8,64
ab1a97b8-a6da-4eee-a83c-514de7836214,50,1,1,0,1,2
c56cc2c6-622e-4b70-a13a-16a44f07702a,50,1,1,0,2,4
7d37b492-5c25-4fc9-8651-b523378a6e81,50,1,1,0,1,2
9c0c730b-2de7-4d95-8042-13c587894226,50,1,1,0,1,2
35f0de38-18c2-4333-9152-e5481f5565f6,50,1,1,0,1,2
bb3ed519-167a-4b49-834a-653a87f8ed0c,50,1,1,0,1,2
327fa1ef-645b-44b9-9fa2-2a037fc39b01,50,1,1,0,2,4
035a9824-fab6-4174-8005-de5f17290337,50,1,1,0,1,2
59207fd5-7da1-488a-98bb-31f2fca214ab,50,1,1,0,1,2
661c4f24-474f-4bda-b211-5a3fbe8c38c7,50,1,1,0,2,4
acdb6b29-329c-4e07-87ff-b25273a12854,50,1,1,0,1,2
47112d2f-df2e-49cd-9c30-c3907cce9d74,50,1,1,0,1,1
fd052809-eff8-43ce-b206-101112babb56,50,1,1,0,2,4
c477e45f-f365-4523-aa6c-20d0da21677f,50,1,1,0,1,2
6941b062-2ec9-4b30-898b-e0249528f4a1,50,1,1,0,1,2
b6efe33a-bb40-4bb1-a3b1-ada037d85748,50,1,1,0,1,2
4899d3e6-0e30-4724-9462-4e70f4f240ff,50,1,1,0,1,2
ce302ee7-73e7-4f24-98a9-0b879c8f4a24,50,1,1,0,1,2
abf48a08-8607-4311-926b-094b3493eb07,100,1,0,1,32,64
5957e081-c592-4a9e-b484-f795bf2221ce,50,1,1,0,1,2
01550e08-fdf3-447f-a88d-5e9eb6ebf6ba,50,1,1,0,1,2
b363bfd3-3aa9-4bd7-8546-5d747220f581,50,1,1,0,1,2
b37efd2d-6dcd-4ce6-9271-b16bb3f152c7,50,1,1,0,2,4
20532a72-668d-4809-a1c4-204b0263e7d1,50,1,1,1,4,8
ba536f19-b862-47bd-b457-1ec84f494319,50,1,1,0,1,2
801ac484-2c99-498f-bdf3-efdda95a10a1,50,1,1,0,2,4
cfbc4a9a-fd5a-4ffa-b2d2-84b8ed80934f,50,1,1,0,1,2
d662d96e-90ce-4f92-9c89-38ad0201e01c,50,1,1,0,1,2
335bdae4-1f2d-48a9-87e2-80d385da4dce,50,1,1,0,1,2
6cafda62-8c9f-46c3-a225-e74ae2ccddc8,50,1,1,0,1,2
ed2d5ee5-b6cf-4a34-8495-3d136aca5fbd,50,1,1,0,1,2
fd76d877-d6ec-48a9-96d3-c7aa01257cd3,50,1,1,0,2,4
5e4b0676-2688-42b4-91ab-9b252a6c31f2,50,1,1,1,4,8
207bff00-cd9c-43dc-a3cf-5b273fe61a2e,20,1,0,0,1,2
d9683820-8703-4bb2-b254-c3909c35c5f3,50,1,1,0,1,2
dea4f615-1e12-49a7-807d-57a17106c7ba,50,1,1,0,1,2
9a7ea901-44aa-4b35-a361-f89b3a30ce4d,50,1,1,0,1,2
94d8eb72-cdc6-4095-ba3b-36c4f1ab75fe,50,1,1,0,1,2
174a658d-33bd-45d9-8d0d-19a1e5f81f37,50,1,1,0,1,2
0a50ac50-43f9-493e-a920-363f3635addd,50,1,1,0,1,2
e7eac785-2d8e-4eee-8f46-652347a7eb9d,50,1,1,0,1,2
0ef06259-af61-4dde-9888-ae4ded26bb7a,50,1,1,0,1,2
9e7e3558-b81a-4b0b-996e-86cdc2a7a2f3,50,1,1,0,1,2
a962f3d9-df01-4271-9af7-272b64f67c33,50,1,1,0,1,2
da0bb9fa-4431-498d-bd1b-8eb403eb80bd,50,1,1,0,8,32
161ec22e-2b9e-47d3-af82-78d894efb2e9,50,1,1,0,1,2
9e2ab93f-3c90-4d2b-b747-f593ad642604,50,1,1,0,2,8
299ff38d-1cef-42a7-b1ae-b2a380654a09,50,1,1,0,1,2
cf32bd6b-33cb-4d53-9ccd-f90707b2aa74,20,1,0,1,8,16
ea3e2959-9b68-48a1-a019-49a785c8aec3,20,1,0,1,8,16
1d2c7efd-a055-4d63-957b-ceb9d45d79d4,50,1,1,0,1,2
704b642e-f73f-48bc-b4ad-4be0d02886ee,50,1,1,0,1,2
a45d5e85-568b-4490-8853-e9a6986b14cf,50,1,1,0,2,8
184bca5a-6abf-4c5e-9384-23afdc90d6b9,50,1,1,0,1,2
7fc4800b-dc9c-4661-866b-f5066b5b33fb,50,1,1,0,1,2
7c62296f-7229-4db1-9b2a-fe7b84201d63,50,1,1,0,1,2
5deafed1-0ae9-48f8-93f9-a3f7486746cf,50,1,1,0,1,2
ee26cd56-dd5c-4c47-9b09-91483344b3b7,50,1,1,0,1,2
f131249e-89c4-46b4-bb8d-a669d5621e2a,50,1,1,0,1,2
dd39b635-a35b-4f02-9bd4-8d68c4179e59,50,1,1,0,4,8
7038334d-eceb-4de6-b7d8-547a26f78664,50,1,1,0,2,4
66f92f83-8d62-4ec4-a170-a4e914ed1a13,50,1,1,0,1,2
76aa16c4-437e-4ad1-814f-a32c1df73660,50,1,1,0,1,2
5bae8a4c-2204-428d-b5aa-89720a65b735,50,1,1,0,1,2
ca8c02ab-c583-4b30-a84f-5a6d7b589861,50,1,1,0,1,2
169c29e2-b2d7-4203-ac3e-7ae4a5d49ce5,50,1,1,0,2,8
5cd5b405-abd6-47e3-8002-e4c1706a1788,50,1,1,0,1,2
f83717b1-0dd8-4446-ae00-5fea0d639ff5,50,1,1,0,1,2
cc6b8622-3618-480c-8d5f-de0ad34237cc,50,1,1,0,1,2
1a807d34-b7b5-4beb-8032-d1613e62241a,50,1,1,0,1,2
fc02298b-7655-4ae1-ab71-cb3a2e317f48,50,1,1,0,1,2
d0d69a5e-2fea-4a82-80e1-a4fccf5473d2,50,1,1,0,2,4
9c0d4b98-4101-483c-81d9-f8f1cc53daa2,50,1,1,0,1,2
be4eed5d-2257-4cbe-9a61-d4601c3a9547,50,1,1,0,2,4
0bbef195-4330-4609-905e-c65749c8aa12,50,1,1,0,1,2
4c9eb146-2fb0-4549-bf9b-142828a63577,50,1,1,0,1,2
2bb1d840-4a0b-4816-be7b-d28be7bda4af,50,1,1,0,1,2
3baaa2a5-c3c5-4bbe-b621-8d73eff55c85,50,1,1,0,1,2
d0529182-16cd-4893-997d-ccd308f9f824,50,1,1,0,1,2
6d8fba81-91ca-4a24-8154-8efe7a40343b,50,1,1,0,1,2
2ba9fe9b-834e-405c-bf2a-b3330f7a506c,50,1,1,0,1,2
b161ebb1-3d6f-48af-966c-85bbc7752da9,50,1,1,0,1,2
c8db8c1e-e9a8-4aec-a1a2-5020d04ed4fc,50,1,1,0,2,8
c0649f16-f9d0-497c-85c8-f5361727e9e8,50,1,1,0,4,8
ce8049e5-6960-40e9-9416-925dd3ccdf2e,50,1,1,0,1,2
2b9f92d8-d85f-4adc-a4bb-0efa97c486c5,50,1,1,0,1,2
57ce7ea3-f3f4-4de7-8fbb-7c98c16b666d,50,1,1,0,1,2
f4ddc10f-f111-470c-9db8-c6d4de4c1122,50,1,1,0,1,2
c802ae62-cf36-4a95-a6b2-7ddd89eb5026,50,1,1,0,1,2
95d624b5-77be-428a-9d56-7766845ff1ae,50,1,1,0,1,2
270c2a71-86dd-45a9-a603-7b6923f1322e,50,1,1,0,2,4
616bbb88-4e5f-471c-9524-5a9e0f9c6bc7,50,1,1,0,2,8
5fa1b7d1-d86b-4452-9481-ddaac35a2764,50,1,1,0,1,2
e6e100d6-b068-4177-82e6-384e6b47e32b,50,1,1,0,1,2
4b5a3c95-6b4c-46f4-a2f8-300015073084,50,1,1,0,1,2
371c6d2f-e91c-435f-a673-52355a72cba7,50,1,1,0,1,2
c925e686-0fb2-4a3c-a49b-5fafc7da13bd,50,1,1,0,2,4
ae3234dc-dc63-422c-813d-75b049bd8114,50,1,0,1,8,64
fc04a1dd-edb1-4eb6-a7b1-e034d46b8917,50,1,0,1,8,64
a9a9f8a4-3814-48fa-9df7-da6fcc07fe4f,50,1,1,0,1,2
d56eb6bd-b2b0-4ab3-bff4-5b631c382a1e,50,1,1,0,1,2
ff2f486e-729f-4a33-942c-6df4a84b9a8c,50,1,1,0,1,2
a3e0e8f1-8134-4409-8aab-eb0dbb5f21bd,50,1,1,0,1,2
7705c10d-c52d-4839-beff-dd30477bb2ae,50,1,1,0,1,2
d7f4ef18-f798-4496-a2b2-8ffe17683cb8,50,1,1,0,1,2
8f48c5a7-d525-448a-8eb8-dcd08d2c6ab4,50,1,1,0,1,2
8bd68c74-a2c5-422d-9290-1321aad81bdb,50,1,1,0,1,2
c26ec020-cb73-43c9-b148-8fc6399c08ec,50,1,1,0,1,2
4f3b98b7-b665-42a4-97cf-8700ab059cfd,50,1,1,0,1,2
b19f735e-dec2-472d-9c36-672efe552cf7,50,1,1,0,1,2
b8671006-5348-4221-9260-b9aff53c77b3,50,1,1,0,1,2
047a74a7-21d9-4047-8ceb-8761563ef125,50,1,1,0,1,2
d23d8ee8-ec03-4247-9793-e235497b77e0,50,1,1,0,1,2
16c738f4-6faa-4134-9c7a-e95ec8e1f01d,50,1,1,0,1,2
71bba46c-46db-4c62-a1e9-792838d97c8d,50,1,1,0,1,2
ba751ee0-e0e6-4484-a002-9e9c068285aa,50,1,1,0,1,2
e3794d22-a29d-4070-be1c-5447a34072c3,50,1,1,0,1,2
8884f291-c2ac-47fe-808b-d8954938c520,50,1,1,0,1,2
e03d2e25-a621-4fdb-b634-f751dea783f2,50,1,1,0,1,2
f06e6b12-81d7-4cb2-a515-45107d0d201c,50,1,1,0,1,2
43fd53de-544f-4a29-b6ea-77d6b66c9941,50,1,1,0,1,2
880a8c27-55bc-4e48-8bcd-3a26145d25dc,50,1,1,0,1,2
345d13d2-be29-407c-abe5-abbedd4e12da,50,1,1,0,1,2
15eaeb65-fe1e-47c1-9bfa-413a0e95f5e9,50,1,1,0,1,2
10174011-582e-47bc-a1af-03971b8fc9d8,50,1,1,0,1,2
f614c104-282b-4474-a11f-300dd261566d,50,1,1,0,1,2
1ba66d53-74c4-4e14-9548-9e4066d8f835,50,1,1,0,1,2
6d8fe903-1e41-4991-86bd-a049159e22c8,50,1,1,0,1,2
fef1e42b-6f51-44bd-a6ad-623da62f3ca8,50,1,1,0,1,1
4a74ea34-7de1-4909-a8d3-3c119ff902b3,50,1,1,0,1,2
5dbf2e19-39c9-46e1-84a3-2e4790969276,50,1,1,0,1,2
2f37a952-2844-4aa2-989d-1d1e359a5a44,50,1,1,0,1,2
3bd5c58c-ea25-4ec2-a117-a70f0e069af0,50,1,1,0,1,2
00672676-1a3b-4c24-aa98-9fd0e41f6fbf,50,1,1,0,1,2
36063059-e699-49ec-942e-19038142de7d,50,1,1,0,1,2
40bbf319-7692-4c8c-9bcc-74b72f7c80de,50,1,1,0,1,2
02461ac6-2454-4cdd-a00d-fc011be67366,50,1,1,0,1,2
f4671247-804d-406e-b04a-07f664773e9f,50,1,1,0,1,2
46d93cbd-8b43-497b-9f31-ed905c18cdca,50,1,1,0,1,2
3c5c2996-3243-4d38-b8ca-9bd101407d1f,50,1,1,1,4,16
64966aa5-b6b5-4a63-a8b4-ef7aa063f540,10,1,0,0,1,2
7c8b9549-03bd-4103-a095-efc84c488b99,100,1,0,1,32,64
0ca58a05-a456-49a0-abde-72081f2f1bc6,100,1,0,1,32,64
1f130da3-5867-4b07-9ded-871364f98c12,100,1,0,1,32,64
2150c1f9-3a3e-461f-a6e9-c93950d3ddfd,100,1,0,1,32,64
2e502503-6df9-42c3-95dc-f89626a5d0a9,100,1,0,1,32,64
433e4c39-7977-434e-8ae2-04fae762744f,100,1,0,1,32,64
c73e2251-3889-40d1-8050-9090b295d5cf,100,1,0,1,32,64
fc4eee65-fbfc-479a-9f42-f93261ba94b1,100,1,0,1,32,64
54b60fd7-df7e-4067-b4e6-1c815fbc9b4f,50,1,1,0,1,2
978768f6-26a1-4ab2-b25c-49b29f6e8f50,50,1,1,0,1,2
737565d3-8e51-43d8-b9a7-a8828307e0ae,50,1,1,0,1,2
c5ddfef6-b57a-44dc-8dc2-14d6aa100224,100,1,0,1,2,4
c1bc451f-09cb-4765-918e-4ae973732281,50,1,1,1,2,4
d9caa12d-7bb2-4f40-b62f-1ac0dbdaf8d8,50,1,1,0,1,2
fdc8e6e2-a978-4e9b-af92-42e3c4fe5d0a,50,1,1,0,1,2
7f8d9d26-6ac3-4338-9482-7e6902981f1e,50,1,1,0,1,2
7ddb61d4-6b8c-4dca-a750-b4d52eeb4e81,50,1,1,0,1,2
9b5fb145-4814-487f-ad27-e95712488ab4,50,1,1,0,1,2
dcc17ec1-d59b-4203-8abf-bd72fa490384,50,1,1,0,1,2
65e74b10-bc27-44e2-aeaa-dc2c746769e8,50,1,1,0,1,2
9a0c207e-c2f7-450e-9e80-2b3003f11cb4,50,1,1,0,1,2
6367f339-37ce-4998-b4b7-028c90a3dea5,50,1,1,0,1,2
c6247365-3d7b-4579-a374-5aba908919fe,50,1,1,0,2,4
bf881960-37d2-4649-9f81-71f9b4036454,50,1,1,0,1,2
d8e9def3-e583-4cd0-b73c-27e828556181,50,1,1,0,1,2
1dd217ba-d0de-41f1-a2ef-fc2a86676a35,50,1,1,0,1,2
530d1d49-1cfa-466e-bc82-f6db4f4ac03b,50,1,1,0,1,2
2d25856c-145f-428a-9b62-cd172a6fbb01,50,1,1,0,1,2
70019135-0d43-4fa1-8d94-8e498985a7fd,50,1,1,0,1,2
c0b3163a-6b65-408b-9c23-59b07d8260d9,50,1,1,0,1,2
557c9665-4cea-40a3-908a-386ad5241d3f,50,1,1,0,1,2
3871db24-0e3e-4f9d-a07e-42604d10411b,50,1,1,0,1,2
4813e78f-fb1c-4242-8bbc-ecf84f87746c,50,1,1,1,2,4
b947edba-bbb5-43fa-b93f-7429e45a9043,50,1,1,0,1,2
0490ad29-7f87-42e8-8f6b-773d248b2332,50,1,1,0,1,2
0407518e-da3c-409c-9485-289d5d825b5b,50,1,1,0,1,2
63995a86-c0d2-4fea-a8d5-b52e6f50e48c,50,1,1,0,1,2
d23da935-e4bd-45dd-9604-a7245c87c87d,50,1,1,0,1,2
f354a51a-3b62-4901-9747-661525780ac3,50,1,1,0,1,2
49217720-ef60-4b51-b80a-e0a86bef4c8c,50,1,1,0,1,2
8daff142-9299-4507-a692-f4dca17a1e13,50,1,1,0,1,2
5d4d9223-f977-4a6f-b2f9-f7807248d6bf,50,1,1,0,1,2
40876647-049c-454c-b687-d8bb1b3c9916,50,1,1,0,1,2
f97e3337-9daf-4155-9b96-e1959e84b8ed,50,1,1,0,1,2
36f8e365-0ea4-4572-b39c-04be9d5d68cc,50,1,1,0,1,2
75358cc0-c6ca-4bf6-af08-13b97aeeb912,50,1,1,0,1,2
b67be6bc-fa1b-4ff7-8723-264814b3c9ad,50,1,1,0,1,2
5f03c1cd-7b7a-4aab-a89e-0585e20a4106,50,1,1,0,2,4
bef547d0-cf6a-4678-8d72-cdd76a3d7d2c,50,1,1,0,1,2
0d5c651d-e0f2-40c8-b722-10bf4e9959e2,50,1,1,0,1,2
01b97219-0365-4c56-887e-627981677952,50,1,1,0,1,2
a6ce7ff8-fcf2-4237-8e69-70a2595a2e65,50,1,1,0,1,2
3acbd896-6559-4984-ad7d-4caae7c5188b,50,1,1,0,1,2
13289a25-9522-462e-91a7-7c9474783954,50,1,1,0,1,2
71aa0502-b824-41d3-a2ea-0b834069dfe9,100,1,0,1,32,64
284a59ad-cabc-48c1-96a6-724d97d61c76,50,1,1,0,1,2
d92ef3de-2972-48cd-a9d0-c24332a17263,50,1,1,0,2,4
277e7d29-c1f5-4727-89f7-9f569e6a4062,50,1,1,0,1,2
701caa87-81b2-48f1-9bb7-b34ca69ac7cb,50,1,1,0,1,2
9005e68e-9fdd-48be-a718-edf249343813,50,1,1,0,1,2
bc0f3cb3-4b49-4b68-8867-b89830f232c4,50,1,1,1,16,32
f745f7b2-72df-4daf-b034-f8947f94496b,50,1,1,0,1,2
8c8ac06a-03d4-448a-bb14-6c8e165d69c4,50,1,1,0,1,2
baf1ba87-a720-4521-9f09-294fde42c04f,50,1,1,0,1,2
cb8e6811-91ed-4608-b427-c5ed2f7469ad,50,1,1,0,1,2
1ab7d2e9-04e5-4d6c-8bbf-56b9e1993650,50,1,1,0,1,2
4ba8c034-7032-407e-851c-8d80f938d7f1,50,1,1,0,1,2
bf8a4720-1c0d-4678-bd10-ea796ed79b5d,50,1,1,0,1,2
9a9e629f-1e2e-4c29-a3f4-bbe41e3363b9,50,1,1,0,2,4
916719da-b570-4de7-b7ef-1a038a70c75b,50,1,1,0,1,2
b0f1adf7-8408-4bea-b968-58ff36434d0d,50,1,1,0,1,2
cf515f64-4de3-4e6c-91b2-480bc51194c8,50,1,1,0,1,2
716fc088-f626-49a5-b662-73c53f0a4f07,50,1,1,0,2,4
73bd0dfc-0c3a-4207-87ba-fdc19b07640a,50,1,1,0,2,4
1ff7c866-3d9c-4a37-bdc0-5a5f51e0c359,50,1,1,0,1,2
88b4e72f-a276-4a6e-9ffa-805c45bb659b,50,1,1,0,1,2
4747c50f-d4f0-448f-bbfd-c0ac1ee83468,50,1,1,0,1,2
2f9407e7-e4a3-49e2-990e-f087f9a3056e,50,1,1,0,4,8
e7c16ddd-68d8-4574-931a-3ef7cf205b6c,50,1,1,0,1,2
29ff8b84-4bc4-45db-898f-30b9e5164d22,50,1,1,0,1,2
084865d2-f10f-4dac-ac2e-f3c35c751341,50,1,1,0,1,2
ac572b30-7707-4076-a067-ded155e69456,50,1,1,0,2,4
1c91ca6e-e69e-4c06-9c2c-7ad9953d6b40,50,1,1,0,1,2
4c0b262b-7bf2-44e3-a44b-f17da58e7863,50,1,1,0,1,2
80855da5-cd4c-444e-8821-0aca3ea3614b,50,1,1,0,1,4
b637f6bd-5c06-4c16-85e6-1addf7c8506e,50,1,1,0,1,2
4cfff791-d1f5-40b4-9000-28c25ba5308a,50,1,1,0,2,4
899edabd-cc44-4c4c-928b-d77415bbc142,50,1,1,0,1,2
5ee579b3-4aea-4d53-977c-dbdea7cc762d,50,1,1,0,1,2
b384b88f-3fdc-4300-a8b0-f67445369d5f,50,1,1,0,1,2
598f6fc6-b12b-4dd1-bef8-e8aad623e59a,50,1,1,0,1,2
8f256417-92f7-4cf8-8499-d3ad00b0ed3f,50,1,1,0,1,2
5b4713e2-8c59-41bd-9385-379f02c5ba43,50,1,1,0,1,2
7ae4db7d-fe01-4e39-9aa9-6135163fee77,50,1,1,0,1,2
3d4e06f2-2c8f-4def-88d2-cff5016b981a,50,1,1,0,8,32
c9eae510-8644-4ef8-a75d-84174ebc1063,50,1,1,0,1,2
704c7d57-2daa-4d19-a7cf-f94b7c8dc11a,50,1,1,0,1,2
9fec3979-140a-4ed3-add5-868ac6a1e522,50,1,1,0,1,2
933773f6-52cb-421b-aacc-a0ca73f8a74a,50,1,0,0,2,8
3a43e4f5-8c64-4163-9e9a-236a9ad0b3c1,50,1,1,0,1,2
1674f0a2-c4dd-4e83-917c-0ca26a62e67a,50,1,1,0,1,2
aee31a6a-4045-4522-8c2c-d1922a8e2660,50,1,1,0,1,2
908df6da-6a01-4a6d-bcfd-c4703a6f1159,50,1,1,0,1,2
e7319e83-b1e3-4f6a-bfe5-b11e22744636,50,1,1,0,2,4
b1666178-05be-4dba-8d7c-bdeeb7eebdfa,50,1,1,0,1,2
3fc6f4ca-573d-491c-a3a4-e7e5ae87d6ff,50,1,1,0,1,2
baf6a48b-62ad-4452-b0b3-260bbf6297ae,50,1,1,0,2,4
a047329d-4863-4865-bd97-a26005581ece,50,1,1,0,1,2
190ae210-8375-4cdb-b5d8-fd708572d23c,50,1,1,0,1,2
8411f923-a440-4639-a159-c11c9e0536f7,50,1,1,0,1,2
9a52a73a-d874-473c-acb2-35865523a855,50,1,1,0,1,2
d8ce14d4-0a09-494d-8a3e-22c9f63756c6,50,1,1,0,2,4
af97c2cc-8f8a-4349-9817-bf539b50e152,50,1,1,0,1,2
96d7c3e6-805d-458a-851c-669e9ab84266,50,1,1,0,1,2
7eac6e16-6697-46c4-81cb-fdf6494f9b34,50,1,1,0,1,2
6e5ba665-bfe6-4987-b25e-98b315bc3571,50,1,1,0,1,2
d7f448fc-c7b5-4b59-b869-ad37cf10b68a,50,1,1,0,1,2
268b2abb-4fc5-463a-9fea-1ac0c5db30a6,50,1,1,0,1,2
07ec5a4f-de5d-422a-80f4-4700bfaf7fac,50,1,1,0,1,2
79ab2469-c8e5-4cad-afef-5f5b323f9f89,50,1,1,0,1,2
9a6fb929-6df4-4c95-9e88-387075675200,50,1,1,0,1,2
0dd4705e-85e8-4419-9efe-ed7ed3963c8e,30,1,0,1,8,64
4785a542-20cb-4d4d-bf54-ac86d9dbd317,30,1,0,0,2,4
6640ff65-4d0f-44c5-aa31-aca6be32a4e8,30,1,0,1,8,64
5ce579df-4f4b-4267-99bd-3642c4df703c,50,1,1,0,1,2
c07b46ed-e38a-4436-8ca3-03f7c177ef03,50,1,1,0,1,2
eac90e1a-d964-49a8-908c-edbf7f0c0591,50,1,1,0,1,2
1eab63c4-53c3-46cb-b209-867301b44a04,50,1,1,0,1,2
3420fde5-48f9-4362-85d4-5e301c6c6b1b,50,1,1,0,1,2
649b59da-5ff3-4854-b98c-e8396881a6f8,50,1,1,0,1,2
6978a49a-5210-4016-b424-27a98b299985,50,1,1,0,1,2
61256dd1-5cbf-49e6-8b45-6972c88ffd56,50,1,1,0,1,2
78b3b842-4a68-4a50-aec1-e27a6b727e03,50,1,1,0,1,2
18d71341-923c-4884-98cf-0eef73f1b727,30,1,0,1,8,32
2809a584-d3bd-475a-89f7-f482f72cbccc,50,1,1,0,1,2
1fb677aa-0699-457a-a4c6-9de9b60b2ded,50,1,1,0,1,2
b18d9e25-b832-4540-abc9-7ec5223f870a,50,1,1,0,4,8
8b88b7cc-0374-4e93-b38f-b728d0fdbc85,50,1,1,0,1,2
6c1ce213-189e-449c-a75f-8fadfaee15b6,50,1,1,0,1,2
ca0eb802-b02f-4b02-8d4c-f0341265e4d6,50,1,1,0,1,2
009bc06a-bf45-42c8-abb2-a737ac6cdb7f,50,1,1,0,1,2
8fb30ab1-83e9-44c3-b73c-0ff877f523d4,50,1,1,0,1,2
57d65328-ad63-4197-ab3a-793a93182dd9,50,1,1,0,1,2
bb125b44-6522-4bac-9dcc-bd57acce7ace,50,1,1,0,1,2
1ad4b8a5-75f1-4924-893f-1ec386360eca,50,1,1,0,4,8
ee6206d4-4d8c-4d1b-9abb-baa6f16c7d62,50,1,1,0,1,2
f085309e-6bc5-4f0e-b9bc-e6954f4968e2,50,1,1,0,1,2
d1092308-9c52-44da-82ef-9a56caff3fed,30,1,0,1,8,16
1a72e8ad-982c-48a5-b2b8-608bca1e11bd,50,1,1,0,1,2
f8f09fce-28f4-415d-9f2b-6994c784ed5a,50,1,1,0,1,2
cfbc7b28-fd3f-4b1c-b983-b62ba1e69cc5,50,1,1,0,1,2
f922e0b7-6721-4834-b434-bd0a90de120a,50,1,1,0,1,2
22386cfd-5d8d-4d62-9cfc-c063828acecc,50,1,1,0,1,2
5aa947aa-0968-4410-88d3-fb052fe436a7,50,1,1,0,1,2
a004ad2a-2d1d-4ab6-be75-d978ed3f2ab6,50,1,1,0,1,2
945d8cd9-041b-4d96-8d6c-8d19e32594ae,50,1,1,0,2,4
30f8d813-453a-41e8-b6e2-18ce9b4ad221,50,1,1,0,1,2
0f82468a-07c7-45dc-a1bf-086cc63c825d,100,1,0,0,4,8
919762f8-93a8-4d03-9be9-cf3fe2940b5c,50,1,1,0,1,2
7253c2b7-1531-4495-a32e-952c659dec9f,50,1,1,0,1,2
6a73d12e-d5fa-405f-823c-1edf96b8f40b,50,1,1,0,1,1
fb9e3cb4-1f2d-4762-ba55-fac737065dac,50,1,1,0,1,2
bd1158e0-7bef-47f3-9adb-d26f4594b39f,50,1,1,0,1,2
cf992c99-06f8-4907-ad38-50c1b2229042,50,1,1,0,2,8
489a1035-37a1-48dc-b0b9-6935040e5203,50,1,1,0,1,2
cdd87399-960a-441d-a4b0-9c4ff36e024a,50,1,1,0,1,2
363b9b7d-1c05-4333-809c-59714c998da8,50,1,1,0,1,2
8246cf12-2b07-4136-b468-182d9777dcbb,50,1,1,0,1,2
24e27ad0-6052-4842-b3f9-bb9beb367314,50,1,1,0,1,2
5b3ec298-400f-47f0-871a-37b2f17f4b97,100,1,0,1,32,64
eab62604-aa7c-4638-9433-8e80204d9b41,50,1,1,0,1,2
9b9c53b9-8c13-4e9b-b44c-ff14c0dba173,50,1,1,0,1,2
e4d1ae33-b9df-46df-8fe0-c513b2568d0c,50,1,1,0,1,2
bff027ba-6886-48f2-8847-dc4abdadcfd9,50,1,1,0,1,2
308290d6-a6b6-47a2-9b5b-ddae32e43528,50,1,1,0,1,2
e366adb1-547f-4e74-817f-6746e240d56c,50,1,1,0,1,2
9ff7c022-11d3-4e96-be06-635b289437be,50,1,1,0,1,2
1c1c3e8d-cc39-43cc-9dd1-3545cb2d1b07,50,1,1,0,1,2
b141aac0-e4d3-4590-b709-0d69d2ac8b4a,50,1,1,0,1,4
8375b86e-3d4b-4514-b803-23485d375920,50,1,1,0,1,2
491e12a4-23d2-44f0-9537-bb6b22784b31,50,1,1,0,1,2
2003b05b-ac42-44cc-bfdc-ad01ffd2e501,50,1,1,0,1,2
dc0afbc7-8358-40f4-8744-c1f696090b54,50,1,1,0,4,8
bc3874ce-5556-487c-8312-f9ed265421bb,50,1,1,0,1,4
cb73708e-3fdd-4767-b7c2-6459e24553d0,50,1,1,0,1,2
bf3cf5fa-a983-4fba-9b9d-9cb4bf92dfc4,50,1,1,0,1,2
1a00dc75-9b7e-46fd-ae2e-6ed29a3effd9,50,1,1,0,1,2
3beb728d-b157-47fd-8b49-dac231868691,50,1,1,0,1,2
8122233c-3898-442c-9b42-4185ed90a184,50,1,1,0,1,2
819edd3b-a9c7-47c6-a2a9-bb6adc3f6207,20,1,0,0,2,4
47b8f25d-c54c-4d66-a439-66306185fc13,50,1,1,0,1,2
9c54d948-1506-467a-a5b8-733171a57f54,100,1,0,1,32,64
da184e23-2d64-4776-9612-12615ae93d44,50,1,1,1,8,16
121bb0f7-4286-42d4-b741-e2b648b6c13c,50,1,1,0,4,8
7fc2aa8d-689d-44b7-8249-6cc41f6eb409,50,1,1,0,1,2
e361a3d5-6f30-440c-bdb1-626a828b4830,50,1,1,0,1,2
7ac32670-35db-4eb9-ba15-d4dfa4190f4a,50,1,1,0,2,4
d53692af-91c6-4bc0-b021-1e5925195172,50,1,1,0,1,2
f7b8a546-ad1e-437f-a9b8-736b4cfc6b71,50,1,1,0,1,2
641cee53-8634-4c3d-bbd0-3265d42f9fe1,50,1,1,0,1,2
9be87a62-0b61-49a0-bb2c-aae737bad109,50,1,1,0,1,2
4f9b2342-4942-4eb5-81a1-e4710125b92c,50,1,1,0,1,2
4afd3945-1a92-4982-88d2-0a304579f8c5,50,1,1,0,2,4
145d33b0-0dab-444f-8690-5c9eb428b041,50,1,1,0,1,2
5dd8a255-3644-4895-8337-28a9bdf868b4,50,1,1,0,1,2
1f010e9b-7558-441a-9921-634abdd5dc77,50,1,1,0,1,2
8c9f6dfb-5edb-4570-a89b-bab608adc3af,50,1,1,1,8,16
86cb0597-7e32-4c9e-bf06-e7568da05937,50,1,1,0,4,8
a26390aa-f4d6-4ef5-ac76-1d3a5c9c84a1,50,1,1,0,1,2
cbcbe6c7-a61c-4b8a-b572-90e08cae7a7e,50,1,1,0,1,2
bdb79d8b-7e41-469a-9749-0a3dba4b2566,50,1,1,0,1,2
3ca96f78-0e02-4eea-84c8-b90e89ed89aa,50,1,1,0,1,2
8ae6dfab-f915-49e5-91fa-de65ed1ce617,50,1,1,0,1,2
6127121c-9aba-4c22-863a-0deeccd2bd49,50,1,1,0,2,4
dce76610-8c50-4acb-a742-671c2ec7645b,50,1,1,0,1,2
3ae1feab-e8a2-4320-bb6b-e95988809575,50,1,1,0,1,2
8fb16d57-950e-49f3-9b4c-202d47f48562,50,1,1,0,1,2
5a8a0ef6-6e4b-4c0f-bc9c-4e1a0037b174,50,1,1,0,1,2
b2f4131b-e4a8-4baa-b5d8-54eb765b6c09,50,1,1,0,1,1
84d6bd5c-88a5-43da-9dd0-e1400b0de99e,50,1,1,0,1,2
4868869d-3a8b-4996-a65e-0241e0651d31,20,1,0,0,1,2
94e3c777-9040-4354-bfd3-0aa111d5aa85,50,1,1,0,2,8
3c8c5b32-217e-4933-b1a5-0416601785b6,50,1,1,0,1,2
fc8be8a6-ed6d-4f1e-b4cd-6f980a466dbb,50,1,1,0,2,4
2a075c0f-efcf-48a4-8ea2-4fbb1e7791c3,100,1,1,0,4,8
7ec9bb3a-93ec-4ad1-b234-04a5c87a78bf,50,1,1,0,1,2
64c6d83b-d60b-4127-87ba-67f5f404f5ea,50,1,1,0,1,2
6419971d-f2f0-4ea2-be9d-0c3e4bda20fe,50,1,1,0,1,2
2abbd481-5205-4027-a6b6-263d820bb875,50,1,1,0,1,2
1e542e8f-e902-4b9a-922c-b2bb93a16d27,50,1,1,0,1,2
ae3c0820-ef6f-4552-8e92-2ec60dd52468,50,1,1,0,1,1
fce6b09a-9058-4976-8ffb-173ff47bb11e,50,1,1,0,1,2
5e9ee0fd-7227-4bda-99e8-01cf1e36f270,50,1,1,0,1,2
7e11696b-2b62-4ccf-b9f2-7e605cd2bffc,50,1,1,0,1,2
defdc8e1-21df-4a3c-ae9c-700abb892f0b,50,1,1,0,4,8
c72f314e-d724-49ab-bc1a-3a8a52011416,50,1,1,0,1,2
d495cd35-53a9-4c2f-85cc-c4098dd66ead,50,1,1,0,1,2
ee40e2f2-245c-4dec-b098-88ee3f9a056e,50,1,1,0,1,2
71839d3a-bec1-44ec-accb-a1efb9ed4674,50,1,1,0,1,2
6421b8b3-6727-40a4-9ce2-168bf792fb74,50,1,1,0,1,2
3e5de6db-cc98-45c6-92e0-7c0ebffce0ab,50,1,1,0,1,2
0d638595-d415-4a9a-9a02-25bbd57a246e,50,1,1,0,1,2
1eb6b8b2-16df-4177-9771-d3f531563a3c,50,1,1,0,1,2
3fd3490d-2638-42a7-8c4c-58dec3b92631,50,1,1,0,1,2
5c3e7c61-3f91-4764-b288-71eb7ede5fd8,50,1,1,0,1,2
2d1edac0-7dd9-4ef5-9ee5-da01b0c28bfd,50,1,1,0,2,4
e9504a37-9065-40d9-a898-5d51920856a6,50,1,1,0,1,2
d173a4d2-0c5e-419a-a286-407c3323a648,50,1,1,0,1,2
4a9eeb8f-eca6-4da3-91d7-7c9739f1fd06,50,1,1,0,1,2
6f260f22-42e6-4e35-9331-f963016769cd,50,1,1,0,4,8
2e357bf2-500c-46ae-9858-9a678923d4d0,50,1,1,0,1,2
ab6d603d-7448-4f55-8ee4-2309e295fe2d,50,1,1,0,1,2
5d409990-ceec-408b-ad4e-a47809e65a96,50,1,1,0,1,2
7d1a9adf-20ff-45c5-a9d0-e75c846f6866,50,1,1,0,1,2
0704d00d-1b5a-4632-a0ba-47741aebc03a,50,1,1,0,1,2
27d868e8-13f7-4f4c-a8c8-e18068ab3d3a,50,1,1,0,1,2
68f428b2-d2b6-49d0-ad16-36273c3473b8,50,1,1,0,1,2
799bb65a-9696-4ab1-b8ac-82b3335d2262,50,1,1,0,1,2
3c547124-6720-45d9-9ef2-602437983c08,50,1,1,0,1,2
5deb28ee-643c-4506-8fd0-cd5059daa410,50,1,1,0,1,2
2ac54ddf-f590-4397-84c7-2c86bc14cc81,100,1,0,0,16,32
771e319c-b84c-4162-97be-1ee824d5bca1,100,1,0,0,16,32
d0bf0493-627a-4674-b03d-e8158498cb8f,100,1,0,0,16,32
c92e54b3-d30a-4b8d-ba28-e417ffb79285,50,1,1,0,1,2
8ac75e55-a7cc-46d7-8374-7e71cd95857f,50,1,1,0,1,2
cdb2a2e6-3f3b-4ed7-a625-efa7fc01b7c1,50,1,1,0,1,2
c5c9331d-9abc-49cf-9a6d-7a4576f69017,50,1,1,0,1,2
ee56928a-60ce-438d-8f0c-8e55f3c5c386,50,1,1,0,1,2
d6d07726-20a4-47ab-ba54-74a84b14f1e4,50,1,1,0,2,4
a82925e1-d875-4bc3-a860-8464b712fb78,50,1,1,0,2,4
ddd8676f-73bc-4a02-ab9a-ba9fdab81736,50,1,1,0,2,4
4f5ac91f-6ff6-43b6-8313-7fbb7b0e9c6d,50,1,1,0,1,2
e235c8c0-af4b-4b32-a48a-a8a809940bd7,50,1,1,0,1,2
01ca7c76-2c09-46ed-8a80-c393d8332b1f,50,1,1,0,1,1
bfd2618a-7b06-4c31-846b-4367502e8c76,50,1,1,0,1,2
2e9c7b09-2349-4fbe-9a80-a2efb3823f1c,50,1,1,0,1,2
5ee7cc58-28df-49fd-95c1-af01506989fc,50,1,1,0,1,2
0530b7e3-0e29-4619-9c95-d17996565a4d,100,1,0,1,32,64
30233037-5e7b-4916-ae31-a33be88140d3,100,1,0,1,32,64
8826e3bd-9229-4b0e-b1b5-dd781f9d5ef1,100,1,0,1,32,64
7d06fe8d-1406-4d80-8d71-f106d3a34222,100,1,0,1,32,64
60a8bcb0-ba3b-417d-8179-2bcff7c84e33,50,1,1,0,1,2
0987365a-4578-422c-9651-7f464e435a40,100,1,0,1,32,64
6fa33329-f836-4ace-abb1-bea9ff23dc00,100,1,0,1,32,64
e796a29f-4655-4e08-83c2-927bdcc2b6f8,100,1,0,1,32,64
d9e9c589-b0aa-48d8-b216-9ac05af720ed,100,1,0,1,32,64
797e80a3-6a77-4648-aed0-40cd47beb5c7,50,1,1,0,2,4
79f0e49e-ac12-4a78-9dc4-d81be51c14d2,50,1,1,0,1,4
c72ed5f3-77f2-4a50-a02a-5d659a760ecb,50,1,1,0,1,2
afa6b849-b01f-43c5-806f-9e7b14a6489d,50,1,1,0,1,2
6a0dc143-6dc5-4165-8be0-ba2dea280570,50,1,1,0,1,2
7875b81a-a421-448a-823d-6a8c1c702afb,50,1,1,0,1,2
aa4aa9a5-0acd-4dee-8bec-198e43b1b68e,50,1,1,0,2,4
6b162e63-1974-4a0e-be40-0d1906b5ae7d,50,1,1,0,1,2
d5a488ff-b48a-4ec8-b659-888a631f59b7,50,1,1,0,4,8
1134bc66-f70b-4e7a-83ba-94ae55d5a951,50,1,1,0,2,4
6ccace32-02a5-401c-891c-38f205ab391c,50,1,1,0,2,4
d3792c21-05f3-4928-a907-2f84ff74fb75,50,1,1,0,8,16
122870a7-68e8-4620-986d-1088cbeeaede,50,1,1,0,2,4
548a17e9-b2a0-4b50-8044-2609ae0f1f59,50,1,1,0,1,2
45d235a0-7dd3-4477-98b9-4ff13a2374ab,50,1,1,0,1,2
2d8d4da1-6493-44f0-b62d-6f99004385ef,100,1,0,1,32,64
b1b8e54e-0acb-4ea5-ad4f-a7396f9579f0,50,1,1,0,1,1
0dbf7115-db5e-456d-9604-6eebf0bc5ef0,50,1,1,0,2,4
85359d2f-1173-46d9-8806-07a90e8c3d29,50,1,1,0,2,4
e9a805df-4ee1-4c34-83a1-1c91cac8d8b1,50,1,1,0,2,4
61c3c9bd-299c-418c-925c-6e33f0204320,50,1,1,0,2,4
670b51f9-a661-41a5-9c2b-ab3d8beb89ab,50,1,1,0,1,1
c51eb867-fb93-486c-8e57-7f8e3254c502,50,1,1,0,4,8
3da5a0e6-84ff-480f-ab76-3bef9a369394,50,1,1,0,1,2
c145204f-67d5-461d-8d67-fb9e6cc584dd,50,1,1,0,1,2
4d45f434-3868-4c20-bcc8-76bc721b8aee,50,1,1,0,2,4
8c6320c6-285b-4c11-925a-283d440a6104,50,1,1,0,2,4
2d9e9815-9d0c-4a79-8204-c4b25d26fbe7,50,1,1,0,1,2
079e439f-66a9-4a4c-943e-aec361174d21,50,1,1,0,1,1
97ec2928-bd46-4156-99fd-240c43238d48,50,1,1,0,1,2
789833c2-3f5d-4cc4-ae80-d6bd6018302a,50,1,1,0,1,1
05bb3dd1-33b9-406e-88c1-602769206df4,50,1,1,0,2,4
154c58cc-4e6a-4365-8a81-9fdba8f05c48,50,1,1,1,24,96
a7bc5fa3-cf6e-41f0-813b-19ca5eea9c6f,50,1,1,0,1,1
abead0b1-b58e-46d7-91ad-2a4325ec94f8,50,1,1,0,1,4
5e692a37-2aaf-4f28-b8aa-37eaa48fdca5,50,1,1,0,1,1
bca604dd-e408-471b-9a1e-8fac47ec5193,50,1,1,1,1,2
606bffd9-05e9-4557-a43b-24c5e073e1f0,50,1,1,0,1,2
004fd437-ea46-4cdc-9d01-f779a92e727d,50,1,1,0,1,1
dded7672-9af9-4431-984e-1bab89866a1f,50,1,1,0,1,1
57f98a51-fca5-4de7-9f7f-55e5909c2229,50,1,1,0,2,4
136204d4-a052-448e-9dac-40b564c08b1d,50,1,1,0,1,2
6964791e-321c-4b64-8612-88905dc39375,50,1,1,0,1,2
bd04df25-ad76-4163-bf25-55a6652bc576,50,1,1,0,4,8
11bb3b3e-7cd5-4455-894f-4379b8c9f5d3,50,1,1,0,2,4
387f29aa-6c21-48b3-a902-11f1a1ae4166,50,1,1,0,1,2
543753ed-2f7c-499a-bc41-31392be9e67d,50,1,1,0,1,2
0b22a73c-39f1-471a-b85e-c09064147fbf,50,1,1,1,4,32
dd1bfbf0-1758-4fe1-be9a-049e6e892c4e,50,1,1,0,1,2
2e6cd076-24b0-4c56-9b72-b92e2d9a8c96,50,1,1,0,1,2
95ea6bb2-5d40-45dc-9a37-e4b534826f8a,50,1,1,0,1,2
d099b8fa-df6b-477c-839c-d16a71354702,50,1,1,0,2,4
7589ec71-1e67-4bf1-97f5-ffe6249ea7dd,50,1,1,0,1,2
7f28c32d-9e74-4b4d-a643-db7ff59d4e46,50,1,1,0,1,2
9a2755c6-2e3f-4954-9da6-e21b8119495f,50,1,1,0,1,2
c75bc6c3-fde2-4cd8-9ff5-0f5c1cce5fda,50,1,1,0,1,2
23d5d6a4-8190-44b2-ac10-8becca34e81a,50,1,1,0,1,2
a2193d3a-e13b-4ad3-9ed3-cc36841e12aa,50,1,1,0,1,2
18b92303-dee1-4c3b-8a12-c6185b8b7cc0,50,1,1,0,1,2
25426107-1996-4be1-abf9-bceb08a297f7,50,1,1,0,1,2
0442afb7-3db5-437e-b0b5-09c7cf450a06,50,1,1,0,2,8
501887f2-c6be-4d36-952b-89b4ce5f3805,50,1,1,0,1,2
359f1904-cbb0-4400-ad01-3bc5cf3d948f,50,1,1,0,2,4
6ca8ae53-da87-4a37-a02d-0c5d8543fef1,50,1,1,0,1,2
12f5c9de-5148-44c3-8706-ff094a73ed82,50,1,1,0,1,2
96658745-2df3-4619-a671-05e3a4ffb532,50,1,1,0,1,2
d338d5be-8cc1-4d8b-8969-690b756980c8,50,1,1,0,8,16
e7878acb-7a26-4d5d-9620-e457daeee3d6,50,1,1,0,8,16
c0a20e31-9772-4242-a9fe-828cfe62ce74,50,1,1,0,1,2
b6ab72b8-95ea-4816-972c-1d2e2b0edec4,50,1,1,0,1,2
f3dab8c7-4eaf-4ca0-a854-740ef34265ed,50,1,1,0,1,2
23494c18-96b0-4993-a91c-ac690487d6c0,50,1,1,0,1,1
61843d11-13fc-4e4f-bd4a-87ba55f6965d,50,1,1,0,2,4
ccd45bb1-f0bd-4fda-885e-3a6cbf5fd860,50,1,1,0,2,4
a84397ac-d915-418e-ad2c-976ba07345d7,50,1,1,0,1,2
525ac473-98f8-408a-8b37-ae8a7e0f8693,50,1,1,0,1,2
7b5fd010-3cf4-4615-b3f8-f988831f7be4,50,1,1,0,1,2
b935fb6d-e98f-4d9e-b725-59b700118589,50,1,1,1,4,8
8d891945-e8b3-420a-b49e-528eeb7a3bf6,50,1,1,0,1,2
8894a48c-3c92-494b-b25c-070b230654ba,50,1,1,0,1,2
56b4dc05-cc07-46da-9c24-15be87d77a5b,50,1,1,0,1,2
79d6b090-98a8-4c37-90b4-95aee86bed89,50,1,1,0,1,2
ae0a698b-06ba-44c1-ac26-e69a0db1ba33,50,1,1,0,1,2
61029b62-a88b-4a30-b34d-b11cceb78d0c,50,1,1,0,2,4
f2fc46ae-21bd-446d-bd01-d599db114c6f,50,1,1,0,1,2
332b8f9d-6f0d-4da0-abfa-1d25467247d5,50,1,1,0,2,4
65576ea6-d034-4b47-9be5-de055190de68,50,1,1,0,8,16
b3310a3c-6205-496c-b5d5-b71aefd7cc03,50,1,1,0,32,128
e28e9f5c-318a-4b7f-8d33-f501e864bb70,50,1,1,0,32,128
7502fec9-9a75-4780-a5fa-9c9e152c6a12,50,1,1,1,2,4
76f06222-fcf3-47cb-9bf2-52b7ce2b9d9e,50,1,1,0,48,96
52ff4428-7bd4-441f-95c5-7c4ec3ab6fef,50,1,1,0,2,4
095ecbb8-9acc-4a75-b53f-0ed645f9964d,50,1,1,0,4,8
74bcac4c-4da9-445b-a84e-6e7ca37fa952,50,1,1,0,1,2
f0cb3c8a-f33b-4436-b121-01ededfedf0d,50,1,1,0,1,2
90cab745-1507-4090-b741-f783c717a2d7,50,1,1,0,2,4
70c6a2db-792e-474c-bb1a-e48c5a07ff65,50,1,1,0,1,1
05796008-c08d-4c69-9cdd-dddb7f12a00e,50,1,1,0,1,2
6c3a19a5-8ed7-4d67-bff1-10a2e2984b74,50,1,1,0,1,2
f3fdaa32-20e2-442d-b382-1107acf5e505,50,1,1,0,1,2
b4c7a9ec-6d14-4c26-9e96-61851d8e6a26,50,1,1,0,1,2
1991a3f4-71b7-42b6-a101-66e59c90742e,50,1,1,0,1,2
5284e9dc-adb9-4cca-9b31-d90bd2aa3a45,50,1,1,0,1,2
e6260d40-905a-476b-987a-ea4130696e9c,100,1,1,0,8,16
7adbe92b-51ee-420b-a28d-3c0a8a273b8b,50,1,1,0,4,8
70dfa5ec-64cd-4025-a6a2-3c6169ab6dc6,50,1,1,0,1,2
8415f6f1-ab0c-4717-923e-c89db4b9b751,50,1,1,0,4,8
9f08a4c1-6767-424a-a01d-dc7a20339294,50,1,1,0,1,2
406abdf0-c35c-4ebf-a326-5e79acf284a5,50,1,1,0,1,2
51d87b7b-241e-437b-98a0-ec248b20745b,50,1,1,0,1,2
9d9fb927-4aaf-4a49-a50a-812672ee826a,50,1,1,0,2,4
9d467baa-eda8-4ae6-9b74-40148fe2f410,50,1,1,0,1,2
4d3df6c6-a467-489a-96e7-fc3a918c327b,50,1,1,0,1,4
7ca4000f-5df2-48dd-8ab4-89aa05e9edf4,50,1,1,0,1,2
5235d86a-5ad9-4702-88af-d553b89d7aa0,50,1,1,0,2,4
c46bac67-c985-483a-9ca1-830294ed7cab,50,1,1,0,1,2
11d39436-74eb-4a5f-9603-35760d35df7c,50,1,1,0,2,8
3fcbb62b-d728-4592-bdd2-18357dd5f20f,50,1,1,0,1,2
bceb8fb3-af08-4cd5-a8ff-1ef599d85cc9,50,1,1,0,1,1
68bdd8ce-47f7-4b08-8233-95a2f31a05fd,50,1,1,0,2,4
f78a15c6-83fe-4548-8a7f-cb8c1364cea6,100,1,0,1,32,128
6543dd5d-8f4b-404e-89fd-a4f693007fc9,100,1,0,1,32,128
21f0f339-853b-4a50-b7cc-b20d5670eadb,50,1,1,0,1,2
bbd99584-59ef-488b-801c-8fc32be610cc,50,1,1,0,2,4
bebc8a97-aeac-4caf-bbbc-775b2a1faf74,100,1,0,1,4,8
f1f11af2-af20-45ae-89fb-b20fffda6b6f,50,1,1,0,2,4
f621e135-981f-4e75-bfbe-03f7faeb27c1,50,1,1,0,1,2
ae61a4fd-8226-44b8-a94c-d5b2d6ef5857,50,1,1,0,1,1
b8ca0b86-1c16-4c3e-b2cc-96bd4303ca94,50,1,1,1,2,4
adae0a07-ff93-442d-bc4f-f39a8076f4b7,50,1,1,0,2,4
21d82f18-175d-4fd4-85ad-7cf474723dfd,50,1,1,0,1,2
c5060d83-55ea-4041-9df7-5fa76319c69f,50,1,1,0,2,4
81d86032-e6c2-4956-aa23-94d14a013f9b,50,1,1,0,2,4
0936ccbb-b7b2-4dc8-b554-ddddc2abd95b,50,1,1,0,1,1
96ab5aa9-0e28-4974-8555-9b3d11af5d12,50,1,1,0,1,2
e33288fd-e031-4627-ba8a-6df52b3ec504,50,1,1,0,2,4
d47ad2eb-73fb-43d4-9154-498180b61afa,50,1,1,0,1,2
2b4b0b20-914e-4fc5-b099-014ef6832fa8,50,1,1,0,1,2
50182c43-5dab-4ad4-b1b1-030f08fff33b,50,1,1,0,1,2
86d390ec-535f-4c19-ad97-d6a3aa3e08a2,50,1,1,0,1,2
2f202509-d9d4-4075-aaee-6f02af7abc14,50,1,1,0,2,4
06f48df3-d782-462c-82c4-db3e65df8bbc,50,1,1,0,1,1
4fe11fe1-0f2c-4834-8d9e-2e45a4671d70,50,1,1,0,2,4
a5947c2c-d3ef-456c-b097-cd8e5207fe27,100,1,0,0,32,64
9efb7268-df39-407b-ac97-5884c31f9b4e,50,1,1,0,1,2
84b8ce16-c49d-4d84-ad6b-8aca1d529f1d,200,1,0,1,8,16
5f003e9f-9192-4c29-9215-7d4605bbd522,50,1,1,0,1,2
10d594d1-387c-4da7-9630-788b995df37f,50,1,1,0,2,4
66fe81ee-003d-43ed-b65c-83cb6d6109a2,50,1,1,0,1,1
68d106c5-6c1e-4b1e-8c35-12a9fec94fb8,50,1,1,0,2,4
c10327e8-5ea7-4e50-9fe5-0a6bf0185eee,50,1,0,1,8,64
191fb36c-4b4b-4fab-a4f9-db9ded6e106c,50,1,1,0,1,1
d318e85b-45ef-41d7-bfd5-477571fb508e,50,1,1,0,1,2
ccfd8398-05f9-4de5-8d30-7ee5f4ea07a1,50,1,1,0,1,2
ba461777-4fbe-42f9-b3a6-e0055991a21e,50,1,1,0,1,2
24c5c666-bff8-440b-90a9-214d67bec0f7,100,1,0,0,4,8
e3efc937-4aa0-4c2f-940f-c1d8abe264df,50,1,1,0,1,2
d539b167-25e3-4ac5-aeae-128e37c142c9,50,1,1,0,2,4
261f1a91-945b-4d2a-9ada-40a4f7d6b55d,50,1,1,0,1,2
4c409cac-6ada-4d8f-9a71-62432ea240eb,50,1,1,0,1,2
3948cca1-3c2b-4231-854e-d67f0f8cab8e,50,1,1,0,1,2
d81d4ce9-eadb-40b4-9444-aa0cdd48d0b0,50,1,1,0,1,2
227bd85b-d10a-4c4e-bc10-d57585b29ae5,50,1,1,0,1,2
a62e3df1-bf92-48f6-81cd-1b2b1de48410,50,1,1,0,1,2
cef3bf3a-b7fd-4294-8f0e-6321e510fc0f,50,1,1,0,2,4
aa620846-7d30-40ea-ad1c-f027639e870d,50,1,1,0,2,4
9262dc39-d88a-4258-8565-defaafd3134f,50,1,1,0,1,2
e7571b69-5a6c-483e-960b-1408afdaffe3,50,1,1,0,1,2
ebe8c604-be46-422b-a90e-b3796097e3c6,50,1,1,0,1,4
03a9d35b-4bb7-4976-9d0a-4b9f20561347,50,1,1,0,1,2
55cdcc5d-6951-487e-8427-d226e4f9547f,50,1,1,0,1,2
a8da2a07-2f2a-4c59-b3f9-33808bdb0a40,50,1,1,0,1,2
92d88574-fd12-48b9-9fae-f44b350221ca,50,1,1,0,1,2
65305382-af11-4908-ad67-44324341f197,50,1,1,0,1,2
46ce405c-9fb1-4069-8d8a-3f35767a8587,50,1,1,0,1,2
63b66f32-87e8-42a1-a295-0d8edaf79919,50,1,1,0,4,16
eb81eaf5-76dd-4592-90f2-649d82284e77,50,1,1,0,1,2
d5c08b9d-bde8-4d42-a018-55acd3b5bd6d,50,1,1,0,1,2
710aabab-10a8-4627-bbeb-3606b54e8bfc,50,1,1,0,2,4
de597e8b-044f-415d-8839-706487f5537e,50,1,1,0,1,2
cd7ce504-5b96-4cc3-8757-b51a8596eb9c,50,1,1,0,1,2
7151b530-7aa5-4b7d-a824-51496034dbf6,50,1,1,0,1,2
0ac554ad-5cbe-4922-836e-d62d0de026bc,50,1,1,0,1,1
dd07f3c5-6f4a-4201-a955-593ae7fdcba4,50,1,1,0,1,2
8bcf2522-4c37-4b94-981c-6ee796e7bd07,50,1,1,0,1,2
ba3591a3-f189-494a-80da-f445beca2f12,50,1,1,0,1,2
a22a38ba-f11d-4060-adba-2ed1a1254355,50,1,1,0,1,2
4dd1328d-b82e-4c6d-8a1b-f3837be7f87c,50,1,1,0,4,8
25d2abe6-c41b-451e-bd6b-6b5853966025,50,1,1,0,1,2
5363ac90-7ce2-458e-a37e-58c8c6caed23,50,1,1,0,1,2
660bec4f-06d7-49be-a077-0fd306a58b4d,50,1,1,1,4,16
add872c8-e5bb-46b5-aae8-f559031f5c3b,50,1,1,0,1,2
1de0194c-fd44-42d7-976b-a93143b65cbd,50,1,1,0,1,2
d43f8676-59f6-46fb-ac24-63903d529a29,50,1,1,0,1,2
eab01654-6061-488b-b6b2-71b9764a4ce8,50,1,1,0,1,2
69fe7f35-66bb-4f8d-a339-108bda6347bb,50,1,1,0,1,2
53c9ed6d-9742-40e6-afc8-b9767eca1e56,50,1,1,0,2,4
08e9891a-dbb0-4090-86e5-6f1759cec982,50,1,1,0,1,2
4de8973c-72f7-40d4-8a87-271543099d37,50,1,1,0,1,2
c322e72f-ff9c-4ab4-b43c-abc91c7645a6,50,1,1,0,1,2
66f4e6a6-d596-4048-9bf3-3aec13c8587c,50,1,1,0,1,2
0963dae5-bd89-4617-a699-b095a9e3b8f2,50,1,1,0,1,2
fbfeb707-77d9-4ef0-a748-fef89f703d01,50,1,1,0,1,2
7fbaa57b-1229-41f9-ad03-b85fec3a6994,50,1,1,0,1,2
1e060b93-7011-4efb-8fab-705b894e57fd,50,1,1,0,2,8
b217640b-cb09-4de4-babc-fa8d6edf98cd,50,1,1,0,1,2
c840f10d-e56a-4dbb-8c5c-c360bc855f76,50,1,1,0,1,1
b90f13ce-2118-41db-943e-64e3bf3b16ee,50,1,1,0,1,2
4af6c723-6812-48b9-8289-f324739b606e,50,1,1,0,1,2
67f09705-ea6b-484c-bdea-3e33a532a2bb,50,1,1,0,1,1
bf257723-d3cd-408f-8541-63f6fbe504ea,50,1,1,0,1,2
d96107d1-1a70-4ffe-9006-edc7d827d80b,50,1,1,0,1,2
99bcb91b-dc69-4b70-b7d0-c04d61075d27,50,1,1,0,1,2
8c9259c1-1185-49f0-8dcb-d314c5c183cc,50,1,1,0,1,2
30e18710-9f6d-485b-8066-fd84ad1f8be0,50,1,1,0,1,2
7a215ad2-24a4-4fc4-8ad6-089e55b36df0,50,1,1,0,1,2
83df45db-341f-48a8-8b95-64f45385fd72,100,1,1,0,4,16
ec2bea37-a94c-4181-b69c-7f0f6873b844,50,1,1,0,1,1
1b66efbc-43f5-4104-b568-93390ad4f50d,50,1,1,0,1,2
0aeec82a-4f43-4a62-af56-0f483131222b,50,1,1,0,1,2
5e99f9e8-58d4-4216-a894-6f4e14a5c740,50,1,1,0,1,2
9f4f0db4-30ce-418e-809d-8dcce6775ceb,50,1,1,0,1,2
aef46979-2e05-4ef3-ba77-78544f1b7e80,50,1,1,0,1,2
a351d0da-baad-4ed2-b8a6-3af05684d933,50,1,1,0,4,8
f97e507b-ec41-4b1f-8660-cce3afb897e0,50,1,1,0,1,2
eafbc991-b528-41a9-8699-d5c0abc5ec3d,50,1,1,0,1,2
4fc7e3da-5321-4ed0-91cd-8e2a9a2df03a,50,1,1,0,1,2
b64f7f0b-4c97-4b7a-b7ee-95e4a87836ce,50,1,1,0,1,2
20d0d9be-eae9-463d-8089-9bd7446274ab,50,1,1,0,1,2
101c4757-55d7-4361-8620-4e6e9b0e3755,50,1,1,1,32,128
dc82be72-6f01-4548-bf32-91289aaac412,50,1,1,0,1,2
3d70083c-d416-4b17-894c-e1e6c80a5c5c,100,1,0,1,64,128
03c934c1-b7a1-4538-8a52-cf753e24d8e8,50,1,1,0,1,2
db889aaf-2b40-4811-8e8e-0e9085ac181d,50,1,1,0,1,2
70b28009-3719-46c6-908f-269ebbbf25a3,50,1,1,0,1,2
d3e1ca00-5361-4764-9ea1-575f53316f2b,50,1,1,0,1,2
8027c736-e3d8-4510-a92e-b8a1288c1d06,50,1,1,0,1,2
7d446a37-e0f5-413a-bafe-1c7bb7205f08,50,1,1,0,1,2
83097653-6826-4e4a-bb35-ecd6ea87010a,50,1,1,0,1,2
05821e10-50cb-4653-b0fd-35c695da7808,50,1,1,0,1,2
af2560ad-91b0-46f8-9430-21873857cf37,50,1,1,0,1,2
5126b6b3-af52-42ce-ad9f-4b33bba26d1d,50,1,1,0,1,2
e34fe163-9522-4530-8d19-e91d73e7a556,50,1,1,0,1,2
4055937a-3e12-4312-8a02-0ab3d8250b18,50,1,1,0,1,2
5a7e94a7-43e9-44cf-b2bb-5b7d0b83b971,50,1,1,0,1,2
afb3b949-db92-48c1-a490-12291e6b3d4c,50,1,1,0,1,2
0964aa3c-9c07-4bd1-8d3b-97ec44064c49,50,1,1,0,1,2
c80ecf1c-77f9-4ae4-a214-566b29257bbf,50,1,1,0,1,2
b930d311-21da-4305-b380-f750f69a9051,50,1,1,0,1,2
ba2bccd3-8fd3-4b00-9aa3-0d24467a236e,50,1,1,0,1,2
d7c61418-9a8b-41a7-b337-560ad7e8eb3c,50,1,1,0,1,2
fa680ad7-e8eb-4c2f-b95c-c12d80e62c38,50,1,1,0,1,2
8e234b5a-cd6f-4e8c-9349-560a3260a13a,50,1,1,0,4,8
a2e3b59d-297c-466a-99ec-1ef753249ff6,50,1,1,0,1,2
5598faaa-b09d-4ee7-b6bc-5473a0036f0b,50,1,1,0,1,2
18b67e47-60eb-489f-abcd-0a52daa6765f,50,1,1,0,1,2
32ef1167-c3ea-4d9a-b7b4-ec362d835452,50,1,1,0,1,2
1ec3dd7a-c901-4f5b-ac09-d6f36b077f42,50,1,1,0,1,2
826e7d78-4038-4e93-a7a3-83268dd865e7,50,1,1,0,1,2
5fbfa5b0-a08e-44c0-8ad1-b0ae0bc9bc82,50,1,1,0,1,2
64009aa6-1fe7-40d1-936c-fe10649e1bda,50,1,1,0,1,2
df254607-7d28-46e7-92bb-27e7d4ffffaa,50,1,1,0,1,2
c339bc7c-38c3-462a-8936-78e0226f4db6,50,1,1,0,1,2
601c5d3c-a1ab-4fba-b4a9-1ee9064389da,50,1,1,0,1,2
b6e80a4b-846f-4dcb-8a38-2ac0d8aa0f68,50,1,1,0,2,4
88a7e129-6441-43f2-aa24-689333925d4e,50,1,1,0,2,4
5852d47e-931d-4393-ad29-c4c4a98de42f,100,1,1,1,16,32
fbaa594f-69b1-4079-a6a1-606477c9eb73,50,1,1,0,2,4
2ca83d3e-2591-4e13-81c2-2d8f7adc6866,50,1,1,0,1,1
f8f9d7e3-0ef2-4fba-96de-a2b5f0f3155b,1000,1,0,1,64,128
626f6160-36cd-4cba-953c-8ec0884ef298,50,1,1,0,2,4
333998a5-8bb2-4a85-afe9-83645c8105e1,50,1,1,0,8,32
c94d538a-4c76-4747-b2ad-c63f579c7816,50,1,1,0,2,4
5d632725-9648-4bd0-ac72-fe3e9445143c,50,1,1,0,1,1
0b46ca9f-f9f0-47d7-91f8-fd1dfc502abc,50,1,1,0,1,1
38fdf301-0b2d-4c5c-8e1f-b07b00a67c53,50,1,1,0,1,1
96709000-5110-4bea-94aa-7bca57b1d81f,50,1,1,0,2,4
4340cb56-ce92-4f43-b039-77c0361fb91e,50,1,1,1,4,32
06ea2bb5-e803-4d8a-9af1-5bd53fb5b117,50,1,1,0,2,4
401b1559-adc5-4232-9615-a18e648420e4,50,1,1,0,2,4
bbdfbfb6-c200-46ab-8d77-2f66f3ba3774,50,1,1,0,4,8
98a8a86b-cc20-48d1-92a0-8abe542bc0ee,50,1,1,0,1,2
054f47ee-22ac-42d1-9b1d-3e89d6e05ea2,50,1,1,0,1,1
df02d775-76df-473a-9f86-756bbb287c72,50,1,1,0,1,2
c1b35211-4cfb-4c4d-b76f-0cc0f3fa22c2,50,1,1,0,1,2
d5739f6b-312d-4a68-8293-8cd03d5cd32d,50,1,1,1,4,8
a2c17f43-9062-4f67-a6fb-282d3aa44c38,50,1,1,0,2,4
0de72240-aadc-42c7-9adb-e5097c3faa1f,50,1,1,0,2,4
ae8486ce-4d98-4002-863f-5b99f5c58646,50,1,1,0,4,16
b68f8578-c134-49ca-8f8d-c69d9d2b1c46,50,1,1,0,2,4
92566d00-ea9d-4722-9164-a481200d11ea,50,1,1,1,2,4
7c0c260c-23c4-40cb-9388-4711d337a123,50,1,1,1,1,2
e85073e6-36de-43de-b326-444957ab7f24,50,1,1,1,1,2
20930ae9-2a55-4009-b2e3-8c0860cf14f3,50,1,1,0,2,4
4f01e084-5d0e-4cd8-a276-775c10cc1b6c,50,1,1,0,1,2
370f95d9-13d7-4ed1-bf8e-e4d5d413a1cf,50,1,1,0,2,4
74525a22-ad41-47ea-a008-13607f2d6412,50,1,1,0,1,2
95540d4c-29bb-4e82-81d5-77c8f9ee96f5,50,1,1,0,1,2
9faa296e-24cd-4cc0-89df-b2333880a140,100,1,1,1,32,64
52b3a47c-0316-4bbc-80c1-a02a3fa94cde,50,1,1,0,2,4
90479ed1-4296-46d3-bd8f-e7de0190897d,100,1,0,1,32,64
7875d5c4-288d-4618-9474-a9acf564b186,100,1,1,1,32,64
38e4ce5a-b08f-4b03-a4ae-bc5b7f21e542,50,1,1,0,1,2
17d24912-97dd-4a6b-9901-f59652adf4d1,30,1,0,1,8,64
11b1a4ec-5ec9-4616-a22c-031d69c9fb29,50,1,1,0,1,1
2f84b869-8ec8-4170-98de-12135f424ca3,100,1,0,0,4,16
be0f39d9-d6de-4c68-be20-b09e3404c090,50,1,1,0,1,1
fa606c3d-99b7-4de1-82f0-c2472f5f8878,100,1,1,0,2,4
562a3e89-e87e-4d7f-a078-779da4c28062,50,1,1,0,1,1
79abe930-10bb-4444-a34b-03b734366377,50,1,1,0,1,2
c97ea94a-3f7b-4819-bc5f-75c32d0fc126,50,1,1,0,1,1
64234396-1e40-4db7-93fd-ab7c6d1432e0,50,1,1,0,2,4
71b5980d-ee8a-474c-901f-e4b17a3c9f62,50,1,1,0,1,1
7549d920-3e92-4d68-bdaa-76948ec6acb5,50,1,1,0,1,1
0cc489d7-db3a-45ed-a2d2-093fa04f4659,50,1,1,1,8,16
041f7b16-b257-4e1f-936f-bdfdd4023645,50,1,1,0,1,1
5cacb2e0-9692-407a-b9a2-3efa73576e95,50,1,1,0,1,1
b9f132ab-b739-4ba3-88db-ab1a403fda65,50,1,1,0,2,4
46a10f78-3f08-4317-ad53-7b64a0898881,50,1,1,0,1,1
d6199f14-8243-4c80-a2c5-df9fcf2e60d1,50,1,1,0,1,2
26636b83-0b6c-4073-b0a7-0113e9f0091e,50,1,1,0,1,2
9cba561e-fa65-4192-a6e8-95ad6f593db9,50,1,1,0,1,2
7b650ff6-c852-4dcd-b90f-4b18b52a87fd,50,1,1,0,1,1
b90b4261-8a81-4f9c-bc26-1898824dcbed,50,1,1,0,1,2
d13d6894-9c3a-44ee-9821-dc9d512b5845,50,1,1,0,1,1
d0dfb64a-8494-492c-850f-7f02b30af9bd,50,1,1,0,1,1
7a91924c-aade-4cb4-b847-0d9011516256,50,1,1,0,1,1
a3d311de-24e5-46fc-947a-18f7a4a3d66e,50,1,1,0,1,2
da61590e-1f48-4449-823d-dadf2fb6b95e,50,1,1,0,2,4
4b3bb10a-b073-4a1f-b56a-16ea69662f1d,50,1,1,0,1,1
4b79c3ea-436e-434f-bf57-80b328adbae7,50,1,1,0,1,2
89eb95ee-2958-4585-8ce0-d00e2f4e5934,50,1,1,0,1,2
f6af95e8-48cb-4241-9b36-82a7827c2e28,50,1,1,0,1,2
1706742c-b730-4c1e-a62e-67366e4a549e,50,1,1,0,2,4
37925a17-1b1b-4f44-8f23-8fa5733b2862,50,1,1,0,1,1
918a9a6f-50a5-4201-b563-f1f48512e48e,50,1,1,0,1,1
7938486f-e309-4a1d-bf4f-20a3b85600e3,50,1,1,0,1,2
c8ff0456-6037-47c3-9455-03661cd3ec71,50,1,1,0,4,16
e1489341-2cf4-4df2-9e68-9f5a6997d83c,50,1,1,0,1,2
35e632d6-88ff-4872-b813-83b550feccae,50,1,1,0,1,1
8b755a8d-796d-4d0e-941d-24dc65e788b4,50,1,1,0,1,2
2014466a-243f-4368-9d67-ad5f77066e21,50,1,1,0,1,2
6a827eae-711d-424c-938a-de3e3e9f66af,50,1,1,0,1,2
ab168c89-5397-4595-a669-f1b634702636,50,1,1,0,1,2
2140f963-c2d9-4fc5-abfb-3a85955ee1c0,50,1,1,0,2,4
fbd9da06-986e-4cd2-a43f-789fd6452448,50,1,1,0,1,2
580ceb92-d972-48d5-9e3c-d14f31e6c1e7,50,1,1,1,16,32
ac5361e0-d19e-4ac2-b6d0-f91d6a10b1b3,50,1,1,0,2,4
44beca57-e112-4d3c-8d9d-1cdb36a9bce1,50,1,1,0,1,2
3e8a42e5-caba-4985-9fae-1e7f1dc2a6f6,50,1,1,0,1,2
3322a039-2d1d-4eb1-a9de-b519a7bd520d,100,1,1,1,16,64
d8c5c9e0-613f-4274-91ec-3696e2f5dd71,50,1,1,0,1,2
d5b93a0e-dd4a-4891-9cbb-c125e4fc555c,50,1,1,0,2,4
84e8e7f1-7a02-43d8-b849-e7935b9a775d,50,1,1,0,1,2
413cd58e-c87e-4834-8cb6-0f673f2095a3,50,1,1,0,2,4
7fc34cfa-ed67-4f4c-a55b-329b0184fd8f,100,1,1,1,16,64
f766d7d0-0d68-4fd1-a3a5-0ddb0b675ca9,50,1,0,1,4,8
e4d3afc5-2a9b-4ec6-8170-3bcfe330897a,50,1,1,0,1,2
cfb20d2e-1a09-4540-9d43-f1f28c46324d,50,1,1,1,2,4
5fd2ac20-5eef-45cd-9a64-89af48af3853,50,1,1,0,1,2
c8ae1046-a027-4d3d-b7de-077c71377ab6,50,1,1,0,4,8
3737e923-e25c-434e-879a-8cd52e1af84e,50,1,1,0,1,2
2d01e744-0e50-42f3-8bac-87885e036048,50,1,1,0,1,2
e7b5635c-0453-4c1e-8878-4ef03e6729e4,50,1,1,0,1,1
3b6cea59-df6d-45e3-943b-ada76e814ed2,50,1,1,0,1,2
4b86e2de-8139-4bdf-a508-911882ca9ece,50,1,1,0,1,2
501e194f-a5f9-40c5-855e-64632b5bfea6,50,1,1,0,1,2
415e96f4-c68b-42e5-b1de-56b291a2dac2,100,1,1,0,2,8
a6457b14-381b-4594-8217-fccc41f7405c,50,1,1,0,1,2
86b74373-5014-4824-909c-0604816f8ee0,50,1,1,0,1,2
44beef66-c2d1-4b02-854f-06f98da98983,50,1,1,0,4,8
1abb351f-76ea-4682-96fa-20187a5206cd,50,1,1,1,2,4
9a935cd0-90cd-4175-8fa1-3af4cd207829,50,1,1,0,4,8
75fa394a-19f2-4be2-9f6f-12c14aa2b6ca,50,1,1,0,1,2
c676223e-1fdb-4bae-a6fe-91a08bea20e0,50,1,1,0,1,2
caf0de86-5e16-4f9a-9da5-5aaa25cc76f8,100,1,1,1,8,16
f86a70aa-cfc2-4a06-83ae-082d78902a35,50,1,1,0,1,2
369e433a-c3cc-4ac8-a133-41cd64ea16b6,50,1,1,0,1,2
e8fed678-2b74-4b55-b191-f69daac700f8,50,1,1,1,8,16
9b6d0f92-f96c-4540-96ba-38541e36e324,50,1,1,1,8,32
ea982f75-2238-497f-851f-78eea04f6718,50,1,1,0,1,2
851aa9e9-3fc4-4aff-bc26-163272de8c6d,50,1,1,0,8,32
1aea01fe-d13f-445e-a642-cd72a94ac89b,50,1,1,0,1,2
25c98c72-3ad6-45fa-9459-fa5266057eb0,100,1,0,0,8,16
9412ae24-4598-4053-9289-2ecabedd7835,100,1,0,0,2,4
43ba5817-ab41-4e36-ab27-777dc19fb6bb,50,1,1,0,1,2
edee5e6f-5767-4f8a-bef2-1734c8380a15,50,1,1,0,1,2
6fa85db9-5f54-42b0-9b9d-3b358eb4e190,50,1,1,0,1,2
e5106f61-9ed1-45d6-888a-ffcb611ce5c1,50,1,1,0,2,4
12896747-278c-44bd-a198-02faba3474ab,50,1,1,0,4,8
064d6313-26ab-4fc2-958d-10ef2d0cdeb3,100,1,0,1,48,160
f398fe77-45b5-46fa-8991-237190570019,50,1,1,0,1,2
af8deb5a-14ac-444d-b848-a39a437eb6e2,50,1,1,1,16,32
78b771f8-0dfb-4f7b-810d-2fb7451b77e3,30,1,0,1,8,16
0700aed4-ccb0-46f7-965f-dc3ea24e868a,100,1,1,1,4,8
90982ba8-3e47-4f33-a454-bd08d74b3394,50,1,1,0,1,2
460829a7-0076-4e93-97a0-6665abce25d2,50,1,1,0,1,2
01012513-c475-44fe-b713-d1d64ca78ea1,50,1,1,0,1,1
af51d9a6-5e18-4f22-8377-96505e96364b,50,1,1,0,2,4
d2e17a11-836f-4160-8cc9-a0a1cdec2ec0,100,1,1,1,8,64
d08399fd-709e-4f69-a5b8-63b53f16898e,50,1,1,0,1,2
1e38508f-5542-40c7-a202-8d16769610ae,50,1,1,0,1,2
4f2105b2-72b8-4a8a-b11a-fe286686b488,50,1,1,0,1,2
4a17a7a5-4a0e-4f8d-b770-58c8058fbf3c,50,1,1,0,2,4
fc410aed-3b87-493b-acf3-dc9697b58d4b,100,1,1,0,8,16
614a1633-4c0f-4f4e-9a96-8447d6e88a8c,50,1,1,0,1,2
03fc6ebd-b4fb-419c-8bf0-56956f2bfcc0,50,1,1,0,1,2
73a71f0a-6585-422e-9cfa-665a60ad3bf1,50,1,1,0,1,2
036afd37-ab0e-4d43-b2fe-b478e02910ce,50,1,1,0,1,2
a879081c-6001-4011-bca7-5732f312a4d9,50,1,1,0,1,2
0ec4be76-c49c-4cf5-bd04-3684c0f129af,50,1,1,0,1,2
17bf6216-c985-4efe-836f-81a37e3743df,100,1,1,1,8,32
27db6a03-b1fe-41e7-9e4b-29d59b008936,50,1,1,0,1,2
04e33a10-e80e-4c49-aac3-73a8f04fee71,50,1,1,0,1,2
1c1ccee7-de06-44c2-8a9f-67636c2908ee,100,1,1,1,64,256
eda7d02a-ba78-4f5e-ad76-c0f165a848e6,50,1,1,0,1,2
507152d0-64d7-45b4-9c9b-b402fefba62b,50,1,1,1,48,96
c30daced-ee89-4a4d-91ce-640d4e339411,50,1,1,0,1,2
2c1fb087-7200-47ab-9a6a-1367406cfb1d,50,1,1,0,1,2
8dd14d3d-5c8b-4a2a-a553-75b581e8220b,50,1,1,0,1,2
ec06989e-9256-491c-8233-64d067d44765,50,1,1,0,1,2
c434cf63-ecd0-4ddc-b051-028cf9825cd7,100,1,1,1,8,64
232cbdb7-d6cd-4afb-82c6-5895faffa976,100,1,0,1,64,256
4de7b6a3-d414-4bf1-a2d7-9c9a1b2f13a0,50,1,1,0,1,2
50dda281-82ce-4971-b5bc-79626e1b4213,50,1,1,0,1,2
0a11ed3d-d2d8-4ec8-ae6a-7a17aba714ef,50,1,1,0,1,2
d173bc18-1dd4-4939-8850-09be428e38a9,50,1,1,0,4,8
972ddc6c-3370-42f6-860f-95046c8282a8,100,1,1,1,8,32
fc86084e-0481-41ae-8c0d-dd6668791eac,100,1,1,1,8,32
1ec1fe60-befd-47cd-81a9-4ed02ba72b63,50,1,1,1,4,12
f7aaae23-f985-4a07-85f4-983315882b31,50,1,1,1,8,24
49e9b6e0-17b5-49b1-a692-3a3f3a3c95fb,50,1,1,0,16,32
772fc1a4-b1ec-406f-9965-9be51c33297b,100,1,0,1,32,128
7c60543c-6dac-4736-8f0d-4b6e75240a16,100,1,0,1,32,128
a4d9339a-616b-4602-8f01-b4db768cbd2a,100,1,0,1,32,128
af605093-7615-4490-ba0a-4c7c668d93be,100,1,1,1,8,32
2b884717-6e61-4b9a-a078-e90a9ef7013c,50,1,0,1,4,8
ed998c46-7bb5-4dbb-815f-f60e4554b997,50,1,1,1,2,4
c44adc41-04c7-42e6-900c-cf71fb4357e5,50,1,1,0,1,2
aaba6044-f91c-490a-8e83-f5435cf86a70,50,1,1,0,8,16
d38ad2c9-2e1a-4940-8842-596917ab6576,10,1,0,0,2,2
197f1c0d-ac03-4def-8c16-e231ae4fab55,100,1,0,1,32,64
210ee831-0dd2-4385-b345-1ff30bf6ac2a,100,1,0,1,32,64
78cba44e-e1d4-4cec-b911-667b520ed08a,100,1,1,1,8,16
11e14adb-ec7f-442a-853c-6cb29187b926,30,1,0,1,8,16
9586b257-d3fc-4e60-b01e-81d203208b39,50,1,1,0,8,16
d8d359b9-6def-495b-a3a4-769774896599,50,1,1,0,1,2
10e93864-a64f-4084-a60b-be9e1f2a5c78,100,1,0,1,64,128
7d5a60ed-94d5-44be-9731-09e672aca6cb,100,1,0,1,64,128
98f1b327-8dd0-4508-8d39-de2923976966,100,1,0,1,64,128
2fdb399c-faa3-4d6a-9027-779d9c120407,100,1,1,1,64,128
4aec5286-53cc-4dc1-a7a3-ba1fc9dd63e5,100,1,0,1,64,128
72720d43-36b8-45c0-a3c1-32c3f4adb060,100,1,0,1,64,128
7e7b71e7-3a57-418f-adb6-2227e12e5337,100,1,1,1,64,128
fcf4afd3-770d-48bf-93ae-80a6ed013fe9,100,1,1,1,64,128
07894d54-0865-456a-a6ba-d3c09ea9fb30,100,1,0,1,32,128
2df49e83-1e68-420f-ba2c-7e9b1725311c,100,1,0,1,32,128
74ecfabd-dfa6-4fd2-9506-3934de48239e,50,1,1,0,2,4
32cca296-c05f-43c7-852c-003e746cb0e6,50,1,1,0,32,64
b5a689de-3b8c-4b14-97cd-ed9dfa4e69f6,50,1,1,0,32,64
3064f40c-b8dd-49ec-b22e-55ae25da1303,100,1,1,1,8,32
10d7ea9b-ec32-4e35-9e26-71ee4f33a05d,50,1,1,0,2,8
d9a24de9-a208-4769-8599-7c1d1dadbf18,100,1,0,1,32,128
e15a9bb6-e60c-4c88-becf-66b6e3b85eac,100,1,0,1,32,128
0c006fb3-4f92-4988-9fdd-3e01c64784a8,50,1,1,0,1,2
4c745b23-0555-4277-9a58-bd825958db37,50,1,1,0,1,2
e4848283-49db-40eb-a001-ffedd3451466,50,1,1,1,4,8
285c5ac0-17c2-4057-8095-542447d2c1fe,50,1,1,0,1,2
985a528f-ed0a-4c2e-b9fe-e46bdfaee6c3,50,1,1,0,8,16
aa4b3c2b-498e-4a22-a426-44c342f41366,50,0,1,0,1,2
430ce9ca-77e4-4d34-82c0-a798ed61d090,100,1,0,1,32,64
9022a114-3c04-47ae-80af-04cff96a4243,100,1,0,1,32,64
aa13646a-61a4-4cab-96aa-b0dbae05ad05,100,1,0,1,32,64
beca2f6d-2b05-4b91-842c-5d8f5bb8ab84,100,1,0,1,32,64
e2625fe7-375a-4949-83af-abad0e0aca17,100,1,0,1,32,64
eb80c17a-e10f-440e-a0de-ba0f700b0c5d,100,1,0,1,32,64
a2dd57e0-12b7-4902-b31f-0702b63fb7c5,100,1,1,1,8,32
3f880042-6962-42bf-8c23-47a13028adbf,20,0,1,0,2,4
7c22276f-71d8-4c74-a032-fa7b8ecbea3f,40,0,0,0,2,4
50cb6a9e-cfaf-4bc3-8d08-17beb47056be,50,1,1,0,1,2
d14f5536-cde6-45be-90c8-efa9126085f2,100,1,0,1,32,64
7b3592b9-89d9-4bcf-8b42-897af2159866,50,1,1,0,1,2
389ec34c-9c21-40d1-a4b4-39b77390ac57,100,1,0,1,32,64
e9070e11-efba-40fb-95be-b1254fffbaa6,80,1,1,0,4,8
2c277cf7-3fd8-4d71-bf52-4f6a20015343,50,1,1,0,1,2
cd8f0867-de8b-4761-9d54-44094db9f80a,50,1,1,0,1,2
7c6f46a0-9157-44dd-a720-aae2f6d374d1,100,1,0,1,16,32
efe305da-7ba5-4108-9ad6-4ecb95007ce2,100,1,0,1,16,32
b1193cec-2291-4688-a7fa-6e6e54210fe7,100,1,1,1,16,32
333de363-0145-41cc-aab1-6062a81cb317,100,1,1,1,16,32
6035d327-100a-4398-9ce0-76aa17ea19ca,100,1,1,1,16,32
72f9007f-b3e9-4dd3-96eb-0a47dd7216f0,100,1,0,1,16,32
98418aab-4660-47bf-93f9-543f42ac90a0,100,1,0,1,16,32
b777d9c7-3b6c-4c91-868d-87aaa1631cb4,100,1,0,1,16,32
b967d7fd-9944-4509-860e-c177ebd535a7,100,1,0,1,16,32
ed27255b-c68c-45fd-a0f4-27f492ed9aa8,100,1,1,1,16,32
a59b593f-8d7d-4c6d-8e9d-85d63184a397,100,1,0,1,16,32
dc73d692-38fa-41cd-ad77-c24db4f71257,100,1,0,1,16,32
2c361a78-7b06-413c-8744-496acd0a59d2,100,1,1,1,16,32
58e08d53-6705-4856-b466-f0a8e6e35d35,100,1,1,1,16,32
36513bdb-258d-47a2-804f-4fbbda1453a4,50,1,1,0,4,8
ab52dd34-6379-4aa5-a50d-b9e4232e9653,100,1,0,1,16,32
f878a0b8-2d46-4e1a-9e21-acf308baec56,100,1,0,1,32,128
7c7ce462-8a85-4f58-97ce-d8ffb56501c5,50,1,1,1,8,32
cabd0ff8-0385-4af1-92a7-9ebe9d81c92a,50,1,1,0,1,2
30b10fbd-d695-447a-96b0-dd52db185fb4,50,1,1,0,1,2
e47c94c4-39b9-431f-8c61-ca1bd8078648,50,1,1,0,1,2
455f48bc-f66f-417d-ac73-2d014ab37d48,100,1,0,1,32,64
4a0befaa-c55a-43df-a030-a48a39393a96,100,1,0,1,32,64
94c4ab72-3aca-4b61-a920-f8ff6d633816,100,1,0,1,32,64
a9274e54-d7cf-4419-ad9b-650b5786453a,100,1,0,1,32,64
b06a6141-9d70-4ca6-92b5-b71fe51de623,100,1,0,1,32,64
f444e565-895e-4981-a60a-40f7a052e81b,100,1,0,1,32,64
47f82764-671b-4a58-a615-d12c122bd898,100,1,0,1,64,128
658b51df-e0a5-4068-8e93-c25d13e6d83f,100,1,0,1,32,64
0c8282d7-9c3f-414e-8fe3-85808b7c1ab2,100,1,0,1,32,128
255fbb91-45a0-41cc-9ead-df68d419be09,50,0,1,0,1,2
8ee4468d-89fc-459a-9469-5d58843a3cca,100,1,0,1,64,256
d0e9a425-5b58-455b-af5b-e22a50f4129e,50,1,1,1,4,16
b8bfeb96-ecaa-421d-8cbc-889e998937da,50,1,1,0,1,2
93a9aed6-f9f7-4c86-837c-33fa569fe5a9,100,1,0,1,32,64
b18663b0-2720-4f3c-9199-75e8df9a28f2,50,1,1,0,2,4
08a67c45-2e28-4013-8bb0-d6e52200b3ee,100,1,1,1,8,64
a84de650-d776-4673-890c-86a0f73b14d2,50,1,1,0,1,2
435dde5d-cd28-4076-87d3-f0839da20d4d,50,1,1,0,4,16
76da112e-da85-40f8-a7cf-89a5aada0152,100,1,0,1,16,32
15965c1f-5b1d-41de-aadd-f7cd4e4ee88c,100,1,0,1,16,32
24bee394-fb9a-4eea-b872-8ddde6009133,100,1,0,1,16,32
438d45b2-46ba-4b5c-8f63-40f49336538b,100,1,0,1,16,32
45c944b9-24d3-4c2b-a43a-84b81a2d6594,100,1,0,1,16,32
c9210153-9b5f-475e-b2fa-764e69d676c7,100,1,0,1,16,32
f6bcaf22-b8f3-462a-b373-2f90adb730be,100,1,0,1,16,32
d1ed3380-d0bd-4695-b796-297d207806fa,100,1,0,1,16,32
d4e57d07-6010-4b73-81ba-10c6b7813106,100,1,0,1,16,32
826f9250-d847-4c5c-a9b3-371ca009462d,10,1,0,0,1,2
ed46419a-9c5f-4b72-ba47-34b271174ce2,100,1,0,1,8,64
3dbb6411-76d8-4bfb-b748-ff2caea629aa,50,1,1,1,32,64
d1f9eda4-2be4-425f-8cd6-e39967e36cff,50,1,1,1,32,64
b4bcc6cb-f604-460d-b7bd-a71ae2d1f110,50,1,1,0,1,1
5361fd4b-de59-484f-b439-9e271e3467d9,50,1,1,0,2,4
55a561f0-a8c9-449f-9f65-a93f189d1efb,50,1,1,0,1,1
701258cb-0f63-4206-baf7-c31817314719,50,1,1,0,2,4
a6ae350d-6ab2-43b2-bf58-d6cbf3d41fa5,50,1,1,0,2,4
8ae19b52-8b9f-40fe-aa75-5c12c988a084,50,1,1,0,1,1
4ede4985-a769-4549-b11f-522b1e944514,50,1,1,1,2,4
15bbedf5-edd0-4cce-b755-bffd1d11bdcf,50,1,1,0,2,4
e2b22cbb-4281-46e5-80af-fbd46caad007,50,1,1,0,2,4
b039b85f-2947-44d8-8500-4df883ec4934,50,1,1,0,1,1
c38d6f12-c2d4-496f-89c5-3740e8c7848c,50,1,1,0,1,1
10fbca84-b3ef-40ca-a6c6-9d2fbc5c7808,50,1,1,0,1,1
8e51d0d4-231b-4401-9972-d7d4b2c55f79,50,1,1,0,2,4
d33f42e2-32d8-4a47-ae29-f6c0ba17cdcd,50,1,1,0,1,1
8cd16f98-40df-40e6-be95-03bc86023a46,50,1,1,0,1,1
07f0892e-b414-44c3-a470-1be2f410c869,50,1,1,0,1,1
bdfa0e84-328f-406a-8b8c-11ef24f4cff4,50,1,1,0,1,1
4514b24b-0cb5-4aad-9b8f-5e8a692335b6,50,1,1,0,1,1
4d43cfcd-ccee-4338-b7ed-078da0d31066,50,1,1,0,2,8
4e147f35-073a-4cd0-a231-96ce6240bf37,50,1,1,0,2,4
6ad8f2cd-d397-4161-b4ed-6f7d78c95ee8,50,1,1,0,2,4
e7d0916c-ffbe-4b08-aa01-872c2794adaa,50,1,1,0,2,4
180cf190-af93-43c7-bd45-a3b20d2156bc,50,1,1,0,1,1
71b80b5f-c4fa-411b-ad69-8933a4de1530,50,1,1,0,1,1
afc2030a-f18d-4ef0-b323-845ca3d307d1,50,1,1,0,1,1
c9594128-52e6-466f-8527-2bc36e941cd4,50,1,1,0,2,4
e592c94a-93fa-472d-962f-f8faecb844a4,50,1,1,0,2,4
e43d2972-6d21-44c2-8f90-3112003511d0,50,1,1,0,1,1
17fe73be-9109-44cc-8f4f-bffb915c3270,50,1,1,0,2,4
68b4117c-ccd8-4dd1-affb-b9eb318d5177,50,1,1,0,1,1
6d9b58e7-9761-42a4-b657-33b1edb2a1a2,50,1,1,0,2,4
a0b43343-b7e0-4008-82f8-c1c04a2df0f1,50,1,1,0,1,1
6c6d1be1-0be3-4732-a849-a3c5c2d8652a,50,1,1,0,1,1
084136f3-a329-42b8-af39-d5c062b82540,50,1,1,0,2,4
6a1ee653-0707-4251-ba9d-17efb4bb3b59,50,1,1,0,2,4
a5ac0ca5-94b3-4e70-802c-7182b73426af,50,1,1,0,2,4
3c88b826-f433-4901-9ca9-b33d32b427f3,50,1,1,0,2,4
4eb7fc90-000c-44f6-8d8a-7500f3d9f01d,50,1,1,0,1,1
4fe567af-90d4-4654-a7db-b40fe83ca273,50,1,1,0,2,4
0f01a14e-d4c6-45c8-9712-9308c067638a,50,1,1,0,1,1
123439d4-20ff-4b85-8d26-afb627cfcf6b,50,1,1,0,1,2
78ae8fa7-0a0b-4a09-b51e-02beb3ebcdb4,50,0,1,1,1,1
7dd0e971-accd-412a-9ee2-bc46b2efd3c0,100,1,0,1,32,64
4c525ff4-2bce-49bc-9d49-fde21c32889f,30,1,0,1,8,32
07d221ac-9ed6-494a-833e-f281d869a0f1,50,1,1,0,1,2
b87851ed-a1d5-4d49-bf88-d9c6817fd0e0,50,1,1,0,1,2
10b2544e-4fbd-4658-96b4-96210f3156d7,50,1,1,0,2,8
69a709a7-cab4-45b7-bfeb-9d794460cd9e,100,1,0,1,32,64
1142ae66-35b9-4486-a1d2-4fbffd05ae8a,50,1,1,0,1,2
71d40aae-a6aa-418c-9f4b-d928f78fb6c1,100,1,0,1,32,64
02ac00e1-f0fb-4ce3-8df2-b0d6fa8d244d,100,1,0,1,32,64
5c88b013-cf51-47ab-95b1-6a61bc775617,50,1,1,0,1,2
62ee232f-8889-4629-bbba-bb658af8483a,50,1,1,0,1,1
1876106c-cb93-4d92-8a65-97c5c039c342,50,1,1,0,2,4
3a1fe50c-ec3a-4a2b-b03d-6dc4ecfcaee7,50,1,1,1,2,4
833fc327-f2dd-4b23-a30e-637da7d7e640,50,1,1,0,1,2
2827c5b8-8c40-43ac-b316-be10f973a820,50,1,1,0,1,1
383764a9-b462-47a0-9b92-c8ad42d4a6af,100,1,0,1,32,64
6a1e748f-8d96-4ccd-8aed-58a6115374ab,50,1,1,0,1,1
e5b0e5c4-2229-4cf4-b7d4-f8d0d36adcea,50,0,1,0,2,4
9ce42c0c-b1b5-41cb-8d51-21d3b2fd2522,50,1,1,0,1,2
20a699e0-58bb-48aa-a513-632f04b51d7b,100,1,0,1,32,64
b07b7582-ca14-434a-954d-0bcfeb3904a0,50,1,1,0,2,4
fda0c37d-4975-4788-aaee-6da12ca5bbaa,100,1,1,0,8,16
b05f7b79-987a-487c-8b5e-0c0dbc5f9fc4,50,1,1,0,1,2
97d1c24c-1c3e-4fc4-91d6-eed17e1a353f,50,1,1,0,1,2
5eca1077-2f60-496b-9e6d-5b02d5d8da50,50,1,1,0,2,8
eb80db6f-bb48-462f-a89f-f11a511afa01,50,0,1,0,1,1
9367570e-f6b9-4579-8f5b-89cf81dbee72,50,0,1,0,1,2
638d04e0-b0c7-4e07-a181-f6603466fe71,100,0,0,0,8,16
f4c999ef-5ade-4438-be3c-2b21f34d16cd,50,0,0,1,2,4
f8d3d178-85f7-42ac-b58d-ee07b966c479,100,0,0,0,4,8
a93ce480-6b6e-4ba9-9f45-caa64a51d9e4,100,1,1,1,32,64
1070e9bd-90df-49cf-813b-89f5666702a0,50,0,1,0,1,2
f0cf5546-306a-480f-bf35-87941abb031b,100,1,0,1,32,64
73ca59ba-679b-4530-aa11-3de88bb3bc73,10,0,0,0,1,1
88268086-cf8b-463c-8386-2b00fe4750e4,50,1,0,0,4,8
57971176-054c-4891-a316-d80d8367c7eb,50,0,1,0,1,2
a15454ef-8629-455d-bcaa-2881d9f3438f,50,0,1,0,1,1
9469667d-e209-4088-8b9f-5b0d87c77b3b,50,0,1,0,1,2
e5a2089b-39f4-46b5-af2b-3d156b4875d0,50,0,1,0,1,2
617b0087-9937-4a6b-97d9-75578f9b5339,50,0,1,0,1,2
5812b06b-0080-4e5a-b3ae-bab249bd1124,50,0,1,0,1,2
6926be07-b20f-4b4a-9f7d-696101e2d18b,50,0,1,0,1,2
e75375b2-0cd8-4628-abc6-8e3636658be0,50,0,0,0,2,4
5e88dcc6-aa99-40a8-a428-a7559ac40f99,50,0,1,1,4,8
b30cfb62-c1fb-4490-8a48-3dfc8d73b5fc,50,1,1,0,2,4
76256979-3ae1-4f49-bb34-b22f8956eade,50,0,1,0,1,2
563f1514-a664-401e-ab51-96ebadf220ab,50,1,1,1,8,16
36d2f6ef-c5a0-42b0-a09b-ae2d74c57b1a,50,1,1,0,2,4
61c1d1b5-5228-42e9-8b45-9ab7149ea3c9,50,0,1,0,1,2
ce420955-7dd9-45f5-8ad4-352a9858bddd,50,1,1,0,2,4
ae56f1e6-802d-4487-aa3b-8265d36a7728,50,1,1,0,2,4
0bbcc659-9768-4178-8e8c-736d9d99ae87,50,0,1,0,8,16
4178da3c-6fc6-43d1-9e92-6afd17563c15,50,1,1,0,2,4
acf3c31f-fc99-46ef-bab7-ee90cf9e9961,50,0,1,0,1,2
2051b32c-8abd-46f7-92af-cb320a11ee05,50,0,1,1,2,4
478c5878-174d-4a6a-b60f-1da966f8eb19,50,0,1,1,2,4
e07d7d4f-ecfa-4bb5-b18c-b2007eafac6e,200,1,1,0,8,16
75ce437a-bd2f-402c-8691-c385b4b27627,100,1,0,1,32,64
d214179d-2327-435b-9ddd-15e664173b94,50,1,1,0,2,4
8f16ee24-12ee-44da-b559-9ef2fb1dc224,200,1,1,0,8,16
7154fbf3-1274-4eda-8600-913663956bc8,50,1,1,0,1,1
c97cba33-2c98-42ba-821a-0b0ef87fa4b0,50,1,1,0,2,4
86eef2c7-fcd9-4a5f-9471-e24f23347e14,50,1,1,0,1,1
bdb0ff81-1c1e-4548-9724-2be8da993904,50,1,1,0,2,4
a447956f-dabe-4c3f-8ee8-0ab8f1514174,50,1,1,1,2,4
482e0158-2996-4ed2-98b4-a44248c43036,50,1,1,0,2,4
3bb5c714-87c8-40f2-ae19-c083a9f1a159,100,1,0,1,32,64
d90ef05a-9ada-4b25-9593-d97a1609b548,50,1,1,0,2,4
0682e54f-306d-49fa-a8ad-12fff8f58589,2000,1,0,1,16,32
64f169b0-a1d0-4596-97c9-f1117a6c470e,50,1,1,0,2,4
af8ce87e-5c23-4217-a19a-1174aec12d0a,50,1,1,0,2,4
db726943-b89c-4c67-9a94-c53dc2b90a50,50,1,1,0,2,4
1eee5a6c-2a9a-4005-b10f-49db15ccded7,1000,1,0,1,32,64
4d891f62-5c02-4c79-bf20-a1a5a101f658,2000,1,0,1,16,32
69f08018-01e2-4000-987c-d6ff5399e7ec,1000,1,0,1,32,64
ede27d97-732e-4c39-b61b-ba3984bf5b93,100,1,0,1,16,32
d0f6de82-bc31-41ac-8c90-7380dcd86507,100,1,0,1,16,32
9f8ea1f0-fd10-4104-b439-db06481843e8,100,1,0,1,16,32
ddfa8c34-4e1e-48ce-b454-52d3c6b7786f,100,1,0,1,16,32
0477070c-fb23-4bae-96f1-692c8ccdc670,50,0,1,0,1,2
9232cae0-fb00-4389-8e1b-64e8bebb9882,50,1,1,0,1,1
88f8bc3a-d844-414d-8d72-abff1f0cb32d,50,1,1,0,1,2
dd650e9f-41c2-43a6-b502-16691e1cf819,2000,1,0,1,16,32
dc896cfd-5aa0-4632-b44d-671c2bb4d4e6,100,1,1,0,8,16
18d96ef1-9b21-45ab-bd74-a76d95bb6193,50,0,1,0,1,2
ddfd7549-21e0-490b-9363-f9489b615c7f,100,1,1,0,4,16
545ccf99-5619-4c8a-baf0-709841ca87dc,100,1,1,1,32,64
f2343620-2ccd-48bb-a990-27d86a52a14a,100,0,1,1,4,8
f72e2220-feff-4116-8202-900c0e703f35,100,0,0,1,4,8
e4961ad5-e45c-4f63-8228-c6451c6b88e8,100,1,1,1,32,64
a9aee263-a25e-4c68-bc89-c1d11d8e74bd,50,0,1,0,1,2
a48a85a7-1ef2-4bf8-99e6-e9776488bf41,100,0,0,1,16,64
96658b3e-bfd1-4619-b1b3-220356b87035,50,0,1,0,1,2
32f3844a-cfda-41a4-b960-7e52baeb420b,200,1,1,0,8,16
bfe21d0e-391f-4552-be48-4003cdced747,50,0,1,0,4,16
8e9b026b-d9d5-4e66-9dce-91cde298b028,50,0,1,0,1,2
b68955aa-0bf1-4316-9ac7-7d05e3cb9b7e,50,1,1,1,4,16
bea0a473-ac2e-4440-b181-8a4802f7b112,50,0,1,0,1,1
c0f1858b-4555-4df4-85fa-e75ac2653730,50,0,1,0,1,2
b200a962-31f4-4adc-882e-e26ef54d3df4,50,1,1,0,1,2
b19dd91c-7d3f-427f-88e8-ab9e628d008e,50,1,1,0,2,4
526fc538-77b8-454f-8b5e-e8ee5964b009,100,0,0,0,4,8
4e077284-0a4c-40b1-8e98-4ae8b6014e30,2000,1,0,1,16,64
a79f7190-865a-4826-b8dc-b679946ff27d,50,1,1,0,1,2
064b075e-d718-4e0e-8cb5-b170a4320a55,50,0,1,0,1,2
36560983-6dc2-4c0f-a378-57cc751dc443,50,0,1,1,16,32
ac2f9f23-aeb0-464f-88e8-7e1a05144e6f,50,1,1,1,2,4
9cd66536-312a-4517-8f5e-3102bdb554db,50,0,1,0,1,1
86437422-a291-4936-9c0a-dc71c05ee39c,50,1,1,0,2,4
bf5230f2-e354-46b2-b840-f3e1748f780d,50,0,1,0,1,2
338a3d3f-b8bf-402a-9119-cfcd671ca351,50,0,1,1,8,16
850c11be-00a6-44bb-952d-e4ed326b4b82,50,1,1,0,1,2
69ff89f7-6364-4457-9a1b-f6fa7d709d51,50,0,1,0,1,2
1182d439-b6a2-4325-8eec-544446b7431c,50,0,1,0,1,2
627cc5d7-0d55-4c7b-9db4-3ee9e672037a,50,0,1,0,1,2
af1a2052-7567-4e06-9dc5-b8428e9cb3c6,50,0,1,0,1,2
24251563-a3bc-4e6d-97f8-915332138657,50,0,1,0,1,2
904c77c5-832d-413a-ae78-329986faff1e,50,1,1,0,1,2
43c95484-a680-41bb-97c6-8ba33fcb154f,50,0,1,0,1,2
8f107e68-a606-4509-b0c5-53aa5b24bc6d,50,0,1,0,1,2
6f5ee10f-0807-441d-a4d8-4f184d6123c6,50,0,1,0,1,2
14a50f11-d21b-4ffd-b2f6-b99eff7bce08,50,0,1,0,1,2
8c2f8e68-fb11-46c8-b49d-60252f34dda4,50,0,1,1,2,4
a1a3eddd-5ffe-4e7b-b962-55e38b0a9af9,50,0,1,0,1,2
264f174b-1ba4-4576-8cd3-b24261e73054,50,0,1,0,8,16
ff76bccb-16ec-40ed-be09-5c0bfe189a64,100,1,0,1,32,64
8aa07c4e-0f73-4dcd-ac85-b81a956360a0,50,1,1,0,1,2
5ddfafd3-acc2-478f-a3de-4b4298ded990,50,0,1,1,4,16
184c7e2c-b964-4cd4-9cb3-6b1cff49fc6f,50,0,1,1,2,8
256e7876-c1db-405c-8e0a-d66b564aa4f0,50,0,1,0,1,2
651a0eaa-a921-4392-a549-9c85c1a4ad41,50,0,1,1,1,1
f557cbca-c686-447a-9961-beb938614269,50,0,1,1,8,64
d7023981-c66d-41b0-ba7f-891ea0330692,50,0,1,0,1,2
bc304951-04da-4c3f-a402-f2e905f45895,50,0,1,0,1,2
ec449839-0c2c-4af5-a6f6-3557dd01a042,50,1,1,0,1,2
a512b6c2-32d9-49de-8249-fe3deb12ec85,50,1,1,0,1,2
970d4959-1920-4f70-b22d-445e1678e77e,50,0,1,0,1,2
e9cc65ab-7af7-40b3-9fc7-4a4bb72def16,50,1,1,0,1,2
5a813ef5-6027-4b6e-a80d-b2dca3d63353,50,0,1,1,4,8
ca560d6f-26d9-444c-a62a-c310b61683cd,50,1,1,0,1,2
32281592-5d88-4c2f-9438-4228e66493a0,50,0,1,1,4,16
e2509f47-19f6-479e-9ae8-9d06a2b2d75a,50,1,1,0,1,2
4cd1f9f3-d37f-459c-8ca4-3ff0d29436d8,50,0,1,0,1,1
5603c140-0228-4fe7-93bd-552b843e0d36,50,1,1,0,2,8
55553a30-f9c8-4b6f-846d-8c2b669de6f8,50,1,1,0,1,2
7091fd38-3720-40f2-8524-0a0834b00750,50,1,1,0,2,4
54245ade-3dcf-4878-9e30-3b0505707ffc,50,1,1,0,1,2
595e2e78-4840-47b7-80e8-1392507c7bcf,50,1,1,0,2,4
ab65439a-c04b-46a1-8f46-574d8025ce4c,2500,1,0,1,32,128
f748fe72-26a7-4116-8a6c-4ba706580c1c,2500,1,0,1,32,128
5ecee7be-c6c6-4cfd-a0f1-2b7ff5cceb12,50,1,1,0,2,4
ec2a6b22-8527-4b26-bb30-6d1799a87c23,50,1,1,0,1,2
b56ebbc7-132d-41e8-9959-fcc487544bdd,50,1,1,0,1,2
8ff8640b-99ee-46fc-8c39-13845d64fc76,50,1,1,0,2,4
5f4c3305-76c2-42fc-8b88-acc00bad2495,10,0,0,0,1,1
8f909ac8-ec1c-488b-81b0-22df7c16c706,50,1,1,0,2,8
2950e18d-dc95-4300-a784-9e5f8234c7d5,50,1,1,0,2,4
f631752f-986b-4252-8688-fa3b00883aeb,50,0,1,0,2,4
30496350-964a-4c66-b193-feda8a500c5f,50,1,1,0,1,2
f566a364-9939-4afc-9571-ea237eb9fc2c,50,0,1,1,4,8
8ce1a4ff-75e4-4854-a11f-64a2323df98c,50,0,1,1,8,16
2204df35-4714-49d7-a8dd-05b90fe6813d,50,1,1,0,2,4
a922446a-0b40-42fc-a205-faa5ae983eac,50,0,1,0,1,2
24f59a37-65a6-4e7d-9a76-b2f295435433,100,0,0,0,4,8
1b6c2c80-2dbb-4c91-8638-51f100c15c52,50,0,1,0,1,2
0ea3cf6e-29c9-42f1-96e5-fc492eb90f71,50,0,1,1,2,8
32650178-5f47-412c-8929-458b5bacaf03,50,1,1,0,1,2
82bfaa4d-4cc5-4ba1-b77b-8f69f0287ef3,100,0,0,0,8,16
70f1097b-3b38-48bd-9914-b1a30b0c0d4a,50,0,1,1,4,8
b294ba92-f6c8-4868-bd3e-49aaa97a4cc9,100,0,0,0,8,16
68ac2749-a16c-4cb6-afd0-dd9c049e6090,50,0,1,0,1,2
fa49d104-cd64-4452-aeaf-6f1a24342d41,50,1,1,0,2,4
56cbc586-aec3-49c2-ad70-310341748b8c,50,1,1,0,1,2
a67baf9d-c113-48ba-a0fe-4ba3d9737923,50,1,1,0,2,4
94377eac-27a6-449f-b427-57005a946dbc,200,0,0,1,4,8
474bb5de-39b7-4e03-a302-0225ec263d5a,100,0,0,0,8,16
fb049f11-77d3-4f53-a192-3079d2808cf0,10,0,0,0,2,4
0690fc06-132e-4317-95f6-29d80862bf87,200,1,1,0,8,16
25eb3400-8a27-4eac-bfff-8400f4ae7356,2000,1,0,1,16,64
fea7e8c8-d29c-46cb-be78-f881e3432e62,50,0,1,0,1,4
08c99dc8-5f70-467c-aa43-4875fc75935b,50,1,1,0,2,8
e4fe480f-8a5e-4df9-86e4-af1307bfa14e,50,1,1,0,1,2
f9b77465-2732-4090-ac3c-f0fc9fd11377,50,0,1,0,1,2
321018bd-8d83-424f-822b-dd5c572f5d0c,50,1,1,0,2,4
90a0a963-0d18-419c-9046-4bc70646662d,50,1,1,1,4,8
322a41ba-4104-4dc2-8f2e-6332dcdc0511,50,0,1,0,1,2
871364f8-28d4-4769-8428-cf211d6d5d26,50,0,1,0,1,2
0c75a413-0111-4d22-87ac-a99b09c4a24c,80,0,0,0,2,8
29603a74-76ce-4033-8d0c-1cb1f5853cb3,50,0,1,0,2,4
ed89dcce-2149-4086-b72d-f254e3565e9f,50,0,1,0,1,2
70d72ce0-3540-4ae8-907a-1637fa335dd8,50,1,1,0,1,2
4153b655-00b4-450a-9964-267b6a220b08,50,0,1,0,1,2
fb44fbdd-4325-4512-bef3-a2ae4fda7c60,50,1,1,0,2,4
b77a0142-e17c-46bd-80ce-b9cc08c8bcd6,50,0,1,0,1,2
697be69c-0acc-4406-88ad-0ccce56799c5,50,0,1,1,4,16
6d2f40d1-c649-4353-afb7-2d6f36c42967,50,0,1,0,4,8
7036efb9-c7aa-4ed5-aa80-0358ac08543b,50,1,1,0,2,8
de5f02f1-d095-4e35-bc69-664f68b79c7a,100,0,0,0,8,16
2e7d76ea-8364-4d94-b9ac-28b1fd5d252e,50,0,1,0,1,2
a662280e-a241-44e6-937b-61a6a76ca601,100,0,0,0,8,16
71ce96e5-4cac-459f-ba69-1e44fe4c313a,50,1,1,0,1,2
d9cd9671-5eee-47cc-a5d9-748428dd396e,50,1,1,0,4,8
b823e8fb-cf62-443b-9d52-57d014df92f3,500,0,0,1,8,32
bfbe19f3-7baa-4972-97a4-8fd93f98b77b,50,1,1,0,1,2
530a7d64-be87-408e-a864-1917afad12d3,50,0,1,0,2,2
045d3d1c-9c45-4600-9b8d-2535f05267e3,100,0,1,1,16,32
df0d36ca-b426-4683-a305-18d6b2ba3180,50,1,1,0,2,4
ac87d698-c2fd-4271-a1c7-e98b69417b0b,100,1,1,1,8,64
5dbe0a30-ff80-46d5-9757-4340dd901d27,100,1,1,1,8,16
1ffd2bbf-c96d-47ac-98c9-da8a5428aa6b,30,1,0,1,8,16
27dcf6d6-16f6-406b-a775-cedc6d28c96c,100,1,1,1,8,16
50d42bc0-7b75-44d6-9588-57e4c998c25e,50,0,1,1,4,16
1fbeac22-e0fa-44e2-859f-56fc17d475f7,50,1,1,0,1,1
23035341-90b4-4e96-85a8-cbe54db417ce,50,1,1,0,1,2
0b2a2e53-1ebd-4bca-86a0-354a354cd31d,2000,1,0,1,16,32
8e8432c6-c8d4-42b5-87e1-3bf13b4f66ac,50,1,1,0,1,2
a412ac33-7e0a-4e8b-9afc-945739e11f41,200,1,1,0,8,16
27e0cbdd-b48a-4fd0-8b52-a3a509481410,200,1,1,0,8,16
16a60322-d516-488e-8483-f097c7f7b983,200,1,1,0,8,16
591ef096-781d-4cf3-85f8-2839a5511975,200,1,1,0,8,16
b433b66d-2dee-4886-ab76-0509a80bfcff,200,1,1,0,8,16
c92a6720-46e3-4bb9-8d89-e3f3ee4582c3,200,1,1,0,8,16
9840ac81-d049-4c01-8e4d-144c94806d47,200,1,1,0,8,16
5e3d4bd1-ab2f-4efa-ba54-f424c551cb6b,200,1,1,0,8,16
6083f4f2-4ad6-470d-9f2d-13f1124ac814,200,1,1,0,8,16
a3725d45-5632-4690-9d59-f6dda5d07faa,200,1,1,0,8,16
a3d88f22-f26c-4a22-b4f6-d59642bf9dd6,200,1,1,0,8,16
4f36eb97-10ac-4ec2-9f2f-c0b588646c74,200,1,1,0,8,16
72d1f15e-a9a7-4a65-bff4-46739916d0eb,200,1,1,0,8,16
a5816255-1715-41e0-890e-a83d24136e18,50,1,1,0,1,1
7d8a1909-a218-4779-9cae-590b3025af0b,50,1,1,0,2,4
ce7a9668-c305-4b05-99ee-c59b53ee0fe9,10,1,0,1,2,4
518e21d6-7e35-449b-a358-f0c3976f66a2,100,1,1,1,8,64
8d8ef200-9630-433e-b5d4-240f56334275,100,1,1,1,8,64
3f69b661-d573-4a7b-85d3-ebea70d1d422,100,1,0,1,64,128
58781d6a-ef24-4a0e-8818-550e62a23b1f,50,1,1,1,4,8
0c4549f6-70f6-4de8-990c-09e4a54e476e,100,1,0,1,64,128
b5e167d0-7f92-4c99-a33c-fe13e31986d8,100,1,1,1,2,8
586ffcc4-2931-4c49-af4f-652a567adfc7,100,1,0,1,64,128
90b8508b-6bd0-4276-b479-d049928fef4c,100,1,0,1,64,128
1c2ca95d-c2ef-42cc-b6f1-c806be44d27d,100,1,0,1,64,256
58f8fb45-f8d7-49c3-b18d-b552979c0a17,50,1,1,0,2,4
23c80a0c-c0bd-497d-aae3-05b2ceb6c15e,100,1,1,0,8,16
4020fb22-df30-45fb-b534-3e9c14d75908,100,1,1,0,8,16
90899b47-cd60-402c-a59d-6351e26ae03a,100,1,1,0,8,16
ad1a35a3-4a83-4b47-bcb9-b388e13ae878,100,1,1,0,8,16
cb520df6-7735-458c-8bbb-0e5b449c4cbd,100,1,1,0,8,16
cc632ad1-a0b3-40bd-9548-611485e3d2b4,100,1,1,0,8,16
dfd5e813-5fd5-40f2-b34d-9609abb56850,100,1,1,0,8,16
f4a3cb33-394b-4508-8c64-102de5aa65d5,100,1,1,0,8,16
fed1d349-1072-42bc-96ac-b2f8f2bd4cca,100,1,1,0,8,16
3454f687-8613-4b15-88f1-776e50c5e722,100,1,1,0,8,16
82758141-77d9-4db7-b90e-be3017b67556,100,1,1,0,8,16
923786da-0174-4522-9af2-2837735a673f,100,1,1,0,8,16
b35977a0-fcee-446f-8e85-15c2c14a4035,1000,1,0,0,16,64
1a1fcf0f-68c6-4569-97dd-2448a59fff47,100,1,1,0,56,224
a8950304-c1fa-4578-b684-3738339c8c87,100,1,1,0,56,224
50ad9851-ca9a-42d4-b661-0a42270ea596,50,1,1,0,2,4
30a04085-d921-41e6-9504-c20de5dc77bb,1000,1,0,0,2,8
fb3d746b-06cf-49c3-9741-4dbc72f308cd,50,1,1,1,32,64
f825bcb6-b29c-4354-a8e6-43a8060685c5,100,1,1,1,8,64
59e1e628-bc3e-4510-899a-e61685858e7a,50,1,1,0,32,64
8dda4798-c5ef-414f-917c-731045ca644a,100,1,1,1,8,64
23b09a9c-b737-43f8-b527-f0ebfc89b4f2,90,1,0,0,4,8
c62065ee-2c7b-40ba-848e-9f5dea1416d0,100,1,1,1,64,256
9dbb9736-33f2-4ba1-801b-07ccea9e59ce,500,1,0,1,64,256
2abdba21-2995-4f66-8cbe-c73130832699,100,1,1,1,32,128
5b7be26f-9945-4dc0-9170-ca6b7c4f12df,200,1,0,1,32,128
5ee63da7-ed20-45fe-a57f-977f3b72752d,100,1,1,1,32,128
99bf4600-e2e7-4985-84bd-aecd55de2d1c,100,1,1,1,32,128
aba2a5d2-9618-45e0-8d18-f755ff90699f,100,1,1,1,32,128
2400cec5-7e8b-4f5d-a8c4-880a99ed2beb,200,1,0,1,32,128
fd64f895-8799-4ef7-bd5a-6f99114d29f3,100,1,0,1,64,128
152b4efb-6453-42c0-9609-0c3996081c99,200,1,0,1,32,128
3cf11419-ec35-4ea2-9446-3c8abff33d07,100,1,0,1,64,256
7f763021-6924-459d-81f4-eff03172fdef,50,1,1,1,8,16
44b06c1b-a1ac-49c4-bd09-2ee55c6b84ef,50,1,1,0,16,64
5012103f-9c18-4ae4-aa25-251ef142330d,50,1,1,0,1,2
375477d2-490c-4060-9143-d566819af827,200,1,0,1,32,128
3755386a-3714-46f6-b63b-5547879011fe,750,1,0,1,64,128
b0b719c8-df71-4aab-aed2-bdd42bfc4bf8,50,1,1,0,1,1
cc16f9e3-89b0-4aa4-8037-8421b48c69e2,100,1,0,1,64,128
83f3f029-160a-4365-93ed-fadd9d657ae4,200,1,0,1,64,256
c83bd92d-4b4a-4988-9d50-e958b7af4579,300,1,0,1,64,256
1506b010-d977-4c9c-8f60-590065911481,100,1,0,1,64,128
ecc1f5bb-6935-4808-a8c9-57e0b4dc4bcd,50,1,1,0,2,4
62653321-5907-4d2c-aa50-23e796b91e07,50,1,1,0,32,64
7d6e42f2-a27e-4e2e-889b-f2d265141d6f,50,1,1,0,32,64
0b1750a3-f3f8-4a26-9135-6da4ecc5620e,50,1,1,0,2,4
5b44a913-24eb-4816-b385-a8fd185fd546,50,1,1,0,1,1
671d8b26-13c5-4c66-85c3-988a824233d7,500,1,0,1,8,32
161814dd-a7de-4f17-9e5f-7336526b5720,50,1,0,1,2,4
57c2159b-d6a4-4d48-a60e-46fc7a0c0e3a,100,1,0,1,64,128
6e4277e0-e90d-47aa-93fa-a04b632ec9ec,100,1,1,1,8,64
3a625ffa-8fb7-4cb9-af31-0e1954b651b8,50,1,1,1,8,32
d9ca0ef3-68fc-49fe-8632-c51e2b9e262f,100,0,1,1,16,32
e85a61fa-4992-4ad4-a377-399b8c6298c4,100,0,1,1,16,32
056025de-67e6-45be-a8fc-9260898ff225,50,1,1,0,2,4
abb1088c-012b-466e-a9f2-005b92bfc0cf,100,1,1,0,4,8
1919204d-9d30-42e7-8863-2f3b45cbb14a,50,1,1,0,2,4
658881df-4c00-4ac4-a35d-1f7fceeeee5c,50,1,1,0,1,1
deff8343-ab99-478a-b493-bc2acd55208b,50,1,1,0,1,1
819652d9-b0a6-4467-bc25-9ab6bbe78cb4,50,1,1,0,1,1
a50dd613-d0b5-4918-83ee-54de394938a9,50,1,1,0,1,1
3c412f0b-48d6-4cdf-8016-48df4cae6f9c,200,1,0,1,32,128
e0f65a69-39dc-44cd-8e7d-7aa231bf4941,50,1,0,1,2,4
58f74b6b-d463-4691-8e8c-c1d4bc14326d,50,1,1,0,1,1
69a24a57-83d6-46af-b7ff-505358d088db,200,1,0,1,32,128
39db0a7d-3dda-48ed-9fac-ab889ad047b1,200,1,0,1,32,128
04907f09-8f30-475f-b2e7-6717da3089cf,200,1,0,1,32,128
122034a1-1741-4b50-9ba5-67d84144e009,300,1,0,1,4,16
9b40d464-edba-4642-950c-71daa5f9a36a,100,1,1,1,8,32
ebab11ff-450d-4dc1-bcb0-33f1a9c9b6a1,100,1,1,1,8,64
3b5955b7-f3f8-402b-b404-d766e922ad84,100,1,1,1,8,64
503bf689-f416-4698-adee-d8af325d3104,50,1,1,0,1,1
abf96f54-ea66-42f8-ac6d-fb29fb151a42,100,1,0,1,64,256
6aae2239-9594-4596-ab13-1019e3262637,100,1,1,1,8,64
59af7cf6-b2b8-4e9d-8600-df970c641bdf,50,1,1,0,1,1
333b5ac0-7439-48be-8035-d01a2678831c,50,1,1,0,1,1
eb2bd09e-2d19-4055-8e02-25c76f6df095,50,1,1,0,1,1
c44c10a5-79ab-45a6-be10-0052b04e4629,600,1,0,1,24,96
e4e1646d-4605-473e-988a-5d9d7d80db42,50,1,1,0,2,4
05a6ff03-c084-49f5-93c7-376f0cf69933,50,1,1,0,2,4
5bfeb524-fc35-4a57-a18c-713c6c09a79a,50,1,1,0,1,1
180a8c2e-112b-4f41-9b34-9b90caa75c82,50,1,1,0,2,4
3c479930-1724-420e-98d5-1ac6dbee417a,50,1,1,0,1,1
935f2678-3bdc-4c6a-b7ce-8cf0bdeeceb9,50,1,1,0,1,1
f03b0e91-a531-4d3b-8ff1-5a0c2505e3ad,50,1,1,0,2,4
44002b99-23b8-4e3b-acb0-1919162847a9,50,1,1,0,2,4
3bd90988-7308-493c-8ee2-aaeb7db5d01c,100,1,1,1,32,128
b431168f-c334-4d9d-b844-c8034a8aee2d,50,1,1,0,1,1
0b761732-1d0b-4f45-8a38-0c3eb094413f,50,1,1,0,2,4
88ba4f3d-98fb-470f-8a2b-c83533da0365,50,1,1,0,2,4
c92836a9-2e03-4f69-aa85-fcced72de0ad,50,1,1,0,1,1
1b10e52e-1c3d-42ac-b916-5360b2539c0a,100,1,1,1,32,128
bde4c916-49df-41a2-9f2a-0abedf70ce74,100,1,1,1,32,128
540504da-328a-44e8-b4a1-8f63df38183e,100,1,1,1,8,32
b672576e-1563-4901-982a-2564756de972,100,1,1,1,8,32
09a37bb2-4987-48fe-822f-eb0bb9c8d15d,100,1,1,1,8,64
36a131f3-ff4d-4323-853a-b4028b1e1e0e,50,1,1,0,2,8
56172d35-7eae-4116-8d46-023da16d365f,100,1,1,1,16,32
b5681bb6-e4e3-45be-9b91-dcff388fe5ef,100,1,1,1,16,32
0efb233e-4a63-4bfd-b6ac-5cdc2cb2aca0,100,1,1,1,16,64
53d8d4e7-aa38-4aae-9f3b-4f5c77e1c82f,100,1,1,1,76,320
4e5adf59-fdb0-4740-88b9-d9f3072c0c09,100,1,1,1,32,128
1d697dcf-ccb4-4722-bcf1-915ab02c2001,100,1,1,1,8,16
62bc0bd6-dd84-46fd-aa56-c4b70509d476,100,1,1,1,8,64
67f61190-10ad-4943-8d9e-841ef52faff6,100,1,1,1,8,64
3555d762-7613-437d-9732-f25a20593481,50,1,1,0,8,16
c61d8a72-cf51-4604-9bb1-519917623ba8,100,1,0,1,16,32
9b1b2d04-5c90-4fa9-af7f-f41aad3db5eb,100,1,1,1,32,64
1daa8d59-0745-449d-acf0-06d2307a3b77,100,1,1,1,32,64
1c586594-8899-477c-a394-46c1a998b975,100,1,1,1,16,32
a7ef34c7-1347-40b4-ac70-3849f9dcaa46,500,1,0,1,8,32
5d50a46a-f089-41a7-accd-fb07b9483fec,100,1,1,1,16,32
3573c676-fbd4-4f59-84e6-ad9babb9dc9f,100,1,1,1,32,64
e6958864-8440-49f2-b235-c2ff18f27c01,50,1,1,1,4,8
62962bc5-843c-4029-9536-3544351115d6,50,1,1,0,16,64
64e8a597-d314-43fe-bf10-01cb62ee595a,50,1,1,0,16,64
42c5e9cd-593e-4626-a3c9-00e1c6d59289,100,1,0,1,32,64
91fc07f1-9109-42f9-b024-391156e95b21,100,1,0,1,32,64
fd1cd68f-2093-4a2a-a4d6-da9225165cf3,100,1,0,1,32,64
d62679c4-6f9c-4e0d-ba5c-787278584a9c,100,1,0,1,32,64
fb700ff7-17ed-4f98-8083-50e82e8605da,100,1,0,1,32,64
80c1ea76-1502-46ec-8faa-705b49dda9fa,50,1,1,0,2,4
4caff690-f6f9-4468-90c3-49a6e708998e,50,1,1,0,1,1
6506dc9b-12a4-412f-9ccc-38684d2a5af5,200,1,0,1,32,128
883eec7f-4582-4ebe-b835-79da300e3caf,100,1,1,1,32,128
99716025-4440-4078-a2cc-d07212948cba,200,1,0,1,32,128
a0a5ca75-0f59-4de1-babc-bc4bcdaa77c4,100,1,1,1,32,128
ab58dc2e-94bc-421b-bfae-da76ef3f9d85,200,1,0,1,32,128
a11648ce-115e-49c5-932c-f6402998a31a,50,1,0,1,8,16
578588f2-fbd1-4cd3-bcad-261c50f73f7c,50,1,1,0,1,4
bed5ff35-3620-4208-b558-c8a7373aa3bf,100,1,1,1,8,16
0a41ffef-fdbd-4c74-9364-a697ab1f8a03,50,1,1,0,2,4
e85ad6eb-fb49-4610-9e6c-4f6462778b88,5000,1,0,0,16,64
3eef35e4-f864-4ad8-aa3c-fe157f85069f,50,1,1,0,1,1
96ffc0d4-ec26-4384-9221-f92cfab98fb6,200,1,1,0,8,16
1d57605b-e2c0-40ca-b17c-aab823692921,50,1,1,0,2,4
0f461bd2-028a-4c4f-af66-b19aab3e562d,50,1,1,0,2,4
0809da71-f264-4f7f-9ed1-e447351283df,100,1,1,0,8,16
3505bb3e-fda5-4118-af71-9dbb0d636969,100,1,1,0,4,16
0f72734a-69f9-491d-b9b6-e9bf54769b23,100,1,1,0,8,16
31314b0b-f58a-4000-b488-e0de28091872,100,1,1,0,8,16
3cd3e194-8284-49b4-946f-31df8157b4da,100,1,1,0,8,16
16fa7c10-8fd3-4016-b76f-7831ac9865ac,100,1,1,0,8,16
4a52bd82-d151-43d6-ab00-825b88b63291,100,1,1,0,8,16
2029fab4-3c0a-43a8-8208-5f7508e3baca,100,1,1,0,4,16
30912af2-bb85-44d0-8398-41e31934db2e,100,1,1,0,4,16
760b1e41-715a-45a7-a852-0399cbf40fb4,100,1,1,0,4,16
41cd4ec9-6d55-4448-bd7f-af63b3dd3c6f,100,1,1,0,4,16
cc994e4f-f4d2-4f39-af58-1bb20c5727cf,50,1,1,0,1,1
08b967ea-1581-4995-ae56-e4142e05a3f1,100,1,1,0,4,16
578bb8ba-184e-4026-8794-824eace677f3,100,1,1,1,8,64
b2e35c4a-6139-401c-9e19-733745041674,100,1,1,1,8,64
c697ad7f-4f98-49fb-b340-9558851ed23a,100,1,1,1,8,64
786481c2-e05d-47d3-8f50-dcaf511cba26,50,1,1,1,2,8
f6b8de8b-5d6a-49f1-8f63-6b653bf87a05,100,1,1,1,8,16
9d7a4f50-9dcf-4c51-b6b7-a46b1ec1a886,50,1,1,0,2,4
247c970f-21a6-4221-90b8-69a24487fc00,100,1,0,1,32,64
dca1be55-89fc-4a98-a64b-ef50cf6be742,100,1,0,1,32,64
8635c85a-2b51-4d92-b60b-83b23b2399c2,100,1,1,1,32,64
e15ea3b0-dd16-4d6e-82cc-4b79067ea282,100,1,1,1,32,64
fe0eec7a-6db8-4327-96a0-64a456eb9145,50,1,1,0,1,2
372103b3-6539-4ab4-8547-d58fc9d73b19,50,1,1,0,1,2
6d192814-5991-4270-a564-7f6dfc86ee3c,50,1,1,0,2,4
088d4100-93eb-4d0b-ac7a-0069f5b93f86,100,1,1,1,64,256
5d43e63a-5470-485a-b80f-7afa5236f9dd,50,1,1,1,4,16
7406e2b9-01c7-4b1c-b5a2-f1e846d36839,80,1,0,0,2,8
46d421a0-bab2-43f2-a060-1f79a11d3c6e,50,1,1,0,1,1
b92dd825-1d12-49ef-8172-6b4cebfd8b5e,50,1,1,0,1,1
0af142b1-293b-4062-9aee-12552f1195b6,100,1,0,1,32,64
21d7edc1-bebe-4316-b33f-281828137686,100,1,0,1,32,64
6267d134-8a5b-4d87-b6cb-455f60197d24,100,1,0,1,32,64
97d34e5e-3359-4c30-ad5f-d5bf2c00832e,100,1,0,1,32,64
68aaa023-5581-4197-af26-da5ddcc8dd40,100,1,0,1,32,64
a1b3a3a6-603b-4213-a1ce-d85890cbce11,50,1,1,0,1,1
787fe5f6-df56-4a0b-9750-a00b7406607c,50,1,1,0,1,1
d0976f73-a225-4b53-aa49-fbb23315fa74,50,1,1,0,2,4
1e39a0a5-3e0f-43cb-9b73-40d86126d41e,100,1,1,1,32,64
5fd18e89-a4e5-402f-9f40-deb9c26ae5b7,50,1,1,0,2,4
1babb266-6193-4333-b07b-b313d22aa1e9,50,1,1,0,1,1
a36a13de-bb91-4b6b-9dde-a06d9f585a74,100,1,1,1,8,32
5968b7fe-da51-44e9-a712-deb04e8d1cb8,50,1,1,0,1,1
e53a5330-e773-44e7-ad30-184f9c20436f,100,1,0,1,64,256
a9aae766-b9a8-471b-9755-19b25f77ad1a,100,1,1,1,8,32
d01817f6-cb1d-419e-8e6a-9936ee40ddd2,100,1,0,1,32,64
bb9a7523-3909-4194-a592-1d272b7b2c8c,100,1,0,1,32,64
2fa3a254-2fb7-4489-a09b-b28f2df13c6b,300,1,0,1,16,32
10cd1854-1093-41bb-941b-f06ae9fe7151,100,1,1,1,8,64
3bcf9466-bbf1-4b6c-ad3a-5f1b5a83cdf5,100,1,1,1,8,64
5cbe5739-1e2b-49ca-8811-54a0f416ab64,100,1,1,1,8,16
81541817-bfb2-4b99-9c3b-35e7ccf1988c,100,1,0,1,64,256
39899292-7f3a-4fea-9d20-ccc262fb08b6,100,1,0,1,32,64
4d615a3d-e80c-4d7e-86bf-40e255358850,50,1,1,1,4,8
99834911-8284-4b23-bb63-63f49066b923,50,1,1,0,2,4
a535bcc3-66d7-44d1-9d93-c0a209544cd6,50,1,1,0,1,1
d0913205-a134-453e-bd48-a276f8311238,50,1,1,0,1,1
e531becb-291a-4a47-8a1d-031ecc835a39,50,1,1,0,1,1
01374e23-e554-4f77-8fd1-be0bf3a92dfc,50,1,1,0,1,1
a0ae6fc1-3437-41d4-a834-9bc99eb38aa8,50,1,1,0,1,1
67edd8c2-2df0-486a-88ce-a3ffba092993,50,1,1,0,1,1
ea97ab09-bbbd-4b5a-8d9d-3080357f07b6,50,1,1,0,1,1
8abff01e-90f0-475a-94a1-5717b66eb9bc,50,1,1,0,1,1
c1818357-9953-49ff-9b23-e632d2102c91,50,1,1,0,1,1
0346be09-169f-4cae-b651-5d12e8cf3394,50,1,1,0,1,1
cff85a7b-ef39-40ad-8546-1bb4dd4d30e5,50,1,1,0,1,2
8b25d5e4-8998-4de9-b8b8-ce06e7b3bd95,50,1,1,0,2,4
2b22722e-4e98-4ad4-8687-8a87f4fc3e0d,50,1,1,1,4,16
92d64f82-10dc-417e-903a-2004a52a76d7,50,1,1,0,1,1
e0378ba8-7a50-4c5c-ad85-fa3cab197f54,50,1,1,0,1,1
56846cd1-fd37-4b7c-964c-3ba5e3415024,100,1,0,1,8,16
b6e2efbc-b5d6-42f7-8acb-88180410f211,50,1,1,1,8,16
8259d378-bc41-417d-b4d6-273eb721dcd1,50,1,1,0,2,4
6fc31002-e823-4706-a3b4-d44c95659616,100,1,1,1,8,16
7f6579b0-3a35-47e2-bdd2-2a17fea6b4e8,100,1,0,1,32,64
00b2edd5-75b3-425f-be25-fd6a96c68b36,50,1,1,0,16,64
c1da9e9b-f1d1-43be-97e9-216e4d84c40a,200,1,0,1,36,160
192c6d50-9f85-4c0d-966b-eb592df40cc7,100,1,1,1,8,16
55ddf37e-c66a-4746-af15-f2a7376b6bdd,100,1,1,1,8,32
61d0bb40-48cb-47b1-b013-6bca9ec69294,50,1,1,0,2,8
8cb2088d-4a28-4504-ae36-de74655fd4da,100,1,1,1,8,32
b8910963-4576-4513-b24b-4c01f2e1d49d,100,1,1,1,8,32
785944c4-0231-4992-a47c-eb084e8f4e82,50,1,1,0,1,1
8b702fc6-84c7-4f38-b1ca-f497fb7860c4,50,1,1,0,1,2
943d66b8-3190-4bc3-a83b-30348cbc7eac,100,1,1,1,8,32
b6d8e436-8b0c-421f-99fd-fb34daa02abb,50,1,1,0,1,2
145dfd8e-dc34-4fff-adb1-83eeca2124e3,100,1,0,1,32,64
d33c5309-2fb0-4340-992a-6d8de59a11f5,100,1,1,1,8,64
ec0f34ef-c4f9-469b-aefe-88baa56aeaae,50,1,1,0,1,1
dacef6f4-3ca3-4c1b-badd-61f057288aa3,50,1,1,0,1,1
b726bb04-0f1d-411a-aa29-6053d6fb124c,50,1,1,0,4,8
ea5a4dc1-a9b1-47ab-abb8-936cca8ad529,100,1,1,1,8,64
eff67295-9262-40ef-9e3d-9e870672e088,50,1,1,1,1,2
162d4b7e-441b-492f-9313-4b7cd7acb74c,100,1,1,1,8,16
f4a95c43-a580-4743-b268-994c9741ff25,50,1,1,1,8,16
fb7a8e82-c9f0-4252-9e19-7569b810c099,50,1,1,0,2,4
6ffc716c-80ab-4ca1-9ea9-f46015df624f,100,1,1,1,8,64
17a174d7-7a64-4f5b-84c0-d1283a42cf66,50,1,1,0,1,1
36d0fefa-df6a-4392-903f-3d3dae7e7719,50,1,1,0,1,1
db29fc84-0b87-4099-a42f-6d60159971c5,50,1,1,0,1,1
ac492246-d739-4d05-8036-ab78b164059d,50,1,1,0,1,1
4ab2f19c-fec8-48f2-ac08-54a64bcaf5f9,50,1,1,0,2,4
87b05bd2-aafc-4002-ac22-f1a2595f2bc0,50,1,1,0,1,1
639e6933-2a15-4aea-bb31-2893328fda51,100,1,0,1,32,64
2110d112-30c1-4fbd-8003-a826ebd75467,50,1,1,0,1,1
f060ef0a-60fa-4bc1-b072-7b7b4d09baab,100,1,1,0,4,20
da991aa0-c746-426d-9675-5ca9ea95475c,100,1,1,1,8,16
edd7a7e6-de6e-4065-9400-4408b7040c4b,100,1,0,1,32,64
fe389b86-aaea-452f-adf2-9e38a71ba6f0,100,1,1,1,8,64
23b98723-be89-4813-9122-3a46ce266b31,100,1,1,1,8,16
390c1e21-4bc5-41b8-86df-db16e56935d8,100,1,1,1,8,16
c303deed-8560-4b73-8c5d-0b69f7a1ac25,50,1,1,0,2,4
b9637d30-6d36-4d44-949d-02bd5e0df4f3,50,1,1,0,1,1
2e346ee1-5689-4a6f-862b-379265270a93,50,1,1,0,1,1
f04b6366-e534-4e4c-813c-3906bedc151b,100,1,0,1,64,128
55c39848-2152-4e74-a3b0-de67d7502ba2,50,1,1,0,4,8
0c7f40ab-8605-42ec-8ba5-2df11e3c542d,50,1,1,0,4,8
4025f6fc-f9ac-4a05-bce0-32c3a6b66705,50,1,1,0,2,4
d730032d-055b-4b6d-aabc-1e066bb9c120,50,1,1,0,2,4
d23b77de-e2b4-475a-9399-0f902f7c82a7,100,1,1,1,8,64
04b72611-bc10-4179-b13f-65ff55000d07,50,1,1,0,1,1
f56490ba-55f0-4d27-b84f-ca97e62b0bd6,50,1,1,0,1,1
552d4c0c-dd51-4394-8dfc-6e1ce5a5d524,50,1,1,0,1,1
391d3d07-2a52-4230-9cf5-6cf8361e165d,50,1,1,0,1,2
8760b757-f1bd-4a31-be85-8c2c971cac0a,50,1,1,1,8,32
fd48259f-b90d-4b7c-aa5d-2a5db2b26633,50,1,1,0,1,1
cbcf3881-e69b-47d7-b203-fb8f4bd52d33,50,1,1,0,1,1
8e043737-ab46-4c4d-a588-6b5c68a9d775,50,1,1,0,1,2
8936594e-6118-41fb-9555-bc5081ca2f14,50,1,1,0,8,16
981416a6-4922-443f-9742-7930c6bae188,50,1,1,0,1,1
53f10f66-fe7f-4fc9-897f-de49c5d20b82,50,1,1,0,8,16
02cbae00-c798-49f0-af99-56f36fe5fa3c,10,1,0,0,1,1
c90cef84-7dc1-4505-ad4c-3ad340eb540d,10,1,0,0,1,1
e7ffeaf0-975b-4749-a66e-f3147fe41acb,10,1,0,0,1,1
e7d30042-46d0-44e2-ba97-cf0a09833fa8,10,1,0,0,1,1
6ed5b4c4-91df-4b98-b43b-a969e91c2912,50,1,1,0,1,2
01d2a330-47a4-412d-a3a3-b6b7cab2d8e1,30,1,1,0,1,1
1e9a4b01-fdbe-4908-95f8-731b002d38b0,50,1,1,0,1,2
7829b9b8-47f6-4912-b7b8-f0b7aa60a4c2,30,1,1,0,1,1
b2464ef4-4cde-45c5-9ae6-0faf1ed8bb6b,50,1,1,0,1,2
098c0ccc-9637-47b1-b653-ef50c49221d1,10,1,0,0,1,1
c963cfb4-316d-47f1-8e7a-3cb439a1f9e6,10,1,0,0,1,1
21c78769-4dd6-45a7-a1d1-e8dfdedd94d5,10,1,0,0,1,1
8b3ac533-2359-43ea-92c2-bbb955a3e41c,30,1,1,0,1,1
d5929333-ae26-49b1-b069-85508335876f,10,1,0,0,1,1
db4225be-8133-4d75-8684-824e7d9a60f5,10,1,0,0,1,1
16d816f6-02ac-40f5-b575-03541733b164,30,1,1,0,1,1
babc596a-d89e-4e8a-ba2a-62474aa74492,30,1,1,0,2,4
460ea46b-bada-442e-b8de-8c82299ca446,10,1,0,0,1,1
6af96785-419b-4d51-b341-4a3190a1d503,30,1,1,0,1,1
c4d2c1cb-92e6-49df-a3e5-23a793ff0c9f,30,1,1,0,1,1
63a68f2c-1d3f-411a-ad11-374a1b5af407,30,1,1,0,1,1
424669e0-db60-492d-9800-290def7f6ba6,30,1,1,0,1,1
6460d610-629a-45df-9576-c313616bb822,10,1,0,0,1,1
b71894dc-07fc-41af-80c9-15ac1af60150,30,1,1,0,1,1
ce110c6b-f431-4d45-9a74-f4e24664578f,50,1,1,0,1,2
c62e3bf8-e542-4c08-8c34-53c6ae9eeebb,10,1,0,0,1,1
69d91842-04af-4c33-9c40-288188f34b72,50,1,1,1,90,224
9e22d1da-f122-45fb-a555-0c3c4f97bf27,100,1,1,1,8,32
170ba486-77c8-482e-a072-527d29ff670f,30,1,1,0,1,1
06d25980-8fdc-4b2e-8bf1-62c463d37437,100,1,1,1,8,16
365be055-081b-44c8-87b6-78dae4ac5750,100,1,0,1,32,64
395a5168-2acd-4f8c-ab12-de762f9e7531,100,1,0,1,32,64
2f4125ee-5f8d-4fb3-9619-808f2898b548,10,1,0,0,1,1
f4f27dd5-1353-4b83-9529-f830f443ad97,30,1,1,0,1,1
8b42cf4f-8fb9-4c23-98de-4f49d613759d,30,1,1,0,1,1
83099735-e00c-4f32-b4fb-0385e43896c5,10,1,0,0,1,1
4e0c2e76-e156-436d-894d-d44280afc9e6,100,1,1,1,8,64
5005eaf4-0da0-41e7-a0db-35b2ce193d6e,100,1,1,1,8,32
ff19611e-068a-475e-828e-b1104befe4d9,30,1,1,0,1,1
e3a41572-2546-4b51-8018-fd8309096265,10,1,0,0,2,4
fb9cbf5c-db25-4b17-8bf4-608b523dc305,50,1,1,1,8,16
95f099ae-53db-4763-93b5-4feb2eff7641,30,1,1,0,2,4
f7eca756-0acd-4d25-9e5f-351a01150f13,30,1,1,0,2,4
449a7b9f-abd5-459e-81cd-9d6a2fd0c300,30,1,1,0,1,1
7e992639-c56b-4d38-af02-39e6bcc3387b,10,1,0,0,1,1
f39d2ffb-8579-456f-a6bc-67ab7ac2f60e,30,1,1,0,1,1
7193c364-73fb-4af6-8837-dff7f3c9c4db,30,1,1,0,2,4
0a1d3088-8272-4057-8103-b1f2ce7671ed,30,1,1,0,1,1
84568950-aa54-47ca-876c-00a5db6647c1,30,1,1,0,1,1
fa9ab815-c404-4bf4-8ee1-98ee7f6902c1,30,1,1,0,1,1
4003b430-b605-44ec-9db1-783f1ecbc685,10,1,0,0,2,4
aeb8d058-eb7d-4ac9-a00a-557016c3acc7,50,1,1,0,1,2
d6595cb3-1447-4d70-ad89-4a2cb6f75e79,50,1,1,0,1,2
443684f5-f06a-4fef-b648-fd04c52e96f1,50,1,1,0,1,1
3bab51e5-c194-4189-b63e-a76bd2594e96,50,1,1,0,1,2
69d63f7a-fd6a-411a-9bb6-631083b99809,50,1,1,0,1,2
4bdcecff-38d4-4a21-9ccc-71ab81bc2511,100,1,0,1,8,16
e31c5fc5-12ca-4271-a45e-8160d0fe7e92,50,1,1,0,1,2
a15ba5da-2531-4f05-866e-741fbf815b47,10,1,0,0,1,1
1d26248a-a202-4d85-858e-a97b54b8192d,10,1,0,0,1,1
226bc679-6a15-4b5a-b239-3277ece11ceb,10,1,0,0,1,1
203e0dfa-83ce-4eca-b7ca-01f57b3a602b,10,1,0,0,1,1
f67b6cc4-518f-4740-b8bb-144b290801d9,50,1,1,0,1,2
6069c048-334d-4bb6-b010-1bf7890c5736,30,1,1,0,2,4
dca99e52-66f1-4078-846c-924c07036426,50,1,1,0,1,2
cb5fafba-b273-4d04-9d8a-75667f172758,50,1,1,0,1,2
7733c771-696b-411b-aa1a-c4e033aba9cc,30,1,1,0,2,4
b2403d52-ddbe-4967-9053-947e1d434e64,30,1,1,0,1,1
f3963117-74a3-4736-9e4c-737ff12186b8,10,1,0,0,1,1
2b9e4f14-e32a-4a51-8a17-10b35a3e549b,10,1,0,0,1,1
5da9cbda-3e2e-4b63-9fe5-065793fc65c9,10,1,0,0,1,1
749ceb17-4c24-4b52-8bd7-8135548ec3b3,50,1,1,0,1,2
4f9cfaad-c079-4f31-a9b0-d2a49fd3685b,50,1,1,1,2,4
2af53948-cb21-4b95-8eb7-fc28cadf52a2,50,1,1,0,1,1
f335ca1f-8e89-443d-8cf5-f80bc3844de6,100,1,0,1,84,256
be4194d9-01c3-433d-ba45-1fbefe509d16,50,1,1,0,1,2
1c16315e-9c19-4b76-bec5-79db8db22f12,100,1,0,1,32,64
9aad31cc-e916-4e77-b1e1-8aeec1cf4b5c,100,1,1,1,32,64
93410ae3-7a08-4342-bfc1-b2077c992054,100,1,1,1,8,16
0f7abc30-2f3c-43f7-8edd-1359964ef580,50,1,1,0,16,32
4f646673-ad89-479c-b2e0-14fb6e10c2de,50,1,1,0,1,2
8334e34a-db63-4766-94cd-fbf7a5086761,50,1,1,0,2,4
9b7de4bc-8710-485a-baf0-4120483c5be5,50,1,1,0,2,4
2f4c83a4-4fcc-436b-a451-17129749e3da,100,1,1,1,8,32
57554074-f149-486c-9aba-4c925275eda4,50,1,1,0,1,2
e1fdb842-df62-472f-8004-a71c2e9b3da7,50,1,1,0,2,4
011082d0-a4d3-49e8-bbad-1f96f7be3755,100,1,1,1,8,64
5ff59581-3f32-495e-b530-34ad90c8e369,30,1,1,0,1,1
593c145f-eb43-4a3f-a547-8e786d2144df,30,1,1,0,2,4
646f0ea6-f8d6-4ab2-b871-d49080b9ffa5,10,1,0,0,1,1
c667b0a2-bff2-4740-9095-a562c7ba82f1,50,1,1,0,1,2
d065292b-e27e-428d-9990-5880fb3f1010,10,1,0,0,2,4
b485bccc-a099-4783-aedd-5035abc6deaf,30,1,1,0,2,4
4f048489-0315-4be3-bacf-8a3ded4afd80,30,1,1,0,2,4
78fdd415-a302-46be-a53b-8247d97a91d7,30,1,1,0,2,4
d539ea9e-8d3b-4f74-9cc2-5f9431c87966,30,1,1,0,2,4
d5ebccd7-45fa-419f-b99e-676cf176ade5,10,1,0,0,2,4
44be75a5-0d15-41f9-902b-06c73a55e06b,50,1,1,0,1,2
ffafe89b-2a3e-4cc4-a327-a2212aafb5c1,10,1,0,0,2,4
0911e20b-b7a5-48ad-81a2-3521e55db03e,10,1,0,0,2,4
83f734b5-c853-4329-b2ba-8a573ce1991c,10,1,0,0,2,4
bb90e689-25ec-40f2-8ec9-13d548560cb6,30,1,1,0,2,4
c3941557-9798-43f3-b43f-4891c2399193,30,1,1,0,2,4
bd488543-9ef2-45e9-b555-c3e697b053e5,50,1,1,0,1,2
6bc5e758-908d-4431-bb9e-1a089bb692f0,50,1,1,0,1,2
94b57f9a-ff8f-4db8-a7de-f4b0d8667e46,30,1,1,0,2,4
b582fb42-256f-4ca7-a306-506a46a33ac4,10,1,0,0,1,1
12dba223-6108-4d59-b04f-893584922bd7,30,1,1,0,1,1
0c955d46-fb6c-4044-96fb-c6c98324d738,50,1,1,0,2,4
34792762-2ffa-47e2-8d7a-a7bfd5a41baa,30,1,1,0,2,4
9ec2a8b5-05c3-4b57-9bc7-536155e0be10,10,1,0,0,2,4
5b400049-83a0-438a-8253-881239d68134,30,1,1,0,1,1
e9baaccd-3f49-490c-85a9-736b57483ecb,10,1,0,0,1,1
ca20d137-6c83-423b-8ddf-2625232bc0b2,100,1,0,1,64,128
c94098d8-c464-4396-af24-87e7a701d377,100,1,0,1,32,64
fb18256c-f17c-4997-b4a4-6956d8407931,10,1,0,0,1,1
d3a22a2f-8c9b-4b63-8bda-17badf7e25a1,10,1,0,0,1,1
b3ad4549-2057-448c-bf17-c4a818e2ad64,30,1,1,0,1,1
f9c08a47-d5f3-4782-bdcd-1545f736191f,50,1,1,0,1,2
04e8a3e9-8c28-4095-997d-b7cdd6dde4ab,30,1,1,0,1,1
55c5b16a-9f5b-4b69-84d2-0265d3f4d8d7,30,1,1,0,1,1
357d4ffc-79d6-4b24-bb45-a62264d4a2aa,30,1,1,0,1,1
17361ba0-066b-40b1-bab7-2c43e72b736e,30,1,1,0,1,1
9086a97f-ce9a-457a-9201-1e8a0a386e84,30,1,1,0,1,1
35e02ec3-ebf4-49d2-9a1d-1850b0207d5f,30,1,1,0,2,4
7c3c44f3-b803-4d1d-930f-02f0ccc1e56b,10,1,0,0,1,1
357c2bcc-aac6-4d3b-a336-2979c1c9f61b,30,1,1,0,1,1
17697295-84ec-45f5-8a01-6fd1cf4f4f07,30,1,1,0,2,4
14740e22-ed8d-4278-86fa-c4fc7d1e4d61,30,1,1,0,1,1
87baa3e8-9f8f-40b4-9087-f42d7a763fde,10,1,0,0,1,1
00581c4c-e5a3-4668-b99f-4f804e6b6478,10,1,0,0,1,1
1db74d8b-cb64-48f3-8f3e-177d86a26518,10,1,0,0,1,1
363c7942-9ce1-446d-8e44-aa8e9e599d63,30,1,1,0,1,1
9ca90c1c-3409-4183-9f6f-f863513104c6,10,1,0,0,1,1
e6c47e42-c037-4f2d-8392-2c466285a789,30,1,1,0,2,4
b72c6154-c1fb-42ae-ac82-a6825a0df645,10,1,0,0,2,4
c9a629b5-67d5-4d73-9703-b9f9881c3a03,10,1,0,0,1,1
ab464192-bc69-4b77-8e66-0084ccf71807,30,1,1,0,1,1
bca9b1f3-8372-4586-9d2f-152b2e609e7a,10,1,0,0,1,1
819aea5e-8994-42de-833d-f3bc81e46c96,10,1,0,0,1,1
6da856ac-43c7-4079-a44b-70919bf8e666,10,1,0,0,2,4
72eae369-2598-4427-8f44-6a1acf5a9ee0,10,1,0,0,2,4
1acd70f9-f714-471c-9890-4d5a32751677,10,1,0,0,2,4
1e4106cb-0e21-4e24-8d8c-517812fb281d,30,1,1,0,2,4
6db90f55-db08-438e-ba4c-929df82b765f,30,1,1,0,2,4
a8ee8e7a-d3f5-4232-a90a-f0c3bfa842e8,10,1,0,0,2,4
23dd194c-3ddb-489b-8509-a289925b11eb,30,1,1,0,2,4
56127203-80f4-45a1-aeae-5786191fd37d,10,1,0,0,1,1
b4c7819c-5766-431b-a76f-5890bfd7fdba,30,1,1,0,1,1
d368c20a-1ca4-413f-b1a6-472eb06cb193,30,1,1,0,1,1
c5225684-6323-4f08-9b58-ca4d72a4b667,30,1,1,0,1,1
dafb3ad9-67b4-4996-8e00-5184d9625366,30,1,1,0,1,1
9e4dfdd1-bef1-4143-8f9e-3613035e06c7,30,1,1,0,1,1
b2011920-9b64-4314-81cd-ba6fe997b3ef,50,1,1,0,1,2
494e9193-8f9a-4847-9043-f79f17af2dde,10,1,0,0,1,1
d95cb891-aefd-4fad-b201-d3458f946361,30,1,1,0,1,1
f2cb9f06-79e9-4522-b589-855ad34c3712,30,1,1,0,1,1
daac920c-26cc-4051-aefb-12427040cc7e,10,1,0,0,1,1
b51a5ac9-ef1d-4e36-8026-8b5ee2643494,10,1,0,0,1,1
0051e8b4-2ddf-4621-b1c4-29fb7139d7c2,10,1,0,0,1,1
e61cb41f-f3eb-4583-982c-6bc685d913e8,10,1,0,0,1,1
f2fdbf29-f2dc-4214-ba8b-4ce831c22789,30,1,1,0,1,1
55238ffa-2b92-452b-81b8-37533cc32558,30,1,1,0,2,4
3e26aec3-f70e-4f7a-b1bc-3ffd0071603a,10,1,0,0,2,4
1779966b-0d0d-4644-9673-8a576e2639e0,50,1,1,0,2,4
4f454def-6dda-4419-9ce2-d8b1a53795fb,10,1,0,0,1,1
1d16ba40-07e6-4a78-9dba-594ce0e14f55,30,1,1,0,1,1
fb939195-7ab4-4a12-b94a-3c1114ceb29d,10,1,0,0,1,1
091aff72-86ec-4326-9ae2-7942506ff2a4,10,1,0,0,1,1
8cd4a159-27bc-4ec2-87fc-c07d7393b45c,10,1,0,0,1,1
38b93041-6236-453a-a3d0-54e6819d1a48,30,1,1,0,1,1
e95aec58-6a67-487c-9441-05bbbd25538b,30,1,1,0,1,1
2db4385a-b90f-4a90-a74b-3120a64cb4be,10,1,0,0,1,1
8e1e4714-3066-46f3-9359-9d4df1d7a0d4,10,1,0,0,1,1
eaf1df0d-5834-40f6-aaf1-4116edcc34c0,30,1,1,0,1,1
9a6e8be7-a1fd-4dc1-8c5e-4a078e91a96d,10,1,0,0,1,1
76582395-e620-417c-b3c3-6a3191d2e0b4,30,1,1,0,1,1
542af5d9-8f9b-4aaa-b847-fde0502b7a6c,30,1,1,0,1,1
21f4017f-c852-4c80-9c63-ac470d94be5e,30,1,1,0,2,4
d5688fdb-d09e-42d1-a7a4-43bead4fdcf7,10,1,0,0,2,4
2e6efc9a-79be-45a8-9d06-ec8080654905,30,1,1,0,2,4
997e8269-7b5b-47bb-93fd-45a3eb262d7d,10,1,0,0,2,4
a9a1bd4e-5c94-4508-a07a-9c8b197afd6a,30,1,1,0,2,4
d2ba98d4-f3b4-4057-b31e-8b0bc0bb47b4,30,1,1,0,2,4
9f24eaa9-202e-496c-9c23-9b9f5cf4db5a,30,1,1,0,2,4
e021adb6-30b6-4002-ba39-86f515b3cba3,10,1,0,0,2,4
ef429656-cb3e-437e-a440-d738a56df60c,10,1,0,0,2,4
4298ee27-9bb0-4d5a-86fd-9ee56be8c135,10,1,0,0,1,1
8cf580e2-7710-4bea-840b-f99476f72256,10,1,0,0,1,1
b0d2a142-de45-4930-b173-76f0bc05c29c,30,1,1,0,1,1
c0a39967-c341-4c33-a19c-595a9da28154,10,1,0,0,1,1
f4ff7832-2fa9-4318-9141-ed8df60116d6,500,1,0,1,16,32
e373089d-3d2e-42e3-b2ef-f1f68ade5dc4,10,1,0,0,2,4
e7587000-1f4b-44fb-8008-675b197dfc0f,10,1,0,0,1,1
957b374e-4840-4403-a4d9-590342d1a3bd,10,1,0,0,1,1
395a5011-d100-4a65-9c8c-acd2165809f9,30,1,1,0,1,1
1479f970-8742-462b-897c-ffc4c959ba58,30,1,1,0,1,1
f3a62cf8-0dfb-4eb0-8c1e-4759f1f1855b,30,1,1,0,1,1
758beb8e-7ce2-43e1-9f71-c4436de5b2e8,30,1,1,0,1,1
bcdbc349-b28b-4de1-b6f2-a905bf6902d9,30,1,1,0,1,1
bea7ab6a-9076-4f46-a2ad-34d9f89d4901,30,1,1,0,1,1
eb87391d-ed6e-4a2b-a09b-31e2de385c46,30,1,1,0,1,1
e53387e7-565b-4554-ba7b-56e28f83741d,30,1,1,0,1,1
752ce1f3-5539-4db6-a066-2409852d9668,30,1,1,0,1,1
e50f4755-f504-478e-b955-3ec280b9a3b5,30,1,1,0,1,1
a0a1cf1c-519e-4c9e-bf23-fa7ca6a73861,50,1,1,0,1,2
43bb1cce-e224-440e-afc3-bd54880eb8a1,30,1,1,0,1,1
8cbde484-7233-4248-a8af-8da74b8d257c,10,1,0,0,1,1
b118c2b5-246a-43f0-a929-ed84fbfa6407,30,1,1,0,1,1
6124170c-36fb-4d1e-a214-008e5804ae38,10,1,0,0,1,1
759dd092-cfb7-48e7-982f-05fb19b381d5,10,1,0,0,1,1
fe354194-a6f3-44c8-a7e0-8fe0684bcc98,30,1,1,0,1,1
ab42dbaf-ccbb-496c-803c-84696f9bc467,10,1,0,0,1,1
e3858511-1e61-42ad-a197-5151d6f98650,10,1,0,0,1,1
86d375f2-e2fb-4632-beac-1e1eadf7cbf6,10,1,0,0,2,4
1a4aa1b0-d760-4dec-a074-2f6bc9bd2ad8,30,1,1,0,2,4
75b87359-6e2c-4155-a2e4-ad9e14e20be8,30,1,1,0,1,1
84e0b41e-4807-4100-bc07-c9ed694f254f,30,1,1,0,2,4
eb51536f-f0c1-4efd-a064-6a65e6a1ad95,100,1,0,1,32,64
a5469ca5-9104-4f08-b61b-396bd6040622,10,1,0,0,1,1
d493cd07-b5bc-4af2-9d22-6a7c21ed3c1c,50,1,1,0,1,2
5ccd772d-8d3d-44e9-b926-ff062c9d18aa,10,1,0,0,1,1
2a2f8e73-7305-46ac-a51a-1ba7e1fbdbfd,30,1,1,0,2,4
955c5937-cbae-4759-93b4-9f7cb8fe04d3,10,1,0,0,2,4
059fa3cb-b0b7-4cfd-a138-67f4724bf256,50,1,1,0,1,2
dc24446b-bf85-4562-a812-af46dd7cab60,50,1,1,0,2,4
a87a3551-f85c-4bf0-8374-23be5fa1a493,50,1,1,0,1,2
a9580740-dbab-4267-b996-ab531e7b64b5,10,1,0,0,1,1
5a21ab4c-bfc9-44a3-a2d9-8a23b6e08730,10,1,0,0,2,4
7e7b6869-9ce4-45e5-bc8b-108d5c918237,10,1,0,0,2,4
fdd3d5d8-a839-49d9-b654-e6e617311598,10,1,0,0,2,4
113d6cf2-a09e-41e8-ad84-50af4ea306ef,50,1,1,0,1,2
67356e54-32c1-4d83-896b-178db9fda30d,30,1,1,0,1,1
412f2c53-ba49-4df7-a915-be8698654dcb,100,1,1,1,16,64
c52cc88e-2b7d-47f6-a3a6-f894b1379edb,50,1,1,0,1,2
1801ff14-a78d-41e8-8dfc-e1789c7371e5,50,1,1,0,1,2
15d18359-298e-46ae-a696-d597e1811d9f,50,1,1,0,1,2
e3593f27-c369-410d-bcc5-c58614f10347,50,1,1,0,1,2
2a1067ed-9a1f-4c44-b37b-82489b1a4b87,30,1,1,0,1,1
4e73b664-660e-4e2a-8dee-3b99f5c59e7c,30,1,1,0,2,4
f1331c7b-fe66-4163-b31a-c29a14265784,50,1,1,0,1,2
80edbf94-3210-447a-a50b-841340834213,50,1,1,0,1,2
22815176-7a76-42b4-80d3-f14f4acf6803,50,1,1,0,1,2
c0c52627-596e-43e2-bfdf-7dd7c47afa98,50,1,1,0,1,2
96e58110-79d0-42d2-8a9c-04da8c8c8e46,50,1,1,0,1,2
7ebc0ff1-052a-46af-97a9-5879258bbbd4,10,1,0,0,1,1
e56525f6-b363-40f8-a28a-80ea4f252f95,30,1,1,0,1,1
1ebf1d61-a88c-481e-90aa-f2ab5fc0654d,1000,1,0,1,32,64
3ed49dde-dc1b-4474-ae8d-036ea0a30b78,30,1,1,0,1,1
3e4a2a90-48e9-447c-90a6-6d6bc8cb7d26,30,1,1,0,1,1
60ceb2de-94b5-4fcd-8e4b-66b773c45665,50,1,1,0,1,2
cf8212ec-e168-4884-bdb9-3a1ff38a8908,50,1,1,0,1,2
0e1a9dd9-f49e-4571-96b2-e9445c54d12b,50,1,1,0,1,2
312b812a-b331-4c42-89ee-df3c40d50da0,100,1,1,0,8,16
cbf8576d-316b-439f-ab99-f9812f0860b7,50,1,1,0,2,4
1a05a71d-3e40-496a-9c30-7478abdba0d8,90,1,1,0,8,16
4970cc63-2e4d-434f-9939-f4ae29360296,90,1,1,0,8,16
8a9b9b3d-b11b-4b5f-b097-199f38eeb6db,50,1,1,0,1,1
808c0a44-8487-4685-84a1-cc0d8af76a2a,50,1,1,0,1,2
2ba1a228-9685-4640-af44-c995372703bd,50,1,1,0,1,2
03adbe05-5087-40fd-8c0b-642be06528d4,50,1,1,0,1,2
52ad0a95-9e60-43cf-91d3-1db3b521ea5d,50,1,1,0,1,2
78e864e8-a04e-44b1-936f-ed01ca88b4d1,30,1,1,0,2,4
317e0b6b-a1fd-4db4-a753-405eb05530bb,10,1,0,0,1,1
2a814e84-fbb0-4774-8f30-1c0ce2b20d55,50,1,1,0,1,2
1f1f464a-4876-428e-8a44-9c756d7d2b83,50,1,1,0,1,2
ab6f99e2-f7c3-4637-a422-71b406bae757,30,1,1,0,2,4
f7023fa4-2469-4af8-9d33-1a63c0cf4dc7,30,1,1,0,2,4
ff5c2647-6b6b-44c9-8371-14bd0971d4c6,50,1,1,0,1,2
cd9976c1-9595-40d5-93b4-dbff6775a410,50,1,1,0,1,2
6c859700-7ed5-4853-abfa-9a4f93d1273a,10,1,0,0,2,4
56c9f549-ae99-46c3-974a-3c9d0ea14b3e,30,1,1,0,2,4
8f86c1a3-705f-4355-9747-a4ae49f5b42b,30,1,1,0,2,4
ae4667ca-22cc-416e-b17e-b3302bebf6a1,10,1,0,0,2,4
7b27443c-dd10-47f9-b472-e3759b3ac919,50,1,1,0,1,2
4ed4a852-7a44-4848-87b9-73c4e78f6fce,50,1,1,1,4,8
689dc4c9-51a9-4dc2-b289-095ce405a7ca,50,1,1,0,1,2
474fda21-9e1e-434a-839c-76a5171a8963,50,1,1,0,1,2
9975e5a7-b7d4-4d63-9f44-d94d2a389ccc,50,1,1,0,1,2
5710af6f-a020-437c-858c-ff3ed526383c,100,1,0,1,32,128
fa473765-94b5-4bca-ab9b-416225c638e1,50,1,1,0,1,2
b617ca71-d092-445b-9226-6986c68f0fd2,50,1,1,0,1,2
362f3a3b-c73a-436d-97b1-d8ff78af7531,50,1,1,0,1,2
bb192812-50c3-492a-93b9-9ea371c66320,50,1,1,0,1,2
d1106ba1-2f46-47cc-af11-e013382f32a5,30,1,1,0,1,1
7eeae6bc-96ed-440f-ad6a-16338841757b,30,1,1,0,1,1
7b78692c-be80-44f9-8d37-53d55e2a8730,30,1,1,0,1,1
d89505a1-17ce-4e6d-aa29-d80d6ee0dcbe,50,1,1,0,1,2
cc120073-d80b-4384-bdb1-43f745603e26,10,1,0,0,2,4
ca0f132e-b3c3-41b2-99ae-5c053dae0eeb,50,1,1,0,1,2
2e55ab3c-5070-48f1-b15e-95bb96ed0342,30,1,1,0,1,1
aad6baf0-02ec-43e0-8a34-221c858b65c3,10,1,0,0,1,1
558825b1-f228-4229-8856-c1a509f6d0a9,50,1,1,0,1,2
9b4f2637-0d35-4120-af92-183fa2e7bd43,50,1,1,0,1,2
6617d51d-caa8-4099-9496-2d8f6d28eec2,100,1,0,1,32,64
e1e7d82b-528f-4e8f-99a4-e2e553109ecf,50,1,1,0,1,2
6309b783-734f-40ca-ac8d-7a5e65340129,10,1,0,0,1,1
dfa06839-f188-43d4-a5c8-84750ddf3bb9,50,1,1,0,1,2
a55c1f8c-b0a2-431b-b9c6-57efc4d67926,50,1,1,0,1,2
97affe13-698d-4b64-b4fe-a1aaca9e27e5,50,1,1,0,2,4
f2cc68d9-e64e-4493-8e5a-f9f16cb91534,50,1,1,0,1,2
3ba23ad6-6d7d-4439-8c12-24a96be25e1d,50,1,1,0,1,2
f16714e6-e15c-435f-a366-2ec58dbde792,10,1,0,0,1,1
bc1df3e4-540d-4762-a8a9-2d2431f8cd58,30,1,1,0,1,1
5c36fa91-4f31-47d2-ac7b-174c82f92f42,50,1,1,1,4,16
779fddec-d51a-43a3-857a-f99f8cf48e32,50,1,1,0,1,2
6e294b10-acd2-4adf-a5a3-5733c65fb84f,50,1,1,0,1,2
e69fc01f-154e-488c-8d38-3d8c767c2aae,50,1,1,0,1,2
a8d161e5-c569-43cd-b41b-b583d8753db0,50,1,1,0,1,2
d7655269-d1de-41a5-ac07-d0f795d5e84c,50,1,1,0,1,2
6b960fba-317b-4350-9840-0e3e056dbcca,30,1,1,0,1,1
35d57253-09a8-4c1e-b5c3-717b86a5fae7,1000,1,0,1,32,64
7704fa3b-79e4-4e1b-a77a-dd1617cccb35,50,1,1,0,1,2
a94cec00-8247-4b9f-bc17-8cecd363f137,50,1,1,0,1,2
eca2f237-f73e-4fe7-b3c2-59261a62c263,100,1,1,1,8,32
53418ed0-a851-4c59-bddd-6a1156718a50,50,1,1,0,1,2
b8eacb81-4e28-4ddc-9aec-f9fe5a5ec545,100,1,1,1,180,464
a7adf9ae-520d-4ea8-bce2-82042f4f3e18,100,1,1,1,180,464
a4ce5ec5-01f1-4d57-9a51-311e674eee03,500,1,0,1,180,464
a71311d0-6eed-40c0-84be-62ca9d265dcb,100,1,1,1,180,464
d86eff9f-50d7-4956-83ac-9deaa7b61984,100,1,1,1,180,464
9f11e7b2-54fb-4237-97b7-412cabf2a66c,50,1,1,0,1,2
798097cf-2ee2-4c97-95ba-95303fea418f,100,1,1,1,8,16
c35c440b-8012-41c3-8580-cd1688e7020f,50,1,1,0,1,2
4c6af63a-2483-4c23-b988-b4da6ec3e2eb,50,1,1,0,1,2
0fd2ea15-47a8-49bc-85f6-04f3ee317117,2000,1,0,1,16,64
15c0bde8-181c-42f4-a718-b64afb5dd54b,2000,1,0,1,16,32
904919b5-615a-4f64-b836-a17f8e5f0bf7,50,1,1,0,1,2
fdd620e4-289a-4539-890f-cc85a011fe60,100,1,1,1,8,64
94df7304-22e3-4d19-9fb8-b2c4eb3c7c8b,50,1,1,0,1,2
24f66e11-e905-4ddd-b14d-daf8c4871eb9,50,1,1,0,1,2
3d8cfce9-a443-4d36-90b5-6f8921bbaf51,100,1,0,0,16,32
4631ec2b-73b9-4b67-825c-97daf424bc73,30,1,1,0,1,1
0e3622ae-51d6-40dc-aa43-42dd50351958,50,1,1,0,1,2
0c613352-411e-4480-acd9-4ac0d9c3c2b0,50,1,1,0,1,2
032df076-1e1c-4661-a7a2-21dbc9565ea3,100,1,1,1,8,32
b206b612-b03c-40ea-a3f4-866f7d2b2a97,50,1,1,0,1,2
3dd7848d-41e7-4a14-bb72-29924fc4202d,100,1,1,1,32,128
08b51201-63dc-48f6-a97e-790ff4e2fd74,100,1,1,1,32,128
6e87bc0c-bc7e-44d2-adb9-84949eb465ff,100,1,1,0,8,16
9e4cb3b3-14e4-477f-8849-bf29490cad2a,10,1,0,0,1,1
52ce255d-3620-4ef3-8185-c2ca35acbf34,50,1,1,1,4,8
35c5587c-cdbf-4325-8be8-706593b6b1e6,50,1,1,0,1,2
69b0447a-d912-41a5-ae2b-94d525e3ca6f,100,1,1,1,8,16
19a5b4ae-0cf3-4386-82cf-9ac4d23d5feb,50,1,1,0,1,2
4fc3a516-3192-4cf1-bf53-d3ccb8a7fe09,100,1,1,1,8,16
78c9f877-8e87-4496-bcbc-eeb7a1c8dd24,50,1,1,0,1,2
60a0a1fa-9bf3-43ef-80e1-4850e99362df,50,1,1,0,1,2
8ba2651c-2e5b-4da3-ba57-8ef9877171bb,50,1,1,0,2,4
ebf8091d-28f4-410f-b6f6-c5f8d2805b75,50,1,1,0,1,2
9ea2a9a1-1b2e-4984-ad72-b467980c023e,100,1,0,1,32,64
3b71d672-2337-4264-b9f0-22a7e4f3863e,50,1,1,0,1,2
721f55fc-9e2d-46bb-b5dd-58938be284b3,30,1,1,0,2,4
d9f1dc0a-5fa1-4f66-b2dd-d3b0dc6ba8e4,50,1,1,0,2,8
960e1055-b9e2-40de-b282-2d21b360aa75,100,1,0,1,16,32
3fb7e888-6abd-4b89-8252-72bfa4a15dc1,50,1,1,1,16,32
4d0f5ace-19ac-4eb6-9e13-8237f2fa7d0f,100,1,1,0,8,16
7dee9828-5039-4d87-baeb-0f6bcbf4a48e,100,1,1,0,8,16
b7f885aa-c577-43d0-ac48-d143c70a51c9,50,1,1,0,1,2
e172d336-d99a-4a72-b735-fecc8203f61f,50,1,1,0,1,2
fa9a4b5a-7d3c-4459-8a30-0973a40d60ae,50,1,1,0,1,1
211cb0dd-ee45-4e8e-bb07-4ab02d345943,50,1,0,0,1,2
a10543f0-27f2-4c7c-a400-ea7a781c5a3e,50,1,1,0,1,2
64172352-9f9a-4ec3-baa9-206ef102bb25,50,1,1,1,2,8
6240792d-bcb3-400e-9d23-cfc17caf1227,50,1,1,0,1,2
6b562562-726e-4a0a-ab75-29105e838d98,50,1,1,0,1,2
7ace02c1-d6e5-44d6-bda1-01879e541ede,50,1,1,0,1,2
b4d39a4a-acbc-4b39-9b67-b0bdabee286c,50,1,1,0,1,2
9d4202f8-15e0-4168-accf-b81023dd76f0,50,1,1,0,1,2
00f7886b-7103-4aac-8674-00e3bc69d964,50,1,1,0,2,4
35a06eeb-c975-49ff-98c9-26f427f6aaf6,50,1,1,0,1,2
3d5fa2b5-3425-45f8-b20d-f900a93f4d61,50,1,1,0,1,2
593e81fc-563d-436c-a1fa-9fcf51131ad6,50,1,1,0,2,4
1b40f2be-1b9d-46f8-b671-01efa773908e,50,1,1,0,1,2
8b842351-38cc-46e8-bffb-e48ccc6c2eef,50,1,1,0,1,2
ee8022c3-62ff-4282-8ce6-155f691cb9d2,50,1,1,0,1,2
e56962e4-00e5-4251-9867-fc2649b6f147,50,1,1,0,1,2
c1c04075-433c-4e5f-b967-a34e386a8a2e,50,1,1,0,1,2
13477709-f38c-44a4-bef9-2f2c29626924,100,1,1,1,8,64
f4607052-49de-412a-8d09-22fe0cf4a7f0,50,1,1,0,1,2
c5e6e05a-03b2-4a39-aef7-017f4a2428b6,100,1,1,1,180,464
9105aaf4-4ed3-4075-9c49-71ee5eb975c7,50,1,1,0,1,2
ffa53639-13f5-4b3b-879b-74cb8ddfba49,30,1,1,0,1,1
220c4ebc-2317-4239-8155-0c0d8f90a7a5,500,1,0,1,180,464
524c517e-717d-4ae2-b6fb-ac73d80e8ae6,100,1,1,1,180,464
f48f4fd3-cad6-4af9-b123-c783c0e0c0fe,100,1,1,1,180,464
5cf0eb70-b9bc-4162-9c74-bb79067843b6,100,1,1,0,8,16
9a7a47e7-9343-41d3-8f96-09fcd89ec40b,100,1,1,0,8,16
d2f96007-f9c6-4adc-afcc-73f6f77016a2,100,1,1,1,16,32
aef9d8ac-5f21-49b8-8109-824c0248d950,100,1,1,0,56,224
f32068ce-a2d1-44e1-b415-061ea030e9f6,50,1,1,0,1,2
5d0eb25c-3389-45a0-960c-0d580c881ebd,100,1,1,0,56,224
f9aa477e-2146-43cf-b86f-0c242281a3f5,10,1,0,0,1,1
29d4a3d1-1e7e-46de-ba90-52cccf2a8006,30,1,1,0,1,1
b1ac040f-42f8-4880-9514-b06a2468eeee,100,1,1,0,8,16
4d5df89d-ce1a-4c21-81c0-516d8230dc39,100,1,1,0,8,16
5c1dd2ee-ab7d-4008-be82-960e98001730,500,1,0,1,32,256
3d4376a6-8e50-49bb-b230-618841492920,50,1,1,0,1,2
1c30e64d-6ad2-4fea-8101-3ff6ad739c52,200,1,0,1,32,128
16a50a8f-da5b-4038-8747-e5fb31ac9bd8,50,1,1,0,2,4
26212d4d-12f0-4fc2-92aa-f64ee41d73df,200,1,0,1,32,128
4edf8fda-3444-47f4-9f3c-f66b3fcc875a,200,1,0,1,32,128
51d96616-83a5-40fd-a26d-581f3bc46b56,50,1,1,0,1,2
11f72bcc-b251-4db6-b092-5848c2af55f7,100,1,1,1,32,128
4c74c4f5-13a9-4939-8ce1-230385e30f3d,50,1,1,0,1,2
a0febd3a-d734-42ae-b326-7496b130f2a3,100,1,1,0,8,16
3cf5a917-24cb-432a-92dc-e3111368ac6a,100,1,1,1,64,256
1641df6b-d245-41ba-8bb1-29a776d29a05,100,1,1,1,32,256
46fa2fa7-aa6f-4b65-abaa-cd7ec5f47c17,100,1,1,1,32,128
a69890e3-c22c-42b6-9a34-39e39ad01a5b,50,1,1,0,1,2
1c6f0523-c645-4935-b5ee-1370d305952b,100,1,1,1,32,128
1dfb631b-84d5-403e-8e8d-da5374ff78fe,100,1,1,1,32,128
31909a01-b410-4ba2-992c-983b1b778a2c,100,1,1,1,32,256
d57525a3-c557-4dd1-b0c1-aa369a9e30bd,100,1,0,1,32,64
44fb8c4b-06ce-4951-a93b-6513dbbd9344,30,1,1,0,2,4
46df56a9-b8c2-4677-93e6-632e1d62f29b,10,1,0,0,2,4
e46833d2-7fa3-4638-8002-37fa1c996463,300,1,0,1,8,16
0d6973b7-5c1c-4c72-b42c-e87b4ff6aef2,30,1,1,0,2,4
aab42863-d242-4acd-9534-2bee624e7dbb,30,1,1,0,2,4
3130efd1-4fb0-47f0-8e8e-cb4cc2c09aa0,10,1,0,0,2,4
f49d844a-ac3f-4076-934e-1eecf9c6b2a1,30,1,1,0,2,4
e879b1f8-0b9d-44b0-9d62-6664b3cb240a,50,1,1,0,1,2
6c4d9b7b-2679-45bc-9d5e-421ca2da133d,50,1,1,0,1,2
84ccbc21-1d97-4c77-93e2-aa6aa5287040,50,1,1,1,1,2
e40d5b9d-a7a4-4a6e-b9b3-ff4a9388ba5e,30,1,1,0,2,4
0e880d1e-ec36-4769-a7fe-c7e7be011171,50,1,1,0,1,2
5cfb3569-4420-4172-88d6-293cc837e74e,10,1,0,0,2,4
21660fb4-bfcd-419f-ae51-36736e7bd328,100,1,0,1,32,64
03ffe9fc-dcd3-4b08-8fb4-b9f6043ef9f5,50,1,1,0,1,2
958023cf-8a6e-46dc-80fc-868df5d6552a,50,1,1,0,1,2
856b7efb-da5c-4b93-b614-0d6abe8e9a91,10,1,0,0,2,4
59280651-0520-4e32-8430-1cefe8c604cc,100,1,0,1,32,64
6bf23005-7072-46e3-969c-f39b5dd4997a,100,1,0,1,32,64
63893d2f-1d45-4b97-a69d-9b1fe0055f8b,100,1,0,1,32,64
6cd75f70-f651-4612-b1f4-035484f05eb0,100,1,1,1,32,64
82c87955-ac2c-41a3-bee4-311a76f2d432,100,1,1,1,32,64
985027c8-084c-46fd-bab2-80ab48e43b6a,10,1,0,0,2,4
ddc58003-905b-416f-9a81-116d9449a37e,10,1,0,0,2,4
fd0e0d6d-3d16-4e10-9f57-e84b864ef75b,10,1,0,0,2,4
7c1c2432-148b-47e8-a84a-07a318f6f192,100,1,1,1,32,64
629eb878-e245-42e0-9f93-b958529ed331,100,1,1,1,32,64
5e893c86-3bec-49b2-a800-a7636c475c47,50,1,1,0,1,2
6ce4f6f6-62a9-47d9-b0bc-ebf08e428e2e,100,1,1,1,32,64
709779f8-ee4f-4451-bc28-8e58915f6a23,100,1,1,1,32,64
fe86b033-5c4f-4ca9-8230-926097a71518,30,1,1,0,2,4
06e8bad2-fa60-4bc4-8f31-d1a19a77d599,200,1,0,1,32,128
2ece3e0b-5fe6-454f-95a7-ceb2789d1b50,50,1,1,0,2,4
5222456b-de21-4c30-a08a-61efc729408f,200,1,0,1,32,128
5b48030c-201d-40d4-ac77-01939f8f90be,50,1,1,0,1,1
184acb2a-3e87-4f1c-9e43-1a575e355037,200,1,0,1,32,128
4c3de507-6980-4aa0-8d13-bbf545cbd773,500,1,0,1,64,256
3cc60e19-1b1d-465e-8952-c732153c15cb,10,1,0,0,2,4
4ffe41a0-9ae2-4b13-97ef-b7253df2d78b,30,1,1,0,2,4
77b006df-d899-4386-a204-e370319377c6,200,1,0,1,32,128
0fac7c64-6b4a-448c-9043-0bbe62aad244,200,1,0,1,32,128
f5aea559-0ccd-4029-89f3-6dac80c5681c,50,1,1,0,1,2
07e29dc5-2a52-4aca-b0e4-f42cdd850cf9,50,1,1,0,1,2
c3b92789-dd5a-4972-b82f-7bb2a409a040,100,1,0,1,32,64
438d4862-b8fc-441e-9e66-c5a5d7026014,30,1,1,0,2,4
39bd0f15-2c04-403f-ba24-f21deb17a027,100,1,1,1,32,128
5fd8a3f1-4059-4fde-9adf-56c34abe51e0,100,1,1,1,32,128
98d119a2-b3d1-44ca-b46f-374ee94502a0,100,1,1,1,32,128
bb200f65-bf4f-4f82-b16c-9d8080f15374,50,1,1,0,2,4
2bd79783-ec98-4866-9951-7483232ee034,30,1,1,0,2,4
3b6ccfa6-f136-4a0b-a60e-2084c93087ac,100,1,1,1,4,8
5f848e54-e846-4ad2-b188-1e8fc9612849,30,1,1,0,2,4
d1973eb0-36a3-4499-bec9-04dd4172fa15,30,1,1,0,2,4
236e0685-89ea-4d9a-b3ec-f440d08adc54,30,1,1,0,1,1
d8a02c35-186c-4eec-a8a4-2c09815e7ef2,50,1,1,0,1,2
6cc7fa56-09d1-49a4-b675-e9f8633be172,30,1,1,0,2,4
1e1337d6-a8c8-4fa4-bc8a-988fb980c6fe,10,1,0,0,2,4
2bf5db08-f70f-41a0-a277-08ecd7174082,30,1,1,0,1,1
ede0249c-9535-4d32-a3ad-6306b9a3fa4c,10,1,0,0,2,4
439b4886-b326-414a-94e9-0c0b2afe89ee,10,1,0,0,1,1
cb99eefb-822b-4c59-bb3f-417db99bec9a,50,1,1,0,1,2
bd836f2c-c716-4b9f-9727-37e67e978266,10,1,0,0,2,4
100fa530-0a25-4b61-b94c-dae53af77da8,2000,1,0,1,16,64
0c1d8be5-e9c6-4a25-a970-a61b1d8af379,50,1,1,0,1,2
bb942074-e00b-461f-a8f0-6d6668754571,50,1,1,0,2,8
c6e07667-593d-4b65-94f2-d8f7dd21c0fe,10,1,0,0,2,4
0f6e43ec-b08e-4027-b73a-26afa4cf397f,50,1,1,0,1,2
25d437fe-da64-4134-82bc-6f451fefab06,50,1,1,0,1,2
0b5f8313-eb2d-42d8-8cd6-a3833641c2ca,50,1,1,0,2,4
e346307a-5386-4468-a4fa-97452f3645c4,30,1,1,0,2,4
7458c006-40a6-4b04-8a6e-0fd51f591cdf,30,1,1,0,2,4
39e15c48-f49c-4e16-b9a1-56976a27f5c3,50,1,1,0,1,2
010ba4a6-0593-4939-ae7f-d0b57121bd7e,300,1,0,1,8,16
8eb59083-eb1b-42e1-9037-eec773b2598e,50,1,1,0,1,2
f8e0925b-a3fd-4207-94c2-c9aa0062928e,50,1,1,0,1,2
ca1ab563-e47b-412a-a805-f2d62f551669,50,1,1,0,1,2
f91dcd44-32b2-4498-9a64-4c93710128a0,50,1,1,0,2,4
d9adcb52-228a-4d45-a83d-8a20e3acde96,50,1,1,0,1,2
267f3314-0150-41cb-a341-966660e02b30,10,1,0,0,2,4
641e510e-2ab1-4ad5-b396-ed1d0a753c17,100,1,0,1,32,64
0b6e637d-6121-4229-b6a3-3c8e9bc68c1c,30,1,1,0,2,4
9c220ac5-8a47-456e-9acf-24884c1a0210,10,1,0,0,2,4
385ddf34-e6ca-4845-8cd2-f52370082c3a,10,1,0,0,2,4
895eea5b-75eb-47d7-ad0a-f4b52733c815,30,1,1,0,2,4
e75dd74a-acf0-4b41-b4f9-46e01198eb7d,10,1,0,0,2,4
f7ff3c7b-19cf-4331-af95-905268a3d626,30,1,1,0,2,4
53a29edc-c6bc-472f-9ef6-aa19171dd549,50,1,1,0,1,2
a1819331-4120-4ee5-9f29-60257f5a4f23,10,1,0,0,2,4
cec9cf6b-41b8-490e-a9d9-fe687f0cf876,10,1,0,0,2,4
bcebd0cc-f88e-41a1-926d-5375d0c794df,50,1,1,0,1,2
e6638ef1-ce33-44a4-bcd8-1b28b61adf1f,50,1,1,0,1,2
25cd0fa8-2d62-4100-b90a-f76f86323d93,30,1,1,0,2,4
69d26c9d-cc9c-466f-acdd-06d1b1cfe928,50,1,1,0,1,2
7ddbc3a3-608f-490a-81c4-6c58e54dfaf7,10,1,0,0,2,4
8d4a1eba-c208-4e3e-a2e4-d84e3767f688,50,1,1,0,1,2
3a1ec8c4-ff93-452a-b95f-340f8a9a4efa,50,1,1,0,1,2
9c416d85-5ff3-4577-8800-c4ab9f531a0a,50,1,1,0,1,2
fe30c818-dac8-4628-95d1-805653ab13c7,100,1,1,1,84,256
685712be-4fae-4353-b3ac-5283f7a36d42,10,1,0,0,2,4
deb6223d-b844-40f1-93b9-552146de41ee,50,1,1,0,1,2
d1e97f02-fa4a-443b-b95e-cff01fe3c5d9,10,1,0,0,2,4
ea4448ef-c6b1-4ef9-bfb5-de63e856cce3,10,1,0,0,2,4
ec03a597-a0a2-4ae3-8ddf-804df902f8ca,50,1,1,0,1,2
880737cd-4665-4886-a121-bf981006cbbd,50,1,1,0,1,2
ae699af1-1e1e-4ac1-b8ce-569b4a8c137d,50,1,1,0,1,2
bcaea26e-b7a3-4335-b672-2ca0b422125f,10,1,0,0,2,4
d9df59b9-efca-4b34-b970-c0de26268556,50,1,1,0,2,8
53dbd63c-ba70-4c28-ab2d-6667c96e8709,10,1,0,0,2,4
5d490dde-bd0e-4254-9e7f-c062d3ca7223,100,1,1,1,8,32
a4d301fd-8fc1-4bf0-9215-f8ab5567ee86,10,1,0,0,2,4
e981bd29-0821-427c-b8cf-d462cb6e5eba,100,1,1,1,8,16
6b1fffb4-1f05-4cbc-b0f3-eaec35f59b47,30,1,1,0,2,4
3470c504-2840-4b2b-b7e8-719c6ec0127e,100,1,1,1,84,256
85935798-9aa6-4b89-9941-9299ec923f1c,30,1,1,0,2,4
1fe1fa97-4ccd-4c0e-b3df-7a7f51aaa4bd,50,1,1,0,1,2
355f055e-af6e-441b-974b-7fd8ae1ccec8,10,1,0,0,2,4
4bb374c4-b031-4da9-9be5-dc813dfa47ed,40,1,0,0,1,2
8241bc32-4925-42bd-bd8c-53df11ef1e81,100,1,1,1,8,16
0f5a250c-60a6-4615-90d1-42f735684fbf,100,1,0,1,32,64
1157b211-267a-40c4-b62c-21cdee8df53f,30,1,1,0,2,4
58cc7ea2-b327-4775-9978-d4da8a42fdca,50,1,1,0,1,2
59e11d85-d2ca-4d2d-9081-32e62cc7c2d9,100,1,1,1,8,16
89415ca3-fa15-43fc-895e-8b319043bb7d,50,1,1,0,1,2
0886db48-47e4-4e0b-9be8-1f4ff8368221,50,1,1,0,1,2
760666b5-80aa-45e6-b552-af2b05948c44,100,1,1,1,8,64
986211b2-2484-4926-bd34-2b45fdb71259,30,1,1,0,2,4
9507ea6a-7cf8-47c8-b3a4-0b650206cd29,30,1,1,0,2,4
32f7bfcf-a913-454e-8d9b-42d75b585854,10,1,0,0,2,4
427f5e77-82f0-41b7-ac45-35729fec115f,50,1,1,0,1,2
e300deb7-9251-43a0-9783-d61a5bc1e151,50,1,1,0,1,2
6bbdda47-4ad5-4b07-8015-886694ec8c9c,10,1,0,0,2,4
28632088-b800-485c-a60e-eb67260e5e01,100,1,1,1,8,64
c352cadc-a702-4300-b9d6-a17f674dde16,10,1,0,0,2,4
8e3c1a1c-9f1a-4981-9f53-358cb5dff508,10,1,0,0,2,4
f3170ced-7965-4b0b-878b-4ae5d872d99f,100,1,0,1,84,256
e87550c8-2f8e-49a7-80e3-eea9ddea37ed,100,1,1,1,8,64
dee27409-f703-493d-a367-a0ff9d7cf617,50,1,1,0,1,2
19bb26c6-e18b-4a1d-9ea4-5ced954dba27,30,1,1,0,2,4
0c0fe990-04d8-4b0c-9776-cc82c5d083e1,50,1,1,0,1,2
c73fa963-5948-4f07-ad54-bebc2e6cec91,50,1,1,0,1,2
9bded088-9c5c-4e40-b331-34a8d76f875a,50,1,1,0,8,16
ebf59900-9704-434d-83e5-d809287a5d09,50,1,1,0,1,2
fde83f98-f720-49db-9b65-12c1f882cdf0,50,1,1,0,1,2
e0fc3448-9417-4afd-a84f-a3c2cabc009a,50,1,1,0,1,2
7d050481-11a2-423e-8527-1ae353880b96,50,1,1,0,2,4
a0746d1c-5be3-4349-b30a-b1db45983acf,50,1,1,0,1,2
f62f8a5b-e805-4880-8140-6e6fe461c811,100,1,0,1,64,256
7fde426f-f866-42ab-a390-778d9b66d678,100,1,1,1,64,256
4256813e-e400-4a2b-bea3-aad50b7eda54,50,1,1,0,1,2
b8638b22-b134-4acc-b7af-aa31423cb557,50,1,1,0,1,2
862c448c-9a4b-4ff9-8f42-ed71a5e05d80,50,1,1,0,2,4
526bb9c2-02bf-4e4c-8589-8b91b0e2523b,10,1,0,0,2,4
c59fab70-a99d-4daa-ab97-b296000b83a7,50,1,1,0,1,2
dc1c5bf3-2ca3-435e-896c-8cb5cdff1cc4,100,1,1,0,8,16
c7f928a5-9711-4c6a-9616-f10db1256c87,100,1,1,0,8,16
96603ac9-d090-43e0-9a1f-5db63a4986b1,50,1,1,0,1,2
402e3818-2f0d-4109-9f3b-4519550300d6,50,1,1,0,1,2
4bbecf51-7ea7-46f8-ad52-26079e8889d1,50,1,1,0,1,2
75340a58-9828-42ad-9c42-839539d3dc83,100,1,1,1,84,256
186e69f6-f28e-4bd2-b319-8827cb3f728d,100,1,0,1,64,128
48fd9773-3638-4e92-b345-e43621f5c7fc,100,1,0,1,64,128
ae66b66a-eb79-4888-98a7-b2d179d8fbd9,100,1,1,1,32,64
5700db6b-3779-437d-8b9d-66d35d673153,100,1,0,1,84,256
19203c5d-ccb9-42c4-ad55-cd3265385a15,100,1,0,1,64,128
d7cfd004-42a4-4bf7-9396-882db695b33a,50,1,1,0,1,2
7793399b-17a1-405f-8fab-b8e2ebe7eb16,50,1,1,0,1,2
05279dc3-4b68-4a09-a186-4229f6bf84b3,50,1,1,0,1,2
296abbed-7889-48a5-9160-b6671639928a,50,1,1,0,1,2
2970acd7-74d2-4142-9764-573d5c3fefb7,50,1,1,0,1,2
c8ee2813-716b-4bbd-92a7-b8b64b433afb,50,1,1,0,1,2
83dbd6ac-e4b4-45f7-af31-05fad4811fb8,50,1,1,0,1,2
62bf5df4-6897-4561-9fa7-c71a5ccfe393,50,1,1,0,1,2
6fdbf411-5e6a-4af0-89c9-90aad58ae620,50,1,1,0,1,2
b604a7a3-92c4-444a-83c8-45b5abd9f00e,100,1,1,1,16,64
e322bd26-3254-44b2-8f48-bf5357632c01,50,1,1,0,1,2
c2abb335-f082-4c9d-a0ae-397aa52879fa,50,1,1,0,1,2
093bc4d3-c9ab-42f0-80d7-47db6882c26b,50,1,1,0,2,4
79406144-da72-4872-a41c-2b584519c25a,50,1,1,0,1,2
301763f0-f4d5-4258-bd0a-2c333637e94a,100,1,1,1,32,64
0715344c-c2f7-4991-a3a1-24f51d19f8e5,50,1,1,0,1,2
5606c482-57fd-4446-b6f6-288de29b3c3e,50,1,1,0,1,2
7364af82-07b2-4fbc-990d-31968581476e,500,1,0,1,32,128
d080a534-fe4b-4bc9-aff9-693e505df43f,50,1,1,0,1,2
33521eb1-1d81-4dea-ba00-f21f5562def9,50,1,1,0,1,2
749e2389-d5ba-400a-a642-dda9363a9812,30,1,1,0,2,4
ccda4924-198c-4c70-9ab6-43e0c579e73c,30,1,1,0,2,4
9c512442-f946-44b7-a660-adc15ab616e0,50,1,1,0,1,2
d113f687-4fdd-44cc-bdc1-0e001691cc4e,50,1,1,0,2,8
9348ded6-0093-4d55-bec5-c1cbe1fbaf8a,30,1,1,0,2,4
1609ce97-766d-4949-9c91-ce1780d3b06f,50,1,1,0,1,2
423e68a2-5aea-4e43-a19c-2f99b1194219,50,1,1,0,1,2
64f8a263-14a7-4ea5-a94e-ff8a6e3aba16,50,1,1,0,1,2
032f3cc6-6547-44a0-8e7e-7d63011ba5a4,30,1,1,0,2,4
276e1945-3609-4d3e-a623-bdb09c82f489,30,1,1,0,2,4
4d48ae69-4933-4043-a849-67a25b2fb2f3,50,1,1,0,4,8
7f03be0d-d2e4-4ea4-8663-e3aa705f51e8,10,1,0,0,2,4
9f6cbb24-079b-4929-9239-2ccfd526128a,10,1,0,0,1,1
b5c2bcf0-498d-42bb-a89e-8887abac5508,30,1,1,0,2,4
8ca9b9fe-37d6-4662-bfc3-22f0d86722cb,10,1,0,0,1,1
b32c3aad-608f-4197-b4cb-35101a630610,50,1,1,0,1,2
bc264caf-e9fb-46b4-a84c-596b8dad67e2,30,1,1,0,1,1
14ea1ae1-5a6f-491a-a7e8-a7fbb2a92843,10,1,0,0,1,1
1566698e-49cf-436a-a594-739f5fa17379,10,1,0,0,1,1
293aa428-cbd4-4c08-a7e9-2dbb095cfd1f,10,1,0,0,2,4
487361eb-455a-4642-94f1-c5d9247927f1,30,1,1,0,2,4
50574de5-0918-4b41-8789-c3273b5d3bb8,30,1,1,0,2,4
834bfa70-edcb-4697-a162-8dde1c6f28e7,50,1,1,1,16,32
1e79d748-55da-4796-8cf0-fa00bd003b36,30,1,1,0,2,4
222ddd8a-a800-4a25-82f0-18baba08a94b,30,1,1,0,2,4
5076cc3c-e6da-47ca-9fcc-aabc0ec41b3d,30,1,1,0,2,4
b66bfd46-3a4d-4683-aa2a-3fe349916029,30,1,1,0,2,4
bf1c5e92-1a71-4176-9d78-a8558ea40aca,10,1,0,0,1,1
09ee5905-f847-4cd0-96dc-0f845de266a0,30,1,1,0,2,4
767d5e11-97ed-4f88-91c4-7c42043771f0,30,1,1,0,1,1
c7e9aae0-4f4e-44fc-b3e9-369691c9abd8,30,1,1,0,1,1
1d085309-701f-4f05-a139-53dff6662c6e,10,1,0,0,1,1
a56cbb3f-72d1-422f-ae0c-29fa17085989,30,1,1,0,2,4
d15dd4b7-598f-4acd-9bc3-d3f0ea9775e5,30,1,1,0,2,4
65db3204-779c-4930-b391-eea8f5451a8a,10,1,0,0,1,1
6ea0b1fe-0cd9-4329-a556-f743f7630c12,10,1,0,0,2,4
563d05fc-a1c7-4c61-832a-00cb7ebe0385,50,1,1,0,1,2
9007b4b3-9ebb-4f55-af9e-0413340091dd,10,1,0,0,2,4
00cb71bd-0b62-407d-9cb8-dbb9b8284f4d,10,1,0,0,2,4
04ed3d78-ee26-463a-b182-88cbc276a563,10,1,0,0,1,1
73e5d888-9885-4a74-aeed-bba5464768c0,10,1,0,0,2,4
163fc4cc-ba61-4d85-9dde-01d8edc5adb7,10,1,0,0,2,4
5c3864d6-854f-49ad-8053-01c24e488a8c,30,1,1,0,2,4
67ac8ede-d5dc-45c1-a59c-ae0606cd6bb4,50,1,1,0,2,4
1c30ef82-00d9-4303-8e55-4f59d836ce5f,10,1,0,0,2,4
7f4de4de-529c-49bd-b098-dc4aa4bbe263,30,1,1,0,1,1
ad8388b4-d786-4653-8b0e-31f02d5a217e,10,1,0,0,1,1
becea5f9-3968-4f65-8a81-f31803fd8e35,50,1,1,0,1,2
4ac5bf8d-99a9-47cb-8c5b-c51b99d28b31,50,1,1,0,1,2
9bcd3a2f-77f1-45b7-9b00-75e76cda6aee,10,1,0,0,2,4
e768d69f-7ce3-4a0f-8111-ba9a8d828304,10,1,0,0,1,1
eac4c84f-82fd-493b-8610-86c4e042aa59,10,1,0,0,1,1
e11468da-140e-4165-a8da-02fa97dfcc8f,30,1,1,0,1,1
22e83531-6ea0-45e4-a920-0f560576c58f,30,1,1,0,1,1
2af75de0-0e90-4956-b94e-8327477ee761,10,1,0,0,2,4
eed0a4cc-7437-40aa-bfc2-670f8a672fe6,10,1,0,0,2,4
ca9e86fc-211d-4969-88a9-05b204dc0663,10,1,0,0,2,4
e9cbedce-a24d-4a08-a5a6-e4f3e0ece6b8,10,1,0,0,1,1
13e47363-2341-44b3-ad54-564631a644a6,30,1,1,0,1,1
ccd26aab-3988-4438-ba43-c63c640c1278,50,1,1,0,2,4
0783d1f2-c2e2-4453-9e2e-fa40981ec1a1,30,1,1,0,1,1
ed87897b-4d28-4f5d-8566-448922d9e28a,10,1,0,0,1,1
687628bb-2a27-4c9a-9878-6fbfb72bd991,100,1,1,1,8,16
b59dd539-7324-4b09-800c-36f27f51e50c,30,1,1,0,1,1
c8998819-7721-4adc-ba3a-0e8feadaa99c,10,1,0,0,2,4
d000ffd5-8df6-42c7-a9eb-f57031b86dc1,50,1,1,0,1,2
4e4e916c-7ec4-41a0-bc96-4efdcf5905eb,50,1,1,0,2,4
2e0cd55e-8be8-4981-b7af-112be0c6be12,30,1,1,0,1,1
7beafc1a-8aa5-4b0c-aafc-c134810c2b99,30,1,1,0,2,4
a80e987e-215c-4b5c-b2d2-977e6cd43789,30,1,1,0,1,1
c2c5ed8b-a298-4fb3-874d-c541de5a6304,30,1,1,0,1,1
802b980c-424d-4fdd-bc39-6bdcbd722dcd,50,1,1,0,1,2
a8584160-e73e-4091-ac87-4512c2d225cb,10,1,0,0,1,1
df47c698-1809-4bc7-bd02-c9867610d03e,30,1,1,0,1,1
fd26d8e3-7ee1-4129-b9cb-e6076cb58a20,50,1,1,0,1,2
961d775c-6b51-4c9a-a373-05e69be662a4,30,1,1,0,2,4
def99796-5178-4e29-a3c4-116f3325ddea,50,1,1,0,1,2
47faaa78-58ad-4859-b8ba-1127b36f55ac,10,1,0,0,1,1
a39f8846-a2d2-4a00-a1ae-caa4da497723,10,1,0,0,1,1
585cdfdc-97c6-4d6f-9d1a-7a2422e71864,10,1,0,0,2,4
8aab023e-c5ad-41ca-ab6f-95970e9a51dc,30,1,1,0,2,4
b60d11cd-fdb2-425a-b053-3f939db2481b,30,1,1,0,2,4
c665a41c-19a3-4664-b085-e75d95856bc6,30,1,1,0,1,1
e6a44665-fa2f-48ac-9b8e-7a9a0700643f,30,1,1,0,1,1
3170eb4e-0c46-4efa-83be-142386abd250,30,1,1,0,2,4
df50551d-89db-4a9d-b6ee-35befd4aeeb4,30,1,1,0,1,1
23eb2c51-c414-4271-a777-2eb509d23f66,30,1,1,0,1,1
34960590-2658-4d8c-8e15-5ab6f7dbb078,10,1,0,0,1,1
5f9e65db-4bb8-46f2-96bc-d14cf748eff5,10,1,0,0,1,1
e5479bca-c1b1-4cbf-b5ba-47aadd7bcbc1,30,1,1,0,2,4
8e69fa96-a188-4055-83dd-46f4d320fe70,10,1,0,0,1,1
21c39899-5d34-42c3-bed6-3e6947c9fda2,30,1,1,0,1,1
fc12af9d-3db1-4e92-917b-0f2cac25c101,30,1,1,0,2,4
014415b4-8d2f-4cf6-bc94-a41d522007a5,50,1,1,0,1,2
a2edc015-6d9e-4a5f-ae5e-e753744f371d,10,1,0,0,2,4
120e8e07-8f1e-484d-be74-fa2c0ae5457d,30,1,1,0,2,4
7357309f-7171-4aed-9cac-dacf8df22148,10,1,0,0,2,4
bb915de8-61f4-45d7-be5f-3e3f92168dc1,10,1,0,0,1,1
b65a7fc3-80a7-4e2e-a6fc-525b84dda60c,10,1,0,0,2,4
de8f2470-90db-4df9-9032-cc96259a71d4,10,1,0,0,2,4
42050475-8e7b-45e9-9959-d507441e4b7f,10,1,0,0,1,1
0b4a2506-eb53-4ad8-af5e-5a80e1e48eba,30,1,1,0,1,1
68ffff78-b0a8-4de1-8ba1-e375f1ef95bc,10,1,0,0,1,1
f28ea60c-8b24-4cc8-9e8c-262b15a36ece,10,1,0,0,2,4
0db5aa20-9705-47e7-898f-9b42c18fef28,30,1,1,0,1,1
f2ac63b8-f91a-4c5a-9455-eed289468247,10,1,0,0,2,4
33c6ee19-a88b-49bc-950d-38c978f95980,10,1,0,0,1,1
1e38b2e4-a411-4197-8b1f-b5a5f90a7739,30,1,1,0,1,1
37805ead-6275-45ff-95dd-c1ab20819e66,100,1,1,1,180,464
7997f864-4568-475c-adab-05ccc995b3cd,100,1,1,1,180,464
097bbd33-6cd8-4b6b-8b5f-080b5b16f429,100,1,0,1,64,256
a7709694-75e1-4f37-88bb-04eff6150f7a,50,1,1,0,1,2
6afe08ee-bee7-4513-a1d8-ab327b61c960,100,1,1,1,180,464
3d44f2a6-e3d3-4b6d-a66e-b541cd579826,30,1,1,0,1,1
5fd3aa49-ba4f-4d6e-8236-01d434f14963,30,1,1,0,1,1
33118aba-a656-4851-99e1-2b34b3a756fd,50,1,1,0,1,2
a32658d0-e809-4921-96d5-c817d0723d81,30,1,1,0,2,4
dbeb8323-760a-4664-9c16-b60ddb71f89f,10,1,0,0,2,4
e0711111-d9f0-4b1c-a0aa-74e48948a70d,10,1,0,0,2,4
eea5a895-5629-4323-a087-37183b35ea8d,50,1,1,0,1,2
249fbf35-520c-411c-9c89-90477a1f3526,50,1,1,0,1,2
c868a9fc-7b0c-463c-8fe8-4b32a86cc501,30,1,1,0,2,4
1f8ee039-44d6-4fa2-ba2e-3098de95369d,30,1,1,0,2,4
2792cdd3-7ae6-4794-bce6-7149dda28210,10,1,0,0,2,4
5ccde00b-a20d-4635-b858-56aed598a751,10,1,0,0,2,4
edf86fc8-65c5-4b07-929d-c686203f1d3d,30,1,1,0,2,4
5fcbbc70-1ed7-40e5-8f6b-7f5a868733fa,10,1,0,0,2,4
a2f17a7f-a657-43fa-856d-8b91abc1f685,10,1,0,0,2,4
26d4a704-a956-45eb-ae62-4af4f954317b,30,1,1,0,2,4
65a85c99-9955-4140-ad27-37482cf16bf0,10,1,0,0,2,4
d652859a-0fde-49a3-8735-3ec9faa2ecf0,50,1,1,0,1,2
d7e198ee-e426-4de3-a984-c2bb25ab3d8a,50,1,1,0,1,2
ebbdbbf0-3326-4f9b-8846-acbcf1e6a7b9,30,1,1,0,2,4
b95696a8-7c32-4da5-8890-1a826ca3ba28,10,1,0,0,2,4
baf8ad4c-0547-435b-9ed0-ca0963c41a61,50,1,1,0,1,2
e4b769ee-ba2c-4251-8479-7093552c6c20,30,1,1,0,2,4
12527dc2-6441-43ba-bc1e-4bf6a6d30b8e,50,1,1,0,4,8
868fbe1c-363b-40c9-9d13-8ec75e611c03,10,1,0,0,1,1
223111e8-2842-45c1-a464-d9b639392c14,50,1,1,0,2,8
da81976e-7bf8-4fa9-818c-a2b13628ff56,30,1,1,0,2,4
13cbe8e3-2a2a-49f0-a862-c20a1fc605ae,50,1,1,0,1,2
23b31d95-fec6-4eb3-87a2-397a6d0e502a,30,1,1,0,1,1
f6cc7be1-17e0-4928-a7e7-b7eacc1aa89b,30,1,1,0,2,4
6c49e6f2-90a0-47ba-9893-cd4497c5e13f,50,1,1,0,1,2
9338423a-9511-465b-83ee-53ae3f193a5e,100,1,1,1,16,32
a4bd5dde-11eb-4d67-bb0b-f7f23e4527b0,10,1,0,0,2,4
bd6db2ea-caf2-4f35-b34c-e6d96ea77bb7,50,1,1,0,1,2
171a5c9e-48a6-44a1-934a-dc06b0c2b5b4,50,1,1,0,1,2
676d04dd-40d6-4eaa-8126-51395ccba878,50,1,1,0,1,2
5a251ac5-1636-43f1-b0de-77c3fa378d25,500,0,0,1,4,8
849ea6e0-babd-4520-b6d3-7864f3238650,10,1,0,0,2,4
cb061674-ec50-4179-b0ed-a4515482673d,30,1,1,0,2,4
2672f56a-2fdf-4d3b-a682-3f1caf608dbb,100,1,1,1,16,32
cce0203a-47ae-4af1-8a3b-dafdde1a5688,50,1,1,1,1,1
e1760df2-2c92-48ac-a1e4-46f5c4aae55f,30,1,1,0,2,4
1cc06c6f-6a5b-4261-8e11-47ea824973b5,50,1,1,0,1,2
c9923300-1f60-4231-a402-0c5f35d12deb,30,1,1,0,2,4
35fd67e5-ad2d-4803-9826-4d3d98ca103d,100,1,1,0,8,16
f2e8b734-558d-47ee-a4ca-36b289599809,50,1,1,0,1,2
e10c9eff-d173-4a71-9c12-a6cc516fcc85,50,1,1,0,1,2
86981f04-6a37-41d6-9222-96ad345c1e29,10,1,0,0,2,4
dee531b4-8aff-4280-85a4-06b3eb66d4f6,30,1,1,0,2,4
0367f992-95b0-4bca-879d-15e8e3962552,10,1,0,0,1,1
ab0f5cbc-e174-42e3-a863-24581916b59f,10,1,0,0,1,1
e0a201d1-d69c-4bac-8fde-eac34f6f91dc,50,1,1,0,1,2
dca80b13-5ffc-4850-851e-4b5536374578,10,1,0,0,2,4
1f12eadd-be5b-498d-aa2b-83635c97e042,100,1,0,1,64,128
33f13994-46e7-4286-94fd-4a19b6a0db2c,50,1,1,0,2,4
10bbe96d-587c-40b0-a2d9-ddf8e7193a2a,50,1,1,0,1,2
9bd58a03-7a80-4438-91c7-282d642ab820,30,1,1,0,2,4
d1041a5f-53cc-43cb-ab1a-ae0d9ff2998b,10,1,0,0,2,4
fecf1d11-3dc0-437e-a649-15d5878a8f06,30,1,1,0,2,4
e309c40b-f285-4fc5-930b-c0095f8c90b3,100,1,0,1,32,64
c9670639-91ba-4e47-ae38-b813495aff1d,100,1,0,1,32,64
a0326647-c0bc-4893-aeee-d94590d52997,100,1,0,1,32,64
90953363-72f6-4b66-aae2-5e42991be96d,500,1,0,1,32,128
693fcaba-dc71-489b-a3c2-6170dfc6f8f9,10,1,0,0,2,4
f4b8f6ee-6e51-4097-a934-8f60125297f2,50,1,1,0,2,4
0add4108-c010-4294-8c1c-abc65b4d2980,500,1,0,1,16,32
14f63ce3-6437-47aa-be0c-d9df9e8e7e2a,50,0,1,1,2,4
55e59cd0-5ae0-42e1-b20f-527ac6d03863,50,1,1,0,1,2
f5a7d320-0a27-453b-889d-140b2c348052,30,1,1,0,2,4
ed5b35dd-367d-4ef4-b867-57a179f9a0e0,30,1,1,0,2,4
344f0af8-8283-47d2-85be-a748d91b47b8,50,1,1,0,2,4
5e37362b-0350-4eda-ae57-c4b1cf9e5162,30,1,1,0,2,4
57d33076-ac39-4243-81a0-423bae72d9fa,50,1,1,0,2,4
4d1774d3-ba30-4488-a773-c7241e841c84,100,1,1,0,8,16
52e28a4a-d045-49b4-a177-d644ef6c4993,50,1,1,0,2,4
1473c59d-3274-40ff-82de-1d0389a8ca4d,50,1,1,0,2,4
49cf0beb-e318-4810-9511-a391af8c493f,10,1,0,0,2,4
94ab0800-78e2-4b19-9b7e-8480b4fc8019,30,1,1,0,2,4
d0fd75bc-a210-4175-95b7-438548e6aa91,10,1,0,0,2,4
1f8881b8-1b9c-4614-bca7-c61cd4120408,30,1,1,0,2,4
dfbb5860-b169-4828-8ac1-89a13a7dfa31,10,1,0,0,2,4
6a2019ee-761a-482b-b7d5-fc8a431c1132,10,1,0,0,2,4
b372faeb-a127-4ee6-a366-3a3a28de1772,10,1,0,0,2,4
acbec24c-c5c5-4ce5-8aac-be8932b8a763,50,1,1,0,1,2
9e0a21a3-ef61-457c-86ab-d4d711da19d2,10,1,0,0,2,4
6aa07ca4-0e78-43f7-9dc9-fbee6e607d8a,100,1,1,1,180,464
ace1ba49-1b66-439d-b1fd-a42a60687bd3,100,1,1,1,180,464
fa320e17-8c31-41b5-929c-a2a500f6b27b,10,1,0,0,2,4
561fac4b-0467-4b39-b1b3-85c115121a3f,10,1,0,0,2,4
7e6f478c-d051-4ef7-bdb2-604e520de2d9,50,1,1,0,1,2
a61f0162-2618-4b68-889e-c50352fb84aa,50,1,1,0,1,2
165f29ca-2538-4b72-a139-aa4921a3fa51,50,1,1,0,1,2
dd4eac37-d1d1-4560-bc56-042d83f6b7d4,100,1,1,1,64,128
c7598932-fcb6-4a96-87a3-7587ed383d31,50,1,1,0,1,2
6aa58f0a-8d08-4bcf-91ea-946147cc194f,30,1,1,0,2,4
249b1b7f-4fc9-4ebb-bf5d-9eca951dab1d,50,1,1,0,2,4
4df353b5-e011-4641-a191-713db96b190b,100,1,1,1,64,128
f81c6f4a-5098-4422-ac01-bb9c7fe9b0b2,100,1,1,1,84,256
3b91246e-3262-414a-a06f-8e4e2c701b56,50,1,1,0,2,4
8197e806-dda3-4e17-8a0a-9cbff913f3df,50,1,1,0,1,2
e9740cd4-40b7-4591-9cde-6809612c4f1c,10,1,0,0,2,4
5cbc5e91-0628-4a0c-a727-b9bce13f8d97,10,1,0,0,2,4
8c8b3f43-5488-4293-8ca2-8f9aa0e53572,10,1,0,0,2,4
16a0f693-d8b7-4326-8c22-26038d579be5,100,1,1,1,32,64
b27c0cc2-fc2a-40c6-a348-eb93d0e365d5,50,1,1,0,1,2
a7a88bdf-290c-463b-bdce-7fdb9b3d7b4c,100,1,1,1,8,32
3baf9f82-2926-4d77-9453-1991741acd4f,100,1,1,1,8,16
8362e5f0-3edd-4ef8-bf5d-14243e834cce,100,1,1,1,8,16
0706b2e2-b93c-49e9-a899-087fb09e1412,50,1,1,0,2,4
0b7460ac-3efd-4804-90b7-185b563943fb,50,1,1,0,1,2
993bba04-102b-430a-a5dc-969b531a4d37,50,1,1,0,1,2
a879e789-2490-4c4a-8031-692d1f9eef71,50,1,1,0,1,2
78955f27-61ac-4370-9449-1965c8ca2baf,500,1,0,1,16,32
1a8af8ce-b713-4bf9-83d0-39ec67f1b9f5,50,1,1,0,1,2
31a7a33d-1c81-47b8-b5e6-1099f7750844,500,1,0,1,16,32
77673c21-dfd0-46a9-8b2f-9c5877c619a7,50,1,1,0,1,2
9a7385ea-036e-45d5-87fb-2c96c445bccc,50,1,0,0,4,8
8590a9e1-4910-4afe-8e6e-728ea21bbd22,50,1,1,0,4,8
ef6f8fee-26a7-483e-aa95-ec82db89473e,200,1,0,0,4,8
783b5483-765b-4080-8a10-116c2ae49c59,50,1,1,0,2,4
98661fe1-d2cf-4645-b7f6-2ac3fe640678,50,1,1,0,1,2
7878ea7b-a17e-4028-9a7c-c07ba95bd536,200,1,0,0,4,8
ec715296-cd3d-4a7e-9b69-a37c969cfa33,50,1,1,0,4,8
bb83457f-a489-416a-b1c0-ade95a0c7876,50,1,1,0,4,8
be6c9a6c-7dc0-44cb-84bd-f15d49ccb808,30,1,1,0,2,4
1a85d31b-f01a-41a0-bab5-2a3ec67494e6,50,1,1,0,1,2
2631a50f-747b-4b41-8199-30ccb1d2f558,30,1,1,0,2,4
7f34ebe1-cf53-43b9-9306-b5f4e09b3459,30,1,1,0,2,4
dc7c4c6d-20b8-45d5-8d9c-e14d488d110d,30,1,1,0,2,4
6f6b8e47-ed67-45bd-b131-a3450ca4f1c3,30,1,1,0,2,4
18bf8395-fc1f-47d3-8751-11cbd7c1805b,30,1,1,0,2,4
713a8982-abe6-41c3-8053-4e2a19016a6b,50,1,1,0,1,2
494c50f0-c04c-4996-a779-d77b05a6a8ab,100,1,1,1,4,16
52f1a6a6-b301-44be-9d35-c88a35797551,100,1,1,1,8,32
63ffcdc2-7cc6-4c33-b717-7a144e809f30,100,1,1,1,8,16
422eafda-ff02-413b-919b-4a3ec6ba8f91,200,1,0,1,180,464
ad824256-f2d0-4d34-900d-026e674e3826,30,1,1,0,2,4
199b5e44-d9b2-4b67-ab62-664c9be2d0dc,30,1,1,0,2,4
1b2fa9b3-e242-4174-9bb0-cb9235b2f93c,30,1,1,0,2,4
5f97944e-83fe-456f-9aff-fcbe167a8496,10,1,0,0,2,4
a32426ca-1538-41ba-a3d1-9e062b6523f6,30,1,1,0,2,4
ec958385-226b-4788-b824-b799a606f17d,50,1,1,0,1,2
4c3eb89f-0f56-46f6-a9b7-096779a810c2,50,1,1,0,1,2
2a348dea-969b-47f2-beeb-cb1ac004db76,50,1,1,0,4,8
8b4e163d-8ef4-48ba-b980-cc169b61bc60,50,1,1,0,1,2
f8a584de-6613-46cc-a93d-74534780817f,50,1,1,0,4,8
967f4412-6009-47f2-9205-11465c71a560,50,1,1,0,2,4
a6a99321-f979-4111-9e43-eabeab10a8f2,50,1,1,0,1,2
f161a282-3d7d-4ba2-a2d5-d438b3bc6ace,50,1,1,0,1,2
2b0f9fb5-4901-48c5-9ebe-e724c3529981,100,1,0,0,2,4
ddb055bb-7545-4e64-aa8c-fb4dd7076885,100,1,0,0,2,4
26d756e1-3b73-4c1d-aa4b-a0f5c2198f63,50,1,1,0,1,2
22a45099-d4de-437c-9c17-d16c35440aac,50,1,1,0,2,4
e2c63175-1097-4273-b036-5e222e235f3a,30,1,1,0,1,1
e3f53178-fe4b-4136-a7c9-068c1a4a0dc5,10,1,0,0,2,4
d1093e63-4f56-4047-9242-de44104b3f2f,30,1,1,0,1,1
9e2b85c1-e89e-4707-9bd3-0eedce703b2e,50,1,1,0,1,2
051a464a-410f-4dd4-99fd-70a00cbb857b,30,1,1,0,1,1
9292a1ac-f2e1-43fb-a16c-9df8a9459576,100,1,0,0,2,4
b8fa69b5-0240-4643-84e1-ed289c6c37c9,50,1,1,0,1,2
36ce620a-deaa-47ad-b3c5-290c15068d4a,50,1,1,0,1,2
468ca502-ff8a-4064-8d29-ba3178029e2c,50,1,1,0,1,2
10cbcbe8-5e60-4550-92f6-cf4896ad7ca3,50,1,1,0,1,2
75a56a5e-cc2c-411b-84d5-446490601d72,200,1,0,1,32,128
0ef36178-a41c-4fc3-a0dd-b3f12345ad24,50,1,1,0,2,4
d837db8d-031c-433a-83cc-877e1c20716f,100,1,0,1,32,64
2c77ab30-ee78-440b-a918-fc03f61fc902,200,1,0,0,4,8
e1cd75d7-06ee-4d35-be25-275d4f47fbc4,50,1,1,0,1,2
36d89b64-9c09-4b2a-bdb7-37e281ba31e8,30,1,1,0,2,4
a0db6404-9f3b-4d9d-9eef-c79091c146ce,100,1,0,0,2,4
75fd9f31-2ca8-4c02-bb8b-c3d5f604654c,50,1,1,0,1,2
cbe6607f-7634-4620-934c-48f828bb921f,50,1,1,0,1,2
f257489d-d04d-44ba-8f3a-86fa41b0375d,50,1,1,0,1,2
050ecfaf-9dc1-4f62-b583-3946b09b5ba5,50,1,1,0,2,4
0f058820-8918-418d-a027-cfe87742366f,50,1,1,0,1,2
0bae4ed4-8125-442e-9a6d-44ec47c7f2fc,50,1,1,0,2,4
56f91abc-f0aa-4d04-89b9-33c5c9b44c40,100,1,0,1,32,64
e8b711ce-cfce-41bb-8837-873b48b3b0c6,100,1,0,1,32,64
ef2d2f6f-d068-4648-a4da-0cdccad22b30,100,1,1,1,32,64
18936260-b737-4acc-a0b5-9af5200d2e48,100,1,0,1,32,64
3ddb5cf3-9844-463b-8c4d-3e618ad33649,100,1,0,1,84,256
43e8a3c5-b507-4545-8394-a430c57d3124,100,1,1,1,84,256
6b34ca78-f1c2-4ca6-8e9c-cae711e0d167,100,1,1,1,84,256
987a566a-f13d-4566-b185-1c4aea4212e6,100,1,0,1,32,64
fc7a1db6-f9a2-42af-ba48-4a2b708f6191,100,1,1,1,32,64
10f826f6-d3c2-4b27-b5bc-392afe149210,100,1,1,1,32,64
af8436f2-bb21-484f-8233-ac5ae47d0cca,100,1,1,1,32,64
543b627c-f942-475b-8288-4d9f507a04a6,100,1,1,1,32,64
c7682a1f-1419-4137-b513-c8451a24c0cb,100,1,1,1,32,64
30b9fd68-0765-4e99-b3a6-81d52e537b73,2000,1,0,1,16,32
3dcf7b78-06c4-4595-88cd-2556fa104455,50,1,1,0,1,2
e891c016-b14a-4a80-9b1e-dcd6d6a044ef,10,1,0,0,2,4
05656cff-0c6c-41cc-a27e-c263ddc6fd12,100,1,0,0,2,4
ee1bf5f3-7eef-4487-a06e-c565951082aa,50,1,1,0,1,2
9cc4be66-e595-447e-abbf-976db273fec4,50,1,1,0,2,4
b3dd58fa-83de-4456-863a-e07f0efdd330,100,1,0,0,2,4
7bd0e8a3-598e-4e2a-8bb6-689e7908983b,50,1,1,0,1,2
35fe53d1-a324-4bbb-ad3f-40a65c039be0,200,1,0,0,4,8
daf0d722-1f7a-4117-8bdb-6724b75f675b,50,1,1,0,1,2
003adafd-2c98-4c88-9e01-7b4b4b96bc3f,50,1,1,0,2,4
a8405672-075d-4794-ac5c-04b5bb51c712,30,1,1,0,2,4
9a881486-388b-4ee3-b2d6-64de113ddfd4,100,1,0,0,2,4
ab3d2a16-031c-4b8a-a026-32591a6a8a9b,50,1,1,0,1,2
df99ef86-eea1-4513-8a52-586ae62ef158,30,1,1,0,2,4
12e6eb94-8b4c-45bf-85b8-ad6ac7940ee4,30,1,1,0,2,4
b28ae8e7-9023-46c1-b068-3d5592726444,30,1,1,0,2,4
b51d9458-0e6e-45bb-b684-3efd5a9cab21,50,1,1,0,2,4
12d241b9-042b-48c9-a7ce-43764737b8af,100,1,1,1,64,128
4e19ad7a-1511-4f96-ad0b-96969e2868f6,100,1,1,1,64,128
0bee4e09-77ed-4a3d-8d92-dfebef928984,100,1,1,1,64,128
2439f819-99c3-495e-8a12-794fc727dfdc,100,1,0,1,64,128
4ac3812c-eee2-4f70-9ab8-8168ffdbb583,100,1,0,1,84,256
9c4a7c0a-0d1b-4880-a297-3fa6846d9b4a,100,1,0,1,64,128
e46d79b8-69ca-4108-a780-dd383bc10d38,100,1,1,1,64,128
05809e8e-774b-44b7-8218-832e5ce40fa6,100,1,1,1,32,64
304f7dfd-89aa-4c8e-ba8a-4ac98fb6b01d,500,1,0,1,32,64
44546ca7-9277-48a9-acf2-d3fad5417550,100,1,1,1,32,64
8f1bffea-cdd2-4a1c-86c1-13c918f78779,100,1,1,1,32,64
b8ee3467-2d63-466f-9cd9-32f086a2fb77,100,1,1,1,32,64
94682d68-1c60-43d4-8442-9c80c72b6002,50,1,1,0,1,2
60052258-034d-4245-b603-32de75291bb7,50,1,1,0,1,2
93c67870-b075-4ca2-b345-e257fb6d1472,30,1,1,0,2,4
2c837fc4-a9d1-4ddf-8b03-abc2e2a16a0f,100,1,1,1,16,64
471845e8-da34-4f5c-a096-831b65c1c602,100,1,1,1,16,64
529bd612-840d-46fc-b34f-f9d1b8c119d3,100,1,1,1,16,64
db14b689-db48-4b70-8274-d026b7cb8b81,50,1,1,0,1,2
529e0006-8cae-4a6e-900c-56c036ffa70e,50,1,1,0,1,2
a49c3389-2556-4873-a502-64d4b0ff0906,50,1,1,0,1,2
a6bb9716-bcc3-4fe5-b4a3-acbd16d0b223,30,1,1,0,2,4
a1cea66e-1ce1-47a5-a226-ee6c4919bdc9,50,1,1,0,1,2
12875f7e-493c-4e16-b78c-6ae73715387f,50,1,1,0,1,2
1a510f0b-ea60-4348-bcb2-10f889a0d6d6,50,1,1,0,1,2
a82e7152-d3fd-4b56-a79c-d65aab070adf,50,1,1,0,1,2
73294fc2-d9e0-408d-87b3-74bfa842cada,50,1,1,0,1,2
b78a9529-53a9-40f6-a5f4-cf46cca99db7,30,1,1,0,2,4
f9db10cb-05c5-436b-ba52-19f932565468,30,1,1,0,2,4
a3c2f32f-5d70-4696-9904-34d3cb320ed4,100,1,0,0,2,4
27d8e928-93e5-49e5-94a8-7e9ba6b9edde,10,1,0,0,2,4
df51a0f9-7f2d-42e0-b3c1-db5642369a18,10,1,0,0,2,4
2bab54eb-a6f7-4409-a6af-7c0315a2c196,50,1,1,0,1,2
f9818efe-e4bc-4589-8df6-d67a1b59b0e9,100,1,0,0,2,4
eb3cee2d-1ed1-4324-ba07-3ed93ac73291,10,1,0,0,1,1
033f050c-9c98-46ef-9b48-2c2e68ae8ced,100,1,0,1,32,64
b6112c22-becd-44a6-9df3-1c9ac2191013,50,1,1,0,2,8
1ac702b5-c7ff-4f93-af57-985bbd49afd7,50,1,1,0,1,2
69c86c0f-8576-4fd5-9f1a-8e4021fdff74,50,1,1,0,1,2
58a1f919-1098-4231-830c-54fd794ff97c,50,1,1,0,4,8
0f41f8af-cae1-4a3c-a583-1d67e211850b,30,1,1,0,2,4
3a6b471d-034b-4876-9d9c-c51a6d80e8b0,10,1,0,0,2,4
eac62d7f-e2b1-428c-9d96-1aaa0eb0d739,50,1,1,1,16,32
59139884-c9e0-4df2-935f-86b9f000d540,500,1,0,1,32,64
8f5aa14a-7a08-40dc-b4e2-70915a7e1120,100,1,1,1,32,64
d452562b-a202-448a-a885-7339d77c7717,100,1,1,1,32,64
e25a0a2c-f09a-47d1-8acf-4e59178bcb3d,100,1,1,1,32,64
e8d4fac1-515f-4d50-8a0d-be4360c115d0,50,1,1,0,1,2
884e18db-323d-41b7-830e-9a231b17241b,30,1,1,0,2,4
38f3cd3d-6b6c-4e68-8bcf-8cb2a77f710b,100,1,1,1,32,64
c8dc1d1e-19cb-43e1-9722-b2d6d86ee097,100,1,1,1,32,64
ffdb19ad-2e88-4fcb-a116-74baecfc546f,10,1,0,0,2,4
025ecfd9-1420-4240-abed-dfcb6e16260b,50,1,1,0,1,2
69a8acd5-171c-442e-8443-acf5c539508a,50,1,1,0,1,2
712658bc-a2c3-47c6-ad51-731c3be02a7b,50,1,1,0,1,2
744ec75f-2625-4468-aebe-db8032b28211,50,1,1,0,1,2
80cd0a25-dfb3-4013-b6e9-84de6cf6a2ab,50,1,1,0,1,2
1a5d1c97-ad80-440b-b84e-a419ee598812,30,1,1,0,2,4
33ee8758-9947-45cf-b5a6-8745e9dd9060,30,1,1,0,2,4
35c0796c-cc9b-4e5c-82c2-da866202768b,30,1,1,0,2,4
e65ade81-34f4-4e47-a7b6-4a7ffc2d5e67,10,1,0,0,2,4
650d4543-bc3a-437a-a221-7a5d27deb9c0,100,1,0,1,64,128
d4a150ba-6455-4a0d-b9a3-c78480dbad36,30,1,1,0,1,1
626c2011-e130-491a-9347-27f01cbed129,10,1,0,0,2,4
863000cc-ab16-4630-9685-d2e9acb695a0,30,1,1,0,2,4
fd5f9141-147f-4263-a22b-e672567f07d1,10,1,0,0,2,4
0257dbbf-3559-49f0-95b2-4238beb05c3b,50,1,1,0,1,2
8ca9ef06-7d65-48ff-8030-7192b9c42bc6,500,1,0,1,32,64
78a5e2f0-cf3a-44c7-a0b4-d0c737247795,50,1,1,0,2,8
2967d704-10c4-4911-aeb5-cc5278de8daa,50,1,1,0,1,2
6a351511-fd88-442c-b9d6-cd7d7fcf761d,50,1,1,0,4,8
319c6c9c-3e79-4ee6-92a2-4f8caa676cf4,50,1,1,0,1,2
b9f582a8-f480-4e34-9310-9b70e76740d5,50,1,1,0,1,2
60cd7cab-c58d-41ac-b767-7ac62e73b267,50,1,1,0,2,4
0af3a177-7034-4d23-953b-9452c4a85db1,100,1,0,0,2,4
dc8adfd3-c99d-490e-b58d-c5367b5ee1fa,50,1,1,0,1,2
78f897f5-f367-478e-86d2-07f0113ca403,100,1,0,0,2,4
23e35520-1224-4e28-931c-5a71f746558f,50,1,1,0,1,2
4d3beea5-e7d0-4a1f-ab48-d20ed418a33a,50,1,1,1,16,32
80bb8694-f8a5-4a2d-85eb-db759d907aee,200,1,0,0,4,8
b89e4a8d-9535-4de9-87cc-84ccaf0edf10,50,1,1,0,4,8
ce352cec-1717-4ada-9d97-aac04babd775,50,1,1,0,1,2
2f6fada6-98c0-428e-814c-aae9a959b486,30,1,1,0,2,4
69ba1490-af6c-4423-a3af-dbdb336aa188,30,1,1,0,2,4
b5e7ca0b-cb5e-4409-ac79-ccbeefad6b9a,50,1,1,0,1,2
1c432b8d-e6ad-4296-8ca3-500ddce5c88e,100,1,1,1,16,32
790777a3-f4d6-42b7-acc9-bbbb0adad2e4,50,1,1,0,1,2
355ccceb-6445-4033-9ad1-57a2e13e1c43,50,1,1,0,1,2
1743ae6a-f3b3-43b8-a2fa-e698174970f0,50,1,1,0,1,2
e7c1a25f-07e5-4435-81f8-9329524f4752,50,1,1,0,1,2
ed0c6566-bb08-4d3f-8464-d74b6085f241,30,1,1,0,2,4
31857823-2adf-4904-a2f5-ad9a6839f4df,50,1,1,0,1,2
b403eb5e-ad6b-4840-8386-18f8ec8cc2ec,50,1,1,0,1,2
c8e5911c-f348-4ff3-bf5e-055aec22b898,50,1,1,0,1,2
2a4acc1c-e5f5-4481-9506-afa89285d66c,50,1,1,0,1,2
75582c74-93c2-49f3-9c9c-ecd13cd66252,100,1,1,0,8,16
1d7e2744-6665-464c-ab3c-ff3dce9d508f,50,1,1,1,16,32
a147ce50-b96d-4774-a431-0bae43c14511,50,1,1,0,2,8
39e98ae9-79c5-4ec7-829b-c04a70efca58,50,1,1,0,2,4
c245fb54-ed3d-4a6c-8207-47f8c2af727c,50,1,1,0,1,2
b62604e8-0816-499d-bb19-d7610a6592d0,50,1,0,0,4,8
b5d61f12-b689-441d-b576-fcf9f1c2ef17,50,1,1,0,1,2
cacd165e-df91-47ca-9dd0-73877759e1ec,100,1,0,0,2,4
56533073-90b5-4a66-83a9-36e1df033b03,50,1,1,0,1,2
df9fc5f7-44f3-4b7b-9e3b-63870f160220,50,1,1,0,2,4
00b18ef0-5186-4fb0-90d8-42dbb19c17ee,50,1,1,0,2,4
722839a1-8690-4c5b-b8f9-c4bc91e381a2,50,1,1,0,1,2
bc7c625a-c355-4f5e-b75e-3c4159817b07,50,1,1,0,1,2
8a92b81e-0649-4fa3-b36f-d750ceeff096,100,1,0,0,2,4
30ee708c-c30e-45b9-af89-47a1e99dcc60,100,1,0,0,2,4
6584213c-a0d9-4860-9848-58a44eaaaf9d,50,1,1,0,2,4
f2d08a33-f863-4c68-91db-5563342ced61,50,1,1,0,2,4
9b223eef-992b-476b-8bfc-d1a99711b190,50,1,1,0,1,2
12c5fbe7-5ece-4a4f-b7e0-2aee5d56acbc,50,1,1,0,2,4
c000425a-997b-487c-879e-fd69757ad6cd,50,1,1,0,1,2
6fada4e1-b3ae-47e7-9fd2-9e97edfead42,50,1,1,0,1,2
d5db36fe-b3c4-423a-8d2e-4c66f17dc46e,50,1,1,0,2,4
a92647b6-7588-417a-aadd-5097196e5620,30,1,1,0,2,4
852c7226-c943-4915-ad45-72fb6520c2e4,100,1,1,1,8,32
b9be61e2-714e-47c9-9c2c-5daa06d01acc,30,1,1,0,2,4
de48416b-faf8-4b91-a029-e0ecb5f6ab8c,50,1,1,0,1,2
fb192193-7843-4ebf-9802-549c1665372d,100,1,0,0,2,4
13f1c52f-d0ab-454e-a3eb-19ce1ce0941d,30,1,1,0,2,4
ccc66f96-07be-44d8-9bc0-d0946effd88d,50,1,1,0,1,2
d5af5e8d-a440-4cf3-a87b-41ef049afd36,100,1,1,1,8,32
2d99da1a-9f02-4fbf-89b2-0908a94ebddb,50,1,1,0,1,2
6f87ab5d-859a-45c7-9134-2cbfa07051c3,30,1,1,0,2,4
f3f75eb9-1b84-472d-be56-f30649a11d53,50,1,1,0,1,2
047f0b15-b6ce-4ad2-bd31-69af8d15971e,30,1,1,0,2,4
59057d00-8550-4285-8309-a4050f966bd5,50,1,1,0,1,2
f3c28fa4-ffc3-4139-b548-ff456ef0bee4,30,1,1,0,2,4
66064b05-ea7d-40b5-bfd8-dfc0af5890cd,50,1,1,0,2,4
90fbb9f8-8f85-4cc3-ae1b-950f00a39d65,10,1,0,0,2,4
e0f2e53b-1157-4bfd-b238-c3e193a874ae,10,1,0,0,2,4
c6c6a79e-4082-4e83-95f0-2813109b5fac,50,1,1,0,2,4
e94cdb83-0897-405b-9bfe-2eaa3bc2f42d,50,1,1,0,1,2
5fb62c38-8526-438c-89f5-988b8f0b020b,30,1,1,0,2,4
43b2be58-c4d1-4668-91d9-dc945320f6af,50,1,1,0,1,2
a98e035b-d443-4b13-9104-2690ec079f7d,30,1,1,0,2,4
842d601d-3bb2-47bc-93af-4f2be488fb54,30,1,1,0,2,4
6548f35c-f991-4295-9938-f8330d0515fd,10,1,0,0,2,4
b784aa98-53a5-4af1-bcd4-77c0c854181c,50,1,1,0,1,2
8eef9577-3ce6-43da-b4d5-aa05b321580a,10,1,0,0,2,4
0c4f7850-32d8-47fc-acd0-b5dcc536cdf3,50,1,1,0,1,2
13d36581-069d-4616-a67f-95b3b6833616,50,1,1,0,1,2
b439bd40-1ecd-4e14-aa81-2df867bb25af,50,1,1,0,2,4
c8510cf5-4612-44c1-a8a7-b54db225ee90,100,1,0,0,2,4
b4dd1b2f-d01d-4fa5-b3d2-a5bee14e8dba,50,1,1,0,1,2
95dd707c-e9b0-49d2-b65e-9d7d4a3f43aa,50,1,1,0,4,8
48632312-bd40-46f6-8046-be20a86b3e16,50,1,1,0,1,2
4eba48b9-d7fc-4700-84b8-86d2f061a38a,100,1,0,0,2,4
f7aa154f-59c5-4d33-bf24-548d3c1a069e,50,1,1,0,2,4
283b815e-22ca-41da-9c01-bf25cbc6cb33,50,1,1,0,2,4
82b7323c-3a29-4b26-b9c3-8f52db0d386a,50,1,1,0,1,2
b2627296-b86f-4436-ab48-64ae9e91871c,50,1,1,0,1,2
8b7bbd3e-077f-4ad1-a352-280bb2c8b0d4,50,1,1,0,2,4
42ef8d2e-695a-49db-a272-abf28f9d11d1,50,1,1,0,1,2
d49673fd-338c-4c08-bcb2-c65822323d4d,50,1,1,0,1,2
ecfb65cb-8a8e-40e5-9d07-a275d1d134a9,50,1,1,0,2,4
544ee26b-446d-4bb4-bee5-a5aa335aa6ca,50,1,1,0,1,2
9504a5cb-a762-44ea-a620-1bf2497c2f17,100,1,1,1,76,320
ad8cbae8-2579-4461-a0e0-2e15b59be80f,50,1,1,0,1,2
105f1d93-fcbf-446c-973c-a81873ba535a,200,1,0,0,4,8
7769f962-1f15-48ab-bc54-a8a9e83bac7e,100,1,0,0,2,4
b9c749fb-1718-4a35-abb1-9b137abb60be,50,1,1,0,1,2
866b6978-b643-42c3-b225-59e877b252d1,100,1,0,0,2,4
e4d6139e-4368-4880-bf9f-c3db8bd4f35b,50,1,1,0,16,64
8c22bbce-e2d1-4e44-97d8-b57a8c794399,50,1,1,0,1,2
eae69a52-2172-4ac8-8bea-de71a16aefc3,50,1,1,0,1,2
92821691-f3bf-4e11-88dd-577cec3d3bb1,50,1,1,0,4,8
0f7cbfd4-05a0-493b-ba35-6ae0d232e0c4,50,1,1,0,2,4
05f818d9-e199-4f10-9e04-a5dc8c3cbfb0,50,1,1,0,1,2
c94cc20b-88de-470c-ada8-54840c64b513,50,1,1,0,2,4
1c8103ba-1dbb-4d99-8aab-4a12ad98b929,100,1,1,0,8,16
06c9799a-7f26-429d-81dc-e86b38bf3e1c,50,1,1,0,1,2
9f350a1c-2b89-401e-8c7a-3f6dee5bb300,50,1,1,0,2,4
40f07c4a-c3ca-480b-80f7-17178f9d7ac8,50,1,1,0,1,2
6c197548-6449-4221-bfbd-242ed8acdde4,50,1,1,0,1,2
881a842b-ee9a-4cb9-931b-e4cfdbe85c81,100,1,0,1,16,32
5786bc82-e0b3-4310-b120-c6a8473f3799,50,1,1,0,1,2
b0508c59-8794-4d99-99a0-f5659c754d0f,50,1,1,0,2,4
e27ed2c4-0512-4513-a78d-fdc55f7701d8,100,1,0,1,16,32
379bb900-6383-4f72-8eb3-816c0a9dee51,100,1,0,1,16,32
a0f87eaa-0804-4250-82b3-175eddd905ef,100,1,0,1,16,32
f3878c53-161c-48fe-b9df-1816c2c25063,50,1,1,0,2,4
252d41c9-4d80-44ac-8b94-7cf85195dabd,100,1,0,0,2,4
3a6b82ee-a224-4749-bad3-80084098ec0d,50,1,1,0,1,2
9ea60917-1883-4198-9daa-55bf482dc949,50,1,1,0,1,2
a25550f2-fff9-4bee-99b2-30b0a790e443,50,1,1,0,1,2
3c3e0da1-6cad-4f67-b34e-4c69940f9d4e,50,1,1,0,2,4
176663e2-8aba-46ff-a7b9-8dfcae87c6de,50,1,1,0,1,2
e9fd4f74-9f41-4b2e-ae07-58f644ce42b8,50,1,1,0,1,2
b6ca762c-f1d5-4cb6-8985-85f33ff9d471,50,1,1,0,2,4
10516f8b-5fe0-4439-b4ed-9d5a51a461ae,200,1,0,0,4,8
c655b105-c9a3-4a62-802e-66579355e881,50,1,1,0,1,2
a3245c24-fc23-4170-809e-93033c60cfa4,50,1,1,0,2,4
4fbd161f-15cc-4565-a140-382352e42cb3,50,1,1,0,1,2
542ac8a1-5e98-4fb1-8f4c-1079d04dd1fd,50,1,1,0,2,4
2c29ef90-30b1-4df6-a3b2-db9c3bf52e04,50,1,1,0,1,2
2395f1a5-a33a-40d5-90da-44c5899daea7,200,1,0,0,4,8
d5445614-f41d-49b0-84d0-67cfcaf37bfb,30,1,1,0,2,4
191407b9-f046-46eb-9826-0b6d8a4e14c6,50,1,1,0,1,2
867cf080-b453-4e72-964d-9a954af36473,30,1,1,0,2,4
c460b787-a148-42dd-af36-e2a8fd13f6bc,30,1,1,0,2,4
a2b5e7cb-9f23-4942-9319-da459939eef6,50,1,1,0,4,8
7b1884e3-9ce7-4663-a11e-2e1d648cf311,50,1,1,0,1,2
22f46cbf-c429-42c6-9c3e-5924632f6853,50,1,1,0,1,2
02fb66f1-23df-42c2-af5e-023053fbc5d1,30,1,1,0,2,4
587957a0-9cc4-4bd9-8b93-faac18f11e40,30,1,1,0,2,4
32e33bac-3681-4786-ad1c-ccff353b1194,50,1,1,0,2,4
dc0a96df-58a5-4b85-b18a-7fb0cdbb39e1,100,1,0,0,2,4
b0c24a95-fbcb-435e-a166-4326edbcc098,50,1,1,0,1,2
9d84a540-72b0-4f55-8e71-03e928b8ea8d,50,1,1,0,1,2
271f32e2-afd6-42c1-ae6c-7354ce4101af,200,1,0,0,4,8
a758a9ad-ae63-4cda-8ff9-8a6ada18b604,100,1,0,0,2,4
ef32b9e6-8ce0-4474-ac25-91ba18bc1f78,50,1,1,0,1,2
dcc152d1-bba2-41d0-85d0-5052dfcb080d,100,1,0,0,2,4
0bc887ba-7e79-40b5-80f4-9d2acd333345,50,1,1,0,1,2
01b12817-7338-4dde-88d2-60e1060ac68b,200,1,0,0,4,8
17bc1622-2355-4e58-b85a-1cefb0398253,50,1,1,0,4,8
19fd8026-53ab-408c-a91a-02acd6c826d0,50,1,1,0,2,4
69080774-6824-48be-8ae4-eff7497c71ed,50,1,1,0,4,8
c220210e-a186-4c9e-9484-8c2293bd1b51,50,1,1,0,1,2
adf91125-c6eb-46e0-bae8-47e2b5a12a98,50,1,1,0,1,2
94500969-b49c-4c97-acd1-59af1e54d202,50,1,1,0,4,8
85f27e5f-87ea-45e2-aae8-22d64d164d17,50,1,1,0,1,2
303156d9-2c9a-4a43-95b5-f1b1ac675208,50,1,1,0,2,4
b11867fd-81e7-4e15-816c-f6f715c8170c,200,1,0,0,4,8
97890b14-40f7-48cf-b5e5-d0867795734d,50,1,1,0,1,2
a616c5c7-92c7-4c0d-a8d5-35063e072afc,50,1,1,0,1,2
fdd686ab-9f78-4d7f-9afc-2c4720cfb1f9,50,1,1,0,1,2
d35f9392-69af-439a-ba67-f30a0eee4086,200,1,0,0,4,8
fe0cbcd2-0536-4f53-9f71-a2745075a9aa,50,1,1,0,1,2
14774b43-14ee-4706-8c58-700def355a5d,50,1,1,0,1,2
85f168a2-7582-4fd3-a9c5-7228bd74c19b,50,1,1,0,1,2
caf688d2-8b17-4314-9b55-57efc13e071e,100,1,0,0,2,4
55a8db03-e1c7-4a96-bf9c-150067b94ac4,100,1,0,0,2,4
bab92236-0296-492f-8a14-4e56b6791e15,200,1,0,0,4,8
cbabf859-4798-4104-b47b-22ccfaffea32,50,1,1,0,2,4
4b1dacad-8b63-4515-88e0-42ed885e2770,50,1,1,0,2,8
7bf3cdda-1e37-4465-8803-201106365b43,50,1,1,0,4,8
a436a4f0-702b-4762-8540-cfb8db51635c,50,1,1,0,2,4
9c0f6a79-07e8-4749-b65a-6e1a5dd27867,100,1,0,0,2,4
ec6f4774-5747-4360-8b79-2580eb228280,50,1,1,0,2,4
1ec01b5a-2101-4c80-a08b-022265f3a237,50,1,1,0,2,4
e7f2d387-526e-4ce6-82fa-649800e4af91,50,1,1,0,1,2
9ea90195-f95c-46f4-a682-a5352c3d50bf,50,1,1,0,1,2
818a6062-0d1a-49a1-bf5e-4b9f32ed2e4f,50,1,1,0,1,2
b1af10dd-4e47-418d-a90c-4ba9fedb230d,50,1,1,0,2,4
83c14108-86c4-4bec-b0bd-41cc98ea47b1,50,1,1,0,1,2
5994a2c6-7c72-43c4-8de7-0ad24d893429,50,1,1,0,1,2
f15ee62d-b638-4079-b2ac-56dbb740c062,50,1,1,0,4,8
3231dbcc-dda5-42b0-ac83-798bd8b5a1b7,50,1,1,0,1,2
e998e270-f8c2-4406-98b7-000de9b9bc78,50,1,1,0,1,2
89f6f0f4-82b8-4892-9d38-abf9bc71e1de,200,1,0,0,4,8
29b07d0b-eb57-4553-bf15-cf2d7ebd4f66,50,1,1,0,1,2
6565bcac-51ec-4e8c-908d-dfe069dfb222,50,1,1,0,1,2
27eca74e-c2b4-4492-9721-2b272d0091ff,50,1,1,0,2,4
14368f4c-1773-42b7-8f9f-c01d5dc483cf,50,1,1,0,1,2
2cc7bf73-ed28-48c5-a81e-19073be0c292,100,1,0,0,2,4
3795544e-dd4e-40ac-8d66-c247365e3e43,50,1,1,0,2,4
8e6dfe20-56b4-4b66-a4d0-a67d51de97cb,100,1,0,0,2,4
5b9a7ed5-25e6-4bc1-a00b-12198ece4e97,50,1,1,0,1,2
29057905-9b2c-406a-b854-68f9c683380e,50,1,1,0,1,2
b4d87801-7326-4616-aabb-ca8f53381fa6,50,1,1,0,1,2
5e284b5f-6239-4988-b787-eb349437dd96,50,1,1,0,1,2
92c30369-e60a-4672-a9bb-5ea49ecf321f,50,1,1,0,1,2
647e3451-38f8-4ae1-8a6d-449dc106a0bc,50,1,1,0,2,4
881b4592-057e-4ff9-bf35-21af8b20acc4,50,1,1,0,2,4
4d06878a-47c4-4cae-a47b-b50bf62f17e8,50,1,1,0,2,4
6a5a5f58-4fc0-466c-aed5-3a8bedbfbdd6,50,1,1,0,1,2
160a701b-809c-4ad9-9b2d-f1f5905557b3,50,1,1,0,4,8
c53f7055-9238-4ff7-a6d4-354d7b50eb39,50,1,1,0,1,2
b21dcc9b-0034-49e6-85b4-c894c2a6eebc,50,1,1,0,1,2
e52db1b0-8b50-4d7f-83a0-41549c8e1d3b,100,1,0,0,1,2
b66e6bef-c34d-4261-bd07-1a91f2e6bfd8,50,1,1,1,16,32
579ab831-8349-4474-9fca-70ec79ab4d77,50,1,1,1,16,32
7118da2e-e9fe-407f-9bcd-2884c2737b1c,50,1,1,0,4,8
71821240-97bb-4cd6-acaf-5e275a0e2183,50,1,1,0,2,4
6a104061-2542-4ecc-8c68-fde9f3b4341c,50,1,1,0,4,8
ab58e525-1065-499c-9bce-9deca39d0e98,50,1,1,0,2,4
4b0c44aa-e50f-45a8-999f-62d1712717aa,100,1,0,0,2,4
a8e2def1-45a1-41a7-9fc6-d5d948d68171,50,1,1,0,1,2
3e06ce80-bfab-4c85-a095-3bfb7cba4cc7,50,1,1,0,1,2
8093831f-3cce-4455-8198-a8111f208eb2,100,1,1,1,8,64
c1a157b2-47ce-476a-9f3c-587aa89deffc,100,1,1,1,8,64
e3ddf57e-95b8-47cb-aa6b-4bef3aef5725,50,1,1,1,16,32
f3e5f9ed-e456-476e-910d-88bd2c9d5f17,50,1,1,0,2,4
2620f53a-f11e-4384-8a6f-41d83aa39a86,200,1,0,0,4,8
5b7bc457-cfcd-42be-aa49-fa61a171b485,50,1,1,0,4,8
e179e846-4e0d-4875-af31-17b4bd693bc4,30,1,1,0,1,1
01b33f4d-788f-4172-b185-42019a9df80d,50,1,1,0,1,2
5836ddad-06d1-4c06-8313-2dc94b404d57,50,1,1,0,2,4
23504391-7b9a-4a79-8657-97bfbea1b8dc,50,1,1,0,1,2
59c081e8-ebba-4a12-992f-1c245bcac6fe,50,1,1,0,1,2
8fd8a02e-5319-43b4-86d9-2d5c8238767a,100,1,0,0,2,4
afe10cb5-4ada-4b97-8d62-e7aee484e9ca,50,1,1,0,1,2
57fcf379-a40f-497a-b463-9c388975adae,50,1,1,0,1,2
405e0537-ed00-45b0-8d1b-8bdc1aaccbd6,50,1,1,0,2,4
e8854226-46f3-4eb4-9c73-e23b28810de0,50,1,1,0,1,2
7716ba69-4637-481b-b4dd-d9fac1d59a05,50,1,1,0,1,2
e27cef7c-52fa-474e-a335-c37e41c8dbe6,200,1,0,0,4,8
3be78f11-1c7c-4459-baaa-218918eade3b,50,1,1,0,1,2
1c09bebb-bda2-496d-b557-c1d6475eb82f,50,1,1,1,32,64
8ff98553-3048-4c48-918e-56d79995a7ab,50,1,1,0,1,2
9f0087ff-0299-484c-9d5f-99d2bbc0c602,50,1,1,0,1,2
e65f9b41-249b-42a7-82a1-a8a5530b957b,100,1,0,0,2,4
ea17b640-7464-4b46-8971-efc1dbbdf155,50,1,1,0,1,2
5c14a13e-bc5e-48d5-9c1b-976204259dc5,50,1,1,0,1,2
09abb405-50ae-49ec-8cfe-28858c095f8f,50,1,1,0,1,2
218ea9c9-a746-469f-8d1b-420119454cc0,100,1,0,0,2,8
d2cac695-6dc4-4386-899f-24e6be9247d9,50,1,0,0,4,8
1144fa06-b802-401f-8a65-3f6c677c5ae7,300,1,0,0,8,16
9a4efa40-a615-44f7-89ae-6a074d21be4e,50,1,1,0,8,16
c994069b-9eca-4ec9-80ad-95970be0a1a3,50,1,1,0,8,16
cf831378-5606-4b28-abd2-837256b221e1,300,1,0,0,8,16
d6e373c7-ad23-4ca2-969a-eaad0ab90a86,50,1,1,0,8,16
e1323a1e-96ee-4df3-8e24-513e7bf85bfd,50,1,1,0,8,16
e3d58eff-96b0-4a20-8510-3c6e65175f2b,300,1,0,0,8,16
43d70204-a4d9-4292-91f8-b8885af3ea3d,50,1,1,0,1,2
82f14cbd-6e80-4d3b-a317-349237ff74de,50,1,1,0,2,4
251d05db-c47b-4a37-92a1-034627c9b568,100,1,0,0,2,4
352dedc7-f81b-4b36-8496-82ddaa6c7b00,100,1,0,0,2,4
4aa09fe5-d6fb-4fef-8c8f-6ad45dbd65db,50,1,1,0,1,2
8dbf38df-d2e9-48ba-863e-c2832b4d48e7,50,1,1,0,1,2
16725c6a-901e-42fc-a3a9-c966c4450033,50,1,1,0,1,2
9c287b9f-69b0-48a8-9096-8d7b654aa386,50,1,1,0,4,8
78071738-61d5-4186-9e1a-b21a2fdd4f89,100,1,0,0,2,4
866f60f6-67f7-4406-b77d-9b6fa5a5d2ed,50,1,1,0,1,2
063451cd-c3ee-4196-a95a-bc079dd454fa,50,1,1,0,1,2
e1dfdfbb-f2da-4081-a1ab-f95b6ba0f6a1,50,1,1,0,1,2
24acbb1d-9283-4c65-b6ba-38ec4573c4f3,50,1,1,0,1,2
71387246-96fd-4e65-bac9-a4ade89beeb6,50,1,1,0,1,2
0c9ee50f-9874-4a33-843e-0a8580a04bcc,50,1,1,0,1,2
9157cae4-3b77-40ad-8255-5a477e86d1ac,50,1,1,0,1,2
c505d238-2afd-451a-8f91-b705a776e421,50,1,1,0,1,2
0d7cc21e-01e6-43de-9f25-c62f142644f5,50,1,1,0,2,4
1c9a9b27-a60e-4e9d-8bc1-2896c1a411b3,50,1,1,0,1,2
e57da5e1-29a4-4d82-9022-c720a953a978,100,1,0,0,2,4
fc4d419d-bec7-4687-93c0-678dc250d833,50,1,1,0,2,4
7e684dc8-189c-497b-8cb2-2caeb7cc0239,50,1,1,0,1,2
d03d6e6d-70b7-4644-a5b9-14a77702e3f1,50,1,1,0,1,2
e573572c-a8ff-456d-8c1e-cf55380827ad,50,1,1,0,1,2
6e1a940a-5b6a-4718-9584-9f51327b0555,50,1,1,0,1,2
16193646-83ca-4a94-8df8-4fb25e5c2d4e,50,1,1,0,1,2
8053bb96-672e-4ef2-9733-84f2cde8ed03,50,1,1,0,1,2
87185cf2-96ba-4998-8038-730d6824c1aa,50,1,1,0,1,2
53d7fab3-0a83-4508-b411-1c19944c3da1,200,1,0,0,4,8
36487693-8b1b-46c0-a7c6-db930e7247c7,50,1,1,0,1,2
9cde985c-49d2-41fc-bf41-ee8dd7a04a94,100,1,1,1,8,16
a9425787-8c1f-4abf-bbab-2330f50301a7,50,1,1,0,1,2
636c1020-471b-447f-b38b-b9555f544d23,50,1,1,0,1,2
68ec659d-195c-4382-98f8-64f848d5c094,50,1,1,0,2,4
095e77dc-c908-46a8-9e09-17659044fc74,50,1,1,0,2,4
f7815e08-bbdc-4549-b84c-aabe2dcf8f58,100,1,0,0,2,4
5034b60e-091a-46f6-9501-cdbf7513e89c,50,1,1,0,1,2
8809b922-4249-4e38-9396-ec983606bd07,50,1,1,0,1,2
653dfa1c-353c-4d36-b853-6130aeadf339,50,1,1,0,1,2
4b6a781c-649f-4c62-ac5d-bd27718ab317,50,1,1,0,1,2
9ae9c141-3f54-41af-a91c-b1ca394e8bbc,100,1,0,0,2,4
0445bc92-e7df-4856-aec7-00f92b2f6fe0,500,1,0,1,32,64
12e85e9c-d536-4b68-bd0c-bb8f9306e7e0,100,1,0,1,64,128
0abe7b74-93bb-442a-9caa-50fd96d133bd,100,1,1,1,84,256
222dbc27-f683-4a84-9825-e208cd41cd43,100,1,1,1,32,64
37e5eb7b-9d68-4f58-a071-e53ab03acd0f,100,1,1,1,32,64
6d4da1f3-4c66-4948-92bf-972f7e3d0c0a,100,1,1,1,32,64
fa5d610a-90e4-4cc0-a2f6-f8e30ba7b474,100,1,1,1,32,64
3326f32a-f43c-4d8d-b51c-37ba28cec45a,100,1,0,1,84,256
35db0fd7-52d1-4f42-9cc3-138fcc01586e,100,1,0,1,84,256
87972c5e-5473-4ba0-9055-d3d0d6a79ee8,100,1,0,1,84,256
b205f417-376c-4945-b472-a684d27aa816,100,1,1,1,84,256
ca9c7f3b-fb4a-4044-b7c2-3efe6e437a1f,100,1,0,1,64,128
cea6f680-0726-4033-a4b6-cfbaa7a54445,100,1,0,1,64,128
93547199-ecbf-4669-8e7d-a4d455be80d9,100,1,1,1,84,256
bea7a882-95e6-4378-97d2-93861d57475a,100,1,1,1,84,256
d1ea80e6-53f7-43ae-8b40-719ef4ed48c4,100,1,0,1,84,256
31b51c34-d574-447f-98e5-b79be53148a5,100,1,0,1,64,128
13ef5f62-5aed-4c01-bd16-4463838faa05,100,1,0,1,64,128
4b5a67af-e1de-422a-bada-a04c1bd815ed,50,1,1,0,1,2
a631cdaa-8074-47ca-b69c-37dbe07d3385,50,1,1,0,1,2
8112a75d-c5da-4c67-865b-a864ba8a8dfb,50,1,1,0,1,2
3d61716b-e95f-4a1b-8ec5-4528ca525a04,50,1,1,0,1,2
cd6f5944-e1cc-443e-83f5-f341cd06aa16,50,1,1,0,1,2
c5523720-58cf-4559-8238-4396b5ad9915,50,1,1,0,1,2
d810f719-45e3-4c07-a55a-691b10f684ac,200,1,0,0,4,8
e91fa1cd-fd10-4e3c-a224-ed048249848e,200,1,0,0,4,8
f2831a4f-9eb6-4a1a-a14c-e7c5162a01a2,50,1,1,0,1,2
0ba88c43-8b58-4804-9887-2e81111688aa,200,1,0,0,4,8
a678dbc8-bf4c-4bfe-a17b-3c23db1b6bf2,50,1,1,0,1,2
d57ff865-b086-4bc3-a8b7-ea214a95934e,50,1,1,0,1,2
f6eac892-3a1d-49f3-b05d-ddd35a8598ee,200,1,0,0,4,8
d40519f9-e889-4908-9f72-d22d93353ad9,50,1,1,0,1,2
0454b5d9-b5fe-4425-ab02-d7e7dd070bf4,50,1,1,0,1,2
0e77625e-b4ec-43c8-88a5-fc757e6b1f76,100,1,0,0,2,4
4a6f0775-0ddc-4cca-9b1c-c9b7fe15c916,50,1,1,0,1,2
8419f355-b01e-4069-a84e-324ddf242fe3,500,1,0,1,32,64
6ad08b9b-dcc0-404b-ada5-ddde44b78b0f,500,1,0,1,32,64
813f841d-4b03-4e43-8ff1-eb7d4bfa33f9,500,1,0,1,32,64
954600ed-08c7-4276-811e-657d982fd552,100,1,0,1,32,64
89019d6e-e497-49df-86d9-596e81554a4a,50,1,1,0,1,2
8bc8fb91-1492-4fb0-b3e4-e7678941ac20,200,1,0,1,180,464
b13d6cb9-750c-4e47-8baa-d505fd2e1662,200,1,0,1,180,464
f991e686-cb80-4e6e-9177-d6cbb369bd14,100,1,0,1,64,128
09540b12-55a3-4057-93b6-b063dce295b8,100,1,1,1,180,464
6c126e2d-2311-42da-903c-5fffd1577a3d,200,1,0,1,180,464
c5896b4a-28e4-4266-9f6c-b5ac61f50d46,50,1,1,0,2,4
94b27e3c-ec8c-431b-bed4-5bd599c32c6d,50,1,1,0,2,4
8407a500-0f9e-4c24-84dd-49361895c016,100,1,0,0,2,4
90aa7f7b-d534-4c62-9fa2-72facb0767d2,50,1,1,0,1,2
975dca16-2664-463d-b409-7efcf0561079,200,1,0,0,4,8
dc806e1a-4c99-435c-a31b-dd7a73669d87,10,1,0,0,2,4
eb35ea38-79b3-46ee-bb4b-dae03067bfe1,10,1,0,0,2,4
e468af17-7c09-4324-af3b-f09ebc7a0132,50,1,1,0,1,2
091b31aa-7765-4187-966e-d0dfe6ac126d,50,1,1,0,1,2
73053d9c-1c71-496d-a85c-74435d7a019b,30,1,1,0,2,4
664139e1-6308-41e3-9d2e-14c38a8e3c97,10,1,0,0,2,4
e8d87b35-afc2-4093-b195-c114e3bf8999,10,1,0,0,2,4
1807c4a8-f7c3-4d00-85ba-1fe9d7532e68,10,1,0,0,2,4
13bed9a1-52f4-4337-b608-5a3e3ad34373,100,1,1,1,32,64
1607b84d-6dc6-4eb2-a493-6f23c113319e,100,1,0,1,84,256
bf3374e6-9d04-4496-9457-c7153b29db34,30,1,1,0,2,4
d2397417-2f8a-4407-b247-67f24489cedb,100,1,0,1,84,256
ed2f0a1b-bfb0-4d41-bc0c-941facc22a9b,100,1,0,1,64,128
7151ba21-14fe-406c-bd49-f02efe68a1ff,100,1,0,1,84,256
31193e60-9201-495b-b310-8da00330a44f,50,1,1,0,2,8
9e81fc0f-ad0d-42b0-89f4-e6221c762da4,500,1,0,1,32,64
a4901417-97b1-4b4b-bad0-48410171420a,50,1,1,0,1,2
2cc2f282-ce35-4d42-b81e-2e54e0e4983c,50,1,1,1,8,16
1bc48cf0-2fe2-4983-93a3-933d5cf1d623,10,1,0,0,2,4
98d73da5-b9e7-4e09-b126-0c97723c1bed,50,1,1,0,4,8
7e099e10-2721-4b44-9a31-ea1f039aa5d0,30,1,1,0,2,4
f4eb04ea-fcc0-4353-9534-a617d5e583bb,50,1,1,0,1,2
adc04785-1ddb-4549-8984-dc687113a19c,10,1,0,0,2,4
2905a17d-c3bc-4a3d-8b74-5cc696ee72a2,50,1,1,0,1,2
545f0cdc-9563-42fc-9160-305fa85ca18a,10,1,0,0,2,4
45e4cc8c-15fd-4215-a491-8f902c861c78,100,1,1,1,8,64
81901298-0d14-4250-b5fb-6815f22f6670,50,1,1,0,1,2
396bd069-4b15-4067-af8e-5d9283373b1a,50,1,1,0,1,2
680887d3-525d-470b-ad21-c2333435ba85,100,1,0,1,32,64
163ebc68-693d-4c69-ae34-1a5197604148,50,1,1,0,1,2
09a1c066-3f23-4c12-afd4-3f1fef7f8aa3,100,1,0,0,2,4
b7608ac0-3112-4807-af85-fd4683aa5c93,100,1,0,0,2,4
7a11bba5-febc-4316-b180-250659449408,200,1,0,0,4,8
5284eb79-ffaa-48f8-8e69-0b473a5da8bc,100,1,0,0,1,2
9d0fa1be-8955-4ddd-8cdc-ef21b41d74f2,500,1,0,1,8,32
6001cc42-6c01-44e9-b918-980c97ec146e,100,1,1,1,84,256
fc03ff57-bfc3-4a8b-a51c-b66e5b8cc198,100,1,1,1,84,256
924abc35-be2a-4c60-9cfe-84348580b709,100,1,0,1,84,256
cb7b4e14-b7d1-47fa-938d-b691fc3dbed2,50,1,1,0,1,2
7ef03923-3636-4036-9359-7d21c79dd234,100,1,0,1,84,256
c1b79360-af23-4394-92b0-cfa3289ef348,50,1,1,0,1,2
f34c69a9-9cbb-4d82-bf4e-a4887b6845b0,50,1,1,0,1,2
28c28979-a881-41ba-82d9-0ff7aa16e05e,100,1,1,1,8,16
af56e04e-169d-48eb-b3bf-0271902e67cb,50,1,1,0,1,2
7cd6378f-edda-48e1-bb85-3c0d97d2cb98,50,1,1,0,4,8
395d01bd-9441-4de8-870e-69de9b6874c2,200,1,0,1,16,32
7a7794cc-f732-494f-ac52-125ad1f75bfb,100,1,1,1,16,32
d61b0c95-72be-4ab0-8953-1e8cf4fefb22,50,1,1,1,16,32
880fd528-660f-4d8d-b7f7-4dde3021ad16,50,1,1,0,2,4
a947a6c0-81df-433f-b442-74b57b3b4c76,50,1,1,0,1,2
eda7174f-92e3-4202-b53d-b69d4851e834,50,1,1,0,1,2
c9ef85c1-ef26-41d6-9309-3cef31fd4395,50,1,1,0,1,2
e1ec9e46-dcfd-4c95-956e-22910df5636d,50,1,1,0,1,2
bf4f04a7-757a-406f-9b0d-96c386f35df8,50,1,1,0,1,2
4e46c612-2b3f-4487-8794-a0e8e2018f13,50,1,1,0,1,2
00cb3c46-b130-45ec-9eb9-673c860cac48,50,1,1,0,1,2
b479f854-0bfc-442b-8b1a-eb8fa8f96bae,100,1,1,1,8,16
6d5c6a3f-e81d-4e8c-98f5-c1fde6679f64,50,1,1,0,1,2
5a3b6dd3-e280-4899-ac26-915651645c3b,50,1,1,0,1,2
8ea6935a-1279-4d88-8a9b-a8e5a4e9a8c4,50,1,1,0,1,2
0ec6d733-af50-418c-bdf5-808a5134f69c,50,1,1,0,2,4
bf16d2f5-397d-4d95-a495-f36184bd47ee,50,1,1,0,1,2
bd1dde8d-55d0-4c6a-891a-0607bbd9643f,100,1,0,0,1,2
e350667a-e168-4700-a93c-ac36faef3671,50,1,1,0,2,4
b33502f9-858e-411f-9122-9dd23b619dc3,50,1,1,0,1,2
11a3393a-b7e3-4386-88d4-85e514cc9ec7,50,1,1,0,1,2
e233b2c9-b6b6-466f-bb38-488e589307cb,50,1,1,0,1,2
1a1a461d-b274-44a4-9c80-e4b8ead8a4c0,200,1,0,0,4,8
c7e4b8c1-d608-4133-a997-9063d56739cc,50,1,1,0,1,2
fbed7823-97de-4dbc-936d-3fc69705e62c,50,1,1,0,1,2
e8319524-9398-43b3-b63f-f7b7cef32528,50,1,1,0,1,2
50274bb6-3023-4eb9-bca7-8b21c2107275,50,1,1,0,1,2
f185ad6f-f554-45b0-9814-929517e7e9cb,50,1,1,0,1,1
e4aafcfc-fa4e-4835-86dc-85c3c939d976,50,1,1,0,1,2
bef2601a-6117-481b-920d-047fe8d03552,50,1,1,0,1,2
52b6c4bb-3180-4a32-82a5-a618d0fa1d99,50,1,1,0,1,2
d28d0abb-9a22-49ba-94d3-e377af6afccd,50,1,1,0,1,2
ceafae71-0210-4013-99c4-70cf247fc684,50,1,1,0,1,2
c2801027-bdbc-4447-9a13-9a682f46b956,50,1,1,0,1,2
753ae101-66ee-4957-aa36-4ea1504dc4c8,50,1,1,0,1,2
992c4e23-22cd-47f0-b82a-5b65de3b83cd,50,1,1,0,2,4
ec67eab3-4705-4341-a2c3-9c734350a54e,50,1,1,0,1,2
fa956170-021e-4061-af02-94d102e1b9a3,100,1,0,1,64,128
4cff6489-4193-4b96-aa5c-1de1dbf8bcdc,100,1,0,0,2,4
1b62291d-db47-4136-83db-a450acca6408,50,1,1,0,1,2
bed0bbb8-6f5b-4e9a-8aa7-188c03911088,50,1,1,0,1,2
ddab2b73-e40d-4b8a-aa2e-b0218a6bafca,50,1,1,0,1,2
663480c7-772f-43d1-88d4-f7cdda9a50dc,50,1,1,0,1,2
eb9b11c6-207e-4595-8580-36d1e1e9618b,100,1,0,0,2,4
356117af-79d6-41bf-91e8-c504546f78ba,50,1,1,0,1,2
e503d4ce-8bdb-4d30-8677-3f6c94fe68e9,50,1,1,0,1,2
9be7ac73-f3f0-407a-9213-abd7e8e71794,50,1,1,0,1,2
190c1f5f-3a14-4c8c-aabc-ad8e6fd4a559,50,1,1,0,1,2
326f5087-a104-4fe1-a587-89f1c05e693e,50,1,1,0,1,2
8286c43b-4396-4154-8146-74939022a61e,50,1,1,0,1,2
70739529-b21d-4bc9-ba41-4dbf34db3f92,50,1,1,0,1,2
5f715ab2-ef4a-430b-b7e0-484ead195b3a,50,1,1,0,1,2
ad8aad24-429a-4c7c-af2f-90105c7eb4c4,50,1,1,0,2,4
6e52879e-012f-497e-9877-1cc0de2c5047,50,1,1,0,1,2
093a93c1-7cf7-40bf-930f-cba65260b59f,50,1,1,0,2,4
95518f4f-9dc3-4227-a37a-582e43608647,30,1,1,0,1,1
613360eb-a55a-4ffc-92c1-6be4bcfceab7,30,1,1,0,1,1
aa31f07f-c36f-4416-a687-adf4514153ea,100,1,0,0,2,4
5e977b31-3e0d-4c5f-9050-22952863fcf8,30,1,1,0,1,1
a8e4525e-b902-4fbf-a42f-9798205ddbd0,10,1,0,0,1,1
25bff228-79ff-43dc-ac02-30c6938390d5,10,1,0,0,1,1
248b4f4c-660c-46a5-88c0-ae60b3b0bbde,50,1,1,0,1,2
2891fc9c-3e9e-4bcf-85bf-326f8a617275,50,1,1,0,1,2
d62addfd-4ba9-4d03-9a16-a4e9f071a8c4,50,1,1,0,1,2
21d4f9c6-56eb-46fa-9378-5d8dd36d50ce,100,1,0,0,2,4
0751849d-6436-4621-b02a-5c7f220adef1,50,1,1,0,8,16
68e6d472-4be4-401f-bf6a-9ca8ac4b7c16,50,1,1,0,1,2
4355a96c-9352-40fa-aaf3-bade846a88c1,50,1,1,0,2,4
1aef8ba9-8523-4015-916c-694a07286de2,50,1,1,0,1,2
d7ff7350-6b34-4713-b62a-69c50ae72f89,50,1,1,0,1,2
8a6edfdf-c03c-480c-a696-841226b8739b,50,1,1,0,1,2
4669a8fa-730a-46ca-a16a-756f792269fd,50,1,1,0,4,8
488fa7e7-f537-4a0a-8c7f-74b64d464be5,50,1,1,0,1,2
012b6a5a-2448-4770-a154-4bb0b10ba718,50,1,1,0,1,2
cce544a1-ace7-4967-bb96-d6afc08a20ce,50,1,1,0,2,4
01010e1b-0d87-4e36-ba7d-c50b38566d70,50,1,1,0,1,2
eaab7d03-360e-408a-a351-ee78c9bd9a19,50,1,1,0,1,2
c451b89c-bf88-4d2c-b5bd-83d7aeda22de,50,1,1,0,1,2
58161936-a942-4f64-aa1d-68e832583845,50,1,1,0,1,2
ff03d06b-11ad-4722-8342-cc6d19dfeaba,50,1,1,0,1,2
ec55e98a-c0e3-4526-bc5a-2181ba4ea983,50,1,1,0,1,2
c358f621-9d94-4b1e-b166-51d026726481,50,1,1,0,1,2
4061699e-3aab-4522-aeab-4454f2bf6e4a,50,1,1,0,1,2
e391011c-2576-4f3d-96e7-0cd0959646de,50,1,1,0,1,2
cbc48ccc-30e4-448f-97ea-9aa3d2f231bb,100,1,0,0,1,2
ef03aa73-65ab-4d34-a8ae-397d1df35a93,50,1,1,0,1,2
bd2c3db3-da89-4b4e-b1eb-81b502a4eafc,100,1,1,1,8,16
c7627ea3-16dc-41c1-b85a-ed6d93ba33d1,100,1,1,1,16,32
f3078ac1-b8a9-4acd-8e3e-834eefd7db43,20,1,0,0,2,8
809949fe-d3c0-4c30-bce8-f33a42ec6d4c,50,1,1,0,1,2
759cf91c-d183-4c8c-8caa-75d6223c302f,50,1,1,0,1,2
bf5f6a31-73f7-4d8a-9c51-bdd8d927f7f3,50,1,1,0,1,2
56232afb-6807-4c26-8b59-41a5b730dd89,50,1,1,0,1,2
5c6f22ff-71dd-4ad7-8b7c-dcd15edf8a75,50,1,1,0,1,2
f3fafd7b-6287-455a-85db-9490ec4c71d0,50,1,1,0,1,2
dd2bfeaf-87aa-44a7-a02d-d555b8f7be11,500,1,0,0,2,4
bf09059f-f0f1-4b6b-ac6a-1c5e70eb68fd,100,1,0,1,64,128
79598553-db99-4b28-839a-a88648be9334,1000,1,0,1,32,64
c1a5a5f5-733e-4a8f-b2ee-ae8f0701bfce,50,1,1,0,1,2
b2ab23a6-efc1-40e8-9d10-da66d1ad5ca1,50,1,1,0,2,4
4f7a9306-b06b-471b-ae76-28e65e889468,50,1,1,0,4,8
d1b3e42f-218f-40ce-a2f9-710d18e9fc57,50,1,1,0,4,16
94cffc01-15c5-4582-a680-7cc47e7452cd,50,1,1,0,1,2
c8e4c919-c8f7-4559-ab44-63af28bc048a,50,1,1,0,4,16
00629016-84b6-4dfd-bc66-d44f8987b351,500,1,0,1,32,64
019d83d7-8419-4295-989d-afb26b2b1622,50,1,1,0,1,2
1da2419c-6a58-4115-9365-c0fec9e79f0a,30,1,1,0,1,1
3a804fa2-8bce-4e79-a419-4c6f882fb7b5,50,1,1,0,1,2
36708527-04ce-46e2-8efa-3c56147f4e0b,50,1,1,1,16,32
80ec5301-80ab-4517-956a-73e0489c22a3,50,1,1,0,1,2
2c54b557-7546-45b9-8bb6-aa561ebde2e2,200,1,0,1,180,464
562031e4-206e-4f29-9c25-8cb6aab45eda,100,1,0,0,1,2
eb01b3ec-de54-4430-82f0-ae1b0f39c177,50,1,1,0,2,4
07b68dfa-96f3-4302-8678-92d624f7d22f,50,1,1,0,1,2
5fc56fc7-141c-4e25-a508-a40250817b6c,50,1,1,0,1,2
0eb617a4-83a5-4ce9-bd61-1df75def9c6a,200,1,0,0,4,8
e1b05120-5adb-4bfc-b878-bb3e89ebe01b,100,1,0,0,2,4
79ff0e3b-6a9b-4b98-b90a-ebc82a6042b9,50,1,1,0,1,2
1ab39468-309e-486b-a17e-faf6950d2ac7,100,1,0,1,32,64
6a49a01e-39e5-44eb-b167-997c10191b14,50,1,1,0,2,4
9788d1e6-9074-461f-8c11-8725d7af7add,50,1,1,0,1,2
c7fca908-a1fd-4f22-a78b-5160456beb0d,50,1,1,0,1,2
a3bd76e1-238f-4f20-b44b-1bd449c36390,10,1,0,0,1,1
e13dd4ab-7915-405c-9cec-6cfe0674c55e,10,1,0,0,1,1
d8851513-3ae3-419a-b6c5-0aa8ab2400e9,50,1,1,0,1,2
dd49949d-63fb-4803-ab3e-2e6410e0a8b4,50,1,1,0,1,2
6d9ccb7e-4479-4002-88a0-b0773a6bc1e8,50,1,1,0,8,16
b5fdd8c4-1d37-4572-88cf-7c5838883c2c,10,1,0,0,2,4
352e979d-9527-44c5-88f0-f40ef681bcf9,50,1,1,0,1,2
31006a0d-8afb-4af0-ae0a-549eab5e821b,50,1,1,0,1,2
8ae0c5d0-931d-434a-9715-4c77286faeca,50,1,1,0,1,2
d4e50af5-45fe-46a4-9e17-4b42872fb05e,50,1,1,0,1,2
85490c11-a1b2-4ab1-b6d5-3c87d40390f9,50,1,1,0,1,2
7205a7c8-52d9-49a7-9125-48474629fddd,50,1,1,0,1,1
f61b30a5-3ec2-4fd2-b15d-698b00a7a39a,50,1,1,0,1,2
ad55c6fb-4993-4ed9-950f-27ab5a20f479,50,1,1,0,1,2
1f89ce1f-9a5e-46cd-ac6f-38e582159bc2,50,1,1,0,1,2
46d1905e-d5e1-4a7e-b842-ac8b0ebd02f2,50,1,1,0,1,2
f8e65ad5-8563-4f0c-bd4a-6a71b8e3b080,50,1,1,0,4,8
bef5c827-501f-44c8-ba35-4ef229880816,50,1,1,0,1,2
ccab09eb-cbd8-4149-a757-98571b73acf2,50,1,1,0,1,2
71ec3416-f44e-4c3e-b2e3-a882461ce78e,50,1,1,0,1,2
3d4c3df8-eeda-4818-af41-065b61da5c73,100,1,0,1,4,8
65964705-7deb-4e97-81dd-7c137340f409,50,1,1,0,1,2
43294881-ff5a-49c1-9f71-0d38b4cbb821,50,1,1,0,2,4
9e6369eb-bd97-40b5-b156-a369e41e8ec4,50,1,1,0,1,2
63f92413-6c09-4068-abb1-60debb41b78a,50,1,1,0,1,2
3568d567-0f1e-44e4-8b55-688e75ba4907,50,1,1,0,1,2
6e5d3e9b-7579-4813-b9b8-0f3bd512573d,50,1,1,0,1,2
9c0f1730-2abf-4db4-adb6-e013d6905a5b,50,1,1,0,1,2
b6f157b0-f907-4bd1-aa4d-ea110aae09fe,50,1,1,0,1,2
a12d5c58-c0cb-44ab-a04e-21c827ec68c4,50,1,1,0,1,2
fa7f3c29-39a8-43ef-9b2d-353d4a545dad,50,1,1,0,1,2
c62661be-74a3-4b4c-bd25-6e1e42bd0ee3,50,1,1,0,1,2
5677e9df-44ed-4425-900e-2b091640b9ef,50,1,1,0,2,4
e7210a38-1089-4f1d-ae00-d77bd3423456,50,1,1,0,1,2
600c33c5-eb8d-4e9a-92b5-ef295bc15c06,50,1,1,0,2,4
261f1c1d-c406-461d-9c8c-5aba0cc898cf,100,1,0,0,2,4
0d76e0f7-70f3-47cd-8d5f-3d64c76db7cd,50,1,1,0,1,2
a5369ac0-4b24-4661-a7b5-a502405d8799,50,1,1,0,1,2
d2c1e872-ae2d-44f1-b199-81c98bd99091,100,1,0,1,64,128
1bc9ba1d-aa48-45d1-89d1-f0cce50ca375,200,1,0,0,4,8
327723f7-950d-4379-865a-cc54ebdac163,2040,0,0,0,16,64
15cbed7e-b40c-4cd1-97fe-b8b57d883f98,500,1,0,1,32,256
87f4f8bd-460c-439b-ae5a-9c74d1ea26c4,100,1,0,1,84,256
8b62a2fd-e1f8-40ad-a6a4-fe1f42caf87c,50,1,1,0,1,2
51a11767-497e-4baf-a1a5-811f272cd8b4,50,1,1,1,16,32
624750f9-6769-46be-9656-b7b91bb0ec48,30,1,1,0,1,1
83436194-4e95-4384-817d-f571efcc7a65,500,1,0,1,32,64
a3a016ae-a39d-449f-8a30-73bd8b7b91ea,50,1,1,0,1,2
c6149261-c7db-46a0-a99c-b29bfc99c2b4,50,1,1,0,1,2
849f7a4c-4a1e-4672-b00d-6d710c0dd06b,50,1,1,1,8,16
dfadc954-8ebc-4143-b531-8401c91bac28,30,1,1,0,1,1
e3cd57e4-81c5-4bee-84d6-83ad17bfe82e,10,1,0,0,1,1
108b7965-d981-4e1f-8e71-ae54dd484539,2000,1,0,1,16,32
1bec3bb4-10f9-4904-bba3-7fa92d3ea5ab,2000,1,0,1,16,32
4609ec8f-2a89-46cb-a1a3-b8da93427494,10,1,0,0,1,1
12958426-b4ea-45f4-9f0c-7dcecb07479f,30,1,1,0,1,1
aff7375f-09e1-43d2-8721-4ace9cb99c03,50,1,1,0,1,2
440e3639-8cab-40af-ad77-4f06614e3a7f,50,1,1,0,1,2
8376c17e-6501-4ca0-97ab-14cff939c11c,50,1,1,0,1,2
7b099d1e-57ec-4733-b997-6ea643d62c7b,30,1,1,0,1,1
ce83d28b-25de-4211-8456-01779c91f183,30,1,1,0,1,1
90a05cd9-3261-493f-a87c-ca0ab7d74e70,50,1,1,0,1,2
7f64cd2f-62e2-439a-a7f4-b8ad15e5a3e1,200,1,1,0,16,32
0c937385-5cb0-46fe-b74c-16707596177a,200,1,0,0,4,8
72a5f3f4-c961-42a4-bb79-f6d3fe2ce540,50,1,1,0,1,2
01c4ae10-8fb7-4fd4-b201-92f847fc94df,500,1,0,1,16,32
69a627a3-5c9b-406a-82a8-3d42af49d72f,50,1,1,0,1,2
a8cf917d-a9cf-4d2f-9bcf-4f7e9ec2f95b,50,1,1,0,1,2
bc1d5720-0f1d-4215-b708-485839ab326d,50,1,1,0,1,2
6703c175-f5bb-40d3-a63e-64aa7d88cb46,100,1,0,1,32,64
f9e97f73-2ab6-4fcf-bf99-649e0fe6a239,10,1,0,0,1,1
0a2c10ef-a24e-41a6-98c0-be5ef88bd107,30,1,1,0,1,1
d6bf791f-8d4c-46c1-915d-fd8cb6391fc7,50,1,1,0,1,2
14d02ed6-2228-457a-ad09-5b68b7ada494,10,1,0,0,1,1
9a83760a-66f2-48ee-a7ae-e594f455681f,30,1,1,0,1,1
02e4e15d-5661-4190-8041-3eb545067ee5,50,1,1,0,1,2
072b2c87-1ecc-4760-890d-b37afd32f3a3,50,1,1,0,1,2
dafc95a4-1327-4429-bef0-efdb37de85bc,50,1,1,0,1,2
77096842-2105-4dad-95a7-d5925f058c6e,50,1,1,0,1,2
c700dc8c-bf37-45f0-a692-32fe30c8780d,50,1,1,0,1,2
62c268c1-b946-4b0d-a22d-02d6eb1a54d7,50,1,1,0,1,2
2cbab808-79ae-4f61-b66f-1662a986d545,50,1,1,0,1,2
04345fce-5ce2-4ed0-95b0-da404770e19f,200,1,0,0,4,8
a2e8af45-dd0b-4c4d-b224-f6142b2e4e2e,50,1,1,0,1,2
4d2597d3-9cad-4e64-ab8a-37646cf50cec,50,1,1,0,1,2
99e6cfdf-7119-4570-91d2-288c52e1eff1,50,1,1,0,1,2
63a152d8-9cb9-4783-b121-58fd8ca616cf,100,1,0,0,2,4
e7bd90eb-9f63-4ba9-a99b-37b9182c7999,50,1,1,0,1,2
49848ce3-5c9b-43d2-9bff-6a8de5c0592f,50,1,1,0,1,2
6215ac60-52e7-482f-bed7-ee24c6bf79a2,30,1,1,0,1,1
144f6d00-f85a-4e95-9afc-e568c47475f7,10,1,0,0,1,1
aa073e97-cb33-427d-ab96-378eeb719fac,30,1,1,0,1,1
bb4d212f-4b60-487a-9685-0491179bcfd5,30,1,1,0,1,1
8f42a1db-af02-4798-83b6-f85f19505a83,50,1,1,0,2,8
f582bfc0-dc68-4b2a-bdf9-9fd425ccb30b,10,1,0,0,1,1
1fbaa261-587c-473d-9b15-10bc6360cbd7,30,1,1,0,1,1
d1852cd4-84c5-4ea1-baa4-085e00e4f1ef,10,1,0,0,1,1
f0d995e9-28ba-4c04-af38-cd9d4573b253,50,1,1,0,1,2
82c1f275-7270-4701-8a0a-d554176f6c39,50,1,1,0,2,4
2e4f7de2-39e5-4ccf-b867-c70d864e919b,50,1,1,0,1,2
80478df4-a523-4878-a41c-babe98d2c990,50,1,1,0,1,2
fa4d97d5-7fc9-4b01-ad4d-64c30fff5377,50,1,1,0,1,1
e3325655-c766-4807-9f26-cb674442696f,200,1,0,0,4,8
64a94f22-436c-4f8c-be2b-bdd44e5b6670,50,1,1,0,1,2
de08cfec-2350-45a5-afa4-85952c500769,50,1,1,0,1,2
493ce4a7-a518-49fc-bc29-c22042ba7ee7,50,1,1,0,1,2
37b521ae-13bb-4aa7-a640-ea066cc99936,50,1,1,0,1,2
2a5e2103-295e-482a-93af-f5a678673bb1,200,1,0,0,4,8
bdd83b6b-adb8-40c6-82c3-cac697b809db,50,1,1,0,1,2
427cf2c5-c7c3-45e3-a495-815260c45d85,50,1,1,0,1,2
42799e5b-3cea-42ed-bb0d-b53f4cb2974d,200,1,0,0,4,8
7561d0ad-c777-49b0-93da-fd1748395d00,2000,1,0,1,16,32
3184392f-16b3-4f55-ad05-488e3e309296,50,1,1,0,1,2
34eb2722-78e2-42ae-9bd3-b088077a5104,50,1,1,0,1,2
80a5cd23-edcf-418c-959a-25177375b9d3,50,1,1,0,1,2
12c27aa6-94d2-4f80-b8c0-fd17f0fdc5b3,50,1,1,0,1,2
2790d955-7438-4c79-bd4b-5f42d4d863f4,2000,1,0,1,16,32
810312c7-364a-44d1-b310-06d53e124ed6,100,1,0,0,1,2
c7e10602-ffb2-4e0a-adc2-5321e8612468,50,1,1,0,1,2
271ae855-58e8-414b-8376-85709bf06612,200,1,0,0,4,8
5107d41d-3076-4ba0-aea1-24fc653c5037,50,1,1,0,1,2
9010c051-cd96-4790-add5-0cdb3910a412,50,1,1,0,1,2
5e1f7b14-bfb6-42f9-abfa-d27caf3fab23,50,1,1,0,1,2
d18ad224-bfd4-4e9d-9dac-9a70e3f3351c,50,1,1,0,1,2
b58db7f7-6b65-4bd0-9546-73fab90f8000,50,1,1,0,2,4
d435bc73-6fd7-48bb-9218-1bd5b80a36ea,50,1,1,0,1,2
be349f74-267c-4e8b-b4a6-840dc07f7b2a,50,1,1,0,1,2
8d0919d2-29a8-4ff8-b556-b49876a0a286,50,1,1,0,2,4
b7064f9b-5372-4557-88bf-d59f60d98994,50,1,1,0,1,2
070cf2ee-213c-409e-ad26-a9bf782f3219,100,1,0,0,2,4
ba77e318-f804-4591-896d-7855c79d5ff5,100,1,0,0,1,2
e1d812be-67bc-48ae-b619-dde10f1edb76,50,1,1,0,2,4
d7198431-4ff5-4465-af29-46c49536312b,100,1,0,0,1,2
9498c8eb-d290-4e87-89df-512e319b02ca,50,1,1,0,1,2
e663fe88-7fe8-4526-ac38-e19abc262872,200,1,0,0,4,8
5cd33657-ecd9-4c50-a71a-1039a85f9e8e,30,1,1,0,1,1
33e7aeb3-0b44-4b54-8ccd-66ae20d5c197,50,1,1,0,1,2
d8fab52a-ae95-4afe-8155-c67f20d172f8,50,1,1,0,1,2
1488bc4b-6a6d-462b-9ded-a15b64e48eb4,30,1,1,0,1,1
09675d65-27c3-4fce-8609-754a5357c8d5,50,1,1,0,4,8
a97622ea-c782-40c2-a2ac-88f281c749fd,50,1,1,0,1,2
a686cc9f-276b-4eac-9987-8725202972f2,50,1,1,0,2,4
5f7b44bf-142d-4f3e-a3b5-85af74e33a6a,50,1,1,0,1,2
cea36774-6819-4d48-9334-cf79b2df55c9,50,1,1,0,1,2
2314b15f-c648-4702-92d6-c2ce5eccd6d2,50,1,1,0,1,2
521b16cd-cd1e-426b-b8a6-ac7cc5fa09e1,50,1,1,0,2,4
cbfde77b-4f9e-4b7a-9bf7-f2c4ed9cddbb,100,1,1,0,8,16
295cdf59-98b6-4d44-8687-8fc5a0a6e71a,200,1,0,0,4,8
285f5e03-51b3-4532-9136-3683d3363f05,200,1,0,0,4,8
03953bea-cbb7-43d1-a0a6-3505cb6577c1,10,1,0,0,1,1
101b9c92-3eee-4991-9049-565ff938c411,50,1,1,0,4,8
44a30bec-2b54-4416-b3f3-5fb5c01f20f1,50,1,1,0,2,4
812fe938-9048-4c84-b57c-a68fcbfc03fd,50,1,1,0,1,2
cc7d5c89-1f80-4f4b-9877-b8f5657792e6,50,1,1,0,1,1
85666fe8-f5de-4b99-975c-d0a0f98c1d3c,50,1,1,0,1,2
2de88731-957f-4950-8b54-1f8c02872e0e,50,1,1,0,1,2
49049f0e-448c-4f22-909a-2c4d50ac90b4,50,1,1,0,1,2
b2d520d4-126e-4491-a383-da4993d3ff0e,50,1,1,0,2,4
745368dd-f7ca-4270-8e5e-6aa0fc147b86,100,1,0,0,2,4
e531a148-8a4b-4d6a-9810-85cfcf7c3916,100,1,0,0,2,4
ee22f8aa-2c4c-4c17-8ca1-2d2ee56d347f,100,1,0,0,1,2
f5a7e95c-1943-4c3f-8299-880c51bf0e97,50,1,1,0,2,4
38c5c2af-9408-480d-99ab-ef3efb3f4682,50,1,1,0,1,2
3b7bde64-ce2e-4f8a-af20-a9ea38622ebb,50,1,1,0,1,2
360fc408-46a3-47c1-9653-d1906552ddcc,50,1,1,0,1,2
fad8937b-31ad-4417-891e-348413417319,50,1,1,1,1,2
f62dbd45-44bd-4848-b677-a52ae1078147,50,1,1,0,1,2
a3ebef2c-29e8-4447-8309-1d09b44c96ce,50,1,1,0,1,2
734a0be5-8740-430f-ba03-121fb7546d72,50,1,1,0,1,2
258a8046-84b5-4d79-b2b7-ca1a1a997517,50,1,1,0,8,16
9021815b-1630-4145-9b32-fe640883e402,50,1,1,1,16,32
96dbfce1-381d-4e2b-8806-c8f0ffb8d581,50,1,1,1,1,2
90a1a3cc-3ccc-4e29-bbb2-282b48bc7385,100,1,0,0,2,4
bff0fa03-4907-4cfe-b22b-ca96a1e396a5,100,1,1,1,8,64
195edfe7-e079-4182-bce5-ac6286e81974,100,1,0,1,64,128
da0d0d92-29ec-4435-bc0a-6aac3b4eddd8,50,1,1,0,1,2
a89937c1-7f96-4f16-998f-59b9aca7dd5f,100,1,0,0,2,4
c5159975-2cc5-4494-8584-256c81149992,50,1,1,0,2,4
637b3720-6d13-4fef-8ecf-cb06fca275d3,50,1,1,0,1,2
83d39e80-ac76-4711-bd77-37b81d98bc49,50,1,1,0,1,2
2d8ca1a1-f1b1-4432-a604-274a21ea1478,50,1,1,0,1,2
1c1994b8-d489-4312-9fdf-d5d43e508801,50,1,1,0,1,2
266d21ca-dae7-4094-b3b4-615434fe2f9f,30,1,1,0,1,1
8c90dc99-40a1-4e2d-b747-01e9b89e523e,30,1,1,0,1,1
f6fc1770-ec87-4be5-bd98-fb7432954f21,50,1,1,0,1,2
251dbcd7-86da-410c-af63-a18ba430ec44,50,1,1,0,1,2
50f7f48c-ffad-4026-af43-0f712b0a5bed,50,1,1,0,4,8
3288afde-832c-4f51-94ba-c6c2b668f2dd,30,1,1,0,1,1
622bafc7-44ff-4885-b199-65ea65a5f0ea,30,1,1,0,1,1
6820e6d7-212c-43f5-9249-8822f55dbd30,10,1,0,0,1,1
0a648bb2-4b74-447e-b9e6-4d7bc31b9091,50,1,1,0,1,2
b02ac9e9-9fa9-47fc-9589-ff7324ce0e79,50,1,1,0,1,2
f2c70ee8-9ada-47e2-a12d-1f41aed2a035,10,1,0,0,1,1
416a59bf-e590-43ee-9331-7b2a25bac2c7,30,1,1,0,1,1
f2c84316-4f3e-48e5-bd75-a360bf1176bf,10,1,0,0,1,1
96ffd977-3dc6-4943-bec0-8b9092110fa0,50,1,1,0,1,2
c705ed2c-173e-4a7d-bce1-e6bfeecd3379,30,1,1,0,1,1
dbb225cb-9669-4fc6-902f-e8bdbefd91bb,50,1,1,0,1,2
0e619891-8524-4b67-ad71-a82e20a185cb,10,1,0,0,2,4
e2b5f523-47cf-4f53-8b38-0cc87c851428,50,1,1,0,1,2
e1066c9e-ec39-44d6-98b7-a674869647b2,50,1,1,0,1,2
8af54939-0dce-4cda-9a21-0ecc35df42a3,10,1,0,0,2,4
a2b423d8-b818-48a9-ad52-5a016dadf02d,50,1,1,0,1,2
05316131-65eb-4f12-a453-de31f8a059ba,30,1,1,0,2,4
239715ef-8784-4daa-bf72-5ac9d3a7a02f,10,1,0,0,2,4
2b9cdd0c-e67d-410e-a667-d588301499d2,10,1,0,0,2,4
64dfbc55-b283-4fed-b284-de8fb6f8f8e4,50,1,1,0,1,2
715288e7-4bfe-4871-b43b-932a425e6dcb,50,1,1,0,1,2
914e5ec7-c43f-4326-bba7-4a9fcd11e08c,50,1,1,0,1,2
b051d72c-68e3-4fa2-894b-43a94edf11e3,30,1,1,0,2,4
fc4bc00c-7159-4a9b-a45f-2ff08d93e25f,50,1,1,0,1,2
410360de-6c04-41be-b611-97dcf5305a1a,50,1,1,0,1,2
cf947909-7e0d-4274-af73-ebba4c448f08,50,1,1,0,1,2
e6007526-9140-49e2-9d6a-5bef9ca7bc93,50,1,1,0,2,4
2a3ca9aa-54a9-4935-b861-639a2b0364ff,30,1,1,0,2,4
dc30d70d-f259-43f7-b839-a18cf47116a8,10,1,0,0,2,4
babf6fb8-d048-4445-b9fe-41ba6fb67c4b,50,1,1,0,1,2
d94c3060-3f38-4729-b2c0-4bf1bda4aecf,100,1,1,1,8,64
2d98e442-350a-4df2-80ea-d1c1ab31a8a1,50,1,1,0,2,4
559874f6-1ed8-40cd-8a00-ba08b3d8da38,50,1,1,0,2,8
f554a0f4-8f7a-462f-90ff-5ae43aa72940,50,1,1,0,1,2
ca353fc1-481c-4f7e-8059-dde4bf5e5091,50,1,1,0,1,2
293d69aa-a4a1-4a3b-82ee-bff145a7b77c,50,1,1,0,1,2
c056334c-9a68-44f7-9988-07f0630151dd,50,1,1,0,1,2
476b3d10-c643-4fdc-bdea-e12c7cd7800d,50,1,1,0,1,2
1485b19a-dd17-4aab-aa51-aef7588c4542,50,1,1,0,1,2
e1383302-7c08-49ec-8bf5-d4be1d6cce11,50,1,1,0,1,2
338c72b4-2240-4f54-8d20-55caa32a8291,50,1,1,0,4,8
4e190c16-7101-4a71-8087-1567c4ecb35a,50,1,1,0,1,2
d78206fd-4f3c-4208-929c-77ae6de50774,50,1,1,0,1,2
e5da8b19-cd3d-4d46-8ba5-cbeb7ce94ffa,50,1,1,0,1,2
5b547cef-b846-44e0-b5fd-bc5db560ee30,50,1,1,0,1,2
db085103-f449-4b2f-bb87-cb94d03d1172,100,1,1,1,8,32
b2d376ac-ebc2-4e25-9a59-77dd7a9b8281,50,1,1,0,1,2
57f12bf5-3f4b-4bd2-aee0-c36a9beea35a,50,1,1,0,1,2
a4b0f654-05c5-4d27-8335-23d7507bc949,50,1,1,0,1,2
75ae8dc1-e5d0-48c3-bbcf-fde88673fa79,50,1,1,0,1,2
8fb83a84-cbd6-427e-8c57-764c2ba7cc5b,50,1,1,0,1,2
7a720aa8-ca27-40f0-a9ea-ce362f19e6dd,50,1,1,0,1,2
66442e88-a823-4fa8-8173-fa5756adfcd2,100,1,0,1,32,64
eacd22ee-6073-4469-976f-2f76cf326e5c,100,1,0,1,32,64
fdf28e27-78c2-4b64-8ec3-4e01d112b90c,50,1,1,0,1,2
98512241-3c52-4786-8204-64aadfb4a904,50,1,1,0,1,2
ea7ec038-bb8f-4720-ac76-c6a100de5059,50,1,1,0,1,2
82f4b27b-15a8-4ff2-a19a-6358c7c683f5,50,1,1,0,1,2
9c5a2499-e009-461c-b132-e3277a809316,50,1,1,0,1,2
1659ee34-3c55-4c49-a119-9b9fbf584d7d,50,1,1,0,1,2
7b5f2964-c88f-45a7-9bbc-d2896e19968b,50,1,1,0,2,4
ba9dc52b-9a6a-4013-a830-45564030f98f,30,1,1,0,2,4
3351f137-e271-4df7-9479-3338d7de9fcd,50,1,1,0,1,2
bc0bef38-a547-4686-bd87-fe0b08d7f432,100,1,1,1,8,16
5a238e7f-a9f7-4765-b556-d0ff24405d2d,30,1,1,0,2,4
525edaae-2563-4b54-9bb7-9c4e51afce5d,100,1,1,1,32,64
2703ba17-8aaa-4d83-8e84-5901e66d5d6f,50,1,1,0,1,2
4fc6f75e-0cc3-49c0-8c6d-bbd34305ac84,50,1,1,0,1,2
527b2853-59ab-43f0-ae83-bee6af58065e,50,1,1,0,1,2
09a5a10c-5416-4971-ad89-920e3c0ad3b3,100,1,0,1,32,64
428a87d4-58ac-4d2f-be4f-a10271f5fdec,100,1,0,0,2,4
5562ee50-8c73-4d88-997d-0c10b30d0a1e,100,1,1,1,32,64
6effbf69-5a48-4bb7-a8ae-25b97b069c57,100,1,1,1,32,64
631deb93-ef3e-474b-aa71-7f7306468ef9,100,1,1,1,32,64
963b6f94-c286-4cd0-8609-0fb23e23d8b4,100,1,1,1,32,64
b0701f97-3a09-49ce-93c1-6226de4b3b1d,100,1,1,1,32,64
e4329855-8234-452c-b908-78acbbe42d46,100,1,1,1,32,64
ea9115b1-f0ff-4ef1-9cab-21d3f20331aa,30,1,1,0,2,4
9354c853-0b72-4198-b06d-01410b31ac46,50,1,1,0,2,4
e751e304-acfc-4835-928d-97660670f64c,50,1,1,0,1,2
a2490ff4-ba44-4fa0-b8c4-bfbaf9bf3333,30,1,1,0,2,4
f7910743-5e29-4385-868d-9cf25625ba3a,50,1,1,0,1,2
c3c5488e-4757-4d6f-83d7-1a44c0a55c3b,50,1,1,1,10,40
b6c2bb1a-b242-413e-b7ad-68c19973f4e7,50,1,1,0,1,2
640480ed-2a38-489e-bb88-700c0598aff5,50,1,1,0,1,2
126dd5ca-f57b-4b6c-b76b-0835c9e3fcdf,50,1,1,1,24,96
e9d5ae20-3398-47cf-835e-08e3c65b4fd5,100,1,1,1,8,64
80d94ef6-53aa-45fa-a2c0-a5a6b5b4f251,50,1,1,0,1,2
86cd5ccc-b4e7-4053-bb5d-da1cf4783733,100,1,0,1,32,64
d30dd30c-b8f9-4ef3-b122-36a32e3107bb,100,1,0,1,32,64
e8c19bd4-a4ea-4adc-b567-0cd47c3a2e84,100,1,1,1,32,64
06b47dec-dc08-4477-86b7-e0408ea86d35,100,1,1,1,32,64
0d80235e-0898-469d-85eb-82777b950447,100,1,0,1,32,64
3652b8f0-4750-491b-b364-1b06aa467d4c,100,1,1,1,32,64
46cc53b6-b17b-4caa-b76e-f754a36adc10,100,1,1,1,32,64
59cfdb44-995d-49bc-8219-7dceb0df81b8,100,1,0,1,32,64
6908e1b6-bd7d-4b28-a9d4-2599a5406f8e,100,1,1,1,32,64
acec2179-5051-44b0-bd44-25b9a52ae8b9,100,1,1,1,32,64
f60d6ae3-e7eb-4982-adb8-e451a3408eca,100,1,1,1,32,64
75daee20-62f9-4278-b8bd-7c5b192c141e,50,1,1,0,1,2
fd787f1c-656b-4e02-8741-2388853abda7,50,1,1,0,1,2
b0ef7c15-08d4-49da-9277-92d151b702d3,50,1,1,0,1,2
97a31af6-e1ac-42cd-8241-a23594c852a2,50,1,1,0,1,2
93db40e1-a4dc-4d76-87a9-646828acd109,50,1,1,0,1,2
1c9c8691-e2cd-42c1-8df7-1ec899dc5fe0,50,1,1,1,16,64
d76fb76b-0cc3-4ae9-8d8a-db4e48e72956,100,1,0,0,2,4
ec2c90a3-4b34-45ca-9a00-24e769676542,50,1,1,0,1,2
251b6398-05db-46ff-9853-f437f602df39,50,1,1,0,1,2
8c63faa3-dc87-44ab-a950-6779aa4c8642,50,1,1,0,1,2
63dfa324-3967-4ae1-89c1-ccc48a3c19d3,50,1,1,0,1,2
fcaccd5b-7692-433d-a766-94a52d04eb10,50,1,1,0,1,2
30d5f5d6-da1f-49ff-b6de-18e940d207c4,50,1,1,0,1,2
240e1edf-9cc7-42f2-ad24-6fa65b8bc0bf,50,1,1,0,1,2
c317e3c5-d7cb-45c8-b675-802f66de4ccb,50,1,1,0,1,2
d35afe37-dfec-497e-914a-60496e8fb439,50,1,1,0,1,2
199e3566-8df6-47af-aec0-5dff577129f6,50,1,1,0,1,2
c4695ded-4b90-4509-bafc-7a5133ee36b8,200,1,0,0,4,8
4c0ce1dd-776c-4f8f-9393-b42856cc8770,500,1,0,1,32,64
6088ecf3-16ed-4967-9d75-12cc5bc74ca2,50,1,1,0,1,2
b29f3c21-a46b-493c-97cd-e809ea5c294f,500,1,0,1,32,64
a3cf601c-e629-4116-b807-0b2343c23399,50,1,1,0,1,2
0219efcf-9c79-49b9-a9b9-4fbfdf0b18e9,50,1,1,0,1,1
89384dbc-1e20-4d5c-92f2-0d61c374b547,50,1,1,0,1,2
621235bd-002e-4e1c-827e-bad665628049,100,1,1,1,8,16
8f2faec3-c4c2-4c96-82b1-4b35deb0519b,50,1,1,0,1,2
0e49d610-af7d-44bf-af2a-a3d064b19484,50,1,1,0,1,2
dcc1a1ec-a409-4cdc-9cbb-d06510ec980e,50,1,1,0,2,4
20b9a236-0178-4578-a0e8-be08fde04156,50,1,1,0,1,2
3c97d760-d29c-4c91-bece-69c14cdba5cf,50,1,1,0,1,2
0bda687e-d87f-4ce5-a0f5-ae56752ecc84,50,1,1,0,2,4
ff0e354d-6067-4941-a2d9-d260c497d099,50,1,1,0,1,2
c737d574-5646-4e93-89b5-dd3efeac274c,50,1,1,0,1,2
09f832f7-8fe3-4742-8138-2ac32217e8a3,50,1,1,0,1,2
db028a9b-994c-4929-a732-de77e299a723,50,1,1,0,1,2
fbce0ceb-3ae6-4660-bc52-5a72f3d02e68,50,1,1,0,1,2
3e7645fe-98bd-4528-83c2-c4f03960a6f7,100,1,0,1,64,128
d3270d0e-2d35-4fa9-ab65-ee4aad087004,50,1,1,0,1,2
2587d6e9-8a5d-466b-8f8b-afba2e659f76,50,1,1,0,1,2
e339f8c7-131c-4021-9ff9-770c2784fe2a,50,1,1,0,2,4
962b258a-6766-4112-8ce5-a9e236a32e00,50,1,1,0,1,2
7f0a6b20-652d-47a0-813a-290bcd17c593,50,1,1,0,1,2
d72b4f34-597b-4a24-b8d6-f81f7462bef3,30,1,1,0,1,1
0cc9d9c0-0bd5-4821-9b50-550e49a2ec9e,50,1,1,0,1,2
40a695a7-6313-4b6e-909a-2050c28c5883,100,1,0,1,64,128
1b0340cf-a2f4-4552-8828-5d31a2428b0a,100,1,0,1,32,64
eadda618-2f4c-437e-b8c2-f84f38c5f569,500,1,0,1,32,64
6d8bc6b1-6607-4c9d-9628-60866678b34a,100,1,0,1,16,32
4875a815-a856-471a-afd0-c3b1e02957be,50,1,1,0,1,2
8cfd2399-6664-45d5-9200-1b6ac83783f9,500,1,0,1,16,32
135ddc24-ee22-400c-a4ae-240fc427089f,500,1,0,1,32,64
0cec5717-6578-499b-aa75-e0d28be77d10,500,1,0,1,32,64
fa1e025b-f4b4-4845-a3d2-5ecfd4e068d2,50,1,1,0,1,2
23d92527-5d8b-41c4-a814-ac3a945e0359,100,1,1,1,64,128
07703fb9-1610-4b06-90dc-8487303215b3,100,1,1,1,64,128
27871700-6c25-4cac-a0f1-80447f6f1629,500,1,0,1,180,464
204d5be5-4484-4da0-96b3-caf7e6d54f5a,100,1,1,1,180,464
b7300514-2233-44a7-a544-e06e53dd1f83,50,1,1,1,16,64
aad3d866-2108-4dd7-be78-6289a8d01a4e,50,1,1,1,16,64
925515af-8836-4451-bf53-1ef530fd326f,50,1,1,0,1,2
5beecb38-d317-4921-9da4-55d9c65c469f,100,1,0,0,4,8
4075de1a-f722-488e-900e-3448e3f14646,50,1,1,0,1,2
88e18f3b-45cc-441d-b0ac-07a8357107b7,30,1,1,0,2,4
48c8fca7-af32-42e5-a570-7260f8874e2d,50,1,1,0,1,2
690c9859-771d-49fb-8594-de69633ccfd6,300,1,0,1,32,128
7dcf437b-677c-4c0d-b0d6-aa3cf59991c1,300,1,0,1,32,128
de3b5266-632c-4f65-8829-a4243bfdcc89,300,1,0,1,32,128
71a7c403-b955-4c9a-9a83-9fa61b559b17,50,1,1,0,1,2
0233c002-10e7-4d54-8b28-74dba823e321,50,1,1,0,1,2
7aceaed7-d1fd-4e0e-a747-a1004b641d9f,50,1,1,0,1,2
d26123e5-f501-4821-bbe9-5b01c35b4080,50,1,1,0,1,2
661dd389-c1ad-417d-b324-ed781319a511,10,1,0,0,2,4
f35d1ba7-1583-48f6-b66c-f6ec06aaf3e3,50,1,1,0,1,2
fba82b4c-9aac-4dab-928c-dc346a9f32c0,30,1,1,0,2,4
38c9b4a8-89a6-42d2-ba53-f1fd7fb48cb0,10,1,0,0,2,4
75d1cd75-312e-450b-ae53-22eb3461ad0c,50,1,1,0,1,2
7c84ebcf-82cb-49db-a3d5-fa5c6af17dbe,50,1,1,0,1,2
d572a25a-c66e-4551-ae39-e6a09c590ff6,50,1,1,0,1,2
8a008a72-82e3-4505-a341-839a0485183b,50,1,1,0,1,2
fc0258e2-dfc3-4295-97b9-3c8402ac8b09,50,1,1,0,1,2
6d9d8bf7-e609-4e68-a40d-00f1b3bd2ec3,50,1,1,0,1,2
f2b813a9-bdf8-4df5-a94f-ea525cd7ca3f,50,1,1,0,1,2
d2cd6740-08a1-4936-85d8-8dcf74f3c70e,50,1,1,0,4,8
eb2c8bca-364b-44cf-9adb-53f3b03f0131,50,1,1,0,1,2
600ee42a-f9e5-4a7e-8c05-9759bf9eeee1,50,1,1,0,1,2
e934c599-2877-44c1-ad34-a612317baaa7,50,1,1,0,1,2
d6a79826-859e-4987-a3d2-4c802120c355,50,1,1,0,1,2
7bd92b48-a4f7-4824-a560-fdd6ac547c78,30,1,1,0,2,4
5a6d134e-8cc4-4204-84a0-e78011bac796,10,1,0,0,2,4
5cd6f93d-4c1c-4dc0-938a-cf6362c4efd7,50,1,1,0,1,2
edc57f7e-b835-492c-a90a-5c53beb7e5d5,50,1,1,0,1,2
c78f832a-ef4a-455b-a8f8-a0f33ed30a3b,50,1,1,0,1,2
d1f76b93-abfb-4bf5-86f1-02fb69a05d81,50,1,1,0,1,2
4497cab3-6f83-42e8-a0ed-ac04601ba63a,50,1,1,0,1,2
8ff1033a-fab0-4761-9203-677064beb728,50,1,1,0,1,2
32d9dc7e-4794-4e0d-ba40-eb9a3b4e2961,50,1,1,0,1,2
ba26680b-5698-496d-a7cf-16b320e7d72b,50,1,1,0,1,2
f3bd81ca-dcd7-4ccd-a7ec-57aeba3baf0e,50,1,1,0,1,2
cd3805d4-5a91-4c5b-881b-31a670339e3d,6000,1,0,0,16,64
e669e968-65d1-4feb-918d-92fda1a860b7,50,1,1,0,16,64
22ed6044-20b4-45fb-9484-40afa81bb757,50,1,1,0,1,2
f9f81f94-417e-4e9c-af9d-60e3d914189d,50,1,1,0,1,2
4e3ced14-a7f8-49d3-9254-0721fb43cae4,50,1,1,0,1,2
78a9f6e8-58db-47f1-9a00-1615fd0d9364,50,1,1,0,1,2
4a7e9377-b971-408b-8119-42bafc6f12e3,50,1,1,0,1,2
ac9a7d2e-b36d-4c32-875e-fd587907d80b,50,1,1,0,2,4
d8cfdb9c-2e0d-4a74-bca8-b5fea3f697b1,50,1,1,0,1,2
5956e9f3-d4b4-4811-9f2b-14d852e02fa6,50,1,1,0,1,2
7d999c56-0145-4d8e-babb-ccbedca858a4,50,1,1,0,1,2
3e77246f-a28f-4ff6-b82a-5d99c1648447,300,1,0,1,32,128
54451b09-5221-4aac-a95e-89f6b096b27d,300,1,0,1,32,128
57d6ed10-a113-4531-98e6-df8a2eb17bd4,50,1,1,0,4,8
72685811-3712-4c68-bef8-bc5bfb7be864,30,1,1,0,2,4
f1220e73-15f6-456d-8dd9-65d40479ba83,100,1,1,1,8,16
9d7a166a-fc2d-47c2-b30d-f37f4244bfea,50,1,1,0,4,8
427745a7-c95e-4787-9dad-f97121fdfc40,50,1,1,0,1,2
f7915d78-1aa9-4a23-8c67-b07bb8bbd2ae,50,1,1,0,1,2
078ad597-9967-4503-b0a1-aa361625cf55,50,1,1,0,1,2
fd64e5d7-d327-4bf3-a712-2ce44dcfdb59,50,1,1,0,1,2
6239b825-951b-423d-b7c5-5dae8a53b802,50,1,1,0,1,2
cb780035-4ca8-48b1-a56f-231672a4f9e4,50,1,1,0,1,2
716a7a51-cf78-4bf1-a797-1621ea3e41a4,50,1,1,0,1,2
da4e83f3-6dd3-4435-b3d8-06b02218ce13,50,1,1,0,1,2
798b0315-d1e1-4131-94a5-85d5579edd38,50,1,1,0,1,2
e728d5ee-0c28-4988-9257-299bdbb6a497,50,1,1,0,1,2
d0ee3611-f5b2-4055-b818-fb1ed7889218,100,1,1,1,8,16
2c9c43b4-0ba3-4746-a185-b272102fc650,50,1,1,0,1,2
5cab3f9a-fab0-4e25-b528-fea639dd76dc,150,1,0,0,4,8
ca81e287-d209-4ab1-879a-fdac9c6cc0b3,50,1,1,1,8,32
e7c0dca2-023c-47b9-a626-aa36417ba375,100,1,1,1,8,16
649f711e-1be6-41c2-a96e-d85ac58bd5e3,10,1,0,0,2,4
6e09aacf-0a10-4d01-8532-4c72c1fb74f9,50,1,1,0,4,8
88e44126-aecb-45c1-a61d-69167cf86312,50,1,1,0,1,2
c7885aa6-0a9e-41d1-b84c-587e2b542b1f,50,1,1,0,1,2
e5dbd061-bbf4-4700-b10d-f75a970c9266,50,1,1,0,1,2
0e517079-1993-4c7f-9e2a-89e12a83632b,50,1,1,0,1,2
2f5f743c-818b-495f-a8ee-55cbc9fe9bb3,50,1,1,0,1,2
cda2715b-e034-4b9b-92e3-b34870a59970,50,1,1,0,1,2
c3f1a24b-d9cc-43c5-a713-13fdf3c3c049,50,1,1,0,1,2
e77b4aaf-8676-43a2-bcc1-90b54734d8e4,50,1,1,0,1,2
6a23221b-fb03-420f-b40a-235abdda7f29,50,1,1,0,1,2
d67afb68-520f-4f28-bb41-0151b8dae950,10,1,0,0,2,4
1db5c75b-256e-41bf-9e14-a39e8aa715c7,50,1,1,0,1,2
34674e5e-b332-4fc9-998f-23e52eba713e,50,1,1,0,1,2
7ab7dc3f-9780-4ae0-b3d5-81b36d76b10a,50,1,1,0,1,2
a293a8d6-1f13-4d92-ae7e-efcfc4eb7d30,300,1,0,1,8,64
1285aa45-5797-4290-863e-b13e52439223,50,1,1,0,1,2
ddcf5515-170b-4b78-93a0-b0644165c861,50,1,1,0,1,2
43061ad7-2f95-4ffb-be19-7c438bb70071,100,1,1,1,8,16
4ca99c4a-f019-4afe-a31d-be5dfb17b758,50,1,1,0,1,2
a9a148dd-2446-4c17-90d7-53ac3b1e52ae,30,1,1,0,2,4
9163d417-1a3c-4513-a6b7-fe59e34537b9,100,1,1,0,8,16
f09313ca-7440-4268-b91a-12272d4a334b,100,1,1,0,8,16
d8bb0dc4-7946-42e6-97cf-6c8f54fe3346,10,1,0,0,2,4
6ad1da2b-7d98-458c-a1c0-b17135963f8e,50,1,1,0,1,2
49e5816f-5c1f-43f4-9bc1-cbc483389822,30,1,1,0,2,4
7c469e7d-013f-4907-83cf-9753ad82b7cd,30,1,1,0,2,4
310c2bcc-9990-44ea-9578-444c175c96d0,10,1,0,0,2,4
3cadebd1-e6de-4e2d-95c4-506dd98db6e8,10,1,0,0,2,4
5cdd4d7a-19e3-4576-91b6-0957a9140801,10,1,0,0,2,4
1322a359-5b85-481a-8ff8-3f88ae19d3bb,30,1,1,0,2,4
53410f0f-80bb-40fd-ab71-1060231a37a1,30,1,1,0,2,4
2d4d3a7f-fd23-41d3-b343-6e7713d20962,10,1,0,0,2,4
eaf2e685-19c8-4a4d-a2d9-93414506cdb5,10,1,0,0,2,4
34e7e85e-7db9-4758-89d8-19074fca9c76,50,1,1,0,1,2
c99be320-ad62-4585-932e-4e4efd5bc34c,30,1,1,0,2,4
e179d2f9-f62e-4c4b-acfb-34235d07a645,10,1,0,0,2,4
1490fb22-1220-4091-9635-6e3177567c35,30,1,1,0,2,4
e1b9b6d4-6ffb-4298-9a29-641d3be66abc,10,1,0,0,2,4
4f0e2b3e-29dd-493f-af2a-81e9b6db834d,30,1,1,0,2,4
12fefade-8d5e-4046-b19c-ab1d3c068c14,50,1,1,0,1,2
1bc419c5-b280-4a87-b005-1f33f542130b,100,1,0,1,4,32
3c45f7ee-a9cc-4395-90c6-d2340506b0bc,50,1,1,0,4,8
5f4be238-ab54-419c-8921-dda1358af525,50,1,1,0,1,2
f6607397-4b53-434e-8a60-1078b47b8a90,50,1,1,0,2,8
f97ec6b8-0e92-443a-98ec-bf868abaf11a,50,1,1,0,1,2
4fe43745-ed16-404c-a2e4-0ef1415b8a6f,50,1,1,0,1,2
aeb94bc8-6e7f-44be-92ce-164fbe8100f8,50,1,1,0,1,2
f4e255bc-b90c-4028-aae8-bca626692818,50,1,1,0,1,2
cbb8365c-37e9-4bf1-90f4-a05151ea2e6c,100,1,1,1,8,32
ee0d78bb-dd5c-4d24-9300-922b62ac517d,100,1,1,1,8,32
9f88aa4f-e1f2-42e9-b3f0-5e90cbc14301,30,1,1,0,2,4
272db8f0-354a-4334-8a5c-99ae89c3fc4d,30,1,1,0,2,4
a34cf353-6552-4a77-b842-d656f195ad54,50,1,1,0,1,2
bb32e834-d7f8-442e-a0a8-4e07bcef0077,10,1,0,0,2,4
fb89920b-da13-4c37-94c1-4acf2e331ad4,10,1,0,0,2,4
e774fdf1-04f6-4d79-a65d-6505730acdfc,10,1,0,0,2,4
9a0e3dd5-b771-4193-bc16-f418392c61c7,30,1,1,0,1,1
1aac2cd2-5b4a-4f67-ad7e-041afacca702,50,1,1,0,1,2
5314c1ef-2fe4-48e3-910d-215b2290e18e,30,1,1,0,2,4
1b5f659f-a959-42da-8ad7-abbe6d735ba7,30,1,1,0,2,4
14757a96-9dde-4b91-b909-2dd721cdddda,50,1,1,0,1,2
7be9ef5e-9873-402f-ba37-45d4aa0278ac,10,1,0,0,2,4
c078a2cc-75b6-436d-b678-b82b261ddcd4,50,1,1,0,1,2
37d5b7b6-db55-4b95-8acf-473b45617b54,50,1,1,0,1,2
2128a4ce-7170-4357-b421-688eb12c221d,50,1,1,0,1,2
4c944e48-c028-4540-b911-3098c9a065bc,10,1,0,0,2,4
d3f3c24a-8f3d-4073-a178-9402259bede8,10,1,0,0,2,4
2815223d-57e7-4b4e-914f-f512ab03c404,100,1,1,1,180,464
bfde7e34-db84-47a6-bec7-63b9bca8a765,30,1,1,0,2,4
07d8ba01-d4b6-48d0-aaa5-bdfff542ff83,500,1,0,1,180,464
121bcd14-2c56-463b-8bd5-7eb2ef03f0e0,500,1,0,1,180,464
35355c84-491c-409b-b981-3aa38751dd35,500,1,0,1,180,464
6ec8e4e5-a08c-48ff-93bc-2d102bc378d1,200,1,0,1,32,256
98bf8e45-ab9f-4ad5-b363-5ed2e6d541df,30,1,1,0,2,4
ee98006e-5359-449a-953d-4260bcb09fbc,50,1,1,1,16,32
503f57e9-270a-4941-9c89-d4834478edee,200,1,0,1,32,128
463864ae-fc8c-4905-ae12-06f92701bf9e,200,1,0,1,32,128
2ce26f66-7f89-4185-a4e2-e3642d2135d0,500,1,0,1,32,64
26d0f729-1442-43ea-b859-da02c38cf544,1000,1,0,1,32,64
3438156c-344f-41ca-8a20-b7487eb5eb07,1000,1,0,1,32,64
d21a9b02-df84-4320-a012-cef7852d9cba,1000,1,0,1,32,64
f3abba42-b406-4e55-9d5f-b2251b35cb85,100,1,0,0,2,4
8faa9b37-d3f3-42e4-a56d-44e521f46a81,50,1,1,0,1,2
2ba9d9f0-7d38-46b5-9d17-95ffc37d80a9,90,1,1,0,8,16
611d4121-6611-46d6-bf01-43db48e46097,100,1,1,1,8,16
b17c86e3-6579-49c2-9c11-f60d45faa59d,50,1,1,0,2,4
23be334d-e161-47c2-bc85-0d55958f2449,100,1,1,1,4,8
ece1de14-c45d-4122-acd8-98e2c8abd6b2,50,1,1,0,32,64
50308aee-1fed-4712-a737-bd45cf6a6790,50,1,1,0,2,4
58ccc5c4-cfa0-4f37-b4de-d99ab368c493,10,1,0,0,2,4
c207c71d-250c-4495-83f5-98480cb2a1ef,10,1,0,0,2,4
628e5f91-383f-4a73-915a-1cf76bb601ac,10,1,0,0,2,4
f7d2df2d-a903-497e-b253-7884e00d953e,10,1,0,0,2,4
b4656988-63e3-4c30-9b5e-d3e6a5b8b950,50,1,1,0,1,2
2fb518c7-a44b-489b-a082-b8480ee6bd11,30,1,1,0,2,4
97a57954-c8ca-40e1-b327-4486b2929036,10,1,0,0,2,4
34f0aa37-6dfb-43ed-8900-22ba050f1e9a,50,1,1,0,1,2
4e1d1c55-f2a6-4874-ae4f-f76673f0e19b,50,1,1,0,1,2
15057fec-4be6-481d-9e87-bc0b5a28ccc9,50,1,1,0,2,8
2afa0477-81d7-427e-8f82-3686a812e1de,50,1,1,0,1,2
65e0e042-2c84-4feb-9232-250a63a2721f,100,1,0,0,2,4
e6a9cb37-4c72-43cc-ad52-fc59e165a5cc,100,1,1,1,8,16
9e60fc5e-f984-4318-aee9-7bea10a5eb67,50,1,1,0,1,2
a00fb2c3-0b20-43b0-b085-c2c29c4334b4,50,1,1,0,1,2
e8ecf702-b869-4a1b-ab0e-da421d08bf45,50,1,1,0,1,2
8143cbd5-b44b-4a90-b455-956a7e7ac849,10,1,0,0,2,4
84fe3b85-7645-4563-b408-9fcf6a45bc59,30,1,1,0,2,4
134c5b5f-b11e-4486-a0d4-856241474299,10,1,0,0,2,4
3048fe1b-4dfa-491c-aee0-34c8a66a8563,10,1,0,0,2,4
5a54efc7-d1eb-410e-bcf3-37b115a020b9,10,1,0,0,2,4
e522e7b8-48a5-4b4b-96e6-d74670d3158f,30,1,1,0,2,4
c4a03ae9-e722-4afb-b81c-1e2e9112da39,100,1,1,1,8,32
bc849a50-428f-4568-bee1-5d69a3f6b91e,100,1,1,1,8,32
0ac656db-9548-4f05-8d1c-944176373f74,50,1,1,0,1,4
b645fc2f-868b-4a99-a49c-4aeca56b229a,100,1,1,1,8,32
ba5d3679-5100-4e0d-aed7-20d17e693545,100,1,1,1,8,32
7b771a7e-1dea-4045-bad4-4c44375dcd2d,50,1,1,0,2,8
f2f2b97b-397d-4603-a632-04a23dd65b11,50,1,1,0,1,2
c94b0eb1-f9cc-410a-8b2b-726803bb4443,50,1,1,0,1,2
dc41a78e-a769-4942-bd0f-bcc7cd04a579,50,1,1,0,1,2
0fbf2914-ef59-4b0b-b2aa-d0453554ced9,30,1,1,0,2,4
889ed8f6-124d-4685-aa68-fa4722daec82,30,1,1,0,2,4
9416155d-c610-49ce-8e1d-552dc0ee84e9,10,1,0,0,2,4
c7ec30b9-99ba-4333-88a0-87b8c5556337,30,1,1,0,2,4
e3a680dd-b2dc-4650-bee3-6fa8477c6f2b,50,1,1,0,2,4
6e92081e-25f1-4e67-a954-a23998650b84,30,1,1,0,2,4
dc5ccf9a-1457-47ee-b48d-5356d7e185ec,50,1,1,0,1,2
a85c1c55-e16b-4366-b708-07b787acd0e7,100,1,1,1,8,32
45054940-f8cf-495a-8040-cbdfaaf03075,100,1,1,1,8,32
b4ec07e1-f133-4454-b9ec-50bbe6b5f42e,50,1,1,1,4,16
d21e8872-1d8c-4195-a6f7-48cda8c31d27,100,1,1,1,8,32
b5ea2897-6793-4f75-b7a1-1325e7022f00,100,1,1,1,8,32
0b24780b-35ba-402b-b592-f344a9604afa,100,1,1,1,32,64
b2361311-ca73-4eb1-a3f7-4dcb9ff7de9d,100,1,1,1,32,64
d817bf2e-1f5b-4562-9921-2932dab56fde,100,1,0,1,32,64
b1f0322a-4ed8-45c7-88e7-b0c39740e5b5,50,1,1,0,1,2
d3b6d900-4e9c-4ce0-b4b0-b9472afff5ec,50,1,1,0,4,16
831b0b50-810d-40fa-afe3-0774bbcad0a9,100,1,0,0,2,4
ee7bc48a-c90c-4463-9285-6211be506476,50,1,1,0,1,2
e1ede56f-fed2-484d-9fbf-80d8e3423c0b,50,1,1,0,1,2
d12f3331-2d2f-41ca-a4df-cf1a2b541991,50,1,1,0,1,2
4bb713a5-4edb-4858-8100-c124801029fe,50,1,1,0,1,2
53431ff0-4c16-4579-8781-f6d83991f4f3,50,1,1,0,1,2
4cbbdc81-263a-47cd-992d-80c75a34e351,50,1,1,0,1,2
3f9e1d49-3ce7-47a8-bbd8-18359675959a,100,1,0,0,2,4
54176ee7-bcfa-4a85-b655-5d857a098869,50,1,1,0,2,4
efd1b4dc-8746-4403-bbe5-679f4619dbbf,150,1,0,0,4,8
f40008b5-9d1d-482a-8062-5c1919658968,50,1,1,0,1,2
d70007e7-77f0-42a4-b0e3-33d8ed63c3fc,50,1,1,0,1,2
913b2cb7-1b8e-427b-8919-afb4da4099fe,50,1,1,0,1,2
f19cb504-0129-41fd-b88b-e43d46bfd92c,50,1,1,0,1,2
3c916f4d-cc97-487f-9380-9dbdbb536296,50,1,1,0,1,2
c6ec933c-17f0-4141-91e3-e1d12d0be6d4,50,1,1,0,1,2
ac30af86-bc97-467b-8d44-507ab547af15,50,1,1,0,1,2
e3bc822f-d8e9-43f8-9ef7-1a03fb7dbe40,10,1,0,0,2,4
b36d04d5-4273-4ef2-a53f-6f63f6891bf0,50,1,1,0,1,2
cee64e26-448f-49ff-9cbb-7348d2797cce,10,1,0,0,2,4
e92cb518-d888-4c84-b8aa-0391d8115b1b,30,1,1,0,2,4
865b98dc-cc74-43d3-a7c6-da5e324a69cb,30,1,1,0,2,4
b6b9de35-fe82-46e9-becf-f4da39b4f1e0,10,1,0,0,2,4
e5b13579-1dfe-4b07-9478-ae1aee8813d0,10,1,0,0,2,4
340cbead-b138-4dc4-a81f-3530573f3d99,100,1,1,1,8,16
21ef4c52-327c-4700-9181-de6215a91f6a,50,1,1,0,1,2
c4581f85-b1b9-4415-898e-abb18810faf3,50,1,1,0,1,2
57be8636-eb27-4438-af7a-00c4450f2521,50,1,1,0,1,2
da78de4a-ddef-45fa-a385-8548b3b841a7,50,1,1,0,1,2
07bb4583-f9b1-4e76-ab61-8faf62cd5781,30,1,1,0,2,4
b73a6f95-309d-4f5f-a570-9db85be4612f,10,1,0,0,2,4
4b7cc990-1e1d-4d11-a998-8338ff877525,10,1,0,0,2,4
1f865a0b-f7f3-4186-83f8-e82bca70b7d2,10,1,0,0,2,4
d71623c0-ca55-4ecb-9a0b-d9a9d4ac5bfb,30,1,1,0,2,4
102ac04a-35ac-4afa-9482-65ab12d62987,30,1,1,0,2,4
749cf559-a73c-4197-9f25-88ce4974d918,50,1,1,0,1,2
f98d06bf-a456-4b9b-a64f-a4850b38cc0a,50,1,1,0,1,2
e692f52e-7744-40e7-8d40-ae9db0e5277c,50,1,1,0,1,2
8f863782-bda9-46cd-93cd-1228a7c05eeb,50,1,1,0,1,2
1ae47f18-d6bf-4d2a-8c39-98e30cd042b1,50,1,1,0,1,2
b69be6c4-8058-4cd8-89dd-3da43f8cfd2d,100,1,0,1,64,256
b3d79f1e-dca6-473f-a362-41e02980a3fc,50,1,1,0,1,2
cd651014-165f-454a-af82-b924a204e9c8,30,1,1,0,2,4
3ffa6364-31aa-4087-ae19-c059a4053113,10,1,0,0,2,4
86958fbb-ba7d-43fc-bb49-495a0a9a843a,10,1,0,0,2,4
ca666604-1b61-4b7d-b9a1-75f6da01da0b,50,1,1,0,1,2
22a5520f-9b21-4a3a-b74e-b982230f82d9,10,1,0,0,2,4
f4239704-e23a-44f1-b41f-42c67e52cdca,50,1,1,0,1,2
7abc0f18-eff0-406d-a389-dd5a36a5c03f,50,1,1,0,1,2
e49619e8-d32e-4a0b-830d-e234758015fb,50,1,1,0,8,32
537e0bb7-97ea-447e-810a-beb5af5fbe7a,50,1,1,0,8,32
0ec01b3d-0678-4ebd-b5f0-ed80913f330d,10,1,0,0,2,4
6eab491a-baab-478a-8f33-6c130e9cd9ea,10,1,0,0,2,4
c2692148-0f3b-40f4-aed2-bcfb731b249a,10,1,0,0,2,4
7adcedb1-d6d5-4eb3-bd4f-17f2534980c7,10,1,0,0,2,4
c85abbb2-fe31-4752-92d5-8d80d72774da,30,1,1,0,2,4
b6010cb8-61a1-4ad3-b38c-a3a7fab67abf,10,1,0,0,2,4
a42a212c-8823-4e6f-a70b-76c3beeef59b,50,1,1,0,1,2
87909181-9505-4cd4-b103-7df47d04d399,50,1,1,0,1,2
aa254947-61cf-4e9b-8eed-efd059eca441,50,1,1,0,2,8
d8fb74d6-04f1-49fd-b2fd-9ec276da9f18,1000,1,0,0,8,16
bdc46c50-4b90-4ddb-bc36-f5e224bdba13,50,1,1,0,1,2
b7707c3c-764f-46a6-a3cb-febe9b11f6f0,30,1,1,0,2,4
cef845eb-5c14-4440-9e35-8010ced6a963,30,1,1,0,2,4
4185f36d-3459-481d-abe1-c9eb37ee29dc,30,1,1,0,2,4
8a7d2138-438e-461e-88c7-12be478e8968,10,1,0,0,2,4
db227f2b-1231-4916-bc00-c4e20d49bceb,30,1,1,0,2,4
78c33d0a-52b0-44ed-8cc3-86d32353a101,10,1,0,0,2,4
da6991eb-8e5f-4d0d-8544-49796169dccf,30,1,1,0,2,4
2cfce4be-6e55-459a-bc36-aa647271bc83,10,1,0,0,2,4
fcda0ec5-9501-4e46-ae05-2f171d09f5f2,30,1,1,0,2,4
67ee9ed3-d5bd-4bd7-b25b-eee07b1979cc,30,1,1,0,2,4
6967e286-8dd8-4354-97b0-59c36197cf13,10,1,0,0,2,4
cfc102b5-2a63-4fa3-adab-8f8bd4359dff,50,1,1,0,1,2
666936a3-c486-4a05-8105-690afd5fa87a,50,1,1,0,1,2
c51c555f-1126-400f-8034-d0e091766f9e,100,1,0,1,64,256
6260bd85-8c99-46d1-a97c-5715a2b0c1c8,100,1,1,1,64,256
350aa68e-1f5a-4f2d-ab7d-73b536401afb,100,1,1,1,2,8
00ea65bb-f618-4eae-99b3-9dd67907978e,50,1,1,0,1,2
e89216a5-a2bb-4720-9a33-4615b851412d,50,1,1,0,1,2
5b41edb7-0cd1-44f3-befa-6c05c03c475c,30,1,1,0,2,4
03839aef-ba4b-46f5-9d27-ba28db4ede94,50,1,1,0,1,2
f998836d-0944-4999-a29b-ad183a8f4252,10,1,0,0,2,4
819f73c8-153f-4ac7-9517-760a8bdb0bd5,30,1,1,0,2,4
91cb0ccf-9be8-4c9b-bb7e-9a19ea176599,50,1,1,0,1,2
659fbb82-7835-4d50-850d-f403f90685be,30,1,1,0,2,4
56ce45f3-98bc-4bf0-9ce7-32c554865e67,20,1,0,0,1,2
df524cc1-4c05-4935-a9da-7fda73521ac2,50,1,1,0,1,2
cf2fdc4d-c25d-45a4-9017-50abf6dfc105,50,1,1,0,1,2
bbbf086b-b7e4-4641-83b9-5c8fdd86b195,50,1,1,0,1,2
f31841b7-e5c5-492b-a098-bb62cf947fa9,30,1,1,0,2,4
9650a5b5-4ce2-4b92-bb77-63b1b38488ca,50,1,1,0,1,2
717f62e3-ec2d-430c-8901-707bc629fb4e,50,1,1,0,1,2
226e8075-0e2f-4dd4-9bfe-42d0c35d689c,500,1,0,1,180,464
d7ad2a6f-12d8-45f9-903e-8355380176dd,10,1,0,0,2,4
8e1c5b55-20a9-48f9-80e2-cebfc36ba7a1,10,1,0,0,2,4
52ed2ba0-03e7-4390-a556-6debda0b84ec,30,1,1,0,2,4
ddc127d7-396e-43d1-876a-970e814921da,10,1,0,1,4,8
7e35b9f8-c7a4-4e76-bcf0-b2513299d731,50,1,1,0,1,2
a64a0da6-80bc-4263-985a-f98cdd5f8a8b,30,1,1,0,2,4
bb232d9a-087b-4154-a9ac-73489597737e,30,1,1,0,2,4
88e4f208-7000-4313-9ab1-b0a9680f4e09,10,1,0,0,2,4
85ba3c3f-acfc-4030-81a8-5a21d75ae1a6,50,1,1,0,1,2
5f865df9-7f8f-47e0-afb3-9870e4152e98,50,1,1,0,1,2
fce6e7ed-1a37-46e6-9c3b-2824458b51c7,10,1,0,0,2,4
8d620107-97a3-4180-b854-81167ab92b22,30,1,1,0,2,4
bf0b7de4-9c98-417e-99be-615cfadd4b8c,50,1,1,0,1,2
89e298f9-5487-4e42-b943-213fa20b700f,50,1,1,0,1,2
d4073834-6a26-4161-869d-cde383bfdd79,50,1,1,0,1,2
d87a7314-9290-4200-b5a3-c7f123e3bcec,50,1,1,0,1,2
5696be43-92cb-4b19-b0e1-dd25bafc4343,50,1,1,0,1,2
785e2a04-66ac-4e3e-acf7-0b1f1cd01009,50,1,1,0,8,32
41a47eac-2fb8-4a2e-95de-32b0700580d1,50,1,1,0,1,2
693450a4-eb50-4e89-9908-1d12fd471f86,50,1,1,0,1,2
eb39f4dd-ca0b-46af-894f-d9a5ef813c42,50,1,1,0,1,2
6cf490ce-db24-486d-bea6-bb7a3ac9cc7d,50,1,1,0,1,2
8ae8e02d-bd6c-487e-86f9-218d7201e85a,100,1,1,1,180,464
eee8067f-464c-43c0-870b-c7ed6ce1847f,500,1,0,1,180,464
10dc278d-976a-4fe2-9080-46e0c5ab7ba9,100,1,1,1,180,464
04ee2fa1-54d6-4e10-82da-1ae88a3830df,100,1,1,1,180,464
89731e46-2f95-483d-b453-4db7f831d510,100,1,1,1,180,464
bc4a748c-622d-4b92-b3bb-079a803b8715,100,1,1,1,180,464
f8d34d63-4479-47ec-a734-e87b4be3ffd5,500,1,0,1,180,464
02f2e8c3-1228-44c4-b44a-8d37619a2c1b,100,1,1,1,180,464
45ccb6fe-8a47-403c-9e7e-81f71dc8c3ea,100,1,1,1,180,464
e297c0bb-40f6-4b29-ab1b-dcb63cc4ab3e,500,1,0,1,180,464
aa370051-4f36-4d55-979b-c0b1b27316af,100,1,1,1,180,464
cc97dd96-905f-42d8-86dc-7f4c5bbe0aca,500,1,0,1,180,464
99f4891b-fd80-413e-abf7-a006313a2737,50,1,1,0,1,2
faec9f11-0b39-457f-8589-5a943b7c20cd,100,1,1,1,8,16
386612ea-b6c0-4529-a0ec-2168d385c4c3,50,1,1,0,1,2
6491285e-54e4-4a7a-8e43-21401fb9cc06,50,1,1,0,1,2
6ba67867-21a6-4bed-83b9-cd1b45b0b809,100,1,1,1,8,64
32fec873-5846-42a8-85de-47cd51c8ac52,100,1,1,1,8,64
b891f5dc-f88a-4260-9752-b3bfe5b11c0c,30,1,1,0,2,4
04e99bf1-078c-49c7-b675-38bc36574c74,10,1,0,0,2,4
401dcb68-a01d-4e34-b9d5-fcb997eddff5,50,1,1,0,2,4
63d7687c-fe92-4d3c-8eee-1b7ac59c0fc5,30,1,1,0,2,4
81408b6a-6774-4491-a5de-8d5ef1182288,30,1,1,0,2,4
05acf546-a807-423a-b85d-bc8d4c767ef1,50,1,1,0,1,2
9f16e88b-2dd2-4924-9d1b-17bcdf3ec304,50,1,1,0,1,2
b896667e-bcd0-499f-bee5-0ccee82ee61b,30,1,1,0,2,4
7a274443-d4c3-4875-9f2b-67e5faa0fe31,10,1,0,0,2,4
1fb315fd-c776-4e36-8d27-e61109ce6879,50,1,1,0,1,2
725bff99-069f-48d7-862c-fc860bf1eec9,10,1,0,0,2,4
bc6c6786-8d4d-4800-b5ee-14f11d81e664,100,1,1,1,8,64
390f9b46-9824-4c13-ba78-a6ba7adc9dc8,10,1,0,0,2,4
fad3243d-11c4-4e73-aa18-65dc9f2350a8,100,1,0,1,32,64
a3529b25-d06c-43c5-9c2c-8d5739198b69,100,1,0,0,2,4
e3428ce9-50a0-431a-a425-1b4f46084cc8,50,1,1,0,1,2
79a162e7-5555-4423-8695-e54619aeb1f5,50,1,1,0,1,2
c5d67b3f-3dc9-4b50-a1b0-4dae9b2b3443,50,1,1,0,1,2
0c92b04d-ec75-4356-8698-6b645073ca00,50,1,1,0,1,2
bdec0c4c-9342-4b2a-a138-19b544404b51,50,1,1,0,1,2
9f61c3e2-133e-412c-8e7a-397630afa9b2,50,1,1,0,1,2
59838a29-f6ee-427d-86e2-434ed8cc411a,50,1,1,0,1,2
dd54daba-6c9a-4ec6-ac74-f7348aab4997,100,1,1,0,4,8
b8088c9e-d4a3-4164-bbad-6c8a08a42b51,50,1,1,0,1,2
8dafc53d-5458-471f-bcd9-e6fa63268d17,30,1,1,0,2,4
aa4cd462-17f3-4751-97a6-803ba6d9fa60,50,1,1,0,1,2
e69c0dfe-6083-450e-a2c7-f9c33926421b,50,1,1,0,1,2
b18ade2b-422e-4a3d-9edb-c2b6c32e9faa,10,1,0,0,1,2
e5b3bd6b-7696-4395-946f-a732a6381918,10,1,0,0,2,4
e88f165f-a62c-4045-a0cd-94081ae0f1ce,30,1,1,0,2,4
4fc00bd1-3580-4df7-be76-17c1e6914cf9,30,1,1,0,2,4
298a5202-e5ed-4854-8fcd-a0a0cd457b63,50,1,1,0,1,2
be4f0e56-c484-427f-b935-30cfc493fc1d,20,1,0,0,1,2
e7003d4c-b8d6-48ca-b01f-84c7ce3fa459,50,1,1,0,1,2
e7277232-0644-472f-98fa-6693dbdeff38,50,1,1,0,1,2
34e30d70-00c1-4945-8560-242799e4b43d,500,1,0,1,32,64
2c673123-3337-4473-958d-153421da9d0f,500,1,0,1,32,64
3e33da5e-b7fc-45a1-adff-beea7b752dba,500,1,0,1,32,64
2e755ed5-2b9d-4ec4-ab1a-ace1b71bad03,500,1,0,1,32,64
3ec5c704-2ad1-407d-89e0-30c55865b239,500,1,0,1,32,64
5cae847e-a0d6-4b81-ab53-374913d36f12,500,1,0,1,32,64
40a59b7e-63c1-49d3-bbd4-81974ed11007,500,1,0,1,32,64
09dfc782-b640-4ab1-b2b4-80a026f578b1,200,1,0,1,180,464
0b2b7ac7-fe2d-4e27-8bc0-16999baf3420,500,1,0,1,180,464
15745714-8ca1-44cc-9143-ed7227fe274c,500,1,0,1,180,464
026d84cc-a7aa-43d2-9c96-03e3b14bdf42,500,1,0,1,180,464
3977cb5f-0cda-4f3c-8313-c7a3a1f1a66f,500,1,0,1,180,464
0f9af10b-4b64-441f-87d8-a1beb849ba40,500,1,0,1,180,464
06dd6acc-6cdf-429e-861a-a2b1e9173457,500,1,0,1,180,464
022f1732-b646-4b3e-bf2f-1a3070b83974,200,1,0,1,32,128
0eb79fa5-13db-4af8-96c8-affcfb8a13f3,200,1,0,1,32,128
105dc08f-b197-454f-a90a-e17748377f16,300,1,0,1,32,128
4a1b97b3-c7fd-4350-a552-4eae15005d0a,200,1,0,1,32,128
11fc1072-735d-44d6-b5d2-faeb8230bdcd,200,1,0,1,32,128
0f54ffe3-b748-4738-8e96-261b73a939b4,500,1,0,1,64,256
4fbb6392-4bd1-41af-be30-0208c638cf00,100,1,0,0,2,4
16ea73bd-c4df-4b42-a8c6-c29d8a5beeae,50,1,1,0,1,2
127d34ca-cd6f-4d9a-881d-2562f5983191,500,1,0,1,32,64
c6ae6e19-ff3f-438a-9cda-616fb10166ff,30,1,1,0,2,4
3c6c79f1-87c9-4dfd-817d-55ac3e7958a6,50,1,1,0,1,2
a82f0e8b-a40e-4185-8f81-a1dc852033c4,30,1,1,0,2,4
40ef7853-a2ec-48c3-b0b9-fd435c816a1a,10,1,0,0,2,4
92ca85d5-5f75-4057-9735-540e45871e8b,100,1,1,1,16,64
609b8f35-db2f-4bf0-9cd0-44ece66273b1,50,1,1,0,1,2
7b432496-2902-4eb0-b569-683bce7d4e3f,10,1,0,0,2,4
a0a067f7-8108-43f6-b618-006626d5fe88,50,1,1,0,1,2
ad068f8e-bfc3-417b-a2ca-ab4e5f1d013b,50,1,1,1,2,4
19bb9241-3f13-44ba-815c-efe46b8afb25,50,1,1,0,1,2
d2f81107-2f05-472a-ba2f-6349b2ca6bea,50,1,1,0,1,2
70ca3d0e-a2c1-450d-be55-99e73f9ba1be,50,1,1,0,1,2
5240f31b-66e3-4e9e-973a-de353c74ad69,50,1,1,0,1,2
3fca8a2e-938d-4d19-baea-19c41602c67d,50,1,1,0,1,2
4621411c-0b79-4a90-8e9f-cecef83712f5,500,1,0,1,180,464
e86ac151-7ff7-4f25-b760-ac64d880f00f,100,1,1,1,2,4
b2557771-576e-481f-88f2-05524d8ab460,50,1,1,1,1,2
81d781d0-1dc5-492e-ab6a-d609a22e2a24,50,1,1,0,1,2
010d069e-96c6-40ed-ba2d-9a5311d3cb93,500,1,0,1,180,464
1f0429d5-b742-4b04-91cc-911899ec1d07,500,1,0,1,180,464
3139cb5d-a67e-4d7e-b57d-1eaafb7e1f1c,500,1,0,1,180,464
ae3adefe-4350-4c25-a829-81e2f9e8f7d5,50,1,1,0,2,4
1f605fd0-bd96-4c02-b97c-1d5b0d658c20,100,1,1,1,8,16
50533fd9-588c-4eec-8698-1b20ba89c472,50,1,1,0,1,2
751fe37d-8e62-485f-a117-306382e503e9,50,1,1,0,2,4
d509cc48-b025-407b-a495-a96c7a0d7fe8,100,1,0,1,64,256
a3667a41-df12-40f5-a114-0ab9dc14eef5,50,1,1,0,1,4
9cd27e62-7c18-4c3d-a8ec-f10e6421f2cb,50,1,1,0,1,2
838f847d-9162-4c8c-9774-16bbeb32e442,10,1,0,0,2,4
22837718-9b10-427b-a1c7-c60f3850c2be,30,1,1,0,2,4
3633c964-d3cb-4505-9a51-f7ba30e999d0,50,1,1,0,1,2
c19893ef-4a5b-46e0-95b5-aed4c7b8aefa,30,1,1,0,2,4
ad8aa87f-a182-48dc-b5eb-2d06e091f2f8,50,1,1,0,1,2
befc980a-c6cb-4672-93f9-7fba648dd699,50,1,1,0,1,2
63ccfb80-36ed-4bf1-af7b-33b6ee917e36,200,1,0,0,4,8
bb1be013-88f9-4539-969e-b2c23dab4d90,50,1,1,0,2,4
0a0f9a42-55f1-40b1-abc8-5361a94228ff,50,1,1,0,1,2
06b44b9c-fe10-479b-b2bb-02dfd1132879,50,1,1,0,1,2
83bb183d-2b2a-44a3-86fd-e91231229173,50,1,1,0,1,2
5543449d-627d-4180-8890-c4eaf1d1feea,50,1,1,0,1,2
1e0ee204-67b5-41ec-a462-7f2d2c68b2b3,50,1,1,0,1,2
8d3c914b-6968-4980-b155-be18d8b5835e,50,1,1,0,2,4
2159e808-d9db-4a22-b9cf-e4978e9e1c91,50,1,1,0,4,8
6b02f94e-8b37-421d-a3eb-ed354f6dee8a,500,1,0,1,32,64
7882fe9e-7136-4c37-a450-2fafb12d7e26,50,1,1,0,1,2
f0a82dc2-f3b5-4a6c-8abd-2a9c178d39b9,50,1,1,0,2,4
49bfdf62-f66d-49ba-9dc3-f6c4f62bef80,50,1,1,0,1,2
01404cef-ab92-41df-98b3-7b100cb474f7,50,1,1,0,1,2
8f0001b3-8e12-43e8-9399-5c8dbfdb797d,50,1,1,0,1,2
48258ec5-cf66-428f-835c-1043e24ab82e,50,1,1,0,1,2
e34cb922-676a-41f1-bf0c-81b82c17d941,50,1,1,0,1,2
9ede359d-7de3-4371-aa96-c9d218c57dae,50,1,1,0,1,2
a9541f74-9198-4168-88ae-591a5f7bee35,50,1,1,0,1,2
2218459d-65fb-474e-ad72-d0622f99f1b0,50,1,1,0,1,2
86099403-8125-490e-a990-d1d00c4098b8,50,1,1,0,1,2
9c1f6cb0-5734-44a0-afd1-aa653d178a1b,50,1,1,0,1,2
9a83463c-0bdf-45e7-9dcd-623ccaa8b21c,50,1,1,0,1,2
1a5cdd12-7527-4ea4-8b66-7b0569cb64f8,50,1,1,0,1,2
72af6059-9a8f-41b9-b6b9-3fb16bfa157f,50,1,1,0,1,2
1de8daf3-cb16-47aa-99f7-f8965fa9ad7e,50,1,1,0,1,2
45988f33-39fe-4eb2-b078-a2d0559352fc,50,1,1,0,1,2
e95a6be8-c2c3-4d67-8f72-68ad5ae66838,50,1,1,0,1,2
5f6b9bf9-cb0b-42b6-b002-b296b9fc839b,50,1,1,0,1,2
ffdd2c78-8e44-4476-979f-e7f8078fed9c,50,1,1,0,1,2
59777d90-e247-4247-950d-3184aa2c8088,50,1,1,0,1,2
f09d881c-96ca-41ed-b350-2fc4cb35429f,50,1,1,0,1,2
47c25b4a-265b-456d-990c-9681b74bcabf,50,1,1,0,1,2
073bc8d5-75fc-490a-bb13-574b7916a73d,50,1,1,0,1,2
66af362f-17c7-4464-b96b-320bbbb2671c,50,1,1,0,1,2
1501669f-d607-4158-81fc-821db3aea95b,50,1,1,0,1,2
5460ae84-ec72-40fa-8040-c8166b8a7b2b,100,1,1,1,180,464
3b96e6f5-ef36-42c8-9044-c076300570ee,50,1,1,0,1,2
f9ffa82a-4fa6-4109-8297-244bb1d35e6a,50,1,1,0,1,2
8bcd2d43-4a1f-469d-9bd0-36ef4624c58c,50,1,1,0,1,2
9157ece5-6774-45cf-8d8a-1337fc205904,50,1,1,0,1,2
8d7caf7a-bb88-4a27-9830-73ca875ac193,50,1,1,0,1,2
305f043c-01f0-451b-b10d-8e39c702f8de,100,1,1,1,8,64
9b0fdc52-6573-4885-a84a-4d528abbb303,51,1,1,0,1,2
b2ceb324-50a5-4c65-97b0-0332fa726874,50,1,1,0,1,2
5f8e9b4e-0977-4520-900e-dae2edf62b3d,100,1,1,1,8,32
aa814095-ebcf-4fdb-b7eb-34daf0b2f85d,50,1,1,0,1,2
07838b78-8ee7-477b-abb5-f80918f0616d,50,1,1,0,1,2
7209e6ff-b935-47ac-a051-37ae26834e8d,50,1,1,0,1,2
aff6d79d-fac6-4dff-9522-50bbbc235c01,50,1,1,0,4,8
1571c38f-2f40-4e25-959d-9ba9a719ac1e,50,1,1,0,1,2
053e83d5-bf4c-4922-bd53-178bfd9008b9,50,1,1,0,1,2
67293c3a-4950-488d-80c8-015c97a0723a,50,1,1,0,1,2
a0258fd8-58b8-4d74-a151-a936437e0565,50,1,1,0,1,2
f4f34f6b-752d-4d20-9f8e-21fbf455ad20,50,1,1,0,1,2
67c2b8a6-e925-40e6-953b-97fe25565bab,50,1,1,0,1,2
4a7ffce6-1898-4a9c-aa42-8621d8b28ef6,50,1,1,0,1,2
834da4a9-7473-400a-98c0-a0a5d0b4525a,50,1,1,0,1,2
e4217c25-11f1-4d52-8f83-7983740d3082,50,1,1,0,1,2
1401dc7d-54b1-40df-9873-6dc935035ba1,50,1,1,0,1,2
f55b55fc-2d7b-4ed1-b1f6-1441fe3cb41b,50,1,1,0,1,2
27fd6041-56e2-4988-9a6e-7c46a1b0f51d,50,1,1,0,1,2
2ece62d3-d82d-4264-9a6c-750397652893,50,1,1,0,1,2
115d5852-d4b0-44f0-8286-4f6fbe258f67,50,1,1,0,1,2
8b69ee67-b7b9-47fa-8153-6a1fadb7c022,50,1,1,0,1,2
962fe949-18a6-42b7-8a3c-07f16c66b2b6,50,1,1,0,1,2
ae79a90e-10fe-4813-8f39-46db118b3571,50,1,1,0,1,2
38d0c724-8b75-4754-b550-c69a7772f0d9,50,1,1,0,1,2
3ccd8a04-108d-4940-8ff6-68813d4ecb3f,50,1,1,0,1,2
62b4b188-95f5-4119-bcfd-84d52c257416,50,1,1,0,1,2
366afc3d-9e51-4c4d-bf07-ba9deb42b25e,50,1,1,0,1,2
48557c21-f562-40bd-af74-1fbeb690d1b8,50,1,1,0,1,2
942d912d-0df0-4844-a5d8-a02316ea2f82,50,1,1,0,1,2
fe3ce10f-1eb6-46a9-b908-e05908fe50b3,50,1,1,0,1,2
3bcefce0-608f-4d0b-b747-adb29a75854d,50,1,1,0,1,2
fb529ab1-92d4-4ee8-80ae-50c0888b9cfa,50,1,1,0,1,2
c4278cf7-f6a8-4f2b-b22b-6acf4b2ab9ae,40,1,0,0,2,4
bf9cdcc5-def1-4b7c-9a7b-667640e8c5c4,500,1,0,0,2,8
e91bf7b5-8580-4c43-b158-1ccd77b6b698,50,1,1,0,1,2
6b7a7874-f3f5-4d07-b0b4-add6dabddbac,50,1,1,0,1,2
727b21be-bc7a-4066-bc1e-95f00d4d8520,50,1,1,0,1,2
e69fdd73-6e7d-42c4-ad98-9bcad31b6e6c,50,1,1,0,1,2
f328318a-5016-4563-844a-e61a10556cc6,50,1,1,0,1,2
33a2685b-6a12-4f9d-8219-416181fec4b5,50,1,1,0,1,2
6292010e-33c5-491b-aaa9-86582fccd6dc,50,1,1,0,1,2
07bcba2e-44db-4799-8ae4-438f78e96684,50,1,1,0,1,2
3973eede-d66f-4314-bc61-6dc677998652,50,1,1,0,1,2
4ce63afc-2131-48d0-a36f-5fcea4ec9da3,50,1,1,0,2,8
a4dca7dd-6474-4579-bba7-9116babb76d1,50,1,1,0,1,2
fa6374a5-61e6-48d6-9aad-885678798882,50,1,1,0,1,2
1b479dba-a408-4138-a50f-31914c8600bf,50,1,1,1,2,4
b6f9f9a8-f8b7-4ebf-94bd-a63484643b11,100,1,0,0,2,4
883645c9-553f-4d7e-a64b-fe81d8e5cf26,100,1,0,1,84,256
035ccfb6-e487-4d9f-b02c-79fb9bc0e413,200,1,0,1,8,24
a2588f05-28a0-4417-a397-89a8934c7e54,50,1,1,0,1,2
7acd6203-9ac2-400a-916f-245b32c8167d,50,1,1,0,1,2
00dd1dab-36d9-44cc-bca2-249205968bb2,200,1,0,1,8,24
f60b4b86-f415-481a-a7a8-3ffeec70a3f3,50,1,1,0,1,2
cc7f8fd0-98d4-459a-b9eb-032c5a9e4226,50,1,1,0,1,2
1cb41b8a-1d66-4660-ab61-b3b57bee3638,500,1,0,1,8,16
6cc4b935-a14c-48ff-a10f-65ffe0c13613,50,1,1,0,1,2
86c3b697-5d03-44c6-aee9-9f72a3ad5fbd,100,1,1,1,84,256
ba83f5cc-51bc-488d-9139-e3961d2e5093,10,1,0,1,8,32
614eef31-a429-4102-bddd-b6529b225a4b,50,1,1,0,1,2
dce5fce2-d4c5-4433-b7d3-c8cf0abfc409,100,1,1,1,8,32
038da1c8-caa8-420e-a91d-7eae02178501,50,1,1,0,1,2
ec3fe249-9ccf-4cea-bb19-2fdfb092cbad,50,1,1,0,1,2
30764668-4604-4588-8256-fa6b8be24bf5,50,1,1,0,1,2
50afc35e-f16b-4a8a-8795-11513406df2f,50,1,1,0,1,2
004f34da-5b06-4699-b1b8-16fbdee32793,50,1,1,0,1,2
62508c9d-63cf-413c-b9de-3f6b8369bf13,50,1,1,0,1,2
0ffc6748-b68b-4b46-8e71-93c72031a850,50,1,1,0,1,2
8291c442-a14a-40cf-95b4-d5d77926fc3d,50,1,1,0,1,2
c31d6dcd-77e1-417f-8adf-2f60dac4a2fc,50,1,1,0,1,2
1e95388e-8418-475f-befc-b78fb47dc1b1,50,1,1,0,1,2
c3eaf049-a86c-44f7-87c4-23e0d667f57a,50,1,1,0,1,2
41d675ce-1b3b-402a-a5ae-58ea60ec7f7f,50,1,1,0,1,2
7b93b5c5-ccdc-46fa-b23c-29faaa9c3cda,50,1,1,0,1,2
4053c768-dc0a-4281-8edb-ad228a7a0e73,50,1,1,0,1,2
71a45d79-f51c-48c1-81eb-095f2456b90f,50,1,1,0,1,2
c9d29e0c-953c-4674-ad3a-c3c438a0a949,50,1,1,0,1,2
a9f9bf2f-4d62-4210-9d60-3f746c4df72e,50,1,1,0,1,2
6a4ca5f1-94ea-44a1-9efb-d47147f68bbc,50,1,1,0,1,2
ae20cf3c-8729-4caa-a498-b24081f42045,50,1,1,0,1,2
3bd3207d-8915-4669-a95b-2c6d5fbe1202,50,1,1,0,1,2
80403beb-6fd8-4b25-a880-e2c7667549be,50,1,1,0,4,8
a29a1aaa-13bd-4591-a503-3b2ceeeca2fa,50,1,1,0,1,2
143cd0e4-6a72-46bd-aacd-d1125635d7a6,50,1,1,0,1,2
c9a327bf-1ed1-4a30-9a71-58613b02f5aa,50,1,1,0,1,2
82c0a2e7-9917-4643-b012-989b2f18ab11,50,1,1,0,1,2
ea3bc856-76e5-4cd6-bcd7-407db517f797,50,1,1,0,1,2
373d9a42-2e9b-43c6-8a26-280b17673cf1,50,1,1,0,1,2
b9c5f60e-4b40-4891-a2f0-48cd7a88a505,50,1,1,0,1,2
d40df1d5-75ca-472e-aead-abef670bdf01,50,1,1,0,1,2
aef381fe-e977-4b52-8498-b985213a14ab,50,1,1,0,1,2
18b7fbf4-2d88-4092-90b4-6c782388faab,50,1,1,0,1,2
30b1d372-e92f-4902-83f9-e5c65452983e,50,1,1,0,1,2
37d78ba8-0629-4403-8098-c4db14fbd998,50,1,1,0,1,2
08c73c74-ec0e-4b9b-98be-16cb8c208c5d,50,1,1,0,1,2
6f2a0338-4367-48e5-b662-41b53406cc61,50,1,1,0,1,2
b92d46c7-46d1-431c-acc9-64e1711f9a65,50,1,1,0,1,2
9ddf4104-fff5-4b01-b035-4a273e5c3659,50,1,1,0,1,2
4e805596-fae3-44fa-ac49-6ada02f23b8c,50,1,1,0,1,1
08ed0444-7f14-4961-8c34-7a56f60c47b6,50,1,1,0,1,1
f5a9d23f-a337-4d16-9912-064de8594991,50,1,1,0,1,1
911f46c7-bb12-4000-a93d-3503f43a674c,50,1,1,0,1,2
95df6511-fae7-43a5-8e98-27f36f75e06f,50,1,1,0,1,2
5b414e62-fda0-4b4a-a32a-a66a8410376a,100,1,1,1,2,4
a91f965e-4d84-452a-9cf1-05b032af2089,50,1,1,0,1,2
e3795f1f-1875-4b06-9fc0-b1c457bb8d88,50,1,1,0,1,2
d04fa094-0ca2-4258-8541-92ed8e3bc59d,50,1,1,0,1,2
f4790b2f-3380-4f05-8c48-77da26d6ecda,50,1,1,0,1,2
89752028-7df3-4764-b105-2dabd4779b77,100,1,1,1,8,64
e9e8931d-c79d-487f-a829-6974165c0879,100,1,1,1,8,64
2b6bce93-9e13-4079-b0d1-3b74b699a06b,50,1,1,0,1,2
2880af16-9117-45c4-a288-4c0903a9a018,30,1,1,0,2,4
311421e2-e983-44d4-98c8-b73c9d46abc4,50,1,1,0,1,2
ccfe7dc1-5489-4caa-ac94-35ee474c3470,10,1,0,0,2,4
5404d47c-d2fd-4b41-a071-94216fdbfb6a,200,1,1,1,8,16
99f710b1-e5fb-4898-9749-1e7f63dabcb2,50,1,1,0,1,2
cdec6d35-7a5a-4858-bf38-9946c7a31ab7,50,1,1,1,1,2
732652f9-b583-420e-b1cc-ad19a4b3d5e9,30,1,1,0,2,4
80c9a3fd-2b65-4e20-8e89-d5f7576e7dce,50,1,1,0,1,2
ab8cbd9e-ff77-4a60-b50b-99e2331eb7c5,50,1,1,0,1,2
a11b9a3a-50c0-419a-9b45-c14e38a1f475,50,1,1,0,1,2
b0db5ec7-bffb-4219-8a0b-db47dd7c04b2,50,1,1,0,1,2
f4d671ad-91f3-41aa-a3bf-601371c39460,50,1,1,1,1,2
cecf149a-6a91-47ae-b309-5d6bf3a94d9a,50,1,1,0,1,2
a5727d73-f856-4f0e-913e-e842981027d7,100,1,1,1,8,64
de71729a-188f-4f81-ac3b-45e98202d8f7,50,1,1,0,1,2
2c27d1c9-34ec-406b-b47d-aaa5d962d7b7,100,1,1,1,8,64
5e00cc21-3c91-4fcd-b447-f84f64acf23e,50,1,1,0,1,2
5aae37d6-e294-4379-9a08-a9ecaa79870d,50,1,1,0,4,16
e0953f15-f0bc-4794-be56-4ed61a1471c0,50,1,1,0,1,2
e21abf45-7b43-45a0-a855-664a366179ba,50,1,1,0,1,2
bbbdf650-c092-46fd-aa38-e66c6c99d674,50,0,1,0,1,2
b00d91d7-cda7-429a-9a8c-46bc5798d058,50,1,1,0,1,2
5d118c1d-188e-4dac-9981-ccdb95531439,50,1,1,0,1,2
6a612bb9-0b7d-4a38-bc3c-646d53b79fe9,50,1,1,0,1,2
90326087-0fc3-4687-b7e8-2c5dd49cd4d1,50,1,1,0,1,2
baab34a9-c1d9-4e79-a0aa-791b61ff1813,50,1,1,0,1,2
79228810-5021-4ebf-9667-84f0784a1e20,50,1,1,0,1,2
5d1dd3aa-f855-44bb-b842-f1b392be9197,50,1,1,0,1,2
b00ca277-4b89-488a-8d47-3cb08cb6ff7e,50,1,1,0,1,2
afc56238-1112-434f-9ba5-0364eb37a20d,50,1,1,0,1,2
400ca7ae-7973-4df6-b1b3-20a1d8c534d7,50,1,1,0,1,2
4a1fc089-416a-4e40-a487-c0697dd2202b,50,1,1,0,2,4
f9bff1b0-33b7-4a1b-83f3-5ad9e77f1e96,50,1,1,0,1,2
be15893a-631e-4a55-8df9-c0fd200579e7,50,1,1,0,1,2
6f7541e1-9fe0-4519-93f2-d1954975439e,50,1,1,0,1,2
28e929a2-b48b-406e-a577-7a690520378f,50,1,1,0,1,2
f1bbc80b-1bb5-4684-8e2d-8fcfa63487c4,300,1,0,1,8,40
7c2e418a-3ba5-42ab-a1b1-68f6c9b9b3d2,50,1,1,0,1,2
25eb9026-f8ec-4209-bcd1-fe4fc1860158,10,1,0,0,2,4
c6e29a61-6212-456c-81ce-2f2701dabccd,10,1,0,0,2,4
a0133bac-80d6-405e-be95-c2cc40d64d11,10,1,0,0,2,4
4e76b9ad-a3d3-4c6a-a81b-1b1643ae41bd,50,1,1,0,2,4
c0d2339d-5a73-4639-9ec5-b7523a7613e2,50,1,1,0,1,2
6ab49655-288a-458e-bddf-71cf70b09235,50,1,1,0,1,2
40f9febd-363f-4306-99f8-4b081e634a46,10,1,0,0,2,4
33eda485-d01c-4921-91e1-1dba3400b0ec,30,1,1,0,2,4
29c0001c-8a5a-4163-85ea-e4dff5bbe3df,50,1,1,0,2,8
64e81f15-c340-4019-bf41-008029e3f717,100,1,1,1,32,64
37672f80-4d6c-421e-b669-1af396c02ecc,50,1,1,0,4,8
a6fad9e6-1fcf-4659-8ba9-244f8199dea8,50,1,1,0,2,4
3415c351-4e94-4a9d-b1f8-c96e18a8193f,50,1,1,1,1,2
25d82ffa-f123-4796-8b53-536fe309ea12,50,1,1,0,1,2
f608c06f-5b38-423e-82d0-2a161df982f4,50,1,1,1,4,8
7284a9f7-ff4a-4490-a518-940e1e865598,50,1,1,0,4,8
72a51771-e62e-4275-86af-24ef28c80984,30,1,1,0,2,4
18389256-1a15-409f-9286-ed373cda81ff,100,1,0,1,36,160
bf5c08db-12d5-4de2-9331-a7bd8d32f51b,50,1,1,0,2,4
50b76ec7-9ba7-4271-9916-40177df86332,100,1,0,0,1,2
0697f887-d1eb-4991-91b4-69d4c69c2d86,50,1,1,0,2,4
411bcd10-7695-4ef2-8803-0afba12d9d3d,50,1,1,0,1,2
01231781-3e59-49be-b377-245390981517,50,1,1,0,1,4
863b7fe9-d195-4d1f-81b2-74165fc223c8,50,1,1,0,1,2
82463b77-5c13-4fc2-b783-09df50ff8fef,50,1,1,0,1,2
76726e7c-afcc-403a-a475-8cfdee2e060a,30,1,1,0,2,4
d6b787fd-0b34-4cbc-8a67-58e6cd82117e,10,1,0,0,2,4
eaf2dfaf-b2ba-47b9-8387-7af5ccc8fd03,10,1,0,0,2,4
38b17100-aff6-4e25-9901-3189fba8d6af,50,1,1,0,1,2
f20098ba-214f-4c2f-89df-f834d756c4bb,50,1,1,1,8,16
940c477f-0fd6-42b3-aad3-25f3bcc4fe43,200,1,0,0,4,8
b07661fa-14ea-433c-b651-f748e27e5c4f,50,1,1,0,1,2
67cf9471-224f-4ef0-a157-3daaa2102744,30,1,0,0,1,2
9235fe40-2b45-45a2-a15b-6c1b233b3918,50,1,1,0,2,4
8c1da756-6ff7-4e9b-880e-df0ed368e5e5,50,1,1,0,1,2
8e3a6efa-c01e-45e2-b536-0b0e4c94c533,70,1,1,0,4,8
c83b5e5e-2830-4b78-847c-e44eb236c4e8,50,1,1,0,1,2
c2ab0708-f8a3-4d08-bb49-f21087551d85,50,1,1,0,1,2
bbb030d2-4d08-4db7-92ce-3e20464f770f,50,1,1,0,1,2
d43b08af-0bb5-4ffa-a910-701db8eeaf94,50,1,1,0,1,2
d59fcfe7-bb13-4286-abbb-28eb03565dfb,50,1,1,0,1,2
27ece170-1e4d-4d42-b4b0-04d9b0c44f9c,50,1,1,0,1,2
eee9caa0-e2a4-4e4c-bbb1-30dda3df9454,50,1,1,1,16,32
16883d52-c2d3-4832-ae3b-cc68b1e23d88,100,1,0,1,64,128
173c5536-b719-4eea-9211-d14133e91626,100,1,0,1,64,128
29d8c81d-0e3e-42eb-b007-f10f60cb77ff,100,1,0,1,64,128
f4422577-5338-407a-a301-6dd7f6e04cfb,50,1,1,0,1,4
25bebc53-7d49-4eb1-9627-22b48666c464,50,1,1,0,1,2
d05148bd-2095-4a69-a8f1-1aad27b775fc,50,1,1,1,16,32
f3897f17-7853-4167-9f61-f4ab17dee1e6,50,1,1,0,24,48
c5272cb6-eeb2-487b-bced-f15b5926e450,50,1,1,0,24,48
5e5acc28-39e0-4304-9198-6d16a85ce8ed,200,1,0,0,24,48
e7819a7c-d93b-4d0a-9667-20239af84e14,50,1,1,0,1,2
f1f40481-4204-4fbe-868d-e39ed9d20a81,30,1,1,0,2,4
b59450c7-87b1-4c1b-91bc-69685550f97c,10,1,0,0,2,4
826c95eb-2da2-45bf-b75d-0253c205cd06,10,1,0,0,2,4
09a5d894-6bdf-4b09-8de3-e5c4c3452715,10,1,0,0,2,4
06f150a5-7c0c-43bb-b392-c36bf6883b07,50,1,1,0,2,4
6476e5df-b053-4d2c-bf04-c39883ff21b9,30,1,1,0,2,4
6fc3b710-3556-45ab-9648-e13bfa15dc30,30,1,1,0,2,4
dd804fc9-d0bd-4c9b-b172-1c52bae952d6,30,1,1,0,2,4
397a5939-0fd6-4c94-b202-219ce25035c6,500,1,0,1,32,64
0bad25e0-cf67-4011-bd64-fdac50779595,300,1,0,1,64,256
145ef944-fb53-454b-91c4-67a505635bf4,300,1,0,1,32,128
20fbb9cd-69df-4b71-8785-bd470d441e7c,300,1,0,1,32,128
1246a75e-ca2d-47e9-aacc-fc33b54866d4,200,1,0,1,64,256
21d51d2d-7100-41bc-9cd1-b163ca81fc43,200,1,0,1,32,128
272a5996-b1d7-4813-a705-65607b98f415,200,1,0,1,32,128
35d862ea-4009-43ac-b1ef-f6c0868dc951,50,1,1,0,1,2
3157f303-056d-458f-ab64-46a5913c4bd2,200,1,0,1,32,128
44201284-52d7-4d65-a545-97563a89f7fa,200,1,0,1,32,128
3ee797b9-2627-4c6a-8469-d8521de01283,200,1,0,1,64,256
33bd3289-e217-4411-861d-424deb094a0a,100,1,0,1,2,4
755027e3-075b-428d-adec-b4ecd7e1999e,10,1,0,0,2,4
7ee3db65-dd61-407d-b52a-4f8eaba49121,30,1,1,0,2,4
432ec6cc-d7ae-4aff-ae4a-47d85d3629b4,200,1,0,1,32,128
49a21a81-3288-4c5e-ad19-8cfa7a68dfeb,200,1,0,1,32,128
6281e725-b34c-4c12-b131-35d6f1ae7c1f,200,1,0,1,32,128
c1b789bd-3cfe-48d8-949a-2c81c1a27848,10,1,0,0,2,4
7f3a6515-2d2a-4ff2-8d88-e93056341962,50,1,1,0,1,2
11fd5e62-7e8e-47d4-8584-d654c9002d6a,10,1,0,0,2,4
bb066916-63c4-40a3-bfa3-b7a39676168a,30,1,1,0,2,4
99065e34-cc8a-4fd6-afa1-bfbde748b191,30,1,1,0,2,4
98911633-cef6-47e9-bd60-7fe36df0700f,10,1,0,0,2,4
608d690d-e008-46d3-a6fb-1367ecc2d1d6,10,1,0,0,2,4
cca0918f-bd61-4a28-bca2-843f4c99b34c,30,1,1,0,2,4
573c2921-4c88-4502-8dbb-67ec80b08724,50,1,1,0,1,2
5451c289-436e-41a1-83f3-1c48877eb06a,50,1,1,0,1,2
3e9d3811-cfc4-4622-bf14-faac7f13eb7a,30,1,1,0,2,4
8695a1e8-2dac-4805-805d-685d9720c506,10,1,0,0,2,4
89566e7a-dd21-440f-8728-c6718355e989,10,1,0,0,2,4
3cddaa1a-cd8f-4c94-8a06-e515a768c313,10,1,0,0,2,4
d7ee5997-f17f-45ef-b638-fb7a84d4f108,30,1,1,0,2,4
da88a563-951d-4ca5-be78-db57879f4268,30,1,1,0,2,4
180e0681-71bd-422d-b4a6-807e8656aa84,10,1,0,0,2,4
11e84f29-c67d-4832-be82-6bc34d63772d,50,1,1,0,1,2
6eae61c8-3034-4c68-b0b0-50d5f2aa82d5,100,1,1,1,8,32
f27f84e0-f0c7-42ce-b4f8-a8fa22564f54,50,1,1,0,1,2
2efa66a7-db0d-42ca-8d38-3394a258e358,50,1,1,0,1,2
b8cc3ae4-918d-4c9c-b962-6757f9a11d2b,50,1,1,0,1,2
b76dff2b-9e1b-4a8b-9f47-de5ad0cda69c,50,1,1,0,1,2
535fc657-7759-41ed-b8fc-973d4eae16e3,50,1,1,0,1,2
e1c97385-5d79-43d8-b3b1-1a49d610b045,50,1,1,1,8,16
0b811c07-565f-41a3-9f36-5dc8d92711d5,50,1,1,0,2,4
27d4c00f-eabe-4b2e-a9a0-dd52b72d14d6,10,1,0,0,2,4
089b6692-a049-4c35-a192-41ed21e72123,10,1,0,0,2,4
dc3738bc-6432-4c4b-bfff-4cd88cd7ab3c,10,1,0,0,2,4
c01c329c-7684-4907-b580-3ef80e321cd5,10,1,0,0,2,4
9be0867a-a81a-4c38-baed-00b4107bda42,10,1,0,0,2,4
ef589e2e-9e52-400e-b01b-c3b80b26fcb7,30,1,1,0,2,4
4b434443-ee9d-497e-b19d-79edeb9854ae,30,1,1,0,2,4
5dd28f88-86a8-44c0-a8fb-f53c35d61011,30,1,1,0,2,4
d43606d7-d1b7-454c-84c4-be75deac77c1,10,1,0,0,2,4
e1cafbd4-2cde-48c2-82e8-8860cd1e9690,30,1,1,0,2,4
5591e963-bea6-4a9d-97f1-5e13e2cd71e0,30,1,1,0,2,4
fe67d023-a268-42d1-84da-35f8a95954d6,10,1,0,0,2,4
d7d676bc-409f-4471-951b-19b935d7e500,10,1,0,0,2,4
3fdc0f5a-9cf3-420a-acf3-a1d0a900501d,10,1,0,0,2,4
2cedd272-eff9-41e8-867b-857c566b388c,30,1,1,0,2,4
1501a808-5e20-4d76-adfc-e8d81d328732,10,1,0,0,2,4
66ea0d6b-0709-4d4b-965d-4394005008b2,50,1,1,1,1,2
c6818c06-0da0-4fd7-b773-54cc19097469,30,1,1,0,2,4
144966ec-50f2-4878-ba59-25f2c005f7f7,30,1,1,0,2,4
09a82a8e-b9a8-4557-b34b-5789662b0493,10,1,0,0,2,4
dae0cd60-241b-4ea1-8665-63fc5c7497d5,10,1,0,0,2,4
64c54f6d-0e76-41eb-91e6-728204676333,30,1,1,0,2,4
5481898e-a8e5-49ef-86c1-3465798e45a4,30,1,1,0,2,4
52a63144-e50f-4e0a-953f-c36b2e005251,10,1,0,0,2,4
02d3f4ed-586e-4007-b6af-a285b894bd48,10,1,0,0,2,4
57f1c099-57ab-4efc-a38f-a8bcfd08c53e,30,1,1,0,2,4
42abe7e7-46a5-4ee7-b9e4-1164572557e1,10,1,0,0,2,4
c5ab235d-aed2-4362-8ab5-a242b32328dd,10,1,0,0,2,4
288414c1-32e8-4e31-933d-a3c1a8726c0e,30,1,1,0,2,4
29f62fc3-cb32-4214-9d7d-a2c648d62313,30,1,1,0,2,4
3b16b042-4a73-401a-b2ca-be2fdadd377b,30,1,1,0,2,4
86842f8d-1489-4177-bb58-606c88de9443,30,1,1,0,2,4
30c28706-5efe-4d9a-9d1c-a0cbf6395eab,30,1,1,0,2,4
fa8dbeb3-08e3-4cf5-ae18-81ebd4eb7730,10,1,0,0,2,4
0dff6e22-d05f-4c6b-bc96-763e5b91c28c,10,1,0,0,2,4
4737d963-a92f-4e37-8d2c-4e52fbab0623,30,1,1,0,2,4
00965fd1-7d08-4472-acd9-3c6f093062b6,30,1,1,0,2,4
c37103d7-3f2b-4101-b934-60fbcde931c2,30,1,1,0,2,4
94656a6b-e4ec-4b26-8efd-969289c71b22,30,1,1,0,2,4
e8f758b4-0b17-4353-9f8f-39d0838b9d15,30,1,1,0,2,4
6de8f0b1-a9be-468c-a540-89a504d9471a,10,1,0,0,2,4
5ab64220-6701-43f4-847c-a6f0bed8cd3c,10,1,0,0,2,4
fe87ad09-57b2-4195-916a-7e7457d6b8ea,30,1,1,0,2,4
327c6867-767e-4d2e-996e-f2a235317676,30,1,1,0,2,4
523d5153-8e05-4824-8e3e-debe6e17df00,50,1,1,0,1,2
32964065-7ebb-418b-b6eb-f95cd4bb56a2,30,1,1,0,2,4
8bcbf2d6-ff1d-48e3-bd10-2b315c836c49,30,1,1,0,2,4
40067fe6-f763-4487-b531-3f135dad548d,30,1,1,0,2,4
5292f1ef-2ea2-438f-96a5-47bb424ffb92,30,1,1,0,2,4
9bf3be56-5fa9-4029-9bb1-c31afb2d37c2,50,1,1,0,1,2
91e5b2f0-f508-40c3-9bed-774b45e198e4,30,1,1,0,2,4
53515edb-827a-4046-a9c3-3fceee62ec92,30,1,1,0,2,4
fe46b67d-255b-40b8-9f6d-0efe0eaf7252,10,1,0,0,2,4
cea8db54-01ad-4e77-8801-c476d50fdf80,10,1,0,0,2,4
8e585de7-df95-4161-9ec4-d9cbf2abc011,30,1,1,0,2,4
5d0901b4-c123-457c-81b8-d847c850e5c3,30,1,1,0,2,4
4e9f42f8-8d94-489d-9b92-52fb3e4b9cd0,10,1,0,0,2,4
7a641f03-a57f-403b-a3d8-7663b09be377,30,1,1,0,2,4
e39162a2-eeee-4c11-9eb8-304d22338179,30,1,1,0,2,4
c05a36c1-edc5-4027-a77a-a6961b047d0c,30,1,1,0,2,4
5582c13c-292c-43fa-b605-6e0680f88411,10,1,0,0,2,4
5f9314c7-5778-4ebb-a12e-0d26af1094da,30,1,1,0,2,4
65383b7c-db8e-4891-9565-237a5efb6d9e,10,1,0,0,2,4
173a561f-2e91-44c3-816b-36acf2d0c26c,50,1,1,1,4,8
d4082b1d-57a1-4be1-83a7-6905747be6ef,30,1,1,0,2,4
c6a8462f-cce5-4a36-a760-aeec8968c8b5,30,1,1,0,2,4
c3f0d5d9-6f07-4c52-8703-7be938e62ec0,50,1,1,0,2,4
ac944add-c20f-4ee3-b83e-63bffc907aa5,50,1,1,0,8,16
92ba4c0a-62ac-4d8c-b205-d6a6bf27767a,50,1,1,0,1,2
030a5577-870d-46e3-9229-4afd15509654,100,1,1,1,8,64
25a715a7-cee4-4aa4-a95d-cad4a97d326b,30,1,1,0,2,4
5248fc62-403a-4d11-8b32-b26d63df57cd,30,1,1,0,2,4
5088a452-1b2c-46d0-8789-e99a86fd460a,30,1,1,0,2,4
aee7e05e-d008-40dc-849a-4f9f92ac81ec,10,1,0,0,2,4
ab73fffd-f205-4a3c-8a13-6243a5c24d6a,30,1,1,0,2,4
6cfec107-a31c-4d30-b304-12da427e495e,30,1,1,0,2,4
4efb5d09-5169-4bae-a134-e07bd7a6709f,10,1,0,0,2,4
2ae75c4d-6a29-4b86-bcf1-5382cdd236b9,100,1,0,1,32,64
54f0b627-4f2f-4b97-a03a-6e4ec95b84e3,100,1,1,1,2,8
71db110d-c8bb-4cb2-b9a8-96bef9251155,50,1,1,0,4,8
af084fbe-8a6d-4332-a4ea-ed25939eb995,30,1,1,0,2,4
6ac6c05c-fb1a-469b-a281-a142ddb65bef,50,1,1,0,1,2
05595796-7f90-4a01-afb3-cbb729b7e9a5,50,1,1,0,1,2
238d67f0-b936-48d7-a796-7b1a78314261,50,1,1,0,1,2
b200498f-ef21-4f80-b85c-bdb041235522,50,1,1,1,64,128
c4888b19-81ca-40db-a77e-24dd3183aa63,50,1,1,1,2,4
8320e1ed-15d3-4a5c-8b8b-a5eb2fb2d949,50,1,1,0,16,32
03f6648f-39df-4901-873f-c741332d9b7f,50,1,1,0,1,2
07dcf6c6-ee4b-4b95-a54b-ee4b0b1059d3,50,1,1,0,2,4
ac71d11d-cd7e-42eb-bb06-5390011ee2e6,10,1,0,0,1,2
4a1baac3-1c19-4bd5-ab6b-99ea4ac6b8e4,50,1,1,0,1,2
f64cccf8-4e7b-488b-8e9b-f61995a245fb,50,1,1,0,2,8
1909a3cf-0b1b-4f85-a30a-d038177790c5,50,1,1,0,1,2
ad680b15-4053-4893-8b89-017b31f7c4c7,50,1,1,1,16,32
ba7b7a79-6c4f-4b33-8f76-4a81ef702087,50,1,1,1,16,32
48d09193-9ed1-4a27-8257-7c4b310d0a5f,50,1,1,1,16,32
1d5d6478-c3b4-481f-afe4-02386799d475,50,1,1,1,16,32
1e79e511-a187-48f3-b3c1-68a386643c1a,50,1,1,0,1,2
024bda11-9b0e-480c-a5b2-b15a196a3dd7,50,1,1,1,16,32
ba4d2c45-71ea-47e1-9ab9-2d08c64d2e27,100,1,1,1,32,64
41b23fb4-c808-41d9-8e5c-d0ffa2f554e6,50,1,1,0,1,2
4af15ed8-1a74-4e38-9efe-d1e12e4f3eb8,10,1,0,0,1,2
762e6db3-858a-4dee-aca0-9b146df5c525,50,1,1,0,1,2
95913a1a-1cf4-40fd-9e60-a47b81c0488f,50,1,1,1,16,32
65e804fd-80dd-4a34-931e-877783fe1d61,50,1,1,1,8,32
51fbbbd5-3829-442c-83f5-f84135331ae9,50,1,1,0,1,2
84175dc7-d628-4d61-8244-0def65f7d848,30,1,1,0,2,4
501e2c69-02dc-4678-ba6b-add5c6d247db,50,1,1,0,1,2
aa11c720-d1ed-4761-8783-38212e0231bc,50,1,1,0,2,4
16b2f8c8-6229-4082-8c28-e23072151139,50,1,1,0,1,2
985a5d23-72a8-4cc4-82f2-c0ed28d7d8bf,50,1,1,1,8,16
4e8a438a-de73-4eb3-8ca4-5bcced3741ab,50,1,1,0,2,4
dacbf43a-c158-4666-ab00-26f79fe897a9,50,1,1,1,16,64
d5df2018-ae7d-434c-b942-35f9450efe6f,50,1,1,0,1,4
f968ea17-d988-41ea-84e5-7ebbbc7d5854,50,1,1,1,8,40
91a2c459-b619-42f0-b552-468fb80cceaf,50,1,1,0,1,4
8be6cbfd-c327-4a82-a941-fd14a5c4613e,100,1,1,1,16,64
701af413-39b6-4360-88ba-d9d796090dc1,50,1,1,0,2,4
c2cfbc8d-5a7a-4ba0-a2b8-1ef7c8f1a70e,50,1,1,1,4,8
ce9bc265-9d28-4367-845f-5667f12f52ef,50,1,1,0,2,4
3a67def3-0bac-4028-a047-373128ea2eb7,50,1,1,0,1,1
72206583-8af9-4ef7-aac6-8aac9106822e,50,1,1,1,16,64
dfe14cfb-fc21-4d08-8a1f-8ddeabfd7ec1,50,1,1,0,1,2
23e893dd-5bb6-43b3-9de2-3a6bd2221bee,50,1,1,0,1,2
0ae2ad10-fd8b-43bc-9403-7a0448139bde,50,1,1,0,8,16
3a9f3da5-5d55-442f-bd15-f6cd5792e0cf,50,1,1,0,1,2
06aaa4dd-c82b-434a-8b96-00c840bb70cc,50,1,1,0,1,2
3ac4f743-72aa-49ce-b689-a596f80439b7,50,1,1,0,4,8
54c2f5d3-c382-4f3c-bd0a-62237ba09c78,100,1,1,1,8,32
3bdb667a-bf1e-4e1e-b19a-679e721bd6dd,50,1,1,0,1,2
0fdb9599-c9f6-4697-b3f0-28beca005f94,50,1,1,0,1,2
1f44de98-931d-4ef9-b5a8-bb0486a20860,50,1,1,0,1,2
bd437fac-3c63-488b-9936-882ff4a73086,50,1,1,0,1,2
82c19d26-37d6-43c4-bcf6-e404a8e55aca,50,1,1,0,1,2
89368f37-e88b-47bc-803d-59c7f2073fef,50,1,1,0,1,2
0e9d345d-d13c-499d-9e1d-5487fc09d739,200,1,0,1,32,128
16ceb633-d5b3-416c-b12e-3a344abffacc,200,1,0,1,32,128
7248321e-3917-4919-bce9-199d0f1e45ca,50,1,1,0,1,2
bccb9602-a53e-413a-ab02-330ecc3273b8,50,1,1,0,1,2
30ae86f7-2864-49a7-9bac-dec3cc8f3433,50,1,1,0,1,2
50a7c38f-e497-452c-8c81-8598a6c79461,50,1,1,0,2,8
688388ca-4a12-467e-a9aa-a6ebaf722dae,50,1,1,0,1,2
1097f7b2-b246-46b4-b9c6-20524bdf67e3,100,1,0,1,32,64
95a2c2ce-7271-407d-9999-c96ecdbd03fb,200,1,0,1,32,128
6dc3e132-753d-4ddf-aa09-39db67369f2e,50,1,1,0,2,4
d9b1e19f-4255-4471-8316-cfc5378103d4,50,1,1,0,2,4
4c4a9ed5-cb2a-43eb-8635-8ef3930d200e,200,1,0,1,32,128
184f7342-c825-4906-90a7-3dddc9ebb962,500,1,0,1,180,464
502bd548-c0e0-4a7a-a918-c826e17232e4,50,1,1,0,1,2
fd0e0564-502b-44dc-bfa9-ac4428f5f5c7,50,1,1,0,1,2
232e0f45-be43-4a8c-a8a0-7f57a73eef5e,50,1,1,0,1,2
8e133698-f365-4c92-bc1a-27611e25baae,100,1,1,0,4,8
20504cf3-9409-4731-946e-4a65ee92be2c,50,1,1,1,2,4
618e9ae4-6d2a-484b-812a-cbd5a94cc899,50,1,1,0,2,4
1aa712fb-10eb-4245-95ad-54808bfc4052,100,1,0,0,2,4
f637a602-3be2-40f7-8415-1dce46c4e0d4,50,1,1,0,2,8
1f0a8f0e-9a14-4f87-ab56-938c64cc5514,50,1,1,0,1,2
8d2e681f-9d8e-4c5e-82e9-cb25f88838db,100,1,0,0,2,4
c35f15fd-3adb-4f87-8383-a3113ce34e2b,50,1,1,0,16,64
6dcd46a1-0a95-4c23-8ec1-46786db1ad65,50,1,1,0,16,64
8f973853-58c5-4e01-8435-10638ccf14f7,50,1,1,0,16,64
3eb2a86d-6a86-4d75-8fc2-8d556553b436,50,1,1,0,16,64
d6d28400-43bd-486e-b7a2-0a6c56cec466,50,1,1,0,16,64
3093217f-034b-4d48-941d-129ca2503f20,50,1,1,0,16,64
385d2759-6756-4eb0-82bd-f0d649d6f8bc,50,1,1,0,1,2
5b314aff-065a-4728-9d92-fef09e191fb1,30,1,1,0,2,4
c4e21bda-c31f-4234-8556-394e010e857c,30,1,1,0,2,4
ee4ca50d-205a-4de0-a94c-82451e324e73,30,1,1,0,2,4
bb5fcef5-abc4-4202-b489-90c272ddaa8d,30,1,1,0,2,4
8df37e4a-2c8e-4b1d-8be8-d2459a594497,10,1,0,0,2,4
a092d76a-e5bb-454c-8b91-8054b82eedc2,10,1,0,0,2,4
45d5bffc-a5f4-4ce4-84d4-358a10199f28,10,1,0,0,2,4
13a3936c-f04d-423f-9cd0-616d5007171e,30,1,1,0,2,4
8943467b-56d7-4338-8d63-1dc5e1ffdbbb,30,1,1,0,2,4
6542526a-9225-4572-9d7c-472b23a1eea0,30,1,1,0,2,4
b309fd79-9edc-483e-8ea2-17e5d931cfc8,10,1,0,0,2,4
6adac843-29e4-449c-baa9-64cd2f141e5d,30,1,1,0,2,4
f5007448-2f73-4802-9f89-fce30fe1ef3b,50,1,1,0,1,2
9e6af16e-bdab-4ae1-8bec-a135c08bae02,30,1,1,0,2,4
57cdde9b-f6c3-4e8e-b94c-337c781968bb,50,1,1,0,1,2
6ee5e32f-8b58-4b97-b259-e66228999930,100,1,1,1,16,64
7d01411a-3008-4ab5-aeb2-e03f4219e3b8,50,1,1,0,1,2
5d85e766-248d-44c4-9b2c-7754c927a5a3,30,1,1,0,2,4
e0e00c40-4876-4c8b-b78a-599937f20230,10,1,0,0,2,4
21d19606-51e7-4c4c-a866-bf446b9e2763,50,1,1,0,1,2
aef4c719-ecf5-4e7d-9bbc-57d8e1c80402,10,1,0,0,2,4
b39e9724-e5d7-499d-90fe-a2882117feb9,10,1,0,0,2,4
af7189d5-963f-4cb9-a757-77ecef99ed78,30,1,1,0,2,4
7f1ac4e3-ae30-476c-944f-091c9357c047,10,1,0,0,2,4
950fcc00-9831-4e8b-a172-0f42a3dc5f79,30,1,1,0,2,4
f272c68d-2204-4c44-a74e-c3fada1205b0,30,1,1,0,2,4
d3842922-49d8-4e06-a620-f4cde131a37c,10,1,0,0,2,4
a6e4100d-748c-42bd-aeec-98161b9d45f5,10,1,0,0,2,4
ea156680-7bcd-429e-a38f-59da1d026198,10,1,0,0,2,4
b9b87c3c-b676-4504-a05b-2040a90b7bb4,30,1,1,0,2,4
f1029f2c-b890-461e-a50c-c832af1dd2da,10,1,0,0,2,4
55ebc131-f89e-426d-920d-5c7b8a516674,30,1,1,0,2,4
866626e7-8443-4d6b-9cef-661bec890a87,10,1,0,0,2,4
4308c65b-8835-4fd3-8bf0-97127f2ba72d,30,1,1,0,2,4
0080c8fd-23b8-4e2a-a1fa-aebc2f468551,10,1,0,0,2,4
24410dd6-65f7-47e4-ac18-09b8536f11e3,10,1,0,0,2,4
fe3d2286-fbec-4832-9cce-934c5b01235a,30,1,1,0,2,4
168d87bd-8c25-482d-920c-b50963ad325b,10,1,0,0,2,4
1f4dac49-68e8-46f0-b467-9f0ef8e749fd,30,1,1,0,2,4
94b15525-7d37-4645-a030-9d9e21d796e8,30,1,1,0,2,4
c0ccdd8d-6490-4452-8045-19f5209f9d4e,30,1,1,0,2,4
a2ad5e46-e543-470b-ba03-49e0f6970910,30,1,1,0,2,4
242a137f-1321-4da9-ba7d-52f6139cf166,30,1,1,0,2,4
2e3c2b4b-df37-4d23-b08e-a839599e9d5a,30,1,1,0,2,4
7a233a11-bce7-451e-9a96-dd7b07efe1e2,10,1,0,0,2,4
034a83d7-0e99-4952-bd14-fb9fef2801c4,30,1,1,0,2,4
a69d5747-e5bb-462b-9723-a1a5ff73c315,10,1,0,0,2,4
018d6293-6a62-4739-8c0d-c94547f8c7c2,10,1,0,0,2,4
f8a40d52-4ade-4431-9d0a-5b342ea9cabf,10,1,0,0,2,4
3ae30a72-b473-44f1-b18d-2c97b534512d,10,1,0,0,2,4
0151c2e9-dcda-461d-9b25-883915a24902,30,1,1,0,2,4
e09b06dd-f46e-498c-a341-66fce5c5eed6,30,1,1,0,2,4
f245220f-b106-454e-ac5f-3d3ce9643368,10,1,0,0,2,4
a56441ac-d653-402f-b9bf-a3dd493d1b21,30,1,1,0,2,4
3be95318-64b4-4fad-87ad-a5d1cd170ac1,10,1,0,0,2,4
e79b7456-c95e-417f-b78a-755fc288c908,50,1,1,0,2,4
29fef900-c612-4a76-8e1a-c8e73a28f5e5,30,1,1,0,2,4
db4f3cf4-5492-414c-8b42-ac8e970212f2,10,1,0,0,2,4
f20f8382-d77d-49ca-8cc9-2c48412b7161,10,1,0,0,2,4
6ea5ef68-b332-4cac-b059-928768e3acdd,10,1,0,0,2,4
91262292-8a3d-414e-908e-1c38716f0a5d,10,1,0,0,2,4
3fb0f36e-dddf-4c67-90e5-b182640ea00c,30,1,1,0,2,4
674bdc98-adf9-4bdb-99cf-7d26b27fa29c,30,1,1,0,2,4
44ae033d-7dae-42f9-8a74-58d250edb749,30,1,1,0,2,4
b9799110-5ab6-4113-95ab-ef2ef2c13c3f,10,1,0,0,2,4
759ceb1d-4cc5-483a-aa4d-e23c385608fe,30,1,1,0,2,4
3a48ae2c-e982-4661-be8e-7884a0f6d5e5,50,1,1,0,1,2
95de41dc-1313-4a72-a76c-617ea4532396,10,1,0,0,2,4
25adf657-7da6-4270-b444-59cc18fc43e8,10,1,0,0,2,4
64f0ed72-fcaf-4d21-8532-6c9e96a790a4,50,1,1,0,16,64
88266043-a918-4292-818a-a4c71f210a68,50,1,1,0,16,64
75936762-6c38-48a3-a765-27206a1436c2,30,1,1,0,2,4
b53d07b9-e977-40d7-b079-ddcbc208fae8,10,1,0,0,2,4
87f15e9d-24b2-4f34-8bf0-332166d9e423,10,1,0,0,2,4
12df91ed-3c81-40a4-8d65-d039c3dd802f,10,1,0,0,2,4
c5fc3cdb-aa9a-4a1d-996b-6ce75ccd5696,50,1,1,0,1,2
6cec857b-ff8c-4bc0-b25e-12069de2fcb1,50,1,1,0,1,2
81b00229-e43d-4b3d-8dde-9303124dd5da,10,1,0,0,2,4
5b57ac4e-b3f8-4554-80f8-9c0101441a28,30,1,1,0,2,4
962fe981-67ab-43e7-a37e-40480019e29b,10,1,0,0,2,4
13f51a0a-602b-4767-ace6-f9e61447439e,30,1,1,0,2,4
f3d00608-778a-4bd4-899d-937262fa37af,10,1,0,0,2,4
7b1c19bd-b90b-4b8a-b7e6-578d1daabf55,30,1,1,0,2,4
f004d238-b2c5-48c9-bf52-adbf3331d1a1,10,1,0,0,2,4
27aa32b4-268b-4a3b-9a84-b9b9f192eb58,30,1,1,0,2,4
a077757d-d8cd-4ec4-8334-59ea28341b99,10,1,0,0,2,4
6dfe562c-5aae-4391-9f06-1581c204e99d,50,1,1,1,8,40
a8a807c0-33e8-4d4c-a700-b67e94b9c778,10,1,0,0,2,4
cd78583a-58b4-47f6-8f94-95e17b731c1d,30,1,1,0,2,4
05c4ddb2-a3e8-4942-8230-11a3d9d2424c,30,1,1,0,2,4
e36b9fd0-d246-4d18-bbe7-f2856ef21825,10,1,0,0,2,4
6878ec37-a965-44a8-8331-f461a7489f33,100,1,0,1,64,128
382becb4-fe36-4a8a-9e00-4d7ae724d37f,100,1,0,1,64,128
4f5d4156-3c14-4284-9b94-882dfedcf4a7,50,1,1,0,1,2
15ffb951-a4e7-47b2-88ca-7a0421a2107b,30,1,1,0,2,4
2f5207e4-8a92-4bde-a06b-2d70f3652efa,10,1,0,0,2,4
9bc1f0f9-e03b-4bbd-b9f9-34a7e1932dcb,30,1,1,0,2,4
a8ce6026-0e5c-4f85-a8e4-66b51dda1360,30,1,1,0,2,4
898cda17-a293-4f6a-b40d-3cc363a8dd34,10,1,0,0,2,4
b325e0f0-55e3-4507-9411-4316708c400e,100,1,0,1,64,128
5cf911b2-ffb2-454d-9457-36a3145b5e7b,10,1,0,0,2,4
a2f9ea73-b678-414d-baaf-0544a1e57660,50,1,1,0,1,2
9f48f947-aabd-413c-af11-1bb2d946cc56,50,1,1,0,2,4
3e951a04-f38d-4986-8d24-f741b5f09f81,50,1,1,0,1,2
2de808e5-2a61-465e-b169-4718cdc3b907,50,1,1,1,4,12
fd44ee3e-aebd-45a9-96b2-d4e9344078b9,50,1,1,0,1,2
b2f51037-645a-41d2-b07f-19ea40bef531,50,1,1,0,1,2
f4f8f555-308b-40b2-b828-3b3e1e91b903,30,1,1,0,2,4
8464731a-5907-4fbb-9bdb-06e500d357fc,50,1,1,0,1,2
f994b40f-9cfd-4199-89b9-7373244e40a2,30,1,1,0,2,4
c722fd2e-b553-4761-85fb-62b5d7dfd7b6,30,1,1,0,2,4
07d0a4ae-3c47-4248-b216-d48c77855292,30,1,1,0,2,4
bb20ba9b-a9ac-4155-b79f-4125ef5769d4,30,1,1,0,2,4
4cd5370b-f506-427a-bad3-7056f415c121,10,1,0,0,2,4
12a50b92-b6f1-4984-aa24-9c5074ed238a,10,1,0,0,2,4
c26e0069-7cbf-4c41-b7dc-a06fba7253b2,10,1,0,0,2,4
8e5a0286-4967-47f0-a0df-3944c8195060,10,1,0,0,2,4
9d8124a0-1fe0-4a49-ac01-5657c73234d0,30,1,1,0,2,4
5ad7ffb1-f53c-4c63-b880-8b5953b150a9,10,1,0,0,2,4
da46766f-bdb5-4ec0-983a-e93312a97198,30,1,1,0,2,4
eda1537f-43e4-48af-9644-b27ed9cb75bc,30,1,1,0,2,4
d3a9aa0d-1b6a-468e-8f94-d71cdcd64224,30,1,1,0,2,4
997a9681-b129-4f73-94d6-5a6c4a790261,10,1,0,0,2,4
71fb83bc-06ec-42fe-a6c9-8acd95726ed9,30,1,1,0,2,4
fb02f07b-6ee0-449a-9bbe-bf0337c99a50,30,1,1,0,2,4
c658d24b-9ed3-49e6-8d83-40288f8549ad,30,1,1,0,2,4
d395eae7-71c2-45ca-93c2-3bf4e7b0c860,30,1,1,0,2,4
f59d6863-2a7d-4042-a488-6686d6f6f817,30,1,1,0,2,4
98b76ffb-5166-4b9f-9b3b-e8d55db3fff1,30,1,1,0,2,4
6714bef4-05b4-4464-b820-c898ffcbadfa,10,1,0,0,2,4
0b69db8d-faa9-4adb-b672-247c152e81ac,10,1,0,0,2,4
78cc5779-0b56-40e1-a10b-c48244e12fac,30,1,1,0,2,4
2a8bce9c-2b94-4ec8-b57a-f859477aa104,10,1,0,0,2,4
81a7eed4-496f-43d0-8b66-2601a57152aa,30,1,1,0,2,4
b099f737-6549-4b28-8628-6d964cc273d4,30,1,1,0,2,4
a8f7be4a-861e-431c-b921-dbaf3998bd8d,10,1,0,0,2,4
fedc6f5d-2d2f-49b4-8a12-d612ad3b7f46,10,1,0,0,2,4
729ff268-98d4-4c8d-8ca9-15f8afe2bb03,30,1,1,0,2,4
9b0ae447-1e8e-49fc-af66-acb39948b59c,10,1,0,0,2,4
3f8bcf55-456f-462b-93fe-696276f156cd,30,1,1,0,2,4
82a4fceb-6738-409b-a946-aa076792a1ce,30,1,1,0,2,4
5ceb14b7-6d7b-4f9a-b42d-91de370f310a,30,1,1,0,2,4
4d33e52d-616d-4b26-b149-84c8ac50f622,30,1,1,0,2,4
87610c58-12ac-42c1-ba27-747fbcd95f86,30,1,1,0,2,4
b2f40fce-4853-4493-af65-b15d994cfc05,30,1,1,0,2,4
1c73c0f1-8263-46f1-8ec5-c4b42ceb9c8e,10,1,0,0,2,4
78679515-fb79-4705-ab09-119c4c7b3fe2,10,1,0,0,2,4
183ee7de-1fa5-4739-be87-213af41af67d,30,1,1,0,2,4
36088cb3-4282-49c0-aded-10118b4653a0,10,1,0,0,2,4
38d755d6-f4c4-464c-b0f9-d3aa67889ded,30,1,1,0,2,4
041684b6-08db-4657-bc62-6911a0ecf6fd,10,1,0,0,2,4
ae946b5e-87cf-4c86-bcdc-987a999c6b20,30,1,1,0,2,4
6daf8669-569f-4bdf-ac65-efd5b73c1909,30,1,1,0,2,4
503e66f0-f855-4754-9313-cec6c9d92acf,10,1,0,0,2,4
828baa6d-107c-4d59-885b-a5f9d11523ff,100,1,1,1,84,256
b077d4a8-69e3-40ab-a707-3311dfba6d16,100,1,0,1,32,64
1adf2986-418d-4e06-b9d0-a208b1809ad2,100,1,0,1,64,128
de7bfe52-6277-402e-9863-47354b1679c5,50,1,1,0,1,2
dcaa722a-e0d5-4eb6-b192-8e0365f29990,50,1,1,0,1,4
4181465b-778c-4bb0-930c-facbbeae6997,100,1,1,1,16,32
40fad9a7-8281-4a35-856d-41983e1d3aeb,30,1,1,0,2,4
43a2467c-5295-4a58-a4b3-d1e6d19f5d23,30,1,1,0,2,4
60059ac9-4df3-4b18-a843-6d8ecd7bf6d6,100,1,1,1,4,8
999fd30a-a970-411d-a380-0be851fcf158,50,1,1,0,1,2
b5eb6e2a-db86-4073-90db-3e9b73ee3bea,30,1,1,0,2,4
90ed1acb-3d84-4ca9-97ff-e7f76eec3d45,10,1,0,0,2,4
001bfa72-3dd6-49e5-aad2-9ee27c48530d,500,1,0,1,180,464
0bf56eb4-6224-46e5-8770-b38b2ecb2ddc,100,1,1,1,180,464
28779881-8c14-46b3-a2ac-0abb9946e596,100,1,1,1,180,464
1acdb10d-a9f2-4c25-a34f-425c9c1d7ee1,200,1,0,1,32,128
52376c0a-143a-41aa-96f5-971a59fdbddf,500,1,0,1,180,464
bbeb98b2-797b-4b6f-9520-e2efdd7a891d,50,1,1,0,2,4
5a05e113-6296-41a0-b373-35dbecb02c2f,500,1,0,1,180,464
72318b09-fb1f-48af-b697-adb5ea8ce3ce,50,1,1,0,1,2
3acf5e6a-b839-4adb-aca0-695676c57b30,50,0,1,0,1,2
a7577298-c68b-4b4d-a35c-cfcea22c679a,50,1,1,0,4,8
32f8ca6c-b75f-425a-a48f-a1a0ded9cf5a,50,1,1,0,1,2
6a769b8e-da17-4d1e-8d94-dc26be271ad3,100,1,1,0,1,2
1ad3f235-c8ab-41b1-a507-91e9cdd21edb,50,1,1,0,1,2
0b1d328f-0f88-449d-804b-2503aa2cbb64,50,1,1,0,1,2
03cf7282-7d33-4314-8dfe-5ca0011a1b9e,500,1,0,1,180,464
0facb6c9-265a-486f-b105-25607ce32f2e,100,1,1,0,1,2
8598bb85-6bed-4c7b-9de6-1c8039c6f809,500,1,0,1,180,464
11ebb8f6-eb8b-409b-b476-8f764b3c422a,500,1,0,1,180,464
e1cf4b4d-a9fe-438d-9245-d15b294b335c,50,1,1,0,1,2
9a146198-c2c9-417c-91bd-37a4dd5c7f2f,50,1,1,0,1,2
c8ad9779-f1bb-4ed2-9437-fa8503a19a9d,300,1,0,1,32,128
6f0041f1-752e-42b9-a8e9-bd2f0fa1736c,50,1,1,0,1,2
397653e0-d55c-453d-8d31-a29f71d0d9ae,200,1,0,1,64,256
37f62e4f-971f-4ffd-a3c1-d485f6112724,200,1,0,1,32,128
91ff3cad-3f58-4460-9ba3-f3db4795da2f,100,1,1,1,180,464
5dc581fd-e9ed-4564-9be9-bd6d614d93b9,50,1,1,0,1,2
179f7dc6-d76b-4c6e-b793-e517ad4fcb45,100,1,1,1,180,464
9caf8683-6d1a-47a3-a693-85f1778a2f8e,500,1,0,1,32,64
2f3259a9-3531-4ca4-942e-e03efaab6759,100,1,1,1,180,464
0f2a79ad-d7ae-4c8a-965a-904faaef8a73,100,1,0,1,64,128
08ddaa1a-2f26-41e2-ba50-e9ac22f969b0,50,1,1,0,1,2
0a67bd48-d4bf-474f-aac8-4d6211c3e15b,50,1,1,0,1,2
fd0f4cdc-5e20-4d10-8bdc-9fc552df24d9,50,1,1,0,1,2
747aec1b-6028-4c2b-8804-b609e3ede630,50,1,1,0,1,2
05acf36c-7c93-48cf-af2b-9d0bcfef9093,100,1,1,0,1,2
9bd15fa4-caa4-421b-9652-62e31a2fad77,50,1,1,0,1,2
e62d9a0c-394b-4cdd-a457-b46ff1d4053c,50,1,1,0,1,2
09ea96b6-8634-44ff-bded-f1234cb19ae9,500,1,0,1,180,464
0b672c97-531a-4478-b39a-e5104a348d30,500,1,0,1,180,464
164c3e00-2721-4887-a632-58f6090dbe96,500,1,0,1,180,464
4b89fb0a-e09c-4a7b-ab32-08e90a49d7bf,100,1,1,0,1,2
29293b01-a192-4af9-947b-ee7f138e0a6b,500,1,0,1,180,464
1753c704-8636-46af-8067-9907b2a082ca,500,1,0,1,180,464
17a951f1-20b8-42c6-8160-7332bab16923,500,1,0,1,180,464
42335490-cf51-476e-bdcf-125abf95ff4d,500,1,0,1,180,464
3fd51e28-990d-461e-b2d9-dff3d83c81eb,500,1,0,1,180,464
33f9c49d-1a78-4fb4-8e09-659b20ce2a3b,500,1,0,1,180,464
18f31a0f-e784-4fec-8182-e35559dbca9c,50,1,1,0,1,2
08fb139d-7f37-431f-b3f4-4b2e590061c4,200,1,0,1,180,464
64880cec-076d-4708-916a-0c89f87e28b8,2000,1,0,1,16,32
84806e8d-6cac-4f70-93ae-0e4b9dcb0987,50,1,1,0,1,2
0d5ef608-e6ef-4dc6-a3df-022a0cd000bc,50,1,1,0,1,2
af5164b3-c7ba-449c-b485-628f3d52f694,50,1,1,0,2,4
dc16704f-3ad4-42ea-bea6-bc97f5d8db73,50,1,1,0,1,2
9396c92e-b385-4d18-9529-ba8459355e1c,50,1,1,0,1,2
2717da01-4d01-470d-9fae-5aae500e6ce8,50,1,1,0,1,2
6dd19987-7ca5-4e3e-90b3-05d512b60e6c,50,1,1,0,1,2
0d4e2577-fe8f-4a11-82c8-cda6cf6d8a07,50,1,1,0,1,2
604fc3ad-eca7-4a34-8f42-7391c88d5e24,100,1,1,0,1,2
8bda9b7f-d067-4034-9d25-04489feeb72b,50,1,1,0,1,2
fac964f6-e300-4533-84eb-826a5473a661,50,1,1,0,1,2
91d0c1fb-a135-423f-bddd-1e7b5c0c60bf,50,1,1,1,16,64
ec88b698-3914-4b4c-a3f8-f29677f47ddd,50,1,1,0,1,1
ff5f662d-9e76-48ff-8b59-77c23b0a7e50,50,1,1,0,1,2
798311bf-2d19-4b08-bafb-73771414adfe,50,1,1,0,1,2
73bc5f2b-818e-4845-91d2-2acf70e0dccc,50,1,1,0,1,1
edce0e0b-5109-4bf8-a4d8-b75664333b86,100,1,0,1,64,128
2c5baebc-010e-43ba-a5d6-002e0e23aaf6,50,1,1,0,1,2
adbeb264-a416-44e6-96a1-b3b370108934,100,1,1,0,1,2
306b5043-b41b-497f-b2fb-778082193cb0,50,1,1,0,1,2
5bf55df5-ea00-4570-8012-c39269b8100d,100,1,0,0,2,4
efa74319-5a22-441b-a746-75cfc5f5cff0,50,1,1,0,1,1
1cb07289-eadc-4fcf-a4cc-b273ab37f8db,100,1,1,0,1,2
497d6f00-e13b-49fc-8f12-a6c65085d11b,100,1,1,0,1,2
078cc2f0-318f-46f4-8f73-e062cce8bfaf,50,1,1,0,1,2
df2bd9ee-e4fd-462e-a667-1d459982d521,50,1,1,0,1,2
15557b9b-6a78-496a-8dcf-21c806520463,100,1,0,1,64,128
15fdf42d-1f15-4192-a826-d37aa40dd534,100,1,0,1,64,128
e8cc1095-0e8c-434c-a970-749d8766c23f,50,1,1,0,2,4
df930167-1fca-4132-90eb-078a91a29b64,50,1,1,0,1,2
ef9fa9a7-3845-4b0c-8656-365352b0ed09,50,1,1,0,1,2
834e28df-675d-4fd6-a3f5-e58b6f53d1bd,50,1,1,0,1,2
c6eba385-2271-4085-86e7-39621b815e49,50,1,1,0,1,2
4918861e-2646-4910-969e-2a4672877b5d,200,1,0,1,32,128
4ab5adc4-d186-4163-a4d0-f567017bddd6,200,1,0,1,32,128
544d7db6-fd7f-4dbc-9e5f-f506e6dd0f3e,200,1,0,1,64,256
968b70df-d1a9-47d0-a19b-2796f8a45d4f,50,1,1,0,1,2
cf1149ae-c880-470d-9605-f1b673c992cd,50,1,1,0,1,2
a38658cc-6735-463c-b30c-24ec37e5ac0d,50,1,1,0,1,2
c946ae61-ed11-4dd4-93d5-7133bf360acf,50,1,1,0,2,8
596a9c6d-cde9-4055-b567-1e698eeb88b6,200,1,0,1,32,128
69c5cdc4-dd81-465a-a38f-b24caad1f14f,200,1,0,1,32,128
b45fbf42-23cd-473d-93ef-87974c53fa62,50,1,1,0,1,2
728faf5a-4044-436e-8225-87185d319ca0,100,1,1,0,1,2
cd96e7dc-418c-4517-8a2c-34c71dea9b5b,50,1,1,0,1,2
0d452dca-6d06-42e1-b6d4-96e1fe526036,50,1,1,0,2,8
581e8850-8363-4d29-b711-ea52c2030ed2,100,1,1,0,1,2
83d18aed-4ca8-4ab5-813c-b694a6e018db,50,1,1,0,1,2
f7f7be70-2b25-4a4e-9667-b44a79945de0,50,1,1,0,1,2
c1638f4a-eab8-4452-a7d1-445c161c0a64,50,1,1,0,1,2
95dea11d-2658-471c-9bc2-69a3f8cfd74a,50,1,1,0,1,2
667f09ed-d497-4933-96e3-8e81df773bcf,50,1,1,0,1,2
fc193e01-307e-4fe3-9cb0-c70d8908b16f,50,1,1,0,1,2
4573016b-464f-4dc4-b64e-1ca4287a5e44,50,1,1,0,1,2
6d25e397-f9eb-465c-98ab-1829f0848a20,50,1,1,0,2,4
677909bb-d929-42e5-a80d-37d74e63c2ef,50,1,1,0,1,2
d019fe08-6b66-4718-a56d-41d395ca1ae0,50,1,1,0,1,2
1d6506f8-2b13-44b8-bb31-d63aa3f0298e,100,1,1,0,1,2
2ffc0a8d-0fba-4ad1-b37e-b558a87b0b92,100,1,0,1,32,64
243c2c1a-fa26-40f1-8d3e-5afdfaddf466,500,1,0,1,32,64
0a9ef51f-655c-4497-84dc-098656b6df4b,500,1,0,1,32,64
122659cb-3d04-4c13-9585-1d6586549a88,500,1,0,1,32,64
2f5f0f29-aa50-44c0-9909-de4081e75ebf,50,1,1,0,1,2
f468d539-ebc5-47f1-9f38-955530aeccb3,50,1,1,0,1,2
6c7fb46b-5461-4b88-841b-8fd1eb3d8ed1,50,1,1,0,1,2
2184a2c4-406e-48de-beeb-dcdcc01ce3c4,50,1,1,1,2,4
919615d4-467d-4e6d-91dc-70545cce017b,30,1,0,0,1,2
569f7426-28db-4763-9037-efa3b08afb07,100,1,1,0,1,2
c6f73bde-3516-4d45-b4e8-0f61859c1546,50,1,1,0,1,2
4f3e83bd-5d0c-4e05-888d-a9552abccaf4,100,1,1,0,1,2
805514bf-5bb4-41d5-a12b-9e1fb538ff92,50,1,1,0,2,4
15723cbd-63f1-4b60-88e3-35ff6562c30e,50,1,1,0,1,2
ef4341df-226d-49b8-bc3e-b892d105cad0,50,1,1,0,1,1
216f50dc-4253-4d23-998d-8fbe516db939,50,1,1,0,1,2
1935a132-bf6f-4ccb-908d-a659add7fffd,50,1,1,0,1,2
5e23f622-27cb-45e5-a8d0-3a4b46dd32ce,50,1,1,0,1,2
62249d24-5d89-4757-9c81-090d7f93390e,50,1,1,0,1,2
d509b3ea-5969-4009-8346-dacdc09fc96c,100,1,1,1,2,4
18d73eee-302c-4239-aeb9-09dc13f6e431,200,1,0,1,32,128
27a5267b-adcb-422b-9148-4b707fda88d3,200,1,0,1,32,128
175851f7-b118-450a-ad99-cf6568be3aa9,200,1,0,1,64,256
48e9dbbd-5e66-4801-9e5f-2f865f0b1449,50,1,1,0,1,2
3cf7cf44-ace5-49dd-a8b0-da8f5f7dd3ca,50,1,1,0,1,2
a5b55e86-8942-46bc-a000-4f0bf305e7f6,50,1,1,0,2,4
1147833d-9375-4ce9-ac0f-10865c20eee9,50,1,1,0,4,8
eb5299c0-e2c8-410d-bbc3-12d59101cf82,50,1,1,0,2,4
c9f6e605-844e-47a2-8a68-ec1e09cb0028,50,1,1,0,2,4
2ca107d0-051a-4129-8159-7329f2c974fa,50,1,1,0,2,4
bd8ac9f3-a13f-4658-a2b2-295b3b8a6c8f,50,1,1,0,2,4
b7d4c539-3c37-479b-87f1-1bba61b04219,50,1,1,0,2,4
3d85abb1-7676-42dd-bbdc-5d5b6a8ece7b,50,1,1,0,4,8
2d0dd361-719b-4d29-97f4-d66b84f64201,50,1,1,1,2,4
bab6ef02-2952-46c2-9e1f-f5dfb054bf68,50,1,1,1,2,16
bdc392ce-a8e5-4d1f-a3da-a4e84edba9da,50,1,1,0,2,4
9b8b9ece-35cc-47ae-948a-c9ca69e76d51,50,1,1,1,8,32
b61da27e-b8b7-4037-aed6-f805f1a1181d,50,1,1,0,2,4
dc45a5f0-5bb2-4e11-b3b5-162280dbc17c,50,1,1,0,2,4
18e768c0-3dda-49a9-9d33-c3938bf9db77,100,1,1,1,4,8
90ee36d7-7399-4129-b875-e2369cad25f8,50,1,1,0,2,4
6c6823bf-437d-4dc3-a7a4-38ed5fc6d116,50,1,1,0,2,4
82c27459-1f4a-4d9a-bd76-9bc0d7a27beb,100,1,0,1,16,32
4c94c010-91bb-4ac1-84d0-366667baf197,50,1,1,1,2,4
dec85ef1-2c73-4c59-b82b-56d18af1e986,50,1,1,0,2,4
187a5097-0acc-4b05-be86-b93e67fddfdf,100,1,0,1,4,8
ece0ab66-e920-4cbc-921c-6add7980ac32,50,1,1,0,2,4
a0499f32-0f04-47b7-a644-87a61ccfa72b,50,1,1,0,2,4
649b7f4e-a6a4-46f1-81da-572b6a39cf3d,50,1,1,0,2,4
c10aa390-0246-4cb7-9342-76877ae72253,50,1,1,0,2,4
092120db-e096-44ea-91fa-cebf1bba0791,50,1,1,0,2,4
2fca66fa-e8cc-4c2e-972e-10cab2521da9,100,1,0,1,4,16
32cf248b-9d96-491b-817e-e7bcee665c18,100,1,0,1,4,8
a2118478-bbe1-4c4b-a607-6e41a30613a7,50,1,1,0,2,4
0090cbd8-9dfd-42ce-8cc4-5b1fadad8d3a,50,1,1,0,2,4
38b8c54c-462e-49df-94ea-a830358ff7e2,50,1,1,0,2,4
304972b7-4fa9-4adf-9c34-2405a1e1af77,50,1,1,0,2,4
ead0f7a4-05c0-4d64-b066-0d2e7bdb085d,50,1,1,0,2,4
5a344ca8-b588-44f5-b950-1a19f9a9d139,50,1,1,0,2,4
53934ef9-887f-463d-85d7-d70b6e985fcb,50,1,1,0,2,4
0be9c959-ab63-4cb0-89b9-de1c9d010756,50,1,1,0,2,4
d9031ecb-8a76-4540-9dac-b7b149ae30a2,50,1,1,0,2,4
2067e8a3-0d5c-4006-8a9d-7e1ec53e1852,50,1,1,0,1,1
2af87e20-e6e0-4c58-ac03-987bcf44adea,50,1,1,0,2,4
190d6e07-9071-4d10-85c0-63915b006e29,50,1,1,0,2,4
091635e8-c35f-419b-a061-83711aa34fa3,50,1,1,0,2,4
af4d1cd2-3c06-4f63-9b3e-744143e588bb,50,1,1,0,2,4
4e80ff30-7857-4915-9b91-4de6b52e0200,50,1,1,0,2,4
6b62b301-1c80-4e6d-b1b0-90d4a884efea,50,1,1,0,2,8
7fb89dc8-529e-4260-a9e1-7b64e063199f,50,1,1,0,2,4
6cbe440c-8de7-497b-80b1-a32e2c990826,50,1,1,0,2,4
7463b80e-14fb-4a78-8505-44fc6ebe484c,50,1,1,1,4,8
623b32e9-e786-42d2-b40b-4dbeffb44971,20,1,0,1,8,16
a9d3eb72-8f8c-49b8-8780-60425f0ee190,100,1,0,1,16,32
4ea64c6c-1cc4-43da-8766-e28076628e86,100,1,0,1,16,32
59a580e3-aa52-4f52-a700-8b1a63ffa8b2,100,1,0,1,4,8
07a16f3f-8182-4a7b-890c-632ccee5a802,100,1,0,1,16,32
69fd8099-3532-43bb-b1c0-e470efc15ad0,50,1,1,0,4,8
7fdd4da8-8f3f-4d55-b2c9-bfdc1586fc54,100,1,1,0,4,16
0299f86b-1cd6-497a-bb83-b480b6ea461a,50,1,1,1,4,8
922378fe-523e-409d-8573-4a73b7756fd4,50,1,1,0,2,4
64198950-2c36-46b6-a846-8d7e137d06aa,50,1,1,1,2,4
c4dffaf9-2b70-43c6-8c9a-ec6189f7eaa2,50,1,1,1,4,8
885dba50-ba1f-476b-a27d-ffbd67855cb4,50,1,1,0,2,4
1e1ca33e-81ef-4c6d-bb7f-745627435988,50,1,1,0,2,4
fa044e2e-155c-49f4-919a-014e6e6902ec,50,1,1,0,2,4
032d9021-440d-410d-976a-4cdd08b31c56,50,1,1,0,2,4
b8d2585f-c0c7-4e4d-b058-c9ccd0018a46,50,1,1,0,2,4
b56ee3dd-b185-4ed8-8584-552a9829b901,50,1,1,0,2,4
b1e4176e-8422-408d-adf8-e35eac498268,50,1,1,0,2,4
bff3584c-5214-4a80-9b0c-5ae85afa411b,50,1,1,0,2,4
d9f40df4-c48b-45c0-9826-b63065a7119b,50,1,1,0,1,1
ac315f99-d331-430c-a608-eab526e4ed91,50,1,1,0,2,4
7859a917-5534-4594-b5ec-ff970d94d137,50,1,1,0,2,4
b7bf47b9-92a5-43b0-918d-e28525c4b428,50,1,1,0,2,4
dffcf6df-2f4a-4abe-89cc-88398979b934,50,1,1,0,2,4
8aca30f1-cfc8-46a3-bd2a-284c5f3bbf0b,50,1,0,0,2,4
3c38b67c-d7c9-424e-97e1-5edb91857cbd,50,1,1,1,24,48
8a3f2bbe-87e8-4d93-b40a-1402168b469f,50,1,1,0,2,4
02a5b437-f461-4524-bcc2-f010aa0f0716,50,1,1,0,2,4
e4cd1e0b-514f-42ee-8784-0e8f1aa45b1d,50,1,1,0,2,4
aa18e873-4e87-40f3-bb41-cf27b6a5a619,50,1,1,0,2,4
326a06c7-b928-4ed4-adcc-07b7d656ebe1,50,1,1,0,1,1
69b48978-2dcb-4f01-9e5f-7108b25dbef2,50,1,1,0,1,1
013bc88e-14e7-4383-b39f-3b430fc760ba,50,1,1,0,2,4
5de019e3-bad0-480d-a414-6d19802627bb,50,1,1,0,2,4
36ef8b8e-89e2-4007-b5e1-982ad80cd712,50,1,1,0,4,16
132305bd-d800-42d1-b5f0-bb66a75d45cd,50,1,1,0,2,4
525a7f3f-36d4-43df-8754-aaea13c17eec,50,1,1,0,2,4
e8c6f929-dea3-476f-abce-af82c356c410,50,1,1,0,2,4
52db0dbd-487e-423c-8815-f0c34d4ae574,50,1,1,0,2,4
f1080b58-b5af-4834-aebc-aadc301f0d5a,50,1,0,0,2,4
aa6acdbc-7e16-4628-a72b-fcaceaf860c8,50,1,1,1,8,16
08724082-3dab-4d19-92f9-8d01a79e1e1d,50,1,1,1,8,64
4f0293d1-9ba0-4870-81cd-4eacdb44588e,50,1,1,0,2,4
2649e386-cbc4-409c-9ce1-b2b4f2d9d679,50,1,1,0,4,8
b22228f9-9927-4d7c-8c28-77f4382ee8ff,50,1,1,0,2,8
b98191c6-79e0-4deb-8bfa-9d41da8e93a7,50,1,1,0,2,8
c1e0ff6c-fbfd-4df7-aaaf-ec79ba974dac,50,1,1,0,2,4
c5a6448e-aae7-4a2f-ae86-ee723d321063,50,1,1,1,4,8
7bdc04e6-dd3c-4f52-961e-4f8c4f5bffcb,50,1,1,0,2,4
3951d219-bd53-4ffd-861b-e8e5c220fa46,50,1,1,0,2,4
9c6a0cd1-d5fd-446c-a74d-2566e9681b8d,50,1,1,0,2,4
46a43446-2c5a-4a21-aad1-7c8cd057fb61,50,1,1,0,4,8
e4c055a8-aaeb-42a9-a06d-8b699d5f2985,50,1,1,0,2,4
41cba8b3-862d-410d-b18f-f11ad4c3a001,50,1,1,0,2,4
df689144-fd82-4251-a76d-86839316e13a,50,1,1,1,8,16
877b470e-84bc-499d-99f1-557e1772d013,10,1,0,0,2,4
709ca22f-00ad-47c8-8a9f-9dc4e16d6025,50,1,1,1,4,16
6ae94d88-cc69-429c-a85a-afcae3210c77,50,1,1,1,4,16
17d5da9a-522e-4100-85c9-6f1c4ceadc6b,50,1,1,0,2,4
91e3ec9f-66e5-4a27-afd5-acd59f18b07b,50,1,1,0,2,4
23967d7f-4518-4f63-9a87-2329e753ddc2,50,1,1,0,2,4
60397e03-c2ca-487b-afe9-e3d6c69e8e51,50,1,1,0,2,4
bd6766b2-7f20-4dfe-9bcb-68e1402fb84d,50,1,1,1,4,16
f92bc5c7-bfe7-46ad-8d97-9527e5b6d91b,50,1,1,0,1,2
647f9da4-1310-4baf-b5a3-8ae884e6db7d,50,1,1,0,1,2
cfd8a7a7-df21-4e38-bbad-026f2740778d,50,1,1,0,2,4
d6b4fdb3-9406-4a78-bf0d-aaca6a1c4292,50,1,1,0,1,2
46a79c17-6113-4a94-a260-2e6e883743be,50,1,1,0,1,2
45e18700-cc1a-4042-b54e-713b448a73bb,50,1,1,0,1,2
9ef722f5-2262-4a7f-bef8-1b06055b32f4,30,1,0,0,4,16
4e7bd466-e219-444a-b2cd-a5d19b325b54,50,1,1,0,1,2
128b7ed8-6ff7-4631-ae4b-9d625a827a9f,50,1,1,1,4,8
0841dac7-03ba-49cb-8025-162bb5469a5a,100,1,0,1,32,64
3fbb145d-7994-4e2e-8261-110dcdaf4397,50,1,1,1,8,16
f96e5d51-176d-4ad9-b4a1-ff4d0df40ee1,50,1,1,0,2,4
a74b234d-3f42-4eaa-bf2e-58841bceb48d,50,1,1,0,16,64
44c923b8-9097-4bfe-adda-b7589602e1f8,50,1,1,0,2,4
5bdfedd8-c3f3-416c-a95f-626a46a5f147,50,1,1,1,4,8
7dd70ea8-c12a-434c-a71f-58319e17dde6,50,1,1,0,1,1
fcf2dfa3-59f1-4d2e-b185-03e51074ff38,50,1,1,0,1,2
35ecf3b1-d6af-4893-88a9-fe4b6ae76f21,50,1,1,0,1,1
59c4a4c0-898e-4e5e-97b5-d6be042c2206,50,1,1,0,1,1
cd102c2f-375e-4e5f-ba71-bb5fe3564dce,50,1,1,0,1,1
949157c7-f24e-4473-9afd-3ffe9e60f0df,50,1,1,0,2,4
3f638fb8-2f72-464d-b69a-d69c9362d248,50,1,0,1,8,64
26426f7f-0c5c-4949-92b5-25379b3ca42a,50,1,1,0,2,4
9421b54d-4045-4d59-8b40-547a4123203e,50,1,1,0,2,4
e6b74347-8a85-4c2e-89f9-569691e8b274,50,1,1,0,2,4
9e19c9ba-4a08-414a-8481-c2c792114518,50,1,1,0,1,1
5fd4ee16-039b-4c80-9da4-c57b08ed78dd,50,1,1,0,1,1
d5bf4e14-cb5e-4e91-ae4a-5eef780575bb,50,1,1,0,1,1
1a698e4f-8235-4a41-80a9-0aaa91eb3497,50,1,0,1,8,64
1993165a-036b-407a-83f5-a18764d6837e,50,1,0,1,8,64
a9c752f9-039f-47ab-965f-104045449e86,50,1,1,1,8,16
708fdf25-68e2-447e-9e3d-cca13af3494d,50,1,1,0,1,1
8184a03e-daaa-4d23-af87-a723c875d1f4,50,1,0,1,8,64
7cff09ec-27f1-48f9-a2e7-5a2d0a08b3e6,100,1,0,1,16,32
26729e1d-6882-45c5-b31e-fc5329092deb,50,1,0,1,8,64
93679512-1677-4932-ae05-c674014f257a,50,1,0,1,8,64
62ad3403-2073-4180-984d-a46fa2b51bfb,50,1,1,0,2,4
05e7f729-6a29-43f4-a6b7-11cc966b555d,50,1,1,0,2,4
5a4e3b2a-1b1f-4457-82a2-b8ee00c01d5a,50,1,1,0,1,1
a47a1158-f322-4d0e-b457-ed618237efca,50,1,1,0,1,2
1a040046-d66e-46c8-8c24-6f37db757f4b,50,1,1,0,2,4
da1ba86d-bafd-4260-be0e-03cf80de740c,50,1,1,0,2,4
7ef41015-6218-4ebb-adfe-c929e9f04c73,100,1,0,1,32,64
5d9ba507-a2e8-40cd-876a-fa8cbe7253fa,50,1,1,0,2,4
bff15b9a-f00c-4794-8a95-a910619cdc85,50,1,1,0,2,4
fa3999bb-29ea-4b80-986a-1f0508e91c21,50,1,1,1,16,32
86feb27e-1065-4550-908e-f438891204ae,50,1,1,0,8,32
e01578d0-7bba-41c6-8ce8-a47691f6d34b,100,1,0,1,32,64
d0540386-8bd0-437a-875c-d7c00cef9150,50,1,1,0,1,1
22f6b8bc-4718-431c-bd74-cde16f742476,50,1,1,0,2,4
ba257696-ae2d-4bdf-a5b4-47c02e0bc610,100,1,0,1,16,32
780f7dcc-5635-4abe-bc98-256360f8db71,50,1,1,1,4,8
35843769-3cc3-4fbf-9063-d1b6a590888e,50,1,1,0,1,1
10d793d0-d897-4248-8f57-3581d152480f,50,1,1,0,4,8
4a026638-ee0f-4a28-803f-2756580d0d9e,50,1,1,1,8,64
747e5ad8-27d0-40a7-8916-0377d0cec93e,50,1,1,0,1,2
b42ddcb2-3838-4759-9261-6cd5927127fb,50,1,1,0,1,2
c9e8a2bf-1f13-44c3-b9c7-0586b854fec7,50,1,1,0,1,2
dbf5c592-5ded-4f4b-9416-9d5111a91151,100,1,1,1,32,64
73408b1e-47c2-45cc-8960-dc65a1e04829,50,1,1,0,2,4
42268d7a-8d32-4349-bc7a-d4570dcc88f7,50,1,1,0,1,2
79aa9144-2a0d-4a33-a0db-94c51655b072,50,1,1,0,1,2
83a980b2-591e-4411-a6fd-1a7dd2a96a13,50,1,1,0,1,2
cd3acf79-cc5f-4ce5-a3f5-151cfb93578f,50,1,1,0,1,1
84074191-2154-422a-85d2-6ff44b381f07,50,1,1,0,1,2
d7fab949-3773-4b44-b944-c3f1e1ce1104,50,1,1,0,1,2
2af66a46-4b77-402d-8639-80266357796d,50,1,1,0,2,4
a417b7e5-da12-448e-b64e-511cfa5ed088,50,1,1,0,1,2
a3ecc9d9-052e-4b22-82e5-c88e7310e67f,50,1,1,0,1,2
d7708cee-b953-4eb1-82f9-602c4b2baa7a,50,1,1,1,2,8
07127c43-c2d3-4811-a41a-c2b5b55beaf5,50,1,1,0,1,2
d8bc801a-dc71-46c3-a6fa-c521f5b36f7c,50,1,1,0,1,1
0aba6ff1-0151-4e03-9202-4cfcc8b953c2,50,1,1,0,1,1
4f6c0bde-5538-419a-a131-3240973e2a3a,50,1,1,0,1,1
1d7a91a7-080c-4715-b921-71f6e003d3e5,50,1,1,0,1,1
60d23b57-a957-453c-b4f2-3d435a536a42,50,1,1,0,1,2
46e3947f-0ec0-4d54-be62-23830446e594,50,1,1,0,1,2
6304ccf1-2927-48d6-bf7c-feb7678b7009,50,1,1,0,1,2
6086366d-811b-4a2a-ad2f-f728c70c4996,50,1,1,0,1,2
61fd79d3-1a66-4f2a-bb3b-00eeb6be766d,50,1,1,1,2,4
19b62055-6d46-442e-bac9-8ef3182120de,50,1,1,0,1,2
d8e8ceaf-286b-4f7f-b52c-0523a3b00c15,50,1,1,0,1,2
4278ee92-5c4c-46d7-ba23-f2173368c5ac,50,1,1,0,1,1
7e17cef0-8ce0-402c-88fb-5056179bfb41,50,1,1,0,1,2
d47d359e-c63b-48c1-be43-b82aec58ca87,50,1,1,0,1,2
15012f8c-9852-441b-b8ff-1587ebcb202b,50,1,1,0,1,1
4618eb5d-289f-44f0-91da-62cd3bb8a4ed,50,1,1,0,2,4
43621383-b773-4fc7-a767-33b2a85d334e,50,1,1,0,1,2
1eae7884-8080-4ac3-abe9-602ce5e0a7a1,50,1,1,0,1,1
77127dd2-ac86-404f-b8eb-f5889b0cfdf6,50,1,1,0,1,1
1d297e6a-e1d8-47e4-ac89-62e875f7b9d8,50,1,1,0,1,2
045d1d9c-44b2-4ef3-8710-358dc0ef8b73,50,1,1,1,2,8
5dadde90-ffbc-459a-8f42-b52ccfa56c8c,50,1,1,0,1,1
4c9e0908-554a-48fd-8abe-de417c410804,50,1,1,0,1,2
aba4e1c2-190c-4cb0-bf28-7a0bda4ece6d,50,1,1,0,1,2
dcf91742-8638-4ea1-8030-1fe1a9c2f693,50,1,1,0,1,1
a9e91c7a-5876-4021-8cb2-0758b908235e,100,1,0,1,32,64
f444faa6-0bd9-443a-b24d-caabc0ca3687,100,1,0,1,32,64
6723db4c-0901-4949-8baa-b7e46000704a,100,1,0,1,32,64
b3e90f84-d4b8-4e16-8d2d-3a2cc229ec63,100,1,0,1,32,64
3356d364-725b-43d0-9ad8-46015e5e06c1,100,1,0,1,32,64
a5977d9f-51eb-44b1-8069-94375a4cb2ee,50,1,1,0,1,2
3aad34b6-4517-4c1a-92e8-c2dc3fed13f4,50,1,1,0,1,2
0e32b4d2-46d1-4dae-bc4c-0c24e55722b7,50,1,1,0,1,2
8a4bd5dc-6fb8-46fb-8ad0-0910659e9369,50,1,1,0,1,2
eaa6e109-e30b-41bb-b6ea-df933e902cef,50,1,1,0,1,1
79349a6f-91af-4cca-9453-7b747be2ec28,50,1,1,0,1,2
4cbae71e-0fc8-47b8-b39d-f4eb4e7042a3,50,1,1,0,1,2
b2119efa-b92e-4a71-a2c9-149011be4bae,50,1,1,0,1,2
4a25f058-d366-4b4f-a7ae-230763a1f9a4,50,1,1,0,1,2
0565909d-619b-4a82-af07-668f5b30e810,50,1,1,0,1,2
c05843e2-d50f-4a0f-9a13-304d7d640948,50,1,1,0,1,2
e6be77e9-442a-4557-91e3-f6843290eadf,50,1,1,0,1,2
9a2ce55b-3984-48e2-aa91-7a4b018b2f0b,50,1,1,0,1,2
7264e80b-65ed-43f9-8765-9fea3fc7d0f9,50,1,1,0,1,2
99ae22f4-9e12-4e13-834a-4a14b355c45f,50,1,1,0,1,2
52fd3a5e-2b8c-4a70-8e3f-c59c59284dd4,50,1,1,0,1,1
f1e3b6f5-e44f-4ca9-85e6-3a7fdea5bde9,50,1,1,0,1,2
dd5261b1-c278-40d4-b281-073528f4facb,50,1,1,0,1,2
d84c37ae-bfdb-4a4b-a134-8f982a087fbf,50,1,1,0,1,2
b267d588-79eb-4e3d-bef5-c71a1b61858a,50,1,1,0,1,2
c8d90cde-7ca4-4080-967a-835edd4d80af,30,1,0,1,8,32
c6d9bbe8-dc0b-4a11-baf1-b05db4f8a42f,30,1,0,1,8,32
c2d7f0b5-5b00-4f05-b1dd-39d4b2d35b15,50,1,1,0,1,2
51710fab-088e-4d8b-b263-760c8f3cc646,50,1,1,0,1,2
03e5f0ae-c362-4c60-b5f7-4f354997d9e2,50,1,1,0,1,2
7fc7c548-3dbd-45ae-a148-5e1e0f604923,50,1,1,1,2,4
128f8d88-bd45-4547-8276-b06d9e520807,50,1,1,1,4,32
7f486af7-eb82-4176-8129-9d1b5e1f5a79,100,1,0,1,32,64
65b36191-8aa8-4702-aedf-7f8b30d8b8be,100,1,0,1,32,64
d277dcad-544d-408b-93e7-eb519a959be2,100,1,0,1,32,64
381be1d5-e1a6-4934-a4a5-9bd24eb493eb,100,1,0,1,32,64
32ca579a-b6fc-4771-9e61-589b3975362d,100,1,1,1,8,32
8027b53b-3ad6-4a02-b265-760685c7a79c,50,1,1,1,16,64
bb202898-6798-40dd-b577-6933c3b60c41,100,1,0,1,32,64
51151a53-1ef5-4017-a8f6-a55806388456,20,1,0,1,8,16
955d4018-c6bb-459b-a22c-927f57e1139a,50,1,1,0,1,1
4f877a76-6b0b-48f4-bb55-8d68e00eb9ed,100,1,0,1,16,32
3c65f17b-1015-45ea-ba20-0436b44cdd1f,50,1,1,0,1,1
b7de7e6f-1344-41e5-8c15-f37b14820291,50,1,1,0,2,8
4f94feb4-a50e-40c3-88ed-4d918c56830c,50,1,1,0,1,1
7e4615a3-eb7c-48f7-b148-de1548eeca63,50,1,1,0,2,8
c16f931a-92dc-447e-8a0b-6aec59281fad,50,1,1,0,1,1
6c8e4786-cefe-44b3-abb0-c47abc610826,50,1,1,0,1,1
0e37a723-67b9-4de9-b23a-6a7311ffcb56,50,1,1,1,16,64
458e3bdf-b10d-4a7b-a6fc-7139327209b6,50,1,1,0,1,1
d19d3aad-d2a5-4b5c-b507-5befabd79e69,50,1,1,0,1,1
cea8842a-7a29-454e-b073-7cf5feed0739,50,1,1,0,1,1
070a2ca9-38c5-4837-b060-ee04f5a4ae7e,50,1,1,0,1,1
ac3877d6-a4f6-40e6-bafe-d5b76aa29a45,50,1,1,0,2,8
7800c6ba-5487-4792-8ceb-ce5cfc97d16c,50,1,1,0,1,1
f8fefa41-dea8-4bad-aa93-36cf6843424a,50,1,1,0,1,2
fa3f678b-ad12-4780-aa33-8e8414fe3a43,100,1,0,1,32,64
7bcba189-690b-4890-8810-4b31b1bd866e,100,1,0,1,32,64
922ba388-05ad-4086-9554-e5803c4dccae,100,1,0,1,32,64
b86183ef-6191-411d-82e5-98a9cdfc31fb,100,1,0,1,32,64
2420fc0a-e8d7-460d-96ab-136951422e5b,50,1,1,0,1,2
e97b0405-e99f-4624-ad42-73438eba17c7,50,1,1,0,1,1
0cace437-f026-4ee5-8f5d-ef1d1868153e,50,1,1,1,24,48
5bf4d530-ea78-43dc-b13d-e5ed667f01a9,50,1,1,0,1,1
197835de-5ae6-45bf-bc8b-ff7671aa5138,50,1,1,0,1,2
9b478eaf-8c78-46cc-893c-86aa07bbe5c6,50,1,1,0,1,1
b778a426-5040-4160-bab4-a1b528d6d6ca,50,1,1,0,1,2
20808ff9-425e-4c13-a28b-baff3f1cae45,50,1,1,0,1,2
6c9ba154-512d-4ac9-9b41-cfa5f1e39ed6,50,1,1,0,1,2
bca38c2e-1b2c-486b-8e89-cb65f348eeaf,50,1,1,0,1,2
8850ad41-bf94-46b4-aa49-5922e7766fc9,50,1,1,0,1,2
170ff6a4-794c-4a4c-b028-489933e09a67,50,1,1,0,1,2
46844fc5-f495-4918-8a18-05e531e21beb,50,1,1,0,1,2
6179bb8c-11aa-464e-a883-979b30852ee7,50,1,1,0,1,2
00e84d7c-d525-4903-ab04-4dba020448e9,50,1,1,0,1,2
7b750a18-2246-4f7b-a1e5-c418b4a7bb2b,100,1,0,1,32,64
06f8d23b-f930-42e2-b775-31c16ad17481,100,1,0,1,32,64
db06e05d-b36b-4cbb-abc3-a25becf7a580,100,1,0,1,32,64
e762a653-5512-41f7-a29b-a8f3e57f697f,100,1,0,1,32,64
f5f713e9-4bdc-4a04-a68c-1e5222e87ba4,100,1,0,1,32,64
fbbe6646-369e-447c-9785-3e77ad05b176,100,1,0,1,32,64
891c8b8b-0628-4513-80d5-203ea3a2a1f4,100,1,0,1,32,64
e183671c-556b-4759-a0b2-c0cd8c35c04a,100,1,0,1,32,64
116b4729-26ab-4ad7-b6bc-2ab241f465a3,50,1,1,0,1,2
00848916-95c1-4571-bdfc-e9618d69f6bf,50,1,1,0,1,2
aadb9373-2e04-4727-93fb-8c9bfb040361,50,1,1,0,1,2
e3b53196-fb2a-45ce-b612-73fa97c6b40f,50,1,1,0,1,2
0643aa94-dd36-4e9a-97ef-efb7b41b088b,50,1,1,0,4,8
d3f20094-8265-4f90-8191-e1d8589b322b,50,1,1,0,2,4
128c8862-d1ca-4311-9889-894d0c5fc3b4,100,1,0,1,32,64
a95c97de-b3da-4eda-8c51-3ace1c121b2f,50,1,1,0,1,2
bef6fa0a-f34c-44fe-b64a-e3ce15571ae5,50,1,1,0,1,1
36d51004-ab66-46dc-9193-eed5ed014a18,50,1,1,0,1,2
68750018-e931-445d-bcd4-3ec1a937fa6b,50,1,1,0,1,2
19b0c6e3-ffad-405f-a2d4-64c871780d00,50,1,1,0,1,2
08a78e2c-c72a-46eb-81c7-7fe9549dd9ae,50,1,1,0,1,2
97bd8f84-0fd4-43d4-8eae-2e169d1c7b65,50,1,1,0,1,1
698dc41e-4996-41c2-a6e1-6fe2afa653fb,50,1,1,0,1,1
308bd286-c216-4fdc-b945-60ac48a5a25f,50,1,1,0,1,2
fd589f5a-231d-4d32-9204-9d6198b2d490,50,1,1,0,1,2
4f86f5ee-4686-4cdf-b40c-0e742de32e69,50,1,1,0,1,1
a53d58e0-9803-4202-a6d2-dc1c4272261d,50,1,1,0,1,2
abdc030f-fcac-4769-9c09-79e455ca4c4e,50,1,1,0,1,2
6b6a23ba-0179-4d35-9e1b-c5afa7ec504b,50,1,1,1,4,16
af41ee57-7500-4c15-a68e-95a4c8bfea40,50,1,1,0,1,2
1b4403bd-cdae-4be2-981b-2b5d7a5e21f7,50,1,1,0,1,2
d32c86c0-07e1-4f97-b9df-b6b9ec6c626e,50,1,1,0,1,1
b7f8745c-c66c-4f09-a067-a5df519a5ea9,50,1,1,0,1,2
1129a2a5-a165-4f55-bba3-dee564f07cfb,50,1,1,0,1,2
5d2f0920-12ed-4a82-92ff-16a0b3d1a4c6,50,1,1,0,1,1
a5d333d1-3f20-4d9f-ae6a-0cc29afdf750,50,1,1,0,1,1
563afef3-0654-44dd-8563-8f0956291060,50,1,1,0,1,2
c8816b48-0812-4cf4-82f0-1a61ac4094c9,50,1,1,0,1,2
200e1e0c-57c6-4c5b-808d-60c455552882,50,1,1,0,1,1
d5676302-038b-4eaf-8658-8cae41c5d4d0,50,1,1,0,1,1
96eab41d-7dbe-4e8b-a444-d28ae0bd61d2,50,1,1,0,1,1
1c022181-e2dc-42a0-addf-75ecaac97acf,50,1,1,0,1,1
4211fe9d-2c22-488a-9928-311165408f78,50,1,1,0,2,8
3dc1ff84-dd0c-4842-b831-6793262926e1,50,1,1,0,1,2
1d5f4114-a49e-4374-a69b-d1ea0451f377,50,1,1,0,1,2
6fb2d952-02cd-4262-b40a-b38cfa44deb7,50,1,1,0,1,2
82a4a053-4d21-47a4-8b5d-4fc90b24e85f,50,1,1,0,1,2
894a5243-ac0b-4723-adb3-0584cacf275e,50,1,1,0,1,1
6746da4b-4af7-421a-b057-9aa964e3ddec,50,1,1,0,1,1
98991f43-4553-45ba-9766-96023885209d,50,1,1,0,1,1
24a43a71-b5a4-461c-aa54-91d4ba410d2a,50,1,1,0,1,1
d2733812-ff12-4ac4-bc6c-6674540a50c3,50,1,1,0,1,1
920c02d6-e80e-43d6-ac13-14e243159c64,50,1,1,0,1,1
8e01c3f5-6040-47f5-8ec2-2f747445ebb1,50,1,1,0,1,2
dc068a97-c387-4b6e-9cec-b7c8d8e78929,50,1,1,0,1,2
45ed6bd9-0b29-4e78-8caa-c3c88aac9fe3,50,1,1,0,1,2
ec41f2bc-1ddb-44e7-8b54-8d266312f8ae,50,1,1,0,1,2
153ead44-9502-43af-ac16-3ceb8c46af14,50,1,1,0,1,2
c9cd79ed-7bab-4017-80b5-d3fa2a7e499f,50,1,1,0,1,2
1a06a021-7c3b-43a7-aa1b-b19c5f34570f,50,1,1,0,1,2
d717a599-c0e3-4478-a741-df48598ed7e3,50,1,1,0,1,1
016f4d51-8e9d-438c-a089-7d4b216969c1,50,1,1,0,1,1
74c7c9e9-982a-4711-aa61-8dae0a76280f,50,1,1,0,2,4
6a1af9a7-6d2a-4d95-a516-133006ff6fcf,50,1,1,0,1,1
be035c86-870c-4f79-ba6f-9f7afc9866d1,50,1,1,0,1,2
9831f058-f746-4c06-be7b-30ab36d93d1a,50,1,1,1,5558,8704
a31b6210-e259-46bd-ae9c-c6b960d94834,50,1,1,1,3359,3367
7605ef35-f095-4951-96bd-25c054bc9424,50,1,1,0,1,2
30183891-17bd-4e62-9b3f-b32aab5c8a45,50,1,1,1,1,2
711a7788-caaf-44ca-8c31-04cee4d0e87b,50,1,1,0,1,2
2d371b17-e9bb-4e22-902f-5b3d5759f215,50,1,1,0,1,1
7350b38f-a6ed-4bb6-9513-7148b1bfd845,50,1,1,0,2,8
97a15fa1-70be-4f86-8e63-57d9d4c3f4be,50,1,1,0,1,1
4627b73a-8c7c-42a2-af87-19b773d6b876,50,1,1,0,1,1
ce42d35c-5220-46d6-bf7d-4940b6a54def,50,1,1,0,1,2
7eb0ff85-c1a1-4cb4-8a98-95ee69072359,50,1,1,0,1,2
739eabec-09f8-482c-aa7f-262283413df1,50,1,1,0,1,1
d90efa00-eafd-4515-8a76-5cb4bf7191db,50,1,1,0,1,1
9421635f-61bd-42c6-b11b-353e6d268c91,50,1,1,0,1,1
98902328-89d4-47a8-bd3b-757fed4a191f,50,1,1,0,1,1
d4300d86-c401-465c-8378-06d0b030aafa,50,1,1,0,1,1
48184352-6d2f-497f-85a6-1895916c48f2,50,1,1,0,1,1
e75cbf7c-e08f-452b-9445-f929f0515caf,50,1,1,0,1,2
fc7ba4ca-e4e0-4d54-9689-47403098a743,50,1,1,0,1,1
cb5d8f44-e43f-4428-a2bb-9b0f98662590,50,1,1,0,2,4
e551d75f-4d6c-41bf-96cd-18341389a159,50,1,1,0,2,4
747f06d0-bce3-4c47-8d1e-6b6da4fda98e,50,1,1,0,2,4
5f6b1063-9097-416a-bfa2-a8626e5fa9c6,50,1,1,0,2,4
cc6a1481-a55f-4f12-9863-8bdfdc02e670,50,1,1,1,1,4
856c3b96-1642-447e-aea6-6a7cf6759bc6,50,1,1,0,2,4
f31d69aa-71f4-4fe6-b6b8-081d208577a2,50,1,1,0,2,4
bc112e51-2ccc-4302-ad1d-3e75eb4bfb20,50,1,1,0,2,4
2f63ed2d-4478-4e2f-9561-3135c8f6ff52,50,1,1,0,1,2
ab65d7a4-eda4-4e0d-b0bf-1ef2160a21d2,50,1,1,0,1,2
46d49924-ec7a-4c94-b196-20b87e1781d7,50,1,1,0,1,2
1367636e-dd33-4402-8d02-6311cab7be00,50,1,1,0,1,2
8117cceb-0ccb-46a2-b794-e9ab86072b52,50,1,1,0,1,2
5223617a-e65b-4850-a7bb-1b8e4bd05b72,50,1,1,0,2,8
f3b858dd-3dcf-4b19-992a-713f2e458ea2,50,1,1,0,2,4
08ffd255-d85e-405b-81e3-d02cca5bfb09,50,1,1,0,1,2
cfcc784f-2627-42bf-9225-7a63ec508e30,50,1,1,1,2,8
7c3205ba-2edc-4430-9453-8d0f8391e3b3,50,1,1,0,2,4
d101025d-146a-4d7f-80b7-f5a199c19e43,50,1,1,0,1,2
df4b1a22-35fa-48f6-8298-0e50c0f913c6,50,1,1,0,1,2
d3819b48-9b74-4aac-80db-e94fa9b0e007,50,1,1,0,1,2
27d76b13-f4f2-4951-9d26-21760f507392,50,1,1,0,1,2
59702b90-ab0b-41aa-a023-1fd267b56092,50,1,1,0,1,2
608b7fac-5c2f-4d0f-b7a7-48b46e5b792e,50,1,1,0,1,2
876919c6-844e-41c9-8fd4-3f619dd0e891,50,1,1,0,1,2
56320346-93cf-4d3c-b87d-949bde391d9a,50,1,1,0,1,2
c2812d48-9b59-4afd-9d0d-f7c31f6dca4e,50,1,1,0,1,2
759ff330-8350-4443-bb14-7dcbe31fbf19,100,1,0,1,32,64
284d31a9-2647-4fa7-85a6-32af9a0a5d73,100,1,0,1,32,64
6aeda8ed-210c-427c-a2d8-428b7e4e0b4c,100,1,0,1,32,64
75a486c9-b3d1-4356-893e-44d6dee164df,100,1,0,1,32,64
7a85d790-8ff9-4d6f-a937-268cb400f8c0,100,1,0,1,32,64
a6832a9e-020e-4707-a79e-428a92e16521,100,1,0,1,32,64
a7469ff5-26cd-4a0d-86a7-585ab30fd0e3,100,1,0,1,32,64
70c9d31a-1e21-47ce-b4ff-a251e5143e07,50,1,1,0,2,4
b0431413-36f3-47b0-9938-651186e609cd,100,1,0,1,32,64
fbe676dd-e77a-42c7-8d63-7f7a48f11d30,100,1,0,1,32,64
29ff2deb-e929-4bc1-9b27-9f2e74dde90f,50,1,1,0,2,4
f8e98d89-723e-4788-9183-2b4a236ada05,50,1,1,0,1,2
040778bf-284e-4ece-aeb6-6f559421bd5e,50,1,1,0,1,2
cb81b06f-b690-4338-ad1e-b73fd04d2aef,50,1,1,0,1,2
8c4cb24b-9032-4aa9-b10d-2482bd5d2889,30,1,0,1,8,32
f1764363-3691-433d-aa20-769dab0fbc7b,30,1,0,1,8,32
2dc5ed04-0f1e-44c3-a118-6724c186d847,50,1,1,0,1,2
a4bbd3bc-16d5-43c9-8483-a822a02fa57d,50,1,1,0,1,2
d1c8e7ac-17b0-4f69-968f-ea5b0d440d4f,50,1,1,0,1,2
6e89b6c3-8b20-42e2-815b-04274384230b,50,1,1,0,1,2
143bbdc6-f729-4a50-89fa-26ea505a1f40,50,1,1,0,1,2
89b81dd6-670d-4aa3-a26b-4a28944df617,50,1,1,0,1,2
fd123d56-aa05-4411-b384-ff599ec3cb28,50,1,1,0,2,4
2a869f86-9104-4ac1-b9f9-0b1f326d5474,50,1,1,0,1,2
4a9d99d7-bd4d-43cf-a5fe-fe71f5051382,50,1,1,0,1,2
ebeab1e0-6212-4885-b402-99936d19c8ba,50,1,1,0,1,2
53535975-9ba5-46ab-a9bd-b142b51cfaa4,50,1,1,0,1,2
669b2275-dfe0-4e37-ba57-994be4afa56d,50,1,1,0,1,2
fd1257ba-5195-4717-80f5-645b21743ce0,50,1,1,0,1,2
569c230b-54c7-4bd7-9880-4b3cba57e505,50,1,1,0,1,2
d68e00d2-796c-440a-adea-7cdb2c262318,50,1,1,0,1,2
159d4a91-c559-4b6b-8b67-b240ab94bc5f,50,1,1,0,1,2
f90a644e-c8c2-437c-86ba-a8f22522cf30,50,1,1,0,1,2
5bd1003b-31d1-44d0-a5f8-39e52f7bc7e6,50,1,1,0,1,2
7b97c41d-375f-4bdf-9816-64fa9a3a68ad,50,1,1,0,1,2
7193c713-e45b-47cf-904e-4f7533bb7bdc,50,1,1,0,2,8
ba5c62a0-9e7e-4172-ba71-60764b0e698b,50,1,1,0,2,4
9d26ec47-a511-4358-8e5c-46818e9e6f67,50,1,1,0,2,4
971fb380-0966-49eb-baf2-1484d0374a0e,50,1,1,0,2,4
3d91d63a-bee7-462b-8e5f-8e246c1d55db,50,1,1,0,2,4
83651e4d-65fe-44f6-ac00-181f1c2abe20,50,1,1,0,1,2
116f0fe2-dac5-4107-bdb5-2c776897b6fe,50,1,1,0,1,2
6c932d5e-9feb-4ac8-9334-065f0c0fb63a,50,1,1,0,1,2
19f913db-c842-4591-8b79-625605a23cfa,50,1,1,0,1,2
0f0dbf25-49bf-44e8-b8a3-11cd86de63f5,50,1,1,0,1,2
5f9e8d10-3331-40f5-8023-412002e41f75,50,1,1,0,1,2
cae3ebbd-d9ce-45fb-9d94-8f25d3982bdc,50,1,1,0,1,2
9a8de965-ead1-4b32-a6d2-b327c4d64a14,50,1,1,0,1,2
e96e512b-fcd1-4b24-ab55-3cda03d112ba,50,1,1,0,1,2
be96e45d-708d-45d3-8c1d-ad47d131ad71,50,1,1,0,1,2
c9a9b58a-23dc-4151-b449-fd1f730c5e52,50,1,1,0,1,2
158c9547-5156-479a-89c4-d7e370d46e03,50,1,1,0,1,2
5cc371df-49a5-4201-9b0b-11c362f228e4,50,1,1,0,1,2
674b51b3-fb79-4364-a303-45d86dc4cd9e,50,1,1,0,1,2
31679e66-8500-4865-bc31-0e0d5247a423,50,1,1,0,1,2
f587e01b-ed6e-46df-bbdb-d0e648145980,50,1,1,0,1,2
c6168073-b72c-439c-a626-60895807e325,50,1,1,0,2,4
01a72026-dcca-4bfc-9a18-291c13f56941,100,1,0,1,32,64
67a84ba1-6190-495f-92bf-e8b814dcf895,100,1,0,1,32,64
71007de2-bbae-4fff-9dcf-dc9f034f229f,100,1,0,1,32,64
ef566a70-df2e-4645-ac6c-e97070b20036,100,1,0,1,32,64
2926d265-2df5-4c1d-9b38-9070d0fdce1d,100,1,0,1,32,64
3755a06d-98ab-4fbd-8e70-606284461478,100,1,0,1,32,64
8018a3db-f313-45e7-82d6-e7acafe90bf7,100,1,0,1,32,64
c01a7882-1ae8-46e9-97b8-88cbf4d38c4e,100,1,0,1,32,64
63f4325d-a7a9-4e02-82d5-87325321162e,50,1,1,0,1,2
ae0dff2c-f9cd-40ec-ac84-a814d15309e6,50,1,1,0,1,2
4985f11b-0932-4c1e-9df8-756ebef8cac5,50,1,1,0,1,2
c4802d6e-4e16-451a-8507-332284ff3094,50,1,1,0,1,2
d92f09ee-bf49-4c8b-a708-84a716b9f754,50,1,1,0,1,2
2ac9fe18-09e9-4704-a6d1-18d9446becb4,50,1,1,0,1,2
ba10df16-a6d4-4d14-8a62-03cf7ae9c1ee,50,1,1,0,1,2
d79b12a2-e526-45d2-b6d9-89b7c8657de8,50,1,1,0,1,2
9971a010-06f3-4951-bf0d-443c54b89fae,50,1,1,0,2,8
60930b15-5743-4769-88b1-866d076316e1,50,1,1,0,1,2
504a0d7d-6aec-420a-bfa2-4ba5fac8d617,50,1,1,0,1,2
6461d2bd-c0c5-428f-a705-05f98639fc3c,50,1,1,0,1,2
429744fc-c63b-49b5-be5c-25e4c82f2f1c,50,1,1,0,1,2
1514c41c-0dd2-426f-a6b1-6d39f24ce7e5,50,1,1,0,1,2
6045ff95-44bf-4b1b-90a8-bac8e04ff63c,50,1,1,0,2,4
a738ab80-1a50-4e3c-bfb4-dcf7a439beee,50,1,1,0,1,2
ca7ee086-4915-4522-af1f-35e05f3ae855,50,1,1,0,1,2
297228f0-eb14-4844-b36a-a6eac59a74f6,50,1,1,0,1,2
bf2afb97-8466-41f8-bbf8-e05bda87d1d2,50,1,1,0,1,2
f25a78fa-e17b-4aee-a8ae-710e8d6d6603,50,1,1,0,1,2
596d7209-cc09-444a-b0af-a40d36b4a886,50,1,1,0,1,2
84dbfdfa-8f3c-47ed-8b68-0f31cf93ceab,50,1,1,0,1,2
cd5c229d-455b-4931-bdf4-0680829c9042,50,1,1,0,1,2
14621a24-9a26-404e-bbc1-a6842d10b897,100,1,0,1,16,32
7b912530-923e-4f7d-acd4-38ddda6a59bd,50,1,0,1,8,64
dd3ed8f4-16a6-410b-b521-01d618cd29e2,50,1,0,1,8,64
a487adef-4c6d-4063-8cf1-151a2cad6d79,50,1,1,0,1,2
a79d9ee1-109b-418c-a62c-07e9944620c8,50,1,1,0,1,2
76f4cd81-79b6-4391-bde6-0eff4738870a,50,1,1,0,2,4
b62af3eb-2b25-42a6-9286-cd086ff8d8a2,50,1,1,0,2,4
7187bf11-47cb-4bea-9ad1-4f6737125955,50,1,1,0,4,8
1ba86243-2f93-469f-98b8-876441b58bf9,100,1,0,1,32,64
6df3cf17-d511-4129-8f94-c672805512fc,100,1,0,1,32,64
78fef03c-dfb7-41b7-aacf-30831ad1ee09,50,1,1,0,1,2
7bfd0fcc-16be-40a4-852c-cf1b3636aab6,100,1,0,1,32,64
8a4ecccc-77fc-422d-8186-82e31521be75,100,1,0,1,32,64
9799a28c-6b72-43d4-ae3b-cea2b385c17f,100,1,0,1,32,64
ccbeaa5e-fe51-43a4-b20a-d0dad4900963,100,1,0,1,32,64
f608c4fc-d3d2-40e7-a079-01fb91d6e975,100,1,0,1,32,64
675763f9-5ac9-485a-9b47-7c5cf1537b25,50,1,1,0,1,2
d9b1aee1-5fc3-46f8-86f4-183aed448391,50,1,1,0,1,4
7de64830-7e3e-47ac-8387-1b6d598f79d8,50,1,1,0,1,2
a56b49ab-4e8b-4b11-ad03-7c90cf3db7e5,50,1,1,0,1,2
3b91c652-4999-4d4e-9a8e-a2cae5f1b296,50,1,1,0,1,2
a4181ee4-cb84-43f6-9363-c83ba2c69bed,50,1,1,0,1,2
2d84eb33-8edb-4c18-ba18-54c23a7b6969,50,1,1,0,1,2
d41f7bbe-0f40-4e9d-8cc1-f18316f3d4c9,50,1,1,0,1,2
90f303a3-2a70-4db2-85a3-359a036766f6,50,1,1,0,1,2
7014284e-0afa-4f8c-a9eb-c1d3e801a475,50,1,1,0,1,2
755dd519-bc9c-494b-a149-bf98066a791c,50,1,1,0,1,2
4ec7ce90-59b2-4a04-a9f1-4b50a00ecdb2,50,1,1,0,1,2
32e45cea-c2e1-4edc-96d1-421184b66fea,50,1,1,0,1,2
e3616db0-e788-4919-bf12-b218f1cfb384,50,1,1,0,1,2
9b8cc0c0-19e6-4f6e-8274-698bfaab120d,50,1,1,0,1,2
5bb933fa-901e-4091-a1dd-c324e8aef766,50,1,1,0,1,2
91ee7635-b3c6-4a37-ac3c-c40e32b46a2c,50,1,1,0,1,2
10ecb0be-ee4f-4df6-99e8-401855e39feb,50,1,1,0,1,2
2164def7-f614-4233-905d-01871a557327,50,1,1,0,1,2
5ec4e692-a29f-4651-94a3-74f3583663d2,50,1,1,0,2,4
d4cb95e4-7bc0-4029-a2ac-b79f433391ed,50,1,1,0,1,2
0b63e4e2-79eb-4dc3-98cf-f18b3f50fa74,50,1,1,0,2,4
94829622-1f48-450c-b620-0a381083bab7,50,1,1,0,1,2
61ceb452-1619-443f-8ebb-fa93cf26fa4a,50,1,1,0,1,2
2fb080f9-5411-4b2e-93cc-70977ee5c0b4,50,1,1,0,1,2
025f6cf5-d0e4-405b-b570-f1fe0d22fa88,50,1,1,0,1,2
82e58ac7-3989-4f4d-bf42-03b2baac5994,50,1,1,0,1,2
5375a2bf-de42-4d6e-81d0-6ca58e1e78f2,50,1,1,0,1,2
ec04f4c9-7c06-4561-9d5d-7da3f3778a4d,50,1,1,0,1,2
50b9c823-c18b-4a71-aa30-60a54e6e51a8,50,1,1,0,2,4
80f8c225-67b2-40dd-b1a1-dcfc37dd110c,50,1,1,0,1,2
12fa15a7-e9b3-4759-9555-86ee8072da7a,50,1,1,0,1,2
712d8164-3606-4cd8-be44-97aeb14bc61e,50,1,1,0,1,2
33a95951-3943-4f47-a407-959cf9d9baa7,50,1,1,0,1,2
7c6ac754-bd5d-4bfd-ae0c-5e12f792711b,50,1,1,0,1,2
f7acefd5-3e26-4dbf-b082-1b916322f919,50,1,1,0,1,2
1a720ea9-ae2e-4fc2-9230-de78b177766a,50,1,1,0,1,2
13e44f3a-543e-4e14-ab72-724fb8392037,50,1,0,1,16,32
b0af0512-0ad6-48ed-ba4d-913113f7dc0b,50,1,1,0,1,2
b67d2576-ca3c-4288-8bbb-4aafb192479e,50,1,1,0,1,2
6c744414-db76-4808-8344-c6b6290c6ea5,50,1,1,0,1,2
2f850f67-e1c0-40b0-81ff-293c831d06cf,50,1,1,0,1,2
429a3a12-2a4c-4be2-8e48-148d29fd8379,50,1,1,0,1,2
3dee0fea-f4c3-4e35-8edc-5e6aaf1f4a6f,50,1,1,0,1,2
44f03fd7-e33c-4992-8dad-e8cc3c748f5c,50,1,1,0,1,2
930bbdef-40be-4bbd-9fab-daf10363a626,50,1,1,0,1,2
94aa2330-4243-48f2-a55d-2043e3c964a0,50,1,1,0,1,2
a9aa2fb4-a38c-49f5-954b-ab56265757bc,50,1,1,0,1,2
0fb04f76-f5dc-451d-9392-a8f7b0eec5d7,50,1,1,0,2,4
11b0ff4f-8b4e-4e04-82dc-487f6c0f0f15,50,1,1,0,2,4
69d6cadb-2644-4547-9e65-6d84666792f2,50,1,1,0,1,2
b8be6833-4f11-4c88-8c53-2e89b8b14806,50,1,1,0,1,2
406a4c4d-26f4-41a0-b25a-6cbd4209f49f,50,1,1,0,1,2
4387d0a6-7d47-4c2f-8f9f-134814128ff0,50,1,1,0,1,2
22676f9f-7faf-445c-a31c-901be84507ca,50,1,1,0,2,4
dc6cf0aa-a162-4545-b914-033c72356026,50,1,1,0,1,2
47482855-7b1b-4b8d-a99b-5e5a636b6895,50,1,1,0,1,2
54187964-c6e6-4182-bf2a-afc840767329,50,1,1,0,1,2
ad2e6ed2-ba7d-47fa-bd38-ce2cd8e1a72a,50,1,1,0,1,2
0bf2e961-973f-47b8-a62d-78d9850369cb,50,1,1,0,1,2
95f31805-bc86-4266-a1c8-99f0329bbe6c,50,1,1,0,2,4
14ccbc89-76df-4fe6-9411-7a42caaeabb3,50,1,1,0,2,4
bfaa626d-43e7-4d82-92cb-ffa489e150a6,50,1,1,0,1,2
038a90bc-6101-40cd-8954-3cb8d0e6c978,50,1,1,0,1,2
8cc3d5f1-ca15-4c0d-bb1a-f84ce57cd6d6,50,1,1,0,1,2
0200ace0-844f-407a-884f-77d43d36d814,50,1,1,0,1,2
38458a63-6476-4430-8367-bc6c8f78aaf9,50,1,1,0,2,4
47093859-f22f-4823-bf72-d2015d36c9f4,50,1,1,0,1,2
d7b05d92-29ef-4e55-bc2a-578c7cc54909,50,1,1,0,1,2
68acbbbe-f770-4f18-9b23-68bba9eefe60,50,1,1,0,1,2
b7b5db86-b7f3-4b74-a796-e47b99345dcc,50,1,1,0,2,8
f01aa797-f8e3-4dc3-aff2-7e18a6a36cdd,50,1,1,0,1,2
a80b629d-39ca-464f-b6fc-685afec3f341,50,1,1,0,1,2
7ac33310-f449-48be-aecc-d3ef9e0177e1,50,1,1,0,1,2
921e10a4-8764-42e6-9e34-c00867cd4499,50,1,1,0,1,2
34228a00-f898-4b56-a122-2051e3c830bb,50,1,1,0,2,4
6bab06d6-e6b8-4f82-9e22-5bbbe365064b,50,1,1,0,2,4
0f0749ba-8049-4cab-ad71-3d1885873d0e,50,1,1,0,1,2
9d009a32-ddbe-4fa9-8cab-7c0e33e0f9f7,50,1,1,0,1,2
8ae91743-5ebd-425b-9460-29b6ee54f0ac,20,1,0,1,8,16
e6fd79de-88b5-47d4-9ce5-83c6f6dcbc03,100,1,0,1,16,32
fd019501-cd98-4bb7-acd7-483e9fe45f7b,20,1,0,1,8,16
0c24ae64-a8c0-4cd5-9b44-fba413b47674,50,1,1,0,1,2
225bf6fb-0a1f-4932-8db8-c0ab25c7ba03,50,1,1,0,1,2
84e59d5d-1230-47fc-a0e1-7972ee8da22f,50,1,1,0,1,2
9d1eb6d2-6402-49af-9e25-e1e9601c4ee2,50,1,1,0,1,2
b232191d-a2ec-4a9d-85ae-ab29fb4cba8b,50,1,1,0,1,2
353cde1b-15d0-4f3a-8e4d-a3158f5e7942,50,1,0,1,8,64
f91d7260-48c9-47a3-8174-c2d1363695a3,100,1,0,1,16,32
882b5d0e-a0e1-46dd-a4ee-34f5c79815d6,50,1,1,0,1,2
f1c66b26-28e3-4381-a6b1-4893d1c3b68c,50,1,1,0,1,2
2fc86a7b-52e1-47d1-a06f-69857bf84da9,50,1,1,1,32,96
36a2a1d0-5532-4502-af09-44c933f99a66,50,1,1,1,32,96
f5ab383a-c603-4ec2-a2aa-0bb450457cc1,50,1,1,0,1,2
10a0553c-c720-4b46-b421-699e30af802c,50,1,1,0,1,2
165743ff-2bdd-47cb-9c70-61dda0b1a97c,50,1,1,0,1,2
ff259b33-07ca-4a3b-abbb-53b39b81eef3,50,1,1,0,1,2
d2a39e4a-a857-4e74-92d0-d4ca9474e151,50,1,1,0,1,2
e4a0acd8-166c-4eb3-89ea-386d4564d946,50,1,1,1,1,2
e681ea51-f92d-4339-b4d3-599c50b14010,50,1,1,1,1,2
42b219f7-04de-4932-b598-265641639ad3,100,1,0,1,32,64
49f08279-52af-4967-8d78-eaa1a3dec869,100,1,0,1,32,64
b2dbfc77-e46d-4912-8f27-93f1b02edfc5,100,1,0,1,32,64
d344a6a3-1656-4c3d-9afc-1a76c59fc9de,100,1,0,0,2,4
1a505ab9-bb6c-4555-9df4-f09f270fb5b7,50,1,1,0,1,2
e1a875c4-3c45-4ee4-9b82-e231b6048515,50,1,1,0,1,2
66f43038-8daa-4792-925d-a3898a27075b,50,1,1,0,1,2
f05e7c6a-be07-401d-9db5-9eddd0e458c2,50,1,1,0,1,2
5f2e000b-dc34-495a-8585-fdf39c921341,50,1,1,0,1,2
a818efc8-8106-4e3c-8b22-108da9e59ace,50,1,1,0,1,2
e280b8ed-ab29-49c4-a423-3a232bd073eb,50,1,1,0,1,2
706ea77b-c5fd-41fb-94f1-046ca263a0f7,50,1,1,0,1,2
3ec70072-deca-4edf-b149-45a309df0b84,50,1,1,0,1,2
e1e8c955-9fe1-4963-9e20-71d5df3dbf6d,50,1,1,0,1,2
1aba1c3b-1ebd-4866-9557-e153394193a7,50,1,1,0,1,2
ccc8ab1a-1032-4c8e-8263-23d23b38e61e,50,1,1,0,1,2
75f9b9cd-08ce-48d6-952a-7fb26d67804b,50,1,1,0,1,2
9c2fbac7-2254-4278-aed9-9b5462cdb5fb,50,1,1,0,1,2
2d2f5511-59b5-4bb4-b490-3bb77a75ead3,50,1,1,0,1,2
d7b23e7f-ef79-4e84-813d-ad17ccc48267,50,1,1,0,2,4
23487701-32cb-41c2-94fa-b9786d866c91,50,1,1,0,1,1
cc0adb48-88bb-45a8-ac5e-cd4a3e9b8c57,50,1,1,0,1,2
ed9437e0-10e1-444a-ad21-12408d7a2ced,50,1,1,1,2,4
605b9cb4-496b-4b36-8e8c-bdbd043dbc4e,50,1,1,0,1,2
f06d36bc-8a12-419a-b36d-96eb53df6766,50,1,1,0,1,2
3441c000-6a75-4c45-9a1c-95c4454cb793,50,1,1,0,1,2
9e21b2fd-0f0a-49d3-8293-2c0253983b62,50,1,1,0,1,2
a3f73a4d-4adf-4d34-850f-436434f41bcd,50,1,1,0,1,2
8a5fe976-f4aa-496d-bcfb-6fd8c9e88c8c,20,1,0,1,8,16
902ac907-5b4a-4516-bdc7-0e71c224dcc3,100,1,0,1,32,64
a94a443e-65f8-41d0-8ad7-2f4a30609e57,50,1,1,0,1,2
b57d6d30-4ed8-44d6-9871-3a0276edae73,50,1,1,0,1,2
80147c9d-67b4-41ab-87c2-3b62341ccc10,50,1,1,0,1,2
5c593bc8-40fb-49dc-a02b-b1b75fc47032,100,1,0,0,4,8
cac9c04e-b326-42da-8726-7f473490d482,50,1,1,1,2,4
1aeabe48-73b1-486b-bfd2-57c412b7e69e,50,1,1,0,2,4
6f0a29a6-66d8-4d34-9c6e-2809b16db1d1,50,1,0,0,4,8
6a03b2e9-7f66-4fcc-a592-00932b9fcd03,50,1,1,0,2,8
2e2ab596-4327-4556-b70d-e042929b1cac,50,1,1,0,4,8
334052de-1cc0-4828-a8ed-d35437d99174,50,1,1,0,1,1
6889b480-04ad-476d-b254-0406665c97ca,50,1,1,0,1,4
1e86b5c1-7f72-4772-ba01-99ce74adb7b1,50,1,1,0,2,4
2400c301-d23d-464d-aede-653ba3d3afd9,50,1,1,0,1,2
2514f2e8-71bd-452b-87bd-ec5b8fec6a16,50,1,1,0,1,2
4c580a8a-2176-4879-b856-2dfa58d3dec0,50,1,1,0,1,2
5c2f585e-d5c0-40c1-a9a0-8826863fe0f6,50,1,1,0,2,4
dfcdc9d9-0316-4236-ad1c-c86bec1cbf85,50,1,1,0,2,4
05148d7b-2b55-4ebf-b96b-07252ff3ae3c,50,1,1,0,1,2
b315c420-4557-467e-a559-d0315dc5cee2,50,1,1,0,4,8
2d70b6e1-e23c-4ff2-8000-e0308eb70bb2,50,1,1,0,2,8
e6af52a1-a9c3-4919-b7a6-3b50368a7f14,50,1,1,0,1,2
1f5fa639-d77c-4ba5-9d3c-f144436374e3,50,1,1,0,2,4
8d250229-bf2e-4cb9-b652-f315c0f52b0a,50,1,1,0,2,4
fc737400-3fe0-4732-9ae6-8e284ee2278f,50,1,1,0,1,2
b21ad6a8-5174-4a95-bcc3-3c49b1bd70a5,50,1,1,0,2,4
6109236f-5db8-4faa-ae59-e4700afd4ff7,50,1,1,0,1,2
f6237300-7eaf-4aad-84b3-fa7fa8f8a2b1,50,1,1,0,1,2
b8f56651-eba5-405e-aaba-dfde77231ed3,50,1,1,0,2,4
1ca499ac-b179-45ba-b3f1-9a3d5fecdc68,50,1,1,0,4,16
680c3bde-7f86-4fba-afc8-1047f05d6db7,50,1,1,0,2,4
b3482047-4ad2-4f6e-abe3-007bf826ef72,50,1,1,0,1,2
aad8bc60-259f-4a0b-b8e0-ca41ff9f4ffe,50,1,1,0,1,2
2acf6131-e393-4806-b0e4-57b4e2bf7d98,50,1,1,0,1,2
92cccb25-7543-42d3-bc6f-d02b56978cce,50,1,1,0,2,4
f4b5d54b-3abc-4fb9-b84a-9edce8418481,50,1,1,0,2,4
9675fdb7-bd30-40f5-87ad-28d224572af1,50,1,1,0,1,2
4317fca5-aee9-4713-b66a-922fe3e088d4,50,1,1,0,1,2
3bee7436-9f1d-4b6f-b1dd-30e355e1335f,50,1,1,0,2,4
cbb32681-daa3-4d59-b6ab-eb8fafc3ed35,50,1,1,0,1,4
645c7001-d01d-4206-8f45-6157200f41ae,50,1,1,0,1,2
8a17994c-327d-4e18-8d79-9f11fee8c7ee,20,1,0,0,1,2
fa0f3b32-f4e8-4508-8065-3bfdb8e8a1a0,50,1,1,0,1,2
60796bd8-ad8c-4a25-a38c-1de4ce1c0f94,50,1,1,0,1,2
3ff16ce3-c90a-4c40-8aa3-1324dd9cd2d3,50,1,1,0,1,2
056c5592-4f43-431d-a158-47f8464fa807,50,1,1,0,1,2
219755bd-d874-43d2-9f88-e6a5a1bdf06d,50,1,1,0,1,2
1a5202f8-6ed0-4f87-a793-d3686f781c63,50,1,1,0,1,2
2079937f-d760-4f4f-a219-dfc4aee2f4a6,50,1,1,0,1,2
45335fa6-b815-4f70-a0e9-990feb8b99a5,50,1,1,0,1,2
6e2a5ce2-9ac1-4fd5-91ce-24df5a96d26d,50,1,1,0,1,2
cb88fd62-236d-405f-881c-6286a181c582,50,1,1,0,1,2
cf0e2079-736f-4676-9977-aec8a781803f,50,1,1,0,1,2
421cf180-88a9-406b-9b48-a4fa9d4d5c4c,50,1,1,0,2,8
8665a4a7-cf79-41b0-bcb3-2e57d6d6fb54,50,1,1,0,1,2
f56a999e-3ace-42a9-9108-0f7ef8b7fb9e,50,1,1,0,1,2
7c45fa02-6532-4ec8-9b0c-a227320445c1,50,1,1,0,1,2
d1b16c09-134c-47f9-940c-8fc14e654638,50,1,1,0,1,2
63a77474-6803-43c6-887b-bd45bca2fc97,50,1,1,0,1,2
cd867ed1-c2e6-42c9-b182-50d9a066b965,50,1,1,0,1,2
e0186a78-ced4-479a-81f7-23079f644d00,50,1,1,0,1,2
17b214ed-1255-4b2f-a151-bcca3735c954,50,1,1,0,2,4
52fd44aa-d942-4585-8c33-d6301fbca131,50,1,1,0,1,2
7dd08aee-12bb-45c7-941d-82001dec6a4e,50,1,1,0,2,4
7aeb1f67-b835-47d4-a155-ee2e2cb65cad,50,1,1,0,1,2
ed177243-4b26-4499-bd0f-da10064952f8,50,1,1,0,1,2
51d6d80c-5eb8-479a-a0ec-fd55e6dacd88,50,1,1,0,2,4
8411056f-179d-487c-baad-346a07f91b57,50,1,1,0,2,4
c8d05c07-80b9-493d-9789-639c7e565529,50,1,1,0,1,2
704bc572-fcbd-461d-995d-4b8a58c6cd42,100,1,0,1,32,64
ffb9c95d-9c28-4fa7-a041-66536765f0ec,100,1,0,1,32,64
452bb313-40bd-4246-9ef1-0bef27db45fb,50,1,1,0,1,2
0f2a0a36-80fd-4542-8b8f-509f50cb6e91,50,1,1,0,1,2
f6ca9c00-c6bf-4675-b682-ee843352f103,40,1,0,0,2,8
6d5d33fb-b589-4f34-af7e-b82e0a5fb149,50,1,1,0,2,4
8d82b917-b876-4cce-91ed-1195239988c8,50,1,1,0,1,2
d7b100b9-06b7-409d-8353-c8daeb265b6f,50,1,1,0,1,2
fe6c7891-26c3-4897-ba85-c1f8af15c82d,50,1,1,0,2,4
b951701b-0009-4557-997d-bf74ac24c1d5,50,1,1,0,2,4
d5447720-9ff7-42d4-babb-807e5ed78fb0,50,1,1,0,1,2
3ae81ea1-d8a1-444d-b09f-29648ad54132,50,1,1,0,1,2
ef198221-45ba-4040-b83b-ce3a082f69b0,50,1,1,0,1,2
10509c60-eaca-4b3d-aeaf-9bc160c0c7a7,50,1,1,0,2,4
b13fceb5-e57f-4cfc-872b-77c4cf2d647c,50,1,1,0,1,2
e7e81bb1-b04d-4f89-99a2-094c34094447,50,1,1,0,16,32
4615b0e3-b7bb-4dce-8cc1-20fc6e4b45ff,50,1,1,0,1,2
96618ef7-b751-47f9-ad14-05d9cafdf288,50,1,1,0,1,2
9e722dc2-de96-4dfe-83ba-d9045adacfec,50,1,1,0,2,8
b7e1bf4b-1920-4a57-ba2b-3a6b83da033c,50,1,1,0,1,2
6f3783c5-8d10-44c1-8bb8-8e181641ea67,50,1,1,0,1,1
ae1b7d3e-ec58-4465-af19-9a331a3da342,50,1,1,0,1,2
463334d7-9c7e-4eb2-bc11-8bac9795f98f,50,1,1,0,2,4
6244e03f-48b6-4a72-816f-d76ddab4f311,50,1,1,0,1,2
bd60b695-da3d-4397-922b-0ae0937c892d,50,1,1,0,1,2
cb823f66-5a06-4d28-ab63-e80096b124d2,50,1,1,0,1,2
7a2194c1-7bd8-407d-a6eb-6887710b6c48,50,1,1,0,1,2
22b6157d-478f-45d0-bc84-004ae536a233,50,1,1,0,1,2
e40f4bc1-8e58-4b2f-b230-2fbf71350af5,50,1,1,0,2,4
b16488ab-ad20-446c-82d5-4b60108d1f3d,50,1,1,0,2,4
27dc7d87-8e1f-4cc2-b809-e401d8381007,50,1,1,0,1,2
7b581601-4d84-4712-ad03-95be0b2db30b,50,1,1,0,2,4
07219879-d3f2-4647-98f9-592e27f76d8c,50,1,1,0,4,8
e7b1b8fd-e443-4af5-805e-868e29231e3b,50,1,1,0,1,2
1bf55400-897c-4cba-8043-81ae2238f5aa,50,1,1,0,1,2
609b1bc1-d645-435b-9467-d2b88029fb60,50,1,1,0,1,2
d1c8f9db-8038-49f5-8464-b49d31c358d6,50,1,1,0,1,2
3b36447f-bf25-4a05-97d0-d66f57ad39bd,50,1,1,0,1,2
3487d425-7254-40dc-bdef-595208ac2a9c,50,1,1,0,2,8
97a4810c-7dc6-4b34-afd2-ff0530c875a3,50,1,1,0,1,2
90d2c2bc-d8cc-4a0d-829f-08d54592be21,50,1,1,0,1,2
bf6fe370-e62f-4b6d-889a-b97cf2ad17fa,100,1,0,1,32,64
dab84d62-dd4b-4fa1-acc1-b239938c3966,100,1,0,1,32,64
44c6f106-8693-4bc9-9cf9-1977f4aacedd,100,1,0,1,32,64
96bb7f7b-083a-4d18-8e00-7f702fdc153d,100,1,0,1,32,64
a8651da0-80fd-483b-9c28-b2d43dc1edf3,100,1,0,1,32,64
b71a6579-0cb5-464d-b493-1148882cc54a,100,1,0,1,32,64
7b2d6af7-703a-4c9c-bae0-7208186bda05,50,1,1,0,1,2
c7678808-eea4-4f5a-aa01-cbae030d9e0a,50,1,1,0,1,2
ec960e31-0483-40ca-a8ca-889e47afacd4,50,1,1,0,2,4
e130c3d4-76b8-4658-b5fd-f0de78fbeac1,50,1,1,0,1,2
88a965a6-c9ab-4c63-a5a7-c4c50bedb7b5,50,1,1,0,2,4
0c75dafa-5b9b-49f2-bdc0-0cd123d87dab,50,1,1,0,1,2
974a6111-0de3-46a1-9de5-8241aef46679,50,1,1,0,1,2
3e5df0f3-e995-4a67-a81d-c2e25f5f7fa7,50,1,1,0,2,4
74af63c6-7e73-4dd1-a11a-873b7f3a80ab,50,1,1,0,1,2
d217b3aa-5824-4d4e-8b86-a669125f309d,50,1,1,0,1,2
96e79475-5858-46b5-b4db-a570e9db1c1d,50,1,1,0,2,4
67c2c0cd-3a07-4ae5-847c-65153b7ec748,50,1,1,0,2,4
12fd19c5-171d-4e5b-9b37-a53537f3b1a0,50,1,1,0,1,2
a8bd037d-053f-4e73-9129-ff1193d57733,50,1,1,0,1,2
8a4237ec-cc1d-42d2-8ad5-94f685fb1b57,50,1,1,0,1,2
9d5685c8-839f-42fa-9ec9-2f75077e2ce1,50,1,1,1,4,16
c1a183e0-6818-4ee0-83cc-c3383b8779e1,50,1,1,0,2,4
db219e92-52e1-438d-ab39-4734d161c18c,50,1,1,0,1,2
0b19ad26-1453-4fea-aade-62e5117945b4,50,1,1,1,4,16
f10d0039-a07b-4eb4-883a-4841aa5a8bbe,50,1,1,0,1,4
47c1bcc3-5928-4d0d-a8cc-307f2e769af5,50,1,1,0,2,4
b2f01530-5889-45d5-8b81-cf37c53ad085,50,1,1,0,2,4
99a29501-2e75-42ff-afcf-2cdab4bb2d0c,50,1,1,0,1,2
ea12a64c-605e-4c76-ac48-3a756982a6ef,50,1,1,0,2,4
7ccc62bf-f42a-47af-8afa-cc917719441b,50,1,1,0,1,2
12963bbb-4a53-4f69-9f45-1f06dddbe473,50,1,1,0,1,2
b091f281-c067-4e45-81fa-704f512744ef,50,1,1,0,1,2
c7f70927-fa31-4515-977d-2120108c3125,50,1,1,0,1,2
26d86806-9654-4131-bc93-9849ce7d4a74,50,1,1,0,1,2
4f0a7092-3da5-4296-941c-f3be03eeaff8,50,1,1,0,4,8
a85b4373-80ca-447c-961c-6c708429fd7c,50,1,1,0,1,2
4fdf36fc-9c63-4c3c-b437-47a38a34fc79,50,1,1,0,2,8
1e9819cd-7fcb-4826-bd4c-8f00bd388188,50,1,1,0,2,8
be5b05a8-b5a0-43a4-a4bf-b64bf6d05970,50,1,1,0,1,2
97c12372-3c9a-46dd-b148-4fe3103befde,50,1,1,0,1,2
fc752b86-4fe6-4a06-94b6-266f7cec2c5a,50,1,1,0,1,2
5b9926a7-1459-4204-a82d-ff1242eaaf5f,50,1,1,0,2,4
b30749c7-b3db-483f-a385-8fa87829b8d8,50,1,1,0,1,2
6d921010-f2fb-4f55-9463-b78a6c76b5d0,50,1,1,0,1,2
0365e928-ec93-4236-bc9e-b58ef69dfb06,50,1,1,0,1,2
acdeaf29-fedc-4a1a-9a77-e4527d0b3fb6,50,1,1,0,1,2
97c13b53-4d33-4004-b5f9-e3db16220d63,50,1,1,0,1,2
3251fa83-e320-4d04-a9d8-b8e654239476,50,1,1,0,2,4
9fcf39c2-7348-466d-8455-6e52e823ccde,50,1,1,0,2,4
0bdc4343-6279-4a46-894e-74a33f0d9d76,50,1,1,0,1,2
21807ca0-cc16-45c3-8d5f-5485235cf841,50,1,1,0,1,2
a3a04853-fab6-4fe7-b151-d9ed625f98f3,50,1,1,0,1,2
7ff57a90-24d8-42f7-ac5e-cfd3c8aa29a3,50,1,1,0,2,4
befb6efd-c46a-4f51-99aa-7191194b55e0,50,1,1,0,1,2
9abdd568-5668-4c4b-8ebb-1cf53cb7d6cd,50,1,1,0,1,2
854d19c7-5efb-459c-8ff2-d8d687f0b719,50,1,1,0,1,2
8a73d1a4-abec-4515-99a4-693f24fd49c8,50,1,1,0,1,2
40c11d53-4a70-4f55-a88e-c35e5229a35f,50,1,1,0,2,4
4d95c7b6-e1a5-4179-91cf-7cc6aedd35f4,50,1,1,0,1,2
90f2be84-2425-4bd6-b811-a18e54606acd,50,1,1,0,1,2
f898072a-f628-4b30-a81f-5ad3af47193a,50,1,1,0,1,2
c933a6cd-b4d8-4bd1-9cb5-cf55a3d36bf8,50,1,1,0,2,8
84dfa2d1-4151-4568-b509-996a158f8561,50,1,1,0,1,2
9d1680a5-fa97-4096-ad0b-981f47fb7555,50,1,1,0,1,2
2b77579b-0395-498a-9e7a-fec0c120c899,50,1,1,0,1,2
849045ee-e944-4d40-8004-7b55dcac2cea,50,1,1,0,1,2
6e03ef73-4540-434e-a4d1-2bbd8b32e5f2,50,1,1,0,1,2
d895b540-cc8a-4630-8b5c-f2db14aa81af,50,1,1,0,1,2
b92d0873-c142-43d9-8148-6ded24623bb8,50,1,1,0,1,2
72d222dd-c542-4646-9f92-417477d5d9e0,50,1,1,0,2,4
6b417549-1d03-4ba3-94b7-8f6a7ede8842,50,1,1,0,1,2
fdd6c968-36b0-4467-9411-8037b942541d,50,1,1,0,2,4
7ae8af2c-655b-45ff-8ae2-fc71d1e7fd0b,50,1,1,0,2,4
01908636-ffec-40d3-bcf7-b9e08664d204,50,1,1,0,1,2
62b679b8-d176-4e9b-a388-1f9623dad0f8,50,1,1,0,1,2
a08882c2-3dd5-4b41-97f1-3fa9ab28491c,50,1,1,0,2,4
c5088c4e-9115-4de1-8b8a-baed55ce2daa,50,1,1,0,2,4
ba41744e-cb92-4928-b930-a19cbcd774b2,50,1,1,0,2,4
b1be1567-c211-455e-b3e6-201b0d5622eb,50,1,1,0,1,2
443ea254-86fc-47e3-b808-a6c9d1b9b5e4,50,1,1,0,1,2
c7ca55cb-a1d4-4911-92b8-5089f1eb0fba,50,1,1,0,1,2
612ed836-dbdf-4b70-b449-e0bbdd6bb10e,50,1,1,0,1,2
5c74e6bf-f200-4bdf-99ea-f22946cc2766,50,1,1,0,1,2
da6e97e4-c0e9-4c3c-b42e-bbb03b00880c,50,1,1,0,1,2
3c4cf645-15e9-40a8-84dd-88af5a5d9968,50,1,1,0,1,2
a1dcf9cd-6c0b-4ccd-83d4-227f48885c62,50,1,1,1,4,16
c616cc5c-adf6-4993-a5ce-dbfb5dd58630,50,1,1,0,2,4
902c2f69-de44-46be-8079-baa41cebd956,50,1,1,0,1,2
76328abf-60ed-4279-8fcd-d2807d0eeafb,50,1,1,0,1,2
b30e9b58-6441-42e1-9e51-48b5e937ddf8,50,1,1,0,1,2
156f51bd-c0a7-435f-88c3-726eea6d022b,50,1,1,0,1,2
7498e6b9-a2ff-4405-ad03-07937ce98f4b,50,1,1,0,1,2
975b42e5-7141-4673-87da-288a5430155b,50,1,1,0,1,2
62cf80eb-bb75-4935-86db-ec804473ba0a,50,1,1,0,1,2
6fcc7be9-9c01-4281-9950-0c8323926f9e,50,1,1,0,1,2
8f6ba4d4-69ba-40fc-860d-ba6f1eb70cf5,50,1,1,0,1,2
a74d3c50-fa8f-42f2-b779-fabda046b5f0,50,1,1,0,1,2
aec70c49-3d70-4f87-b8ea-5bd11f5322d1,50,1,1,0,1,2
de67eef0-ace4-4a10-a1c2-f679e8f937cc,50,1,1,0,1,2
4e253353-f244-4c39-a20c-f3348764d194,50,1,1,0,1,2
be478806-0e3c-4b45-9864-0e04fae56f5a,50,1,1,0,2,8
08793ae5-751c-44da-8c01-266d61eedf29,50,1,1,0,1,2
34fda148-7391-42f8-afa9-428f7552a0fd,50,1,1,0,1,2
f1438976-2702-49c7-a7fd-4411a5b6be56,50,1,1,0,1,2
ebddabfc-d2f8-46ca-9f54-a22bf3892363,50,1,1,0,2,4
c5125d63-d0cc-4237-af24-9b05d467ab1b,50,1,1,0,1,2
d2ee2745-0336-4326-8e25-81085de334a4,50,1,1,0,1,2
56c24c5e-a5ec-473d-b67f-05cfbd907f7a,50,1,1,0,2,4
5062e6e7-2ff7-4cbe-87bf-9258e5fffb67,50,1,1,0,1,2
13d553d8-31e9-4d1e-95b8-ce329f6bcf2d,50,1,1,0,1,2
38cd30bc-0324-46a2-9af9-e92bb7922fcf,60,1,0,0,2,8
628d3937-8f59-45e7-8c4a-bbb08ce21a94,50,1,1,0,1,1
f3b87a84-a658-4e2f-af44-07171b95f94c,50,1,1,0,1,2
86a2cde7-0ef3-42ef-9230-db4e1d97400d,50,1,1,0,1,2
8bdd2e2b-dae4-4622-8281-628268a4d767,50,1,1,0,2,4
8eb7dcab-0c28-4d9e-855d-fea76dbbf296,50,1,1,0,1,2
119e7ba5-adb0-4075-a2f6-7ed9e6e73b70,50,1,1,0,1,2
d85a3416-66b4-410d-99cc-3ac50a787f7d,50,1,1,0,1,2
1415e1f9-8128-4200-81eb-c515fe4058e0,50,1,1,0,1,2
1bb644e2-2eb0-4092-8d6b-4be366946f10,50,1,1,0,1,2
4aa3f9c1-6fe4-4149-82b0-69bd0feeafa8,50,1,1,0,1,2
7e4e80df-59eb-4511-8603-8f5856cdbef3,50,1,1,0,1,2
f1fe2200-52a8-4782-91ee-66d1512003c5,50,1,1,0,1,2
93aef814-3797-42d5-8c07-f6bdffb17142,50,1,1,0,1,2
aea5893c-e55f-433b-a1e4-97e149e25097,50,1,1,0,2,4
e53da2ca-389e-474b-a67e-b17291b1ffb1,50,1,1,0,2,4
f5350dbb-c286-4272-9d7e-ba1c06eb2a8d,50,1,1,0,1,2
039c70ca-6848-4bfe-8ba0-143bed9d19a0,50,1,1,0,1,2
e3291aae-39ad-4387-bcf9-a4e9f4ea9d4d,50,1,1,0,1,2
1c8ce40a-220d-48e9-8729-b269dc18b789,50,1,1,0,1,2
6b2d0a42-95f9-434a-bc0a-73ba4d31e5c6,50,1,1,0,1,2
7ad78909-d1f5-4f53-8c16-97eb5d4948bc,50,1,1,0,2,4
203371e9-c4cc-447b-96d4-e548f39df4aa,50,1,1,0,1,2
ee1925f7-9602-44f6-b430-0e446029ff71,50,1,1,0,1,2
a8e6cd7d-e21a-452e-9b9e-589225f56ae4,50,1,1,0,1,2
d9e32750-920c-4eed-8ebe-fba543825794,50,1,1,0,1,2
1b08fa95-cffd-4872-8377-922c81626db3,50,1,1,0,1,2
ec6b8b25-4e48-424b-a087-6af39e5832a9,50,1,1,0,1,2
cb612a64-a95d-41b3-aa95-90682940ec4c,50,1,1,0,1,2
e8f8726e-4ab6-4eca-ad08-9ef73f973361,50,1,1,0,1,2
862ee22f-e8e2-48e8-a540-d7f7296863ec,50,1,1,0,1,2
87dcdefe-3aea-4efa-b7ed-45fc8e2b9a76,50,1,1,0,2,4
d107f8e0-46b1-4ef8-9e5c-2c07e6905d84,50,1,1,0,2,4
0fbaddb5-e32c-4a60-879e-cdf1aed45e68,50,1,1,0,1,2
43911173-286f-4bc0-a0bb-cfa26ae8b196,50,1,1,0,1,2
670a28f1-27a8-48ac-991f-1095245a3eb8,50,1,1,0,1,2
24cabba7-ee7b-4bb4-97e9-d69f87ce4489,50,1,1,0,1,2
14219cf7-2f68-4d8c-8bb7-31f26bfc0cc6,50,1,1,0,1,2
61606768-fb94-47ce-833c-78028dc4b2eb,50,1,1,0,1,2
96d987a2-ef0e-4181-8f14-2ee7d8755c31,50,1,1,0,1,2
e7940dd7-b2d5-4d4a-affe-9d1cb5eec43d,50,1,1,0,1,2
76438162-909f-4a34-be15-ccbffc9bcd5d,50,1,1,0,1,2
bf4faa30-fbd4-428e-894e-ba86e15c795a,50,1,1,0,1,2
bbd736e8-3b41-41f9-b852-9cbc5c2a0df6,50,1,1,0,1,2
d796398e-3c92-403b-b6e8-051bbcd708df,50,1,1,0,1,2
aaf6f88e-5c11-42de-be41-904a9a49ee10,50,1,1,0,1,2
7e58bdde-8ad4-46e4-9dd7-51a33f6dad92,50,1,1,0,1,2
4725b7c1-a69f-4598-9dc0-6f40cd07e0b8,50,1,1,0,1,2
2ca61570-52b4-4b9b-87a0-6f9444fe4a81,50,1,1,0,1,2
b6b9cd1f-0952-4793-bd6e-d3072daaacb8,50,1,1,0,1,2
cab9cbd4-0ad4-444f-a339-319babe0c8e0,50,1,1,0,1,2
ce3d1cd6-27ed-4e46-8a36-1c8383db0ada,50,1,1,0,1,2
055b4059-69f2-4994-a0aa-d64ba4c86925,50,1,1,0,1,2
2502dda1-cfab-49c1-88bd-1a241334c8d0,50,1,1,0,1,2
263610f6-ad94-4487-8552-131ee207ca46,50,1,1,0,1,2
d2162aa9-7a59-4c3e-bb9f-c3f2b1b34106,50,1,1,0,1,2
269423e3-f969-42a7-a96b-8add4d3e8882,50,1,1,0,1,2
8c00e8e9-5b0c-486c-a056-b2a6f4812b45,50,1,1,0,2,4
5fd8773a-546f-43a5-a602-1d2a7515bedc,50,1,1,0,1,2
088c7465-3db8-4983-b29d-2f467d1124a7,50,1,1,0,1,2
dd7abfba-8b87-4218-91bd-952fc342e900,50,1,1,0,1,2
2428f14d-2d2a-4ef7-8c38-f35b6429d820,50,1,1,0,1,2
c28b4864-6f44-4f6e-abe0-27980b04dd7a,50,1,1,0,1,2
ca70071e-9ac6-4df5-9846-e15e4f420aae,50,1,1,0,1,2
08fa833e-f4d2-41e8-991f-14c650c6adf8,50,1,1,0,1,2
a776be69-19fb-4337-85bc-35fdd18c7b79,50,1,1,0,1,2
06641257-d961-4198-8239-6f53b2ef70bf,50,1,1,0,2,4
51ee2917-6f66-4d0a-9fd1-b5f259208a9c,50,1,1,0,1,2
56ad5a74-33c3-46ec-bc91-0abf2df24cfc,50,1,1,0,1,2
1d3abb34-81b3-43f6-a4e0-3e4589c21c32,50,1,1,0,1,2
49601081-9f6f-4ba3-af82-4eb163924d96,50,1,1,0,1,2
1f39e4a2-404b-4bd5-aca8-7360b10a7db4,50,1,1,0,1,2
79b2e844-98eb-4ec1-81df-3e49c62710fc,50,1,1,0,1,2
041e1858-408f-4fb0-a7ab-e7a6525e8d21,50,1,1,0,1,2
cc8e8ca9-37ab-4d19-99de-a0f88e54569f,50,1,1,0,2,4
a588f363-875c-4c36-9c5a-615f60cec5a7,50,1,1,0,1,2
b96ec084-2ec5-4533-8cdc-2e3912b74968,50,1,1,0,1,2
70f2e637-d749-49b7-a3df-3ea3ff6b5572,50,1,1,0,1,2
bdfbc977-2ab4-4163-964d-f5e51742d01a,50,1,1,0,1,2
21ecb6e3-25b0-4081-a68c-28633c2e5826,50,1,1,1,4,16
468aab2b-f364-4c23-93e9-2f376059c810,50,1,1,0,2,8
7491c7fc-440a-4c69-8c26-a0a702ce5651,50,1,1,0,1,2
7ae268ac-9d83-4a48-81fd-257a09af3261,50,1,1,0,1,2
ef0607e7-64fa-4bd3-b3e1-e02ab300fe07,50,1,1,0,1,2
f00581f5-1f72-4517-8048-3ba73734571a,50,1,1,0,1,2
19ddf8a5-5a90-47bd-bd77-eb71d5393857,50,1,1,0,2,4
6c740709-9572-4456-b5d4-3105ee3de00e,50,1,1,0,2,4
ae0e4feb-9ec5-453e-a833-5cc11117ac5b,50,1,1,0,1,2
24dbfe8d-9fbd-4781-8b30-7182c9f4f0c3,50,1,1,0,1,2
aa57898c-6903-4469-a057-cde1ea7608bb,50,1,1,0,2,4
bea76dc9-3226-47bd-bdaa-eb8f5c73058a,50,1,1,0,1,2
0daf1808-6051-490a-b2a5-71012fbf2878,50,1,1,0,1,2
1ec13914-15d5-4324-a216-441e6b548c85,50,1,1,0,1,2
349d939e-faee-41bb-994c-b2b55d173cde,50,1,1,0,1,2
c4c92142-bdc2-41d5-b56c-6c2f9dab85aa,50,1,1,0,1,2
a9161844-00da-4c2d-b92b-4292bd16c2eb,50,1,1,0,1,2
0e0ce2db-49b9-48be-ac90-f678f1d738ea,50,1,1,0,1,2
5d11bdbc-4189-42ae-bf3f-fa4e7574d62e,50,1,1,0,1,2
3706d877-9e45-4f89-85c4-09eb636845e7,50,1,1,0,1,2
fba39fe1-c9ac-4787-9871-e033e057174e,50,1,1,0,1,2
0bd76e17-1030-4ec3-93fa-2d6d03587ac1,50,1,1,0,1,2
d5b2455c-3782-4b27-bec2-6350ec4fc0fb,50,1,1,0,1,2
09be18fa-0fae-4d3e-ad39-f62c56a76b8c,50,1,1,0,1,2
569e4864-3ae6-4503-b68e-919062df919b,50,1,1,0,1,2
16132664-357d-4943-9ab0-c7002a0c3e10,50,1,1,0,1,2
c584ee77-badc-4839-b216-264fd531ae82,50,1,1,0,1,2
a91d84ef-7672-450a-a011-e026b49c008c,50,1,1,0,1,2
e323e4bc-202e-410e-bbc8-12a3ec374fd1,50,1,1,0,1,2
b5f1302b-d171-4eeb-8718-ad99a12e47fd,50,1,0,1,16,64
4c171511-839b-4e1b-9e23-eac56c9f2de1,50,1,1,0,1,2
d4f11475-cfff-46d2-b31d-7d314a02cb01,50,1,1,0,1,2
b8ea8da1-0b94-45c2-bc78-f539d525d075,50,1,1,0,1,2
819497b8-93ab-4391-8657-3ab3cd0e504a,50,1,1,0,1,2
3cfa5245-3ab4-4990-ac7e-39f82a58a680,50,1,1,0,1,2
632d90e2-f877-45db-98bc-8b94c89cd01b,50,1,1,0,2,8
97c786c2-7095-45e9-8ba3-a74dbe2491a4,50,1,1,0,1,2
8521660a-cede-49d3-a573-6adcc3253b93,50,1,1,0,1,2
34285ba3-6eda-4108-9734-49d528832240,50,1,1,0,1,2
cd7e389f-8d02-443b-99a3-69efef26fda5,50,1,1,0,1,2
403fefcd-46e6-4ec8-9fba-901c6b709d74,50,1,1,0,1,2
ec22e231-48c2-4097-aca3-5aa9b41b8517,50,1,1,0,1,2
446aa26b-e705-4a81-94f2-db0b9ede4b15,50,1,1,0,1,2
fc97bc15-f625-44ee-a121-71427297ff07,50,1,1,0,2,8
b3350ce4-0c1b-46c5-a3c7-0a11cf623470,50,1,1,0,1,1
d416d105-6c3a-4b7c-a23e-241fb91a804e,50,1,1,0,1,2
1c457c23-7939-4f56-bb21-53438a6d6166,50,1,1,0,1,2
906c60f2-6b3f-4c46-8a1c-d81ab67c1a7b,50,1,1,0,1,2
ec73e638-12a2-42b7-a997-d65c6b48c8d4,50,1,1,0,1,2
3768ba39-2e64-4d59-95c1-afd07af66b5a,50,1,1,0,1,4
007dd3aa-ed37-461a-9b47-ba396338b988,50,1,1,0,1,2
d05fa002-f261-4d9f-9e5d-a1bfd20b1dbf,50,1,1,0,1,2
2c3bedc7-01f2-4f00-97db-f295899aaa51,50,1,1,0,1,2
aeec7447-d955-40fe-ad79-7d5f99bf7caa,50,1,1,0,2,4
f4236508-d60d-4be2-8659-3a202ecf3de0,50,1,1,0,1,2
2bf9d201-7630-4a97-8a08-833ea961f986,50,1,1,0,1,2
f877d7af-7e45-410d-98b6-1f426c09b2b4,50,1,1,0,1,2
4aced23f-e2c1-42b7-9a11-370d0544ee2c,50,1,1,0,1,2
938551f1-2ccd-4d63-8099-7d15064da779,50,1,1,0,1,2
75bf0b85-8415-4a58-abd3-71d763e08a45,50,1,1,0,1,2
7fecc10d-7aec-4993-ad2d-35a964bf3e2f,50,1,1,0,1,2
1a99baf9-e756-4960-b54f-75f91c64a970,50,1,1,0,1,2
41123263-e8e2-4b53-ba05-0cd9d645ddc7,50,1,1,0,1,2
37327269-6c0e-4589-91c4-f591194c1ef6,50,1,1,0,1,2
22b74c36-00bd-414d-8f2e-c23415a5e25a,50,1,1,0,1,2
ca08fbdb-3493-422c-af1e-3796608d9865,50,1,1,0,1,2
3c19a77c-d991-44ef-ad75-f2c318f0ae07,50,1,1,0,2,4
9b4a379d-c767-49a0-8444-cb54f222da05,50,1,1,0,2,4
eac89d2a-ba4d-4cbd-a07c-81138b0d844d,50,1,1,0,2,4
f53ae502-c21c-4c3f-be05-6bd3faa2433c,50,1,1,0,1,2
f907e4d8-6f54-4ddf-ae20-3c6d4ecc07d6,50,1,1,0,1,2
564a24d2-7cf3-48a8-a48f-4afd78c39182,50,1,1,0,1,2
212cd354-f2ef-4365-8178-2bd9d5275ba1,50,1,1,0,1,2
953e6883-3450-4fc5-8c8b-69501254a0b8,50,1,1,0,1,2
479fadcb-0b54-49a5-b1f1-9c9b8723a966,50,1,1,0,1,2
e6371b56-7c1a-41a4-a355-7c7e62e150ee,50,1,1,0,1,2
6f0455f9-c4ae-43e8-ad5b-99a6de0d48ff,50,1,1,0,1,2
6368fe39-f414-4780-ba67-85c2f81c0b9b,50,1,1,0,1,2
2607b898-8835-462e-8ccb-00325df5e464,50,1,1,0,1,2
96264947-ad38-4884-a1a0-8f6e5058ac63,50,1,1,0,1,2
724f10b9-b906-4f84-96d0-039596ccda0f,50,1,1,0,1,2
1dd818be-d0ac-488c-9d20-df11c3e9a5b9,100,1,0,0,2,8
1ec09e8d-76a4-4987-8522-1c441329e074,50,1,1,0,1,2
886a08da-8636-4d40-a149-02051353410d,50,1,1,0,1,2
1cab93e6-256b-4fc0-b029-f2cc12190bf6,50,1,1,0,1,2
5dc76d7b-5efc-48a1-92c2-b7b264cd4b79,50,1,1,0,1,2
218a57dd-09ee-44b0-9b3c-6fcad5d0d579,50,1,1,0,1,2
3ed19633-d5c9-44b2-955d-2e8890d72d50,50,1,1,0,1,2
4cff1b20-140a-4f9e-86ca-76985e514a44,50,1,1,0,1,2
bf456e3f-4812-4653-a095-30bd6e23d0ce,50,1,1,0,1,2
d06bb6fc-b84f-492d-8d7f-0b03c783d20b,50,1,1,0,1,2
3931038a-761f-4e3c-a289-87b11b47a6fd,50,1,1,0,2,4
1f91f68d-23ee-4c7e-bca6-315655bc256d,50,1,1,0,1,2
817ffa48-a8c1-4e5e-8991-5ab55633a161,50,1,1,0,1,2
5a16da62-8bc0-485a-900f-1e850f295fab,50,1,1,0,1,2
0d51006f-d5c4-40ba-b0c7-7caae8eb0193,50,1,1,0,1,2
f657c8f7-0a59-446e-81ea-a2fb2c38cfb5,50,1,1,0,1,2
694a1e74-654c-4cfb-b5d4-4e32f6f925fb,50,1,1,0,1,2
ff5cb806-b4c1-4696-a7f0-4a104e71aba8,50,1,1,1,8,16
16b48b0b-f8e9-4e89-827e-3fc48afabd78,50,1,1,0,1,2
a43c573a-cbdd-465f-9935-4ac88ea9d74f,50,1,1,0,1,2
158f428f-2e8e-465f-81ec-401a0981e9a9,50,1,1,0,1,2
7d3cf7b2-1942-4f6b-a8fa-3dfbe71eecef,50,1,1,0,1,2
6d035395-6776-4693-b004-a5c14c8b99c7,100,1,0,1,32,64
3f7eb4d2-7e82-4724-a078-e6071f5c0114,100,1,0,1,32,64
60b76565-4145-4f5d-b728-13a868fcd254,100,1,0,1,32,64
bc9fd834-88b9-4b91-ad77-80c76d76cbc4,100,1,0,1,32,64
b17ff0db-f637-4f0b-8eca-19830d4ae7aa,50,1,1,0,1,2
8a2db8dd-f279-446f-9ddd-fa1a67d0cc0c,50,1,1,0,1,2
0620e655-7f36-4c87-8a1f-257433643f65,100,1,0,1,32,64
3174be91-e580-4de6-b7a7-463e5cd687f6,100,1,0,1,32,64
88c90430-60cd-4a2b-9cf5-74b1fe4ae5c3,100,1,0,1,32,64
c40ffbb5-e383-41f0-89e5-3a1652e59264,100,1,0,1,32,64
d7c678e0-e419-4f1d-8143-a883d616bef6,100,1,0,1,32,64
40cc4e3c-fa0e-4f20-9b66-1c7b01fbbaec,100,1,0,1,32,64
eb5c7230-1ccb-4d9c-aa02-239f3aa83812,100,1,0,1,32,64
eea5213c-6b1a-4da9-b511-22f1ca36a1c4,100,1,0,1,32,64
c930b964-3de6-495e-bfb5-25370c2b217a,100,1,0,1,32,64
24beedc2-d039-4bfa-b815-b55789a0db00,50,1,1,0,2,4
8f362e95-152b-49f5-be01-185baac4cb1c,50,1,1,0,1,2
36304f99-e93f-447c-a8d3-eb4478d0b354,50,1,1,0,1,2
70ba381d-9020-4466-9eb2-e011262c9cd5,50,1,1,0,1,2
c03cdf0a-1abe-4691-9bbc-f4d974d95501,50,1,1,0,1,2
b66e518b-51bb-4c1a-92bd-49fd17130e5b,50,1,1,0,1,2
8d0af25b-177a-4271-abcc-8c04d915c233,50,1,1,0,1,2
16536cf7-e64b-4fbb-8902-30c43e914d6c,50,1,1,0,1,2
4cc2d53a-1882-4af2-9f17-23b1ef88783c,50,1,1,0,2,4
f57b491a-73b5-4242-b506-5b9522e3ed5d,50,1,1,0,1,2
edd1971e-bfe9-436e-abd5-288288e2963d,50,1,1,0,1,2
1b974d7a-cec7-4cd7-9ee3-14a541ef0fc4,50,1,1,0,1,2
437cb2ee-42bd-4463-aa65-282483aa65e9,50,1,1,0,1,2
993dfec3-6ca5-4a44-bb28-363eec5a8ac6,50,1,1,0,1,2
a1037f29-6283-4731-8f40-875d748054a9,50,1,1,0,1,2
7a69660d-d531-4d99-a0ce-0826b42ca54d,50,1,1,0,1,2
311adcd9-6fee-430e-8ad0-1be976875df1,50,1,1,0,1,2
5241a22d-0dd2-4f2b-9925-35dc30bfda56,50,1,1,0,1,2
a2a1b598-437e-4c30-8779-be7186968e0a,50,1,1,0,1,2
b5007314-3423-464f-ba86-65b55dcc1581,50,1,1,0,1,2
1f53eb59-1029-4140-96a5-2eac0753d1c6,50,1,1,0,1,2
a6e4b343-346f-4ed9-b177-facadc08cb8b,50,1,1,0,2,8
34f23b9e-a2fd-433d-9cf7-9e1faa29a60c,50,1,1,0,1,2
839192d7-a9f1-4ffa-a577-280c6a7840e0,50,1,1,0,1,2
35263c78-11ba-43a6-ade9-fad8d574c369,50,1,1,0,1,2
077f844c-7892-41a9-8bc2-8fff0bcd6871,50,1,1,0,1,2
9b14cac3-d617-4f53-b947-5770b524e0fe,50,1,1,0,1,2
40ddf1c2-b5bf-4238-bf37-125dfe7698ff,50,1,1,0,1,2
7101ab5f-0b24-4831-b10c-78835b4484f6,50,1,1,0,1,2
c689e11f-191b-4fec-8a4f-f726ab681f15,50,1,1,0,1,2
18398c1c-ced7-40b7-b5a8-ffdbd5e2f1c4,50,1,1,0,1,2
d7580c1b-46f7-4921-a27e-f669e48f0ded,50,1,1,0,1,1
1ccda9dc-7746-41a9-85b5-b5515221448e,50,1,1,1,32,64
25f61f47-00f7-4499-862b-8d81c36e7abe,50,1,1,0,2,4
206551cf-5a3f-4f88-a3c1-a8874c174056,50,1,1,0,1,2
0ed6e940-77b5-4ab1-b77b-58f911f3a697,50,1,1,0,1,2
b6cf2180-4a57-4335-a075-33048ecd9dc7,50,1,1,0,1,2
16e27134-f78e-4259-acf8-16ab0c9cad53,50,1,1,0,1,2
02133ef3-3b71-4dd2-b595-697ba44a8590,50,1,1,0,1,2
e72e3545-2b1d-4605-ae18-ade7a0d3e11b,50,1,1,0,1,2
8828de9d-ec1c-42d0-86cc-b5547082fd89,50,1,1,0,1,2
060b2657-6bce-4a11-9c4b-9759023745d3,50,1,1,0,1,2
f8f5ac00-96a3-48e6-9f6f-ef714a8107a6,50,1,1,0,1,2
35a29640-93e2-487b-9994-7f0885d14898,50,1,1,0,1,2
624a4a97-381d-431e-b0fe-8f0efdfbc336,50,1,1,0,1,2
65612c70-a2d9-4a88-a0e3-1e6da9c072de,50,1,1,0,1,2
b1acdbcb-7108-493d-a622-f45a964d8caa,50,1,1,0,1,2
ad1d1431-34f6-490f-a5e0-c8a1b068d335,50,1,1,0,1,2
98ea973b-ae04-4e7e-9965-534dc6c2047d,50,1,1,0,2,4
310784fe-6a64-49af-981c-320e716f5d75,50,1,1,1,4,8
b7cdd5e8-07d8-43a9-b6db-9c4037a233f5,50,1,1,0,1,2
5fad4787-1c1f-4332-8385-29a05fb7a62a,50,1,1,0,1,2
8468a8d2-5f1b-4aef-8935-dc06b40ebf26,50,1,1,0,1,2
51945af7-c1f0-4086-8b2b-44d66048ebd4,50,1,1,0,1,2
1de429c4-481a-4104-8518-42e2ffc353c3,50,1,1,0,1,2
aff48ac4-1275-425a-bfc7-505d8bfe4a0f,50,1,1,0,1,2
9b7e1934-48a4-448f-9d47-e1d0849f3904,50,1,0,1,8,64
c8d91bea-6582-4b84-b44a-a99c554c011a,50,1,0,1,8,64
bfecbb58-d003-4313-b9b9-6661237f00ab,50,1,1,0,2,8
63949665-0985-4d88-bcc9-4b27b332c6e7,50,1,1,0,1,2
ac9733fe-e16b-411a-96f9-2f00262f1fc4,50,1,1,0,1,2
ee2b1c10-b1bf-4f82-a1c2-d3f062a559d2,50,1,1,0,1,2
2cf19f07-72bb-4214-afa7-b2ca521d88c4,50,1,1,0,1,2
4a85c0f4-b752-45ec-9114-97d7d1f8cf63,50,1,1,0,1,2
19335a63-7b15-4aa4-a000-adb064cc9724,50,1,1,0,1,2
00f04ac1-cbeb-49a7-95fb-aeb13cabd364,50,1,1,1,8,32
d5053388-8d6d-4e1e-abbd-2958eb51778c,50,1,1,1,8,32
283a0725-53e3-437f-b42e-8cd53c9ed97e,50,1,1,1,8,32
29a0ef52-103b-4a47-aa59-f0326cd9773f,50,1,1,0,1,2
a39cb932-5fa2-425c-9c2e-8e8abf3d37b9,50,1,1,0,1,2
8e236cf2-4141-4e92-a00f-4450731de60d,50,1,1,0,1,2
b39fb9e1-3e8b-49bf-bfe4-9b4c66cdbf6b,50,1,1,0,1,2
fd71129d-0f53-471a-abda-95008ce501ae,50,1,1,0,1,2
cc7660b9-4d2f-4c99-8662-cc396e6b0629,50,1,1,0,1,2
b586b553-aaac-47f5-876b-4cd3e23ef198,60,1,1,0,1,2
e843ca05-1b83-44bc-84de-bbe52fbe9a59,50,1,1,0,1,2
856253ab-6f46-4140-b5c7-d08be0265c30,50,1,1,0,1,2
d34c45a4-4f24-4049-9aa1-b2729325cb54,50,1,1,0,2,8
a8a0ba4e-f2b5-4132-a5d1-8f53bd85b9e7,50,1,1,0,1,2
40e1134b-6f78-4a78-a249-544f44db93c0,50,1,1,0,1,2
7b610982-2701-414b-bf2f-a8a67b8ff159,50,1,1,0,1,1
f8efe99f-c907-407d-a02e-47a13192700b,50,1,1,0,1,2
a7176640-0f25-4306-bdf8-256c867fa009,50,1,1,0,1,2
b1aaab41-b4ce-47c0-bf09-9d665e9c0206,50,1,1,0,1,2
2742e995-044f-4025-8a25-4c6f749f977a,50,1,1,1,16,32
e4111d95-0467-4bfa-8460-f0f9775bf8d6,50,1,1,0,2,4
062c2916-052a-4205-b858-2276cd541cb1,50,1,1,1,1,1
ecff3dd8-fa40-49f2-a59c-083902f364c2,50,1,1,0,1,2
969b8c9c-e171-4140-9d3e-3ea7bb7cd24e,50,1,1,0,1,2
16040965-4a39-40e6-bbd0-3b6a3f801448,50,1,1,0,1,2
e6952272-ee75-4133-96ff-2978acd99413,50,1,1,0,1,2
6863e7a6-092f-491f-baa9-87c9efa881df,50,1,1,0,2,4
88491743-b76b-4f3d-a013-c5b9f6a5e112,50,1,1,0,1,2
44f04088-0b0d-48b4-8651-1a99a2e1930d,50,1,1,0,1,2
3dc58614-867a-42f2-b879-7e3eeb2ab46c,50,1,1,0,2,4
248507c2-b9ca-4fb6-9f0e-f423703b170a,50,1,1,0,1,2
2b645b14-4952-4d2f-93e3-b7e7d6c7855b,50,1,1,0,1,2
62e46f52-4c7c-49a5-99b0-b14e77ff3c95,50,1,1,0,1,2
54ffc9f6-0842-4e69-b429-8f3605cde744,50,1,1,0,1,2
87925412-50d9-4d83-b11e-09cd71d886dd,50,1,1,0,1,2
6bc97eea-4154-40a0-a3d8-ffbfdac5e997,50,1,1,0,1,2
a2b907c0-aa15-43c6-8990-1244d7eff064,50,1,1,0,1,2
4b1151e9-4880-443a-be8d-f6a3de5e63c7,50,1,1,0,1,2
2214a4bc-706d-4430-86af-f9cdb78c2d2f,50,1,1,0,1,2
4e21ba0d-1100-4e6f-8e02-60639cd47afc,50,1,1,0,1,2
b3210510-7b85-44e8-9641-5509b4a58f16,50,1,1,0,1,2
107b0131-d870-47f6-ab50-40a3c8331ee6,50,1,1,0,1,2
2e60378a-1b84-4052-81d8-0984aed2182e,50,1,1,0,1,2
3d54a200-cbc9-4783-9351-ad4799382c5f,50,1,1,0,2,8
be552536-3bc8-4996-8a53-8630a2de65d7,50,1,1,0,1,2
5487cd2a-ecd7-465f-8ea5-4a9a6d38664f,50,1,1,0,2,4
857d911e-ad84-4c6a-aae6-1ad3f177faa1,50,1,1,0,1,2
81edfd61-c8de-486c-84fa-76d5f0129cab,50,1,0,1,8,64
8b841cc6-9fca-4f32-929f-8948d0a8eef0,50,1,1,0,1,2
2804d710-0e03-409a-b775-67ac65e984f5,50,1,1,0,1,2
6ad32eaf-93d4-4bd4-a739-ced6d4db1391,50,1,1,0,1,2
1e9a3dd8-8283-45aa-8bf4-a24405dd10f1,50,1,1,0,1,2
69c01ba1-675f-45e5-b62a-739fea79e726,50,1,1,0,1,2
4692e2a1-704e-4ec6-8f87-8a8fe7926641,50,1,1,0,1,2
614222d8-67fe-4fb3-982b-d6b9b7a2c0af,50,1,1,0,1,2
380c7475-4eb5-4084-b857-7e48edb313e1,50,1,1,0,1,2
e4601a13-8d30-4b63-8e51-ad6fc0754425,50,1,1,0,1,2
42e0d7c5-317f-4eaa-aaa3-e6b20c8cd6d2,50,1,1,0,1,2
e56b2833-746c-4e0c-9bc7-4e5c4a119b54,50,1,1,0,1,2
5933b88c-b293-48c5-87e5-e803500c9fc7,50,1,1,0,1,2
ec6b4bbf-e169-4afb-98eb-546255e080b0,50,1,1,0,1,2
4e1d5e8f-1aa1-45c4-bce3-98becc8594a9,50,1,1,0,1,2
c5184a21-43ce-4e4f-9d62-61e2c8d66058,50,1,1,0,2,4
9b411770-25ce-4092-9c00-738a403cd733,50,1,1,0,2,8
0a7f5433-5b06-4241-8383-c9eb3e7fe94e,50,1,1,0,1,2
3619b629-284b-4c8c-a021-91000d833353,50,1,1,0,1,2
1e5f771a-68b2-4c2d-95d1-91fd338dd6ee,50,1,1,0,1,2
7a681eb1-b0da-46b8-8267-45b8efb55956,50,1,1,0,1,2
22c20833-81d5-42c7-8172-23a491498a7c,100,1,0,1,32,64
df76a019-0426-469c-bd8a-f97ffad3d628,50,1,1,1,4,8
1ec878fd-fd4f-4578-bddf-518c59d183f0,50,1,1,1,24,48
578486a4-d43a-4ed0-b3ff-5026e405ea8c,50,1,1,0,1,2
df0fe2fa-a5a8-4f41-a3f5-5d0169766c1a,50,1,1,0,2,4
0f793134-4abf-48ed-ad34-92ba02e9b73d,50,1,1,0,1,2
29d22c65-4bd1-48e3-8c96-96d6605b1afc,50,1,1,0,1,2
e3fc0448-567b-47ce-b968-6a214ba029bd,50,1,1,0,1,2
f73f225b-281e-4123-9bfe-8cdf55faed22,50,1,1,0,1,2
01bf4637-6514-479e-a1c0-e2a991ad5b04,50,1,1,0,1,2
69324f50-509e-477f-b214-8bdbb418c828,50,1,1,0,1,2
59d89b6e-c4b0-4df5-bcb8-0b650f770d33,50,1,1,0,1,2
b0e0e46f-a017-4b28-959b-4e737d2f2a0c,50,1,1,0,1,2
e52bdca7-d4d5-4bfb-8005-87e11ebd59d8,50,1,1,0,1,2
2b0d332c-7c0e-4dc0-ba79-073ad0cca755,50,1,1,0,1,2
ba390f6b-46dd-4d3b-a934-1617edfa0fd3,50,1,1,0,1,2
8c5a44a5-8457-4b7c-95a2-f686f63e236d,20,1,0,1,8,16
c8e54952-3675-413a-b851-a049bad53595,20,1,0,1,8,16
211d7662-f180-4882-9baf-7ec673bb4126,50,1,1,0,1,2
6b260c49-e488-450d-9068-1f1428abe0d0,50,1,1,0,2,4
64d536b2-fc71-40d5-86bb-c03a8a322f87,50,1,1,0,1,2
e97ccef1-0440-4204-bdad-05353e77ccb8,50,1,1,0,1,2
14c603b3-2276-417f-8f7e-73d5ed9a80f0,50,1,1,0,1,2
65f25d79-dc75-483d-84eb-071bcba143f1,50,1,1,0,1,2
60083d37-6fc9-461f-bc32-34d253f4aa1d,50,1,1,0,1,1
e3803435-f88d-428b-8db6-c2b0d0618a2f,50,1,1,0,2,4
94168485-7cbd-4e75-a22a-72fe52692ab0,100,1,0,0,8,16
19d514da-601e-4662-8b27-d175ea148e33,50,1,1,0,1,2
a4e65c67-38ee-4227-aab5-50a3818b950b,50,1,1,0,1,2
2ac4b5a9-4883-4089-8bb7-1d04518ebb2d,50,1,1,0,2,4
88d37388-9a4f-4b9a-b9bf-25191a91fd21,50,1,1,0,1,2
b59c2f47-1233-405e-b9cd-f4792d4daeaa,50,1,1,0,16,32
40949219-a1ba-4cdc-af24-d3c7b1de6c69,50,1,1,0,1,2
996a151a-d669-4c45-9f66-7d59cecac4b1,50,1,1,0,1,2
c1e0de5c-fc2f-45dd-b725-9625a436c870,50,1,1,0,1,2
1eb40272-d97a-4d23-a3d8-eaaaa4759c71,50,1,1,0,1,2
74125d70-5068-42b7-aba8-b23da843ef99,50,1,1,0,1,2
a9ebe4c3-ae4c-48ef-882a-3894f51e7028,50,1,1,0,1,2
0194c3a0-d452-4213-bf8b-0e76b325def8,50,1,1,0,1,2
cb255c7c-2a7a-45ea-94ad-77357288d4a3,50,1,1,0,1,2
27769e93-6a1f-490e-922a-38faf8dcdea8,50,1,1,0,1,2
dbee3941-1752-4e19-9297-4a7ea814a6e2,50,1,1,0,1,2
ede1e5d9-64d0-4204-80b8-6188a5dfcd12,50,1,1,0,1,2
070b9017-7542-4133-ac4a-995ca721dc59,50,1,1,0,1,2
396ba857-0208-4c5c-ad95-5668711e3df9,50,1,1,0,1,2
2f900b87-db69-4e6b-b00c-98d376592c1c,50,1,1,0,1,2
9fecc9d9-d235-455d-b3ee-3cfebb1a5396,70,1,1,0,2,8
5f15a470-12f4-4a1b-8a4d-93eaab00676e,50,1,1,0,1,2
b264b086-dab4-4176-ba5b-52aba030c125,50,1,1,0,1,2
3c8cd3c7-b246-40e6-b787-47db1a3b1428,50,1,1,0,1,2
0a55ff4c-3d1b-463c-84e3-dbf713262824,50,1,1,0,1,2
19cba48b-677a-4f9c-85a4-68273b8b57a0,50,1,1,0,1,2
6a2c3e1d-08a2-4a59-a90d-175ef3ff9e6d,50,1,1,0,1,2
01ffcb0e-7308-4b01-8f6d-ad7f70ef709e,50,1,1,0,1,2
e4c991d8-76c6-4bf8-8184-91427e4081f6,50,1,1,0,1,2
568e0a45-3fcd-4122-ab5b-17540305ba6f,50,1,1,0,1,2
05c88369-378f-45e2-b98f-70541c0abad2,50,1,1,0,1,2
75a83a89-fb49-4ecc-aee1-782fb668a91f,50,1,1,0,1,2
e05e80b7-4251-4639-95d4-126fa915d9ca,50,1,1,0,1,2
7f574162-1fab-4ae1-bc7c-ed1d34b6fa8a,50,1,1,0,1,2
175acc24-7e5f-43d7-8a68-cd3209dd921b,50,1,1,0,1,2
8ea956a8-08bb-4009-9b3c-45c63fd15dfa,60,1,1,0,2,8
013d0d78-5367-47c0-8b72-3e948255674a,50,1,1,0,2,8
3088ce2b-d526-40b7-b91b-889bbd117eab,50,1,1,0,1,2
65e65da0-d607-4bf1-a02a-3f70b97fc20f,20,1,0,1,8,16
fcf2dc8e-e554-4743-991c-bb1479fc56d0,20,1,0,1,8,16
f254f147-7497-4652-9ec1-516b6fdba0c8,50,1,1,0,1,2
548eae68-31fb-4f94-82ca-8655abb582bb,50,1,1,0,2,4
371c1048-520a-4943-a070-60f495e9fcef,50,1,1,0,2,4
a225502d-883d-44b9-8eed-90e3413ade5e,50,1,1,0,1,2
7ba879a8-2ece-46c8-b729-fbdc5af88c7f,50,1,1,0,2,4
e39314ba-5c48-4be3-894c-329c2ac436f0,50,1,1,0,1,2
2d0d3307-f027-4324-9e0d-fcfc0bd370b9,50,1,1,0,1,2
d1570439-4373-4a9b-aac0-ada1334a9505,50,1,1,0,1,2
6d90707c-e401-4fcc-aea9-5da9687d0c9c,50,1,1,0,1,2
56ea1fb1-4735-44f3-a2d0-bba9686e7c52,50,1,1,0,1,2
8d3877ca-e0ab-4b40-8c07-3b02f01f1aa4,50,1,1,1,2,4
ae5f88b1-1f46-47e2-8cb4-1c1df12428ba,50,1,1,0,1,2
b75a0251-11cd-4302-9514-a809c8714f00,50,1,1,0,1,2
253fc01b-9ac0-4197-bae2-2c018276d984,50,1,1,0,1,2
381026e5-cc24-4907-93c8-9cd839274235,50,1,1,0,1,2
7cb71efc-bb56-4d2d-ab3b-9a87d638c9e9,50,1,1,0,1,2
2933caca-1b1c-4a38-b75f-9d8f894b0404,50,1,1,0,1,2
aa10e056-ca84-4e12-96a8-43930907c274,50,1,1,0,1,2
7114abc7-f608-41c6-bb89-513aad421a24,50,1,1,0,1,2
4bc82d2b-2bab-4648-80df-1f662981de82,50,1,1,0,1,2
4c7852ee-984d-4e2f-b4ce-2cc962c88906,50,1,1,0,1,2
d8a60db9-5744-452a-8a04-b14b32853e14,50,1,1,0,1,2
054d9600-288b-4e44-bb14-b3d693235018,50,1,1,0,1,2
957f2f47-f921-4019-932a-13864d14cffd,50,1,1,0,1,2
a9674343-a4f0-4fdc-8626-f6f0b1be9767,50,1,1,0,1,2
171ca709-7d7a-46c0-8e77-838290d98c65,50,1,1,0,1,2
1f1d1cdc-1fe3-4bd9-97c5-1cea1a5ab9e6,50,1,1,0,1,2
f6f141ce-2f32-402b-ac98-72474126a0e2,50,1,1,0,1,2
e7a78355-12b6-4c14-9e0b-3377b320c2a0,50,1,1,0,1,2
64ad3dd4-d256-4998-b8a4-0aa51095f005,50,1,1,0,1,2
31d539b2-8035-4a00-b0be-fb33c69473ca,50,1,1,0,1,2
a95926cb-34ec-4c20-8f7c-869710ca2474,50,1,1,0,1,2
3b46817d-bf91-4591-982b-681b8e27862e,50,1,1,0,1,2
5ee4d90b-862d-4519-94c8-043380ed54c4,50,1,1,0,1,2
d12b745f-3be6-4976-94d5-ea151b785d5f,50,1,1,0,1,2
5c52932a-00a3-408b-84e5-a68fb2c6ec9f,50,1,1,0,1,2
45ed728d-e412-466c-9b70-9163f25e8834,50,1,1,0,1,2
5fe134e4-ac3d-4c13-a9a4-d2f00d1ccbc0,50,1,1,0,1,2
8ab5d802-426b-443e-89be-0f54a2bd118b,50,1,1,0,1,1
61f7f0a0-bce5-4d8a-85cd-c7ab6fe829b1,50,1,1,0,2,4
25c86876-9a1a-4f28-ad1d-aff7332fcc67,50,1,1,0,1,2
d7e0bdfc-632c-4105-9a4e-41876797c970,50,1,1,0,1,2
904ae2c6-e069-4682-a41e-5c465595a4b3,50,1,1,0,1,2
c3a2c923-63de-48a2-9930-011d91351964,50,1,1,0,1,2
aec73f91-565d-4bc7-9cbb-42382071ce08,50,1,1,0,1,2
83d5c080-8a45-44bf-bc2d-31b9ba597e55,50,1,1,0,1,2
6037a607-9281-4706-ae6d-5fa135ea56ec,50,1,1,0,1,2
7faf3745-7736-4f5b-939b-a19b5eb1597f,50,1,1,0,1,2
108972e4-8e74-41b1-a731-23dd29c93182,50,1,1,0,2,4
406c92e9-e36d-4abd-a2aa-09c14ce7f189,50,1,1,0,1,2
0ba97b32-5c9e-42b7-9433-6918988e23be,50,1,1,0,1,2
77a0f699-1d15-49ff-b8f1-53d54a789330,50,1,1,0,2,4
a07f0317-8c79-4ea2-a668-b665bcb01bce,100,1,0,1,32,64
ef2671e2-535a-4a5d-a1f3-2659659a9b9a,100,1,0,1,2,4
6a0d60a6-e7b7-4fe4-a5af-b5c5ef0f72cc,50,1,1,0,1,2
7bd89d8d-e3ee-4877-b542-b4a1275570d0,50,1,1,0,1,2
302f30c3-c86e-4b13-8ad7-b67290609eca,50,1,1,0,1,2
7dc5de03-c5fa-494e-8aa4-e7b7da7d55f0,50,1,1,0,1,2
83a9ada1-a2cd-4334-a9af-4bae933cda5d,50,1,1,0,1,2
013ab349-0b03-4690-95f4-f68ae8104a0f,50,1,1,0,1,2
c252c633-9aef-41b2-9668-e097126bbf90,50,1,1,0,1,1
b05a67b9-dc9a-442e-89e2-ba6566503d68,50,1,1,0,1,2
f35d6b13-6b8e-44bb-91a7-1d0f3d596c98,50,1,1,0,1,2
ff55abc0-b44d-42d9-ad35-286852299a2a,50,1,1,0,1,2
127b9491-858b-47d8-8004-b803fa5f00cf,50,1,1,0,1,2
9fdf2f5b-0592-4268-8b93-84083e7231d7,50,1,1,0,1,2
f8cfb7d4-cec7-4b84-b187-2a3e363b2882,50,1,1,0,1,2
aeb31129-bde4-470f-a50d-a2d6cd6e7940,50,1,1,0,1,2
67dfcd64-070d-4505-9381-de4689c2ca98,50,1,1,0,1,2
effcde69-53dc-407b-985e-d7d10de4362e,50,1,1,0,1,1
0566f902-bd72-4c0e-b5bc-dcbbd50ae164,50,1,1,0,1,2
1382baec-57d8-44fd-b7bd-cd7baaf28741,50,1,1,0,1,2
82930c2e-9b71-467f-b119-eacb4bc8402e,50,1,1,0,1,2
d031e42c-6f74-43be-b684-8890e06fc8de,50,1,1,0,1,2
d41088f3-0d15-4379-9d9d-534a728a3ae0,50,1,1,0,1,2
d00ba9ae-2cbb-40d9-85f7-d3850b8dc6a1,50,1,1,0,1,2
fa8a5b1c-4571-446d-aabf-b4d25a4d7f3b,50,1,1,0,1,2
cba2a34a-76c2-43bf-adbe-4a5825637398,50,1,1,0,1,2
bb9adf56-9549-4913-ac8a-309a48cfeba1,50,1,1,0,1,2
78af7191-ac89-4707-87b0-866e9affdd4c,50,1,1,0,1,2
2f6fc19d-2220-41ee-b841-8ae37887cca7,50,1,1,0,1,2
c4e234e3-60fb-4749-82ea-30cf91d22899,50,1,1,0,1,2
ce768f49-46fd-48d7-9161-73b555a28906,50,1,1,0,1,2
53011da3-ae9f-4222-b58c-e00cebf31585,50,1,1,0,1,2
42320817-05cc-468c-afd4-60eecb33be04,50,1,1,0,1,2
bfbb3e5b-6d5d-48e4-afa0-2798b331476a,50,1,1,0,1,2
595f1df5-73ea-47f5-8016-28a2256acf15,50,1,1,0,1,2
d0b07544-81e4-4d95-a3a3-305e896afc4a,100,1,1,1,2,4
b2cc44bc-fa85-4d5c-927a-11075dd73ce4,50,1,1,0,1,2
986317a6-5326-4bb8-9909-f3fa59c00c0e,50,1,1,0,1,2
11024cce-9a3d-4f70-9a98-3942bad9175f,50,1,1,0,1,2
930279c5-e069-4714-93dc-a5b04f56e73c,50,1,1,0,1,2
a79b139f-481b-4424-aec3-1adcd674ca14,50,1,1,0,1,2
97455fd3-f4b6-499e-b13c-37d10ef89253,50,1,1,0,1,2
a84483b6-e4a2-475c-be30-c6ab0925f502,50,1,1,1,8,16
69d7a807-8fdb-4169-8012-7293f9247074,50,1,1,0,1,2
3f353dc9-1a67-4382-8f7e-061c713f7605,100,1,0,1,32,64
71e4831d-34a6-4524-8021-7a1533b0d21b,100,1,0,1,32,64
8fb6abd2-baff-4693-8606-6b5702184a3f,100,1,0,1,32,64
9068a311-9d3c-4204-b989-0e6c6e552d7e,100,1,0,1,32,64
df87bee2-bc0c-4bc1-a3dc-f5db25c39e5a,50,1,1,0,1,2
0f1bbd90-768a-4ff0-b23e-fe8a4f97177a,50,1,1,0,1,2
7bd9aef1-25d3-40da-ae13-59ac3327dfc5,50,1,1,0,1,2
16cb9d20-4109-4aa8-93e3-ad6fa57d0fcb,50,1,1,0,1,2
bc9c9b63-32d6-48fc-ac85-db30a2d3773c,50,1,1,0,1,2
5ce29c2a-0d68-4c64-bf86-b0c481e53337,50,1,1,0,1,2
037ff013-7b20-4e83-8a04-2e8ed5f4eaaf,75,1,1,0,2,8
785ab5fa-2dfc-4773-a190-dfc609ce349b,50,1,1,0,1,2
9d05c4c5-47e9-47ae-9e39-105aa13a5424,50,1,1,0,2,4
34270de4-b699-4a4b-bd81-00c114611250,50,1,1,0,1,2
9e4d9548-8034-4dac-8fee-81d2ddcd8319,50,1,1,0,1,2
703a1e2e-539b-49da-ba23-338b9e340bbf,50,1,1,0,1,2
04f2fc0a-4b93-4bc5-a453-577650c36c49,50,1,1,0,1,2
b2b2b5e0-5f94-40ec-abcb-9751b9dbd6a7,50,1,1,0,1,2
4d64560d-5efc-463c-847c-b0da67ad7aab,50,1,1,0,1,2
9dfe771f-7f41-414e-85e4-1b779df41727,50,1,1,0,1,2
fc14228f-7703-4e6b-bc42-30f840e30292,50,1,1,0,2,4
dc469c47-d337-4bfb-9970-9f6b334acccb,50,1,1,0,1,2
5a12715c-e306-415f-b23e-a4010449c621,50,1,1,0,2,4
a01ba82b-cae9-4831-936e-25ad534aba85,50,1,1,0,1,2
da761a53-faac-498e-b162-97ebaa8e5210,50,1,1,0,1,2
4d45912a-3a84-4271-b611-96b7e089db2b,50,1,1,0,1,2
b0e0c730-c10c-4659-921a-f4b987ff2d09,50,1,1,0,1,2
4cdfa4e9-af76-4c13-a1ee-023a8473ae90,50,1,1,0,1,2
01059238-8bba-4371-83d8-802763447755,50,1,1,0,1,2
8235bd32-0fc1-4871-a6d1-15b5625a1039,50,1,1,0,1,2
500fc9f4-ff19-4f69-b62a-54a6615f5b01,50,1,1,0,1,2
97038e71-ff2b-47b6-b6bc-d97da976f0bf,50,1,1,0,1,2
224800c9-a66a-45b9-b7a1-b501dfab5389,50,1,1,0,1,2
d40ba739-8c36-479c-8042-7089c403537b,50,1,1,0,1,2
706794aa-6fcd-442c-a8ac-52cb7edef477,50,1,1,0,1,2
4416dd6d-67f7-45a7-b003-7eb3d2d55ff8,50,1,1,0,1,2
1483136c-b448-4553-87d6-8a5d1a7bb58e,50,1,1,0,1,2
39bbe719-2b93-453f-b79c-fb0289610ef6,50,1,1,0,1,2
52aff06f-5c19-4266-811a-5cdc9841bc53,50,1,1,0,1,2
bc9009ec-d2a4-49ff-8f46-f34efbac1477,50,1,1,0,2,4
8be61dc1-c868-428c-8982-66a28aba06db,50,1,1,0,1,2
39ac9993-52db-40c7-983c-861112ad10db,50,1,1,0,2,8
151a2c98-09f6-4014-a892-5d58edf48da4,50,1,1,0,1,2
2c10004b-e660-4a23-93a1-f9bb2c26ad56,50,1,1,0,1,1
075fdfe5-2321-4a73-bddc-e49857e8db0b,50,1,1,0,1,2
75c665c0-f790-4161-9533-76e4abd8d82f,50,1,1,0,1,2
55ff653a-b6fe-44e0-9349-fc75de804e8c,50,1,1,0,1,2
1510492e-1997-4b3f-bee0-58a3bd38e1cb,50,1,1,0,1,2
1ee770ff-3a64-4ffd-aa1b-14eb0417a3cd,50,1,1,0,1,2
227ed04b-129c-408b-ab27-a34e14a9f0fe,50,1,1,0,1,2
70e0f202-fef6-4cbc-b2d1-6b8c0c00c098,50,1,1,0,1,2
1328db4e-60e8-4da4-a46b-c99ac26aab7c,50,1,1,0,1,2
fe8d2e3b-4f47-4828-9146-5b5bec717532,50,1,1,0,1,2
a9972f17-6c20-41aa-b3d7-82f7fe31b07a,50,1,1,0,2,4
b253cec6-2360-4361-b848-8286c3ad1199,50,1,1,0,1,2
80dd6bae-4c38-4cee-889c-d1e863a4f151,50,1,1,0,1,2
acbae46c-0044-4369-b907-6b5c90f27781,50,1,1,0,1,2
66014d6d-326a-457c-9c00-ba634cdb3db0,50,1,1,0,1,2
a9d19e58-0d1d-4239-a89e-01ce4eca3dd5,50,1,1,0,2,4
c289f352-6068-4520-8085-ff337d49a5f6,50,1,1,0,1,2
d2c9cdca-7d9d-44b5-9ba5-f2f649a54877,30,1,0,1,8,32
1f517707-2e91-44a2-8324-17181811059b,50,1,1,0,2,4
fd6f6e17-8a8b-4265-a46d-da93ad0a5cdc,50,1,1,0,1,2
fa91b177-2933-49ab-80bf-1dea23a92a35,50,1,1,0,1,2
3307c4b7-e5d2-4625-ac7a-d352aef8a084,50,1,1,0,1,2
01755796-aac1-4e3a-8bd4-9ee9d3535c5c,50,1,1,0,1,2
e0d29a66-ea28-4cb6-b370-f89182635039,50,1,1,0,1,2
8673a8e7-6283-445c-bde0-331cb667c829,50,1,1,0,1,1
c5b945ec-2f56-4c6c-8994-d041843de633,50,1,1,0,1,4
d87306ef-4d7e-402b-b17a-ede270af4552,50,1,1,0,1,2
452e2005-5910-4b07-b9c3-c3328f153f8a,50,1,1,0,1,2
de28ac04-f326-440b-85c8-7a4235331fd9,50,1,1,0,1,2
b455e31a-7f12-455f-a44e-63eef9da0724,50,1,1,0,1,2
6e595273-0a9a-4268-ac10-fd0ce037e489,50,1,1,0,1,2
289caaf0-551a-4d34-a4cc-878ccbffe237,50,1,1,0,1,2
7b9b842b-02f7-4ab7-a91e-43ef90153637,30,1,0,1,8,32
5ff00bd0-a4dd-4e71-82e8-3935486e040a,50,1,1,0,1,2
22ad4ea9-7039-48b8-8321-76d1ab615dc4,50,1,1,0,2,4
fb9d8c44-b593-4b3c-bdd3-84785a774f74,50,1,1,0,1,2
8c091405-96a4-48ea-acad-49cea068e3a0,50,1,1,0,1,2
b94942d1-8eb0-4631-a4e3-21bc995bed45,50,1,1,0,1,2
5f0b2f51-99d1-47e9-8660-2ea908b8cfe8,50,1,1,1,8,40
15dcea0d-8fd8-40fb-ac37-67a816a9c373,50,1,1,0,1,2
3ec7f58d-6bfa-447e-8d21-103b24888ff1,50,1,1,0,1,2
347fd03c-3059-4615-8b4d-f8a3c114b3d5,50,1,1,0,1,2
3b482d64-0c12-4591-8a82-5c9e0c57e508,50,1,1,0,1,2
c401bdca-db3c-485f-8357-4e58bdc80cee,50,1,1,0,1,2
de2dccb2-4a1d-4557-b65a-09cd4ec15f37,50,1,1,0,2,4
fc08639c-8c42-46e8-9513-42f4a9b08c23,50,1,1,0,1,2
c9eb4220-b796-443f-b264-6eac1b12ca3f,30,1,0,1,8,16
95990ada-baca-44d3-8a2f-11a5d1c92f65,50,1,1,0,1,2
18c393f1-cfbb-4544-8414-fec84d42bcfa,50,1,1,0,1,2
3d4195ba-143d-42b3-8fe1-32e9773342d3,50,1,1,0,1,2
357863b2-e719-4fc9-b2dd-b25c3b6ee3f2,50,1,1,0,1,2
7b0ccc57-b7b2-4012-bec6-c1086a3286c1,50,1,1,0,1,2
86674d86-f12b-4036-a62e-6697c5eb7d66,50,1,1,0,1,2
1f86199a-247c-4298-b6e1-5594f15446fe,100,1,0,1,32,64
46e1cd45-4302-44e2-add7-d76f7c5e1bfc,100,1,0,1,32,64
818cef0f-0d28-44fd-a72d-6bda38115da3,100,1,0,1,32,64
b7fab241-346f-4538-89ab-2d43488151ba,100,1,0,1,32,64
de4cee34-81b9-49fc-89dd-45c117a5c11f,100,1,0,1,32,64
1847acce-8dad-4c09-9532-bb8ed7ee7442,50,1,1,0,1,2
b406331a-2427-4648-b851-1c595bdc764d,50,1,1,0,2,4
3d8b78fe-5ad4-4dfe-a31a-96af8ba709d8,50,1,1,0,1,2
1697c46d-a3f4-41bf-8324-f908f7ab3e4c,50,1,1,0,2,4
40de5f43-0c46-4516-98cf-ef42dd7ca700,50,1,1,0,1,2
d93152fe-b31f-4b24-92c1-6e4cd72b3aaa,50,1,1,0,1,2
a6c0e93a-5950-447b-9a76-8ceb93db16ed,50,1,1,0,2,4
55c8d850-739b-41fc-818c-67b84e4f06c2,50,1,1,0,1,2
6c225342-06ba-4629-a2fb-7b35295aadaa,50,1,1,0,1,2
4efc3300-af92-4e1c-a706-2ae9f1d77bce,50,1,1,0,1,2
8c1fe8dd-5b48-4813-81e8-be5f6f1f5d55,50,1,1,0,1,2
c58974b9-14b6-4ee3-a78a-fd79d4ea2dc2,50,1,1,0,1,2
dd884983-f39a-48b0-8715-62383f9834e2,50,1,1,0,1,2
4525fd88-46ec-42ab-ab85-9ecaf5e79ca9,50,1,1,0,1,2
99b9bf5f-9cc7-4981-8314-fdb02bc97435,50,1,1,0,1,2
dc71c7bb-10bd-44da-a5d0-bdfa691a5221,50,1,1,0,1,2
3361ec39-e8c9-4bcb-9026-f42e05cd0b0a,100,1,0,1,32,64
407038a8-18a8-4c82-9a77-77265e135df5,50,1,1,0,1,2
3ca4549b-2116-4c19-8563-dc9c340ce878,50,1,1,0,1,2
2b038127-169a-4fb9-a3fa-aaf2bda5e6ba,50,1,1,0,2,4
d4c3ca25-7d1b-48f0-b958-c74a4f292f69,50,1,1,0,1,2
cdcd92a4-9a7d-4369-86d7-4045dbae51a5,50,1,1,1,8,32
39a0098a-f6e9-4653-affa-3018c9cbceb8,30,1,0,1,8,32
15105e7e-876c-4181-a378-1d6f19d95905,50,1,1,0,1,2
29addfdf-2868-4d67-8d6e-1953701fd867,50,1,1,0,1,2
1f65ce72-f8f3-446b-a460-ef5782f7142f,50,1,1,0,1,2
53e6c4c9-cb19-4e1b-b9bf-c53d2d58853c,50,1,1,0,8,16
f1b640ed-cc43-423f-9a51-3c4be5668a00,50,1,1,0,1,2
a483f124-9120-4522-8087-2d5d6cbb24c0,50,1,1,0,1,2
5a2d198a-c15d-4a65-af09-35d083686224,50,1,1,0,2,4
ef7dc61e-fe4a-44a8-a751-f4fd1062e4a9,50,1,1,0,1,2
cfbb3d3d-47f8-4a8f-b290-59d1dfc16872,50,1,1,0,1,2
5d49c19d-c64e-4e62-9729-e32f58c8fb56,50,1,1,0,1,2
d9d15f2e-c284-4ca8-a468-653498bfaaf6,50,1,1,0,1,2
b0b7019f-00e6-4d5c-b684-f486fdf81a93,50,1,1,0,1,2
f894b3a0-35a5-4544-99a4-8f5afd506237,50,1,1,0,1,2
0a40eb8f-859f-4061-b52a-b4f455885c57,50,1,1,0,1,2
a5546b49-5265-49ec-8e04-3479bbac7a98,50,1,1,0,4,8
29072ac0-f612-46e5-840c-07c64f00b320,50,1,1,0,1,2
30b237c1-e40f-4992-b6f9-4bfa6182d7f0,50,1,1,0,1,2
179db53a-78db-4976-bf6d-875601ca0ff8,100,1,0,1,32,64
20cbb8f3-dfe4-4252-bcd6-6553dfe85d40,100,1,0,1,32,64
728bbbb9-7c4e-4371-83ad-7a71fbab7798,50,1,1,0,1,2
c86e86d1-6b42-4931-8e28-c480fe3885f8,50,1,1,0,1,2
02b3cf77-0c5c-4baf-9294-8c8b3d3d1ea4,50,1,1,0,4,8
0718984e-bb79-4200-815a-e644c7a93847,50,1,1,0,1,2
448dc6a0-7745-4297-88fa-2d8528916b44,50,1,1,0,1,2
7c7931de-05cf-4587-a848-ed9052b60824,50,1,1,0,1,2
f93e17ba-31b7-40c1-b882-7af824c9e16f,50,1,1,0,1,2
3c816887-36ab-40d1-8fc7-63fd3436371e,50,1,1,0,1,2
8a221fcb-e10c-4d55-86b5-515921071b58,50,1,1,0,1,2
5b1018b1-4889-44fe-b858-59613df63d8e,50,1,1,0,2,4
2d20f4fc-dd65-4c6f-a26e-15505a36fcc9,50,1,1,0,1,2
d7987aac-ec32-4998-83e1-f64e7cdd267e,50,1,1,0,1,2
c8ccf7ad-978b-4736-aaa2-3ea176280eb6,50,1,1,0,2,4
b0f5f554-5af7-4db8-afa6-87521979bbf9,50,1,1,0,1,2
3d287515-efad-467c-a725-3e49d7e8a14e,50,1,1,0,1,2
1eff7d45-f761-4ad4-953d-a6f7003461f9,50,1,1,0,1,2
3045f2ef-7b0f-4737-beb9-e35a926ec98c,50,1,1,0,1,2
ecf9e6a7-8cd7-401b-8e18-60fedfe7e427,50,1,1,0,1,2
6cb82e42-33c1-4d97-9d7d-92b5b718d5af,50,1,1,0,1,2
2f9bc86b-1815-4698-b242-bb4ad424cc74,100,1,0,1,32,64
70996253-1c4f-407a-aa81-4a697df263cf,100,1,0,1,32,64
9610c635-2b90-4e7d-8a64-5b5929af3837,100,1,0,1,32,64
bdc9ec92-ff56-4a0d-b764-bbb2c5cc4005,100,1,0,1,32,64
f55b6b38-fe22-4b16-8efd-456f5be0e4c6,100,1,0,1,32,64
b3dfdb7b-f746-41bc-a50d-5fa9afa68364,100,1,0,1,32,64
41422ee2-c802-426c-a5aa-af56fda40bb4,50,1,1,0,1,2
1c0583d7-42b0-4a1b-8046-5899df2ba9f6,50,1,1,0,1,2
c4f33826-bd4c-438d-8107-d1ac956eebad,50,1,1,0,1,2
24cfa178-33a3-44a1-a2c7-d4a4a5c7a24d,50,1,1,0,1,2
289e250d-0573-4471-a19d-5773c5682b48,50,1,1,0,1,2
acbeb91c-aa9a-45d2-8620-cf33e0b6bb81,50,1,1,0,1,2
029f5dad-3311-4b7a-856c-b32e72808657,50,1,1,0,1,2
e49c1281-4401-48b1-becf-a123941c6cc8,100,1,0,1,32,64
d6557b03-41be-49bb-8eaa-f5304bdaefd2,50,1,1,1,4,32
61d7fe96-1390-4388-b22a-507c61e64411,50,1,1,0,1,2
9a969b35-8e24-48af-ae16-d5dab930c095,50,1,1,0,1,2
d39ad61b-ec4d-4de0-812c-1f25f1b3d30b,50,1,1,0,2,4
826853ea-5761-4bd9-b996-97ad92f894ec,50,1,1,0,1,2
3dd3a5a7-286f-4ced-b5ba-ce10fb50e887,50,1,1,0,1,2
6fc73b06-f29d-45af-adeb-35cc817dbc13,100,1,0,1,32,64
f6e22c8a-bbd7-4e6b-82f5-e543b8a886c1,50,1,1,0,1,2
ae6b38a9-1f11-43b3-986b-3432d77f64dc,50,1,1,0,1,2
25c2319c-64ff-45c3-90d2-0a38b2dcff1f,50,1,1,0,1,2
00711f55-cbaa-4155-8f03-8a7c0fb1df44,50,1,1,1,4,8
ea4d0a72-7628-486c-9e15-816e5cd02d98,50,1,1,0,2,4
e396fed7-2734-4dd4-8b17-5fb4a096fc13,50,1,1,0,1,2
2bcb9bae-18d2-4253-994e-c3e0ef28273f,50,1,1,0,1,2
e9192925-1ac9-4e2e-9378-f7982ef071b8,50,1,1,0,1,2
3074ddbd-b3c3-4646-810f-437a93b7eeec,50,1,1,0,1,2
3fd0919e-2672-4bd1-b415-fefdec475d55,50,1,1,0,1,2
1d11b900-749c-46bc-b4f9-ab6a431b7832,100,1,0,1,32,64
79655f62-bd7b-4321-a6c0-829e9676b3d7,100,1,0,1,32,64
6a8ad1d1-43d0-461d-80e2-dba139e6b4a2,100,1,0,1,32,64
8f25490d-a45c-4348-88f8-3c9e1d4cfef6,100,1,0,1,32,64
787e1faf-ec6d-4815-9251-a593a4a7be75,50,1,1,0,1,2
cc5c67fb-cc05-4b54-832a-86e34c501279,50,1,1,0,1,2
ab56c506-95ef-4cfa-b1b4-c7b7487efe6c,50,1,1,0,1,2
4d5502af-b48c-4d0c-bdec-6ef750a0306c,50,1,1,0,1,2
7fec4143-68bf-4587-8172-6fdd815c8290,50,1,1,0,2,4
0e207646-958b-4982-9fab-175388ed6b3a,50,1,1,0,1,2
0b9f56d5-8912-4454-9ab0-0b368363797d,50,1,1,0,1,2
edda8ad0-7640-4333-b8e5-9519ba08c311,50,1,1,0,1,2
dfe6a6e8-cd62-4924-a6ce-260cd0a87e07,50,1,1,0,1,2
354bbf9e-8ed1-4d5b-a75f-177e22a0bb9f,50,1,1,0,1,2
6d52bd05-14b1-45d9-bd54-cad02ee0a1bd,50,1,1,0,1,2
4fcc5fac-f966-4260-ae7e-eb6238a83193,50,1,1,0,1,2
9ef9de69-e310-49f0-8be1-f064da05309e,50,1,1,0,1,2
772a1747-2197-4577-92e9-f903538ae738,50,1,1,0,1,2
1f7530c4-9bf0-4166-b158-4e94dcbe7f3c,100,1,0,1,32,64
21b94a00-54d3-42f1-a155-cd4f6d24f012,100,1,1,1,32,128
e255f09a-902d-42b8-8ef3-47ad111993fa,100,1,1,1,32,128
e318faa4-ed96-4baf-afd0-de4228209a68,100,1,1,1,32,128
f87b5f4c-0a8e-409d-842b-37d3287e9416,50,1,1,0,1,2
13711706-2964-4dba-a4d9-46967d8a99ab,50,1,1,0,2,8
febf2185-4c7a-4a4a-8c34-309013ff60e0,50,1,1,0,1,2
2b877e8a-7eb4-40b9-a3ae-91442a676ea8,50,1,1,0,2,4
bef576ec-f5a8-4fd3-957f-37a78a589535,50,1,1,0,1,2
4f96603a-ddbd-4c6a-9ffd-bd7d312e7c38,50,1,1,0,1,2
1bd43ced-a5ef-40c4-a294-e5b315eb76d5,50,1,1,0,1,2
9a707bde-3962-4cce-b039-fee679d4e0e6,50,1,1,0,1,2
3f677dfd-0561-47ff-8dd6-43dfebaeb6bd,50,1,1,0,1,2
91fcd0e7-43d7-4dc6-a7d7-7f023b639f31,50,1,1,0,1,2
63b746da-cadf-42cb-bc40-03d36803924b,50,1,1,0,1,2
752ebb80-065a-4898-9b93-c556f364771a,50,1,1,0,1,2
d14a471d-dfac-409c-8f56-26a241c1fe37,50,1,1,0,1,2
35fb4655-af27-458c-a22e-b23d18779849,50,1,1,0,1,2
05cafbd4-1ba1-4477-86a9-53b507f21cdb,50,1,1,0,2,4
bfbd1777-b40c-408b-bdda-0727d6571608,50,1,1,0,2,4
b89a2a8c-4a2b-45cd-ac0d-237fb38771cd,50,1,1,0,1,2
4a56cff1-9522-4f26-9b8f-00919cbfe576,50,1,1,0,1,2
7ef360df-d10b-4247-a460-c1c0105caa2a,50,1,1,0,1,2
b15c8aac-4bb4-4d05-94f1-57d97f6f5c15,50,1,1,0,1,2
74ece683-0de1-4bae-87af-e2f702c84074,50,1,1,0,1,2
ed71d050-4f81-4dc3-a29f-5e4ddcea63d9,50,1,1,0,1,2
7ecf9df5-0961-43c3-927c-77ffe34fe3c0,50,1,1,0,1,2
5f459f31-da30-4fd2-bdb7-0268bd292a35,50,1,1,0,1,2
6d87670f-201e-4f70-b7aa-12c34fa4bd03,50,1,1,0,1,2
ca2ef6e5-d188-4036-8d25-662d0167fcf3,50,1,1,0,1,2
0170a0bd-a45d-4df1-8f3a-2b56d982e32b,50,1,1,0,1,1
e75aae4a-8664-4c60-a2dd-660c94ccaeba,50,1,1,0,1,2
6e4c9bbe-faf0-49c1-9a3c-9112e1f50bf7,50,1,1,0,1,4
f7f1d24a-4aaf-4290-986e-450ec2d16229,50,1,1,0,1,2
17a79ac2-9479-4dae-b68c-a6c974a73902,50,1,1,0,1,2
686bf8b0-cc7b-4c19-8926-c21f8a82294f,50,1,1,0,1,2
87469107-0aca-4dbf-aa52-e4e22cd113f8,50,1,1,0,1,2
a074be59-d2c7-416d-afd7-3117c5736bfd,50,1,1,0,1,2
fcd93418-183c-4a63-9ed5-b41535ebbc21,50,1,1,0,1,2
fea91f42-7ad1-4cc8-8523-89fab440aaa0,50,1,1,0,1,2
7c327c1d-4b9e-4f92-8d36-c808d64c2a43,50,1,1,0,1,2
707b0657-53e8-440f-b4d1-586c241a8028,50,1,1,0,1,2
82f870bf-1ce4-4ba4-a144-4dc7eba46e94,50,1,1,0,1,2
0ea15549-7171-4ea3-8d4f-ad61146785b7,50,1,1,0,1,2
a9e52926-188d-4ea4-81b7-3bd7cf2f01be,50,1,1,0,2,4
35fab2ff-42f8-4151-bf92-ce2216d04a62,50,1,1,0,1,2
522a081d-c812-44ec-a20e-bc24942fb310,50,1,1,0,1,2
5611b504-2119-4d9b-b430-b8e3fa233feb,50,1,1,0,1,2
8c73ab2b-c7eb-48e5-a4a2-38f9cebd99f5,50,1,1,0,1,2
6d88ec99-139c-4f51-9742-b9345836408a,50,1,1,0,1,2
36d522dd-4020-465e-9502-80d29b8547d4,50,1,1,0,1,4
47e5b585-129f-496a-b789-8f9577501f08,50,1,1,0,1,1
14bff969-2b5e-496a-b762-6918ceddd783,50,1,1,0,1,2
cd24dbfa-1096-4244-a410-26482ab93dd7,50,1,1,0,1,1
511767ba-b3f4-40b4-afe0-1fe43e114925,50,1,1,0,2,4
9a001094-3081-4eaf-9c2d-7ea39cf7958a,50,1,1,0,1,2
fd8888be-2aab-4b4e-a768-d7e790aa11db,50,1,1,0,1,2
dbabc18e-5838-4428-b82d-484ec09cad3f,50,1,1,0,1,2
da553889-5a75-4fac-8075-66dbe0eb5bae,50,1,1,0,1,2
33068612-d81d-42a5-a995-7276efdf4f2f,50,1,1,0,1,2
80d3e78f-76e1-4d88-b438-7881e9c6fc26,50,1,1,0,2,4
493ab29b-792d-4012-87d7-30c9291833c1,50,1,1,0,2,8
b76953ad-2e0f-47b5-9874-e560e8c930ad,50,1,1,0,1,2
34508c35-da2e-4a50-8733-5bd9a0249f43,50,1,1,0,1,2
3017cbf0-bdb0-4be4-a215-11b8e93462fb,50,1,1,0,2,4
48a9a047-6d6b-40f1-8caf-639ea4cf792f,50,1,1,0,2,4
7097bbba-45c2-4c93-99d5-042351fddba1,50,1,1,0,1,2
25a9c79d-ea58-47c9-ad07-a8963fae8ed8,50,1,1,0,1,2
9c0e3e0b-0ab4-4aa9-8fe1-5cb50cc92f68,50,1,1,0,1,2
dcd3ab17-6c22-467f-9432-af67f2d630d7,50,1,1,0,1,2
341f7386-43c1-4bec-aaed-081be10e99f1,50,1,1,0,1,2
d6b75674-242c-48e6-bf1a-81f663c15c2c,50,1,1,0,1,2
e83e4570-aca7-4c09-b84d-e88526d1e319,50,1,1,0,1,2
0e092a5b-3c41-4eef-bdaf-74b34e3ac817,100,1,0,1,32,64
7eed966f-745f-40d4-a4a7-6cf347cf53a0,100,1,0,1,32,64
d3b77f66-59b3-42d2-a5a9-9ac49c992aaf,100,1,0,1,32,64
0237e67a-8233-4ed8-8cfe-962654613510,100,1,0,1,32,64
5a4ad62f-1279-4a4e-8508-f5df24ac668e,100,1,0,1,32,64
98330e42-6e6d-4030-a1ed-f6eb45aca5a0,100,1,0,1,32,64
22731574-0e38-45e9-a385-f05619fe1b64,100,1,0,1,32,64
a5971faa-6673-491e-ad6f-fdb3978e3306,100,1,0,1,32,64
cd0ad5b6-bfb4-4be9-ae54-ee37f1790a7b,100,1,0,1,32,64
3fc7cdcc-1d5a-4b12-9fdd-102c7ccabad7,100,1,0,1,32,64
93acf731-31ba-4b10-939c-b97d838dd396,100,1,0,1,32,64
6dcbd6c0-9e73-45ce-b231-dd2c0dbc3ed5,50,1,1,0,1,2
d7400aba-6ea5-4b4f-b279-d746ac40ef8d,50,1,1,0,1,2
3c4c7383-db95-4bfe-bd43-49be5de75e7c,50,1,1,0,1,2
e10478b3-de82-4446-8e6d-98501d069650,50,1,1,0,2,4
ffa0bfe6-8cae-4a0a-a87a-76ad7b2c8df8,50,1,1,0,1,2
f5bca879-030c-4961-8fc3-923e92a63590,50,1,1,0,2,4
3cebcde6-7821-4183-b7ff-0f819486f263,50,1,1,0,1,2
d7e1fe44-5032-409b-9f94-6bc868e40832,50,1,1,0,1,2
a3c408c3-0d45-4aeb-99b2-a64014646b54,50,1,1,0,1,2
55cb420e-d95a-4ca5-96de-38d9668f0a6d,50,1,1,0,2,4
e8154a49-567b-4a0f-b24d-7edb0d82ffe4,50,1,1,0,2,4
8bf88e70-e1bf-4fea-82d6-481ff42133d2,50,1,1,0,1,2
7c3513e5-b66a-4137-8f09-2d1ad4cdd010,50,1,1,0,1,1
9542e621-6668-4d22-8b5c-4fa459b87dd9,50,1,1,0,1,2
5ab81760-8413-4ae8-b76b-4de5ae16adcf,50,1,1,0,1,2
531f04ad-fb64-4f74-bd13-46c20aeadad6,50,1,1,0,2,4
490574b8-e4e5-40ac-b020-66eb2ee850e4,50,1,1,0,1,2
f20cbfa3-44ae-4b9c-87e5-9d3e2e6dbb52,100,1,0,1,16,32
852e9b19-4ba5-4539-bd00-9eea9d9e392a,50,1,1,0,1,1
404b62d3-6b9c-49af-bb68-a4df42b9c106,50,1,1,0,1,2
d937f8e3-ad63-42f5-9751-bd2b3f1d9ffa,50,1,1,0,4,8
ba198586-25ec-4ddd-a791-35e7fd8b1559,50,1,1,0,1,2
9850c0bf-f823-4ae0-a010-0d8b49c8a88d,50,1,1,1,16,32
9fd3ae2d-e6bb-4bd8-a2fc-ce5966113c2f,50,1,1,0,2,4
3193d0be-f740-40ab-8f67-554c299cdfc7,50,1,1,0,1,1
03e07e66-73ac-41cf-8f30-60988c3c69a3,50,1,1,0,1,2
6be90b1a-0b36-4a5c-b240-68f06b780825,50,1,1,0,2,4
272c0bc0-5635-461b-bd55-4f8d4cb35bce,50,1,1,0,1,1
42cb297c-a0a2-4eee-b5f5-e4986d722659,50,1,1,0,2,4
512110a1-13fe-439e-b600-bb7506f57768,50,1,1,0,1,1
97375c76-1b2d-46dc-96df-d3da9ee06fd6,50,1,1,0,1,2
3be6d5b0-7fd8-4148-9408-881abaa32364,50,1,1,0,1,1
92a972a8-576d-439f-8e10-da5bce6c4553,50,1,1,0,1,1
6d16c0cf-803e-480a-a580-a3eda94d1c52,50,1,1,0,2,4
9eaa7ed0-f56e-4b86-91af-385d22c152c2,50,1,1,0,1,2
61905f4e-b64e-4a5e-aea0-e0c603683a9a,50,1,1,0,1,1
a545936f-0153-4392-9b88-24467a3cfac4,50,1,1,0,1,2
1ae74f2b-736c-4f61-bd61-7e95fbcb3f5e,50,1,1,0,2,4
6e9da458-210f-4274-b77e-77db66a4784c,50,1,1,0,1,2
5e125e49-688d-428a-8c57-1ea27a0c7c50,50,1,1,0,1,2
616a234e-8212-4d1f-bbf0-5fdb26bc1b7d,50,1,1,0,1,2
cb680a17-f12e-4e33-a7cd-ef11ed656891,50,1,1,0,1,2
535af07d-c7e9-4f85-a696-897f4f89715a,50,1,1,0,2,4
fe44fa02-5aa3-4de3-8113-d15f4e951d49,50,1,1,0,1,2
34535c52-b856-4507-b25e-69328c87f022,50,1,1,0,1,2
e47c46c7-af1e-42ac-9a3a-5d47a778c732,50,1,1,0,1,2
da984fe9-58b0-4f1d-a599-69be1dbd682f,50,1,1,1,8,32
db69b752-624a-4231-84a8-22facd8693b1,50,1,0,1,8,16
6b28d439-7c30-4271-a4a0-58d5149df3e2,50,1,1,0,1,2
1aea2f3d-195b-449e-bfcf-0186d9a2834d,50,1,1,0,1,2
095c3105-55ed-489c-b02f-5e286452859f,50,1,1,0,2,4
29bb14a2-31ff-47f0-a41e-3de11ae1e67c,10,1,0,0,1,2
74eeab8b-e9a4-4d33-986a-b4cd23cf2369,50,1,1,0,1,4
d2876677-4d80-4c7c-96f5-e42f63288f3a,50,1,1,0,1,2
4cd09e3d-8f3e-4087-a5f3-44829960e614,50,1,1,0,2,4
be86acf2-3f88-40ea-89be-f3301f28d64d,50,1,1,0,2,4
c1818033-f4d6-4fdc-80a7-506fbae8518b,50,1,1,0,1,2
1fe4fba5-320f-4c8c-8478-bd66761fc642,50,1,1,0,1,2
e200f55b-9503-46b1-8c50-124dbc941227,50,1,1,0,1,2
cdc0de36-54ca-4e53-8d74-7278908a5457,50,1,1,0,1,2
78ef5eae-b2c1-4bdb-92e7-084d45b74b46,50,1,1,0,1,2
b2789551-a496-4c19-b902-a55b5c01d10d,50,1,1,0,1,2
df01a5df-9e14-4da3-be45-e857f89c0d2f,100,1,0,0,1,2
2a145146-0998-4693-a870-a7454a63b876,50,1,1,0,1,2
f28bff36-e37b-4cdf-9083-4ace94b3b74c,50,1,1,0,2,4
1369a3fc-0506-418b-ae43-686a2088e46a,50,1,1,0,1,2
216fc371-c90c-486b-bf93-27c27f4d3dff,50,1,1,0,1,2
92a7b409-7e42-4008-9302-2321c4cc1145,50,1,1,0,8,16
998b62b8-f4fa-48a6-8e91-ce59f82f73d1,50,1,1,0,1,2
c34d53d8-781b-4d3d-bfd8-587378255791,50,1,1,0,1,2
03909cfd-a4bd-4148-8076-f0d04d7f0b3b,50,1,1,0,1,2
f4122c38-c81b-4bbb-9168-6020e0757523,50,1,1,0,1,2
6c5cda36-2fe2-4bea-9e9a-ee6cb3fbdb4a,50,1,1,0,1,2
9bedb05e-4f7c-4db5-ae57-59c5622b6ff5,50,1,1,0,1,2
41b57e4c-a2e1-4536-8932-974a7e82ef37,50,1,1,0,1,2
74d59bb6-3f78-44ef-a8be-8de78f018a04,50,1,1,0,1,2
c25dae3a-5f9e-4ed0-b95e-6ccbea522f4f,50,1,1,0,2,4
5f31b6b3-5187-45b7-ab08-06970cbb80fc,50,1,1,0,2,4
431dbd6f-d177-4350-826a-19120a016f6f,50,1,1,1,4,32
8987ab75-2c8a-44ec-8d3b-959e92d17dfe,50,1,1,0,1,2
22571944-ff0b-4cc0-a1d6-4af92a9921d8,50,1,1,0,1,2
3caf1fed-c9cb-4a8e-9942-f41b41b7988b,50,1,1,0,1,2
77771c80-6559-4875-b83d-b83d831bdfc4,50,1,1,1,8,16
9c49f0eb-44d7-4536-8ab4-e2a754e591df,50,1,1,0,1,2
c9bd5c47-c816-4f61-be48-aa43fd2132ea,50,1,1,0,1,2
9efaf384-7a1c-4c6a-b566-0a40af9d9e4e,50,1,1,0,1,1
ef12e152-fe5d-4e3a-b99b-89eee57d2a60,50,1,1,0,1,2
2aadf5fe-dd43-4f6f-b622-c533b7234875,50,1,1,0,1,2
9b349619-268d-40c3-a0ca-377083e9ed23,50,1,1,0,1,2
faa2cd47-7752-4a00-b4bd-51d23811750a,50,1,1,0,1,2
3d55d349-0454-4fc9-b4d6-74d063727b2e,50,1,1,1,2,8
55038935-7653-4346-85d2-04e0920e43cd,100,1,0,1,2,8
dc98f0ba-91d8-4881-90de-b38452fa18ca,50,1,1,0,1,2
8435ac20-146b-4a34-ba55-d123d9c811ec,50,1,1,0,1,2
6cfa822b-6f3a-4e6e-9dbc-c1c66c1f6f44,60,1,0,0,1,4
48104973-ea42-4e1a-9596-9a3a723e4601,50,1,1,0,1,2
89626684-7c91-4fc7-8ef7-58cc45824c14,50,1,1,0,1,2
60724d50-fadf-47a3-b51f-8ce551d99f58,50,1,1,0,2,4
99ccf18d-069f-4e50-aea9-f6e991030e3c,50,1,1,0,1,2
707e330f-dad8-44a7-ba06-835a3ea9debd,100,1,1,0,8,16
e7a9d094-210e-4364-98e7-e0d8de712682,100,1,1,0,4,16
300dd2ff-5b5a-4229-aaef-96826244e980,50,1,1,0,1,2
3a132625-3478-4cc1-b790-d720b5afef4d,50,1,1,0,1,1
d56a9488-d76c-4e93-b3fd-0160f64f6276,50,1,1,0,1,1
75972c76-d281-44a6-95f9-b14832834006,50,1,1,0,1,2
81523d3b-59f5-4c55-aa39-a0c93c44f94a,50,1,1,0,2,4
301e6ea4-796f-4671-9b20-7caceedcc66e,100,1,1,1,32,64
66b725a5-5ff8-452b-843f-24fbb56145b9,100,1,0,0,2,4
905ac3a3-170d-4247-8131-d3a8b2e09a80,50,1,1,0,2,4
7a7adbea-9f1b-4ebf-a561-47668f642a8f,50,1,1,0,1,2
96bee292-89a4-47a5-9ffb-b490b26471a6,50,1,1,0,1,2
63165ca3-bfeb-4183-b8f0-8888b7d212bd,50,1,1,0,1,1
d660159f-a630-4a57-9455-5484508c8549,50,1,1,0,1,2
93d967c7-1fe0-4e95-a196-fea71076fe8b,50,1,1,0,1,2
ef4d7a10-271e-4d52-bae0-6e9c4e5d78c8,50,1,1,0,1,2
2dd0ad29-f562-4a34-aaa4-aaf0f7c57a5f,50,1,1,0,1,2
b57bb9df-6c47-41e7-9178-9f3939710316,50,1,1,0,1,2
ce3939f5-c9eb-420a-8843-7c020b95ddc9,50,1,1,0,1,2
4b2b6e26-3da8-469c-981e-54b8936e1c76,100,1,0,1,32,128
7b18f6d0-b90d-4ad0-9e15-cef1a4488084,100,1,0,1,32,128
909a66f9-93fc-4590-808a-3f32fe4d423f,100,1,0,1,32,128
9101b594-c385-4e0c-9c3c-4f8b8166a0f2,100,1,0,1,32,128
da91cc2d-a8a1-459f-936c-5d2a8a199dff,100,1,0,1,32,128
fc11f128-eebb-4b98-ab4b-fb1a22cd29b6,100,1,1,1,32,64
dc86c5a3-2f02-459c-8a33-30ee1a599ca7,100,1,1,1,32,64
f9614a3f-a5f0-446b-be42-856dee250c7b,50,1,1,0,2,4
940f4e2e-1458-4a99-b687-30a85c951a72,100,1,0,1,2,4
a7ebaf86-de3b-4e89-a0ef-b0527aeb8e9f,50,1,1,0,2,4
ca5bb37f-115f-4cb2-9236-af2f596a7f6a,50,1,1,0,1,2
c112ef8a-5734-443e-ba28-db799cb6e3a4,50,1,1,0,2,4
4861da86-eedd-4e8c-bbea-b05d905181d7,50,1,1,0,1,2
c5f2b12f-e94a-4165-b1ea-34c24d7dc8b2,50,1,1,0,2,4
c49a3411-1b12-4c37-8e6f-0a552e47b1ef,50,1,1,0,1,2
9ef483c1-ab5d-470a-8e99-1eedfab45049,50,1,1,1,8,16
612a9df2-cf2a-46d5-9cd7-0183809788dd,50,1,1,0,1,2
48d98a71-2f95-41e7-8a15-6a3dbffc57d3,50,1,1,0,1,2
3875f107-6e69-4065-b4d1-7c3b7bef33b6,50,1,1,0,1,1
3da24046-f853-40bf-923f-7aefa6da14c4,50,1,1,0,2,4
23726b4a-6029-44e8-a34e-816df33420a0,50,1,1,0,2,4
62a9a40a-ad5d-42d8-a25e-dbe74c18cc2d,50,1,1,0,4,8
50a60c4d-f65b-4ab3-8138-3db462c62f19,50,1,1,0,1,2
04099634-8712-425f-9ebc-56d306683185,50,1,0,0,2,4
a7487c58-33b5-4eff-bdb2-62b3f530b577,50,1,1,0,1,2
7b5f6f90-ce4b-4431-ac9c-394991ba61e6,50,1,1,0,1,2
419a8ad9-f422-45c1-89e7-c693ccb4ecfd,100,1,0,0,2,4
f7b868d9-f187-45a4-b3a0-a2144857cd7d,100,1,0,1,2,4
eccf8f74-1f7e-40bc-89c8-b81e3a7d3247,50,1,0,0,4,8
8899f738-7e45-49a6-af7a-da8c014da94b,50,1,1,0,1,2
df5f681f-3596-4a89-9d1c-2ffa269814d9,50,1,1,0,2,8
a45c7148-713b-4bdd-b282-79ce9b1684ee,50,1,1,0,1,2
71a5da85-1446-4405-bb58-746472746da5,50,1,1,0,1,2
a8a47143-c1b0-4647-939a-fa17a8bb901c,50,1,1,0,1,2
0436a86b-4672-4efb-ab21-800d1406bb8e,50,1,1,0,1,2
dbf33bde-764d-4734-be25-0b7d9bc9aa9e,50,1,1,0,1,2
dad66475-7789-4a9c-bd23-80d3c9acaedf,50,1,1,0,1,2
d6ac50fe-84fe-486e-a564-f297087de19f,50,1,1,0,1,4
8f860efd-17ce-4721-a5bf-d4f83524d348,50,1,1,0,1,2
3a7bb097-031e-4f66-a2ce-ef6b57162e08,50,1,1,0,1,2
4ebd47f6-ef02-4dbf-8265-29affbf2dbc2,50,1,1,0,2,8
0132d16b-933a-444b-b77b-3a308158ee81,50,1,1,0,4,16
766f8b14-0682-4c30-8308-a8e3acf81f7d,30,1,0,1,8,32
f37525cf-a8a8-4dc5-b88a-d4bc5f611303,50,1,1,0,1,1
4e75747c-aa8b-484a-9852-9f2a55341e6d,50,1,1,0,1,2
c94df4c6-64a6-4ccd-99b3-bd55e0cf9402,50,1,1,0,1,2
41d686eb-487a-4b1b-b253-80fd92d8a0f8,50,1,1,0,1,2
eab6a4cf-838b-4374-b53f-5c117b1765bd,50,1,1,0,1,2
577b89de-3c8b-4271-a771-dad2da628fec,50,1,1,0,1,2
d19b3170-7aae-41cb-9780-f08d4088dda8,50,1,1,0,4,16
f1d28ec5-1d4e-455c-9c51-a3e00131ef63,50,1,1,0,1,1
de0f316b-2454-445e-b111-9e37d658a9ee,50,1,1,0,1,2
3c32d173-0132-4b12-a159-40a8bfc9ac1f,150,1,1,0,8,16
59232d9c-81f9-4c74-9373-48b0ee3c5ac0,50,1,1,0,1,2
86dffb69-74c6-4b9c-a25d-98da9d75d287,50,1,1,0,1,2
4bc98530-e7f3-44da-84c6-28cdc51e9dcb,100,1,0,1,1,2
a4af4d78-327f-4c84-98dd-a48c9b5813bb,50,1,1,0,1,2
73178206-6fda-40e9-b979-f5fc4d42e992,50,1,1,0,1,2
fb4388e2-774c-4676-a34c-6c9ca2b256c7,50,1,1,0,1,2
9988d65e-fc07-4870-a914-741840738997,50,1,1,0,1,2
a3f839a9-5c5a-4bf7-bd55-70e4b336529f,50,1,1,0,1,1
8f003c5e-6156-4f60-887d-17c1bac191e3,50,1,1,0,1,1
ea3f8661-6e17-4559-8d4a-9abc56554ac6,50,1,1,0,2,4
af515c72-fc85-4f18-b0ad-38b3d338994c,50,1,1,0,1,2
88fa1be6-1db5-4fe5-b5e9-ed5644c67408,50,1,1,0,1,2
0bdf4e66-5a64-4eea-933a-ca47bc15936f,50,1,1,0,1,1
51243634-a168-452f-b9ed-2e506b1a9916,50,1,1,0,2,4
dd32fb6e-e476-46f0-96f2-b48ba32cde89,50,1,1,0,1,2
d6f63560-b195-41f0-86a2-7d6d325cd189,50,1,1,0,2,4
146a1051-62d7-4dae-be06-b25cc2db6ee7,100,1,0,1,16,32
4b73bf30-62d7-446f-bba4-330225c51ef6,100,1,0,1,4,8
b3a8a751-062e-400d-9230-0cfc3c1725eb,50,1,1,0,2,4
c6f6b69a-c8f4-4eb1-ab3d-d6ac305e2672,50,1,1,0,1,4
6a4804df-05b4-4971-aac7-ccef695b77c0,100,1,0,1,2,4
3fc7f551-3dcb-4ef7-9ed6-c4160b070dd3,50,1,1,0,1,2
4896e465-313b-47d0-8204-0d7cfdb24527,50,1,1,0,1,2
a51bcd6d-fc4f-4eff-a3fa-0746fb5edbb4,50,1,1,0,1,2
7b25c0fe-07df-4759-a520-2d1b8837cc14,50,1,1,0,1,2
d4fe2522-3ff5-4f05-a938-78fbe81c97b9,50,1,1,0,1,2
0bf0770a-54ea-4dc7-a5ea-407623c1f883,50,1,1,0,1,2
ccbefcb3-d4e1-4fe0-a857-f95eabc5ce85,50,1,1,0,1,1
8e4d3140-146a-4677-a98a-70849cc35c0c,50,1,1,0,1,2
eb2b1b76-dda6-481f-b4c1-07280dbd32ee,50,1,1,0,1,2
631eb61c-17d5-4985-b4f8-81d99d4c12ba,50,1,1,0,2,8
47e3b4a0-e196-4706-a292-097fb40ab51b,50,1,1,0,1,2
7bb9c929-a07a-4b73-8ff4-b0c4a310eba0,50,1,1,0,1,2
933f105e-745d-4b21-a3ea-1a3375fc5e39,50,1,1,0,1,2
a7e64e4f-0ad8-403d-a87a-02968a606d70,50,1,1,0,1,1
dca85c78-086d-449b-b982-35d8d3b43234,50,1,1,0,1,2
90c7ce6b-f633-4e3b-bd92-26ca007485c8,50,1,1,0,1,2
b5e9e180-695a-4a55-a7cc-c420d7540983,50,1,1,0,1,2
c746f20a-e881-4592-8717-d1e6ff50b204,50,1,0,1,8,64
e76ef0f5-f888-4d55-a916-833afd09afde,50,1,1,0,1,2
72689839-542e-41ca-8aa6-0cd46034718d,50,1,1,0,1,2
e343e6bf-3fc5-4c95-acd3-f38cc9d9ce3a,50,1,0,0,1,2
bc62d14a-9fcc-4448-b985-22a638fdbb0c,40,1,0,0,4,8
02aa98fe-07fe-49d5-aa3a-6dabecc656b3,100,1,0,1,32,64
22af4258-a3b6-40ee-8de6-0641a76a1041,100,1,0,1,32,64
610266e0-0159-4af6-a026-7aac669f6d4a,100,1,0,1,32,64
73c00261-b578-4fcb-ab3d-d62e2765046a,100,1,0,1,32,64
ffef68ac-adf3-4e3e-a289-54ef0b4bacde,100,1,0,1,32,64
e3e964a6-3509-4fb1-b1a5-ae8ae5ade330,50,1,1,0,1,2
2ff4e4cf-dd12-438c-9d57-3392e9ddbd99,50,1,1,0,1,2
92a2d350-ab26-4cdb-9288-9dc5419d089c,50,1,1,0,1,4
862f35a9-fee1-49e7-8200-78bc38c56a5f,50,1,1,0,1,2
5316e662-c51f-4eb6-aca2-c044c387f703,50,1,0,1,8,64
74c5a469-c571-49b8-80a6-b0d112e2cac1,50,1,1,0,1,2
3f151abb-ce75-49cf-bcf8-7de0c8a1685b,50,1,1,0,4,8
6193f6a8-94bf-4320-8544-439a0b19666a,50,1,1,0,1,2
13a0a403-642e-4ac3-9886-d7e066569b19,50,1,1,0,1,2
074ca605-6054-40a5-9a21-04129d64e3e8,50,1,1,0,1,2
14a07078-eb8b-44dc-b1d4-b7fb5aac4987,50,1,1,0,2,4
0c29c319-cb13-484f-a5f1-5b44d25669c1,50,1,1,0,1,2
350b7493-0be6-4d9a-99af-f5a6c1e645d3,50,1,1,0,1,2
9d8f67d4-cbc2-4f54-af42-d38a8c2b8a65,100,1,0,1,32,64
4232cc4a-e770-4279-ba3a-e55a0a230c95,50,1,1,0,1,2
98c9abef-cea6-4e3c-adf3-a4d5a67577fc,50,1,1,0,1,1
f532b670-8310-4df1-b3e8-1cef00c3f7a2,50,1,1,0,2,4
4eed172e-7b3e-405f-9d18-ad198eb6dde7,50,1,1,0,1,2
27b10f4c-286f-4905-a8c3-eb7a4dd12c86,50,1,1,0,1,2
44e17018-ebfe-4592-a2ac-0fde552a0e29,50,1,1,0,2,4
be8cf84d-e0e1-4373-985b-ed13a40681b2,50,1,1,0,2,4
6259aa6a-be1b-4f25-a295-ec9458b2de2b,50,1,1,0,1,4
494c2775-a87e-4443-ae4c-e734d46624ca,50,1,1,0,1,2
f0c8d750-6512-43a8-8d78-ed424c27e272,50,1,1,0,1,2
8cd710fe-4b62-4b72-9941-de28521134f5,50,1,1,0,1,2
d52976f6-7c79-44dc-8445-04d7f01a666d,50,1,1,0,1,2
fa687aa1-86f4-4297-b169-f5861a9e1a36,50,1,1,0,1,2
760e22a6-442c-4508-9f88-37ec550e4176,50,1,1,0,1,2
79dc184b-9cb1-4f80-b40a-f74eaea3efbf,50,1,1,1,2,8
aac2e5d1-6f63-48b0-8a27-c973acd027e4,50,1,1,0,1,2
dac56913-eec7-4e2d-bda4-115cfea71dca,50,1,1,0,1,2
53c3fff8-1c2d-4893-9944-3b6a4365c62b,50,1,1,0,1,2
413bb215-dd89-44d0-bc42-fa66d91173de,50,1,1,0,2,2
b6da3b14-6d7b-45ad-bf8e-24c99de240aa,50,1,1,0,1,2
5c599962-cfe0-4a19-ba3b-42490c39dad7,50,1,1,0,1,2
39be21d9-68ab-458b-a5c3-e71924d433c9,50,1,1,0,1,1
4b64d9e2-3034-47b2-85b9-49e6a1c57614,50,1,1,0,1,2
cf220ebb-fb83-46ed-9928-250e9b587521,50,1,1,0,2,4
b6a88bae-dd47-47c0-9f23-dced1192f5c0,50,1,1,1,4,8
86343145-9921-453f-b122-0bb1ef004b5a,50,1,1,0,1,4
d4968ce4-b086-4250-abdc-5effc3c6f97e,50,1,1,0,1,2
075e33dc-572c-479f-ae41-d2511b32e822,50,1,1,1,4,8
b9739118-c3b5-4c44-a572-5a07958bdd69,50,1,1,0,2,4
5608b955-4d11-4b8f-9201-af8b4919232e,50,1,1,0,1,2
ba6c6967-696a-4a27-851d-f773d95e390d,50,1,1,0,1,2
2ea191a8-7baa-46f5-a220-7f45a6cadc8c,50,1,1,0,1,2
52f575ec-f695-4e4d-9fb6-316722b20a95,50,1,1,0,1,2
74fe3558-d32d-4ae7-afd0-4a8271bf750a,50,1,1,0,1,2
02a7d9db-73f8-4be8-8835-db6976b47845,50,1,1,0,1,2
1fa18380-a9d8-45dd-b07c-3655af9b6c91,50,1,1,0,1,2
ca79baf8-9ccb-45cc-82c1-0ca577b01f21,50,1,1,0,1,2
bc2461ed-6953-411e-a446-72edd5713b96,50,1,1,0,1,2
b831d8ec-1550-4444-9fee-e9a5c581e478,50,1,1,0,1,2
b13f28db-2b67-437c-9e8f-0430d8468b08,50,1,0,0,2,4
59ccaa35-f3c7-4faf-8bde-ffe43d60738d,50,1,1,0,1,2
874084c7-2c47-434b-809f-638246df3d3e,60,1,1,0,4,16
62249680-0f5c-47c0-9d51-d052d0649803,50,1,1,0,1,2
4fccaba1-cf09-432c-a8d3-2c5fe35be708,50,1,1,0,1,2
d2f5b4ce-b9dc-47ff-93f6-6b00520c758e,50,1,1,0,1,1
9fa28e7b-310a-4907-afd7-68c87d970af0,50,1,1,0,1,2
6f70799b-1256-4cc8-8501-42d1af59faa3,50,1,1,0,1,2
74d9bba2-c93c-4b65-af6c-09a705a5dd63,50,1,1,0,1,2
b867d21e-7849-46e5-a822-981fad1ed929,50,1,1,0,1,1
b54af32e-5cff-4efd-8c45-4f5d625aefca,50,1,1,0,2,8
28d17f67-8b73-4d53-b422-3e3114cd5619,50,1,1,0,1,2
f9b859ea-7e5b-4f25-8081-0cd0c6591bb2,50,1,1,0,1,2
b0ab57a7-6282-42df-b6f3-145cc53e52d4,50,1,1,0,1,2
08afed09-9171-426a-bcc7-a5d8c3ce1b88,50,1,1,0,1,2
b9a4ab34-78f2-4514-957a-1f02ec8cfc59,50,1,1,0,1,2
85b4eb89-c296-4390-bd80-87ad0f930bb7,50,1,1,0,1,2
763ef2cb-030a-49c8-b7b8-9e04e019fe41,100,1,1,1,64,128
45763f26-32ca-4e04-a430-350d98e3b469,50,1,1,0,1,2
426033ef-4fdd-4a15-9e2f-7979a581be38,100,1,0,1,16,32
95fca51e-38e7-47d6-be56-fb5c3a1d2e92,50,1,1,0,1,2
d346f168-8f0b-4f89-a57a-856cba3f97c7,100,1,1,0,8,16
4281c9db-6418-4eeb-bb03-3841d732e814,50,1,1,0,1,2
be8cb357-9e5a-46ba-ac2a-81dc7a670ca9,50,1,1,0,1,2
99dc434e-344e-4325-b41b-09eeac9740eb,50,1,1,0,1,2
25439afd-a434-4f48-8480-d657f5a220b5,50,1,1,0,1,2
61e97b79-e543-46e0-8643-9a41c5e19ea8,50,1,1,0,1,2
27ba76cc-9551-4f02-aa53-d59862eae2e9,50,1,1,0,1,2
69b6bf86-d8a1-4e2e-82ed-cd4790ce300f,50,1,1,0,1,2
99a92802-79b7-466f-a260-679174171ace,100,1,1,1,32,64
dd3d2d76-8db2-4d02-b282-83f27c922187,100,1,0,1,32,64
2da3b510-2ec3-4932-80cd-07c8438a40e7,50,1,1,0,8,16
9642536e-3a0c-4bf9-b20b-b3b27a38354e,100,1,0,0,8,16
421a4c05-49f0-45e7-bba2-0c527bfe4fef,50,1,1,0,1,2
0e04557b-e3e8-49f6-9514-87d819f9f0ca,50,1,1,0,1,4
1158c373-2542-44dc-8793-efdd980e217d,50,1,0,0,2,8
42f10412-64d7-4e9e-9beb-03421834fbd0,50,1,1,0,1,2
55c4dcae-5559-4db1-8da5-c93623dfca5d,50,1,1,0,1,2
cb06f196-8588-4524-99d5-c4a211bd6df0,50,1,1,0,1,2
20b16c41-fcdb-40e4-a6f3-61ac3a0be4ad,50,1,1,0,1,2
7852371f-6c05-4b50-b173-ddd8c1590b1e,50,1,1,0,1,2
6b1da01f-ddc1-41fd-bf63-684dfd34c480,50,1,1,0,1,2
b40c591c-8b5f-41db-bf5b-491ee454a881,50,1,1,1,16,64
d44c2c0f-e3b9-4896-9fba-f06de96cad4d,50,1,1,1,4,8
96797881-cf38-4b8b-aee7-16af53003c23,50,1,1,0,1,2
4fb955cb-7be9-4c78-b53c-bd6183b32d2f,50,1,1,0,1,2
ea7dd066-e8d1-4739-bb89-d41fdd2957d9,50,1,1,0,1,2
10344294-a24c-4dc6-a38d-f94bb442d877,50,1,1,0,1,2
548a35b8-ad06-44b4-9787-f30d62d99df9,50,1,1,0,1,1
3222602c-96f1-4b67-9f27-48eb9c2244a8,50,1,1,0,1,2
41e4aeb0-29e7-424f-8486-9337a222f892,50,1,1,0,1,2
834fc7c1-ab4d-4a10-ab90-6849277a435f,50,1,1,0,16,64
753bde30-5ee5-4e77-a51a-c0213b8529b8,50,1,1,0,1,2
96cc85ec-3ee4-44c3-ad5c-362b30cf9cfc,50,1,1,0,1,2
6ab122bf-1b7f-428e-8577-8d31102b4555,50,1,1,0,1,2
c35efff4-4ec4-4ab4-a97a-6024d00db8a9,50,1,1,0,1,2
8e97a4e1-5cf0-4151-b028-99a23d2998e0,50,1,1,0,1,2
b4101a30-d02f-4262-bf02-fb67db70bde0,50,1,1,0,1,2
050ad4ab-0dcb-40c0-a4b2-e027818f5750,50,1,1,0,1,2
c5dc4405-294f-44c3-bff3-4f788b50b6ca,50,1,1,0,1,2
136ca657-b4b5-4089-92e0-ab8341994bbf,50,1,1,0,1,2
63187f2b-c9b0-4cc4-bf5c-6c3854665ec9,50,1,1,0,2,4
3a55c96e-d703-40a6-af7e-b1fa23a7a41c,50,1,1,0,1,2
19f1e9f0-a8ce-40be-8a7e-1335e727b1f8,50,1,1,0,1,2
f1103b7f-2210-4530-8af8-99194a453d38,50,1,1,0,1,2
d45dfafa-5c94-4498-b042-b5c0fa361be7,50,1,1,0,1,2
754e43de-78f5-4073-9ecb-33c3d0fbb255,50,1,1,0,1,2
78534357-2997-44ce-b806-f7b85323329b,50,1,1,0,2,4
ea8df299-8d53-4aed-8132-e469fa47fd8d,100,1,1,1,64,256
0686bfe1-de34-4bc7-8290-e4637ea90367,100,1,1,1,64,256
61bb97df-9d72-421f-9949-27dcca477f09,50,1,1,0,2,4
f9ba5d26-4e39-40b3-86ca-5932a9ddbf50,100,1,1,1,8,32
2486ece3-ee01-4b18-b42f-7d5d1f5cf33c,50,1,1,1,4,16
5e71c8f6-fb86-4006-9083-6c5c1a1e11fc,100,1,0,1,32,128
c5494266-7374-40f0-9af4-123de16e305d,100,1,0,1,32,128
a0258f7a-77f7-4e08-be90-f3838d8b67d3,50,1,0,1,4,8
e13dfd4a-1320-4c73-9c50-74884fa27c49,50,1,1,0,1,2
4206d216-d50e-4fe8-9813-94eae1706973,100,1,1,1,32,64
10d96af0-6d0d-46fe-8e0b-8e574095699f,30,1,0,1,8,16
aa9cfde6-9d4b-4006-92ef-6af44158cb4a,30,1,0,1,8,16
48dee160-8c22-40e7-b648-350192fca8a6,100,1,0,1,4,32
091af943-7f0c-41b9-9d02-c592b8839209,100,1,0,1,64,128
26878ee3-b422-4a77-9e3b-9c4b2de5acdc,100,1,0,1,64,128
4f600225-b9be-4dd3-9d6e-1f508acc133d,100,1,0,1,64,128
c67c2a1a-c6ad-4084-8c56-dd1b9b2ffbd6,100,1,0,1,64,128
d65d0628-e58e-472f-8293-a4a3be545de1,100,1,1,1,64,128
13a09f39-b7cc-41d5-af5d-0008cf6eae40,100,1,0,1,64,128
3eced07a-679c-49b2-8de8-c328adb3b62a,100,1,0,1,64,128
ca63943f-62f8-4a23-a38f-80c43d1553c7,50,1,1,0,2,4
5998fd5e-0142-4d1b-b94b-1ea1d1e40026,100,1,0,1,32,128
e60e9ca5-0993-401f-a102-cccebf3c6b67,100,1,0,1,32,128
ca488c5c-f53a-47b5-914f-97405b81f04a,100,1,1,1,8,64
df700ad1-d6ff-4473-98aa-893125c73f1e,100,1,1,1,16,32
ae25874e-a567-4d78-abdf-35bdf046a859,50,1,1,1,8,16
1f30254a-1a5f-419e-833a-5bd04b6ef4a1,30,1,0,1,8,16
99e8b1f8-8bc3-4942-a7a1-f8e11cfeeb66,100,1,0,1,32,128
58416af9-cf5e-4405-afbb-6ea14b90748b,20,1,0,0,2,4
41f4ee3d-197f-43ae-b331-a5c68483145f,100,1,1,1,8,64
d88350d7-f9aa-4be9-a702-1a90ea5f9e33,50,1,1,1,16,32
6d23102f-ca97-442b-9725-331df274c6ab,50,1,1,0,1,2
765de11d-436c-4d8e-a834-41bb895343e3,50,1,1,0,2,8
7027d261-0dfc-46fe-b48e-86d6a54c1d3b,50,1,1,0,8,16
87b0c73f-061c-4a05-ac28-6e3af5032911,2000,1,0,1,16,32
26da635c-568e-4d8c-bddf-0ab752e0cbe0,100,0,0,0,8,16
2bfdd3cb-172a-4b3c-9c25-b3ab5be32c5c,50,0,1,0,1,2
6a28e361-c6db-4e34-a38d-6862219dfc88,30,1,0,0,2,4
16eb451d-f80e-4634-8d53-3a8e3fecbf5b,100,1,0,1,32,64
499a394f-969e-4da1-ba35-1074c8cceb3f,100,1,0,1,32,64
5bfb6f48-e15e-4cd4-aa08-83ea2a061dd0,100,1,0,1,32,64
81ea7a7b-3339-4623-80fb-275e40ea8dbc,100,1,0,1,32,64
82ffcd24-4e8a-46b1-9cda-439035b50826,100,1,0,1,32,64
889d814a-6e3f-4e05-bfb3-45ca73de0ee4,100,1,0,1,32,64
914f062f-0121-413d-9709-e08269fad047,100,1,0,1,32,64
a1a7b1aa-d01c-4476-87d8-e3d88fda57eb,100,1,0,1,32,64
abc5a3a6-f128-48c9-b53f-7253ed4ca8c8,100,1,0,1,32,64
c25e95db-ab43-4d3a-a920-6eb22b303830,100,1,0,1,32,64
fecb75a1-20a3-4ed3-b7fe-c57256bacd3d,100,1,0,1,32,64
a6c64a4e-28fe-4d35-b6dc-079c0305e064,100,1,0,1,64,256
3aeb6edc-e5de-4c90-bb9c-1bd5112290ef,50,1,1,0,1,2
0232fb32-c2da-45d0-9b75-f0fcff3e6353,100,1,1,1,8,64
e1875081-a2e0-4114-81db-3b257a49279d,100,1,0,1,32,64
bf396e88-6d54-4431-8ab3-32e4bf01ae0f,100,1,0,1,32,64
1657af3f-6c52-403a-a91f-9d2e4e69aab5,100,1,1,1,16,32
5f9fd31a-8375-4685-bcea-d3cf76dbff4f,100,1,0,1,32,64
815b622f-f708-4ca4-962a-beb28bb3e7c7,100,1,1,1,16,32
a787efef-4b7f-4d39-a796-14d663497e07,100,1,0,1,16,32
d2121330-fedc-4924-b7a8-36c68eb1fde9,100,1,0,1,16,32
f76e27b4-3346-47a2-8153-9b200367fb3f,100,1,0,1,16,32
24b62e17-32fb-445c-980e-63e45ac705c2,100,1,1,1,16,32
418030f5-b07c-4ec1-bd64-f83070ec0ff7,100,1,0,1,16,32
4cb4f2fd-16bc-4aea-a555-8940b3a4ea2f,100,1,0,1,16,32
59231bb8-e73c-402f-b4ee-15fc10a92f47,100,1,0,1,16,32
d8a40290-7eec-46e4-bf34-50f9a8b39e83,100,1,0,1,16,32
f85a6f03-ee16-4de8-8c47-d646f76f5b9f,100,1,0,1,16,32
2ba9b2ee-9b5a-4250-89f3-81eb815a0a95,100,1,0,1,16,32
4054f215-0adf-4057-9490-a790981e0dbf,100,1,1,1,16,32
abcbaf79-92fc-4195-bc0e-d793ef4a3e9c,100,1,0,1,16,32
29d0590e-79f9-4214-ae87-3e2e2592d284,100,1,1,1,16,32
f45ad56c-8b7c-4b70-bef5-b3723c02e71c,100,1,0,1,16,32
fd88d1c6-4a11-4978-bd80-3bf82f42e86d,100,1,1,1,16,32
4489dd8d-2c27-4c1a-84e6-de114c13b816,100,1,0,1,16,32
e0ed3785-ce6f-4ac6-b9fe-b18f3e8f0f95,50,1,1,1,12,96
0cba91ec-b5c0-42db-b6ca-00b42c999ba7,100,1,0,1,32,64
1e09c786-4789-4611-a49b-0862583a0583,100,1,0,1,32,64
3c0ce062-c299-4090-bc37-83d2dec3cd30,100,1,0,1,32,64
672f6886-fc77-4d00-805d-97273f42f249,100,1,0,1,32,64
7d193b64-da8a-45ed-867a-3579728f52a3,100,1,0,1,32,64
b61a0c44-4a70-4da9-a71c-b7a78c29c4f3,100,1,0,1,32,64
cce11547-91a6-415a-b11b-24b8069ba8f5,100,1,0,1,32,64
2063062b-bb2c-444d-a11f-7d0480afa641,1000,1,0,1,32,64
7f724905-d9e0-4b9c-ac89-1887b7b1d49c,50,1,1,0,2,8
d95a3dff-4fb0-4165-b7ab-a0309b7f1e60,100,1,1,1,8,32
f968ba9b-f6a5-4316-ade5-00bb818b8e08,50,1,1,0,2,4
46b10bea-9a6c-42c3-9ec6-cc77569480cb,100,1,1,1,8,64
39cca6db-c82c-4dbf-be29-26d05dca5c03,50,1,1,0,2,4
12b579b5-0221-47e3-a35d-b59479b0afb0,2000,1,0,1,16,32
2e990d34-bd70-4e5d-9cf3-6da5db699968,2000,1,0,1,16,32
264a238a-4a98-46a8-bb46-37a2a61827d6,2000,1,0,1,16,64
c3207e2c-b1e9-4b51-87a7-ff77676686e9,40,1,0,0,16,32
e8af5dcf-fca3-4c3d-9770-d3811ea80a2f,100,1,1,1,8,32
2701746b-d863-4bb8-b32d-aa855e15bcd9,100,1,0,1,16,32
435786e7-0ffd-4db6-b133-e15f11244a5c,100,1,0,1,16,32
5a53722c-0722-4169-8fc0-ad9da5ca9481,100,1,0,1,16,32
67c18aee-a129-4d13-ae85-81c60c116f9e,100,1,0,1,16,32
71247dbd-7d5c-44be-9449-3af03edadf3e,100,1,0,1,16,32
7fad5139-486c-4037-b811-f045026ad935,100,1,0,1,16,32
bb657869-1579-42af-aca9-ec38094d9964,100,1,0,1,16,32
bd42e4fa-34b4-457e-9ba5-2ea4268e4890,100,1,0,1,16,32
cba741f9-d9cc-4481-a585-b2bb72989cf1,100,1,1,1,16,32
f5fcedc9-594f-4d09-899a-d7d876a043cb,100,1,0,1,16,32
f9435c08-8e9c-4e6c-ac72-6ba3bbb742ce,100,1,1,1,16,32
e5089075-2cb2-4035-a485-bb5f8d8c8239,100,1,1,1,16,32
7aa103cc-4d16-4ad1-905a-e561b9099713,50,1,1,0,2,4
056f804b-9869-44cc-9af0-2bb84d84d854,50,1,1,0,1,1
995d6a04-d768-4aa9-8305-0da171821cd3,50,1,1,0,2,4
153ba117-bf9c-41c6-930a-266db7885215,50,1,1,0,1,1
8198367c-fc10-40a2-a2c9-90bd3d6f3b30,50,1,1,0,2,4
044d91b3-6a38-4cb9-9cc1-00486e561bc4,50,1,1,1,8,32
54cbd5a2-8bda-4b3d-9a5c-30c55b1a200b,50,1,1,0,1,1
67ee5697-fbfb-4b6c-8a98-98fff74f11ae,50,1,1,0,2,4
e6e28ac4-aa0a-4207-9519-a01f0fe8fde7,50,1,1,0,2,4
0ffb1e82-8939-4dae-b560-6e98384d2a44,50,1,1,0,2,4
42b8ee51-616f-4e28-8145-e911fbe1e525,50,1,1,0,1,1
d369e1f4-d7d4-41fa-868c-3a111ed793fe,50,1,1,0,2,4
4e99a0bd-0218-4600-949d-a931fe0c2814,50,1,1,0,2,4
996a8752-8e40-4627-8002-df8c08db1b57,50,1,1,0,2,4
5a564803-b877-4dd6-afe2-898b4ef70fb0,50,1,1,0,1,1
838b63eb-8a7b-4b4a-9977-1dd915451683,50,1,1,0,1,1
aa1e09fe-6bdc-4f47-a703-8efc71213fd5,50,1,1,0,1,1
68252dcc-3d0c-4174-b5a2-334da1af38a4,50,1,1,0,2,4
9311c51a-c40b-4491-8d38-b70544bbbec9,50,1,1,0,2,4
c2e005a9-13d3-405b-8e12-06ad13fbcbe6,50,1,1,0,2,4
6b4d0939-a84e-4c66-9109-db9c03c9878a,50,1,1,0,1,1
0a403bd0-18ce-46fc-89aa-9fbbf2ff065d,50,1,1,1,2,4
a071eda0-4153-4ac6-acf9-9e447a8df057,100,1,0,1,64,256
b4b07524-d8aa-48f1-b647-24d839584141,50,1,1,0,1,1
d648d0a5-2940-49d3-92ea-7543734138fd,50,1,1,0,2,4
90330728-f439-4ee0-b6da-4cb9649ca3ce,50,1,1,0,2,4
bfd4ec6f-9bf5-4c10-9ad7-c377203457af,50,1,1,0,2,4
fc47698c-b1ea-486a-a0f1-699390c8862d,50,1,1,0,1,1
5a3c6efc-267e-40b0-bbeb-f7d092962af9,50,1,1,0,2,4
da04e46a-3b5a-4250-ae33-3404d8193a25,50,1,1,0,1,1
f62807f4-7486-42b6-9432-8287a40c22ad,50,1,1,0,2,4
30d6258f-2bce-48b9-b4a9-372336077169,50,1,1,0,2,4
043a1083-2c24-4e74-8118-99eb81455ee1,50,1,1,0,1,1
658f9824-e118-4b47-95c6-d66c95e7cb7e,50,1,1,1,16,32
4f9c5fa3-86b1-42ae-b69b-ae5b628707b7,50,1,1,0,1,1
e5484f1e-843f-4405-8010-47a4ea180f31,50,1,1,0,1,1
8840d307-475b-4874-bfff-09cbd830b929,50,1,1,0,2,4
6d17c7ed-4143-45fd-927c-61e21453b425,50,1,1,1,16,32
00974271-0a65-4b72-8e4c-4990f9ae846c,50,1,1,0,2,4
ffa1e192-d832-44fc-ab10-08fbdbbf29cb,50,1,1,0,2,4
e39240ed-d81e-4c75-8124-b42f69c46a06,50,1,1,0,2,4
3998d878-e065-4ed2-a076-a2c2065d7bb6,50,1,1,0,2,8
ddb1643f-002a-4a1d-bc17-814c7ae4e84f,50,1,1,0,1,1
0dc5d2a0-f19b-4a4d-87d2-973e03cc6d94,50,1,1,0,2,4
2baf5e75-0e6c-4331-991b-8e3ff6f394f3,50,1,1,0,2,4
641f25ef-46d2-4d49-8783-64d492ff8e22,50,1,1,0,2,4
32c8aff5-7778-497d-96e2-125bc3c1adab,30,1,0,1,8,32
6f335c16-9e07-46ef-8782-70419447d00a,100,1,1,1,8,32
df71a3d4-37fb-49db-81d4-a801d6a3abff,50,1,1,0,2,4
42b7f4a7-8db4-452a-9839-9853764f5efd,50,1,1,0,1,2
e52ac162-4c64-4230-bce5-5be1c38d80b5,50,1,1,0,1,1
cd1fce1d-c6df-48e0-a16c-d3bf5487e7a5,50,1,1,0,1,1
92ad8279-c0eb-45d9-8e55-d160a9495754,50,1,1,0,1,1
c81fe2dc-526e-4cb2-b4ba-2815c917f3e5,50,1,1,0,1,1
659ac46c-79e3-4496-b6c0-39fa6fa6e240,30,1,0,0,16,32
090cb39d-51d1-4360-8594-022ef0485e42,50,1,1,0,2,4
52d4c7a7-1ea2-4a0f-a506-ea05494786ca,50,1,1,0,2,4
3d66abe4-f571-4704-9a4c-31e673793935,100,0,0,0,2,4
d34bafa3-5de6-437b-8949-2cf814bf6941,50,0,1,0,1,2
6afa7b58-c113-4eb1-b75e-b845d683e387,50,1,1,0,2,4
30ae1f6d-f503-401c-8c09-6fd4ce30ab9a,50,0,1,0,1,2
6d1f2b0e-1000-4f3b-b01a-4f9deddf2dea,50,0,1,0,1,2
25dde102-58bb-491a-9067-24ee259d52d9,50,1,1,0,2,8
cf79f329-394a-4a90-bcc3-4ead24e24470,100,1,1,1,8,16
e8b2d0c4-81bb-4bf3-8c67-9b89a0eb8b76,50,0,1,0,1,2
9dbaca9c-9458-4dff-8f7b-14c9504d8340,50,1,1,0,1,2
c6b47eba-799f-4423-b073-b1ed4f7f4483,50,0,1,0,2,2
ec3d9c9f-d719-4ea7-b801-1625270675a5,50,0,1,0,4,16
d65f1db2-9fab-43eb-bf9f-cb31c13e9863,50,0,1,0,1,2
2cf549fe-3fb6-482b-8800-cb072aa81c12,50,0,1,1,4,32
5a21c84e-fed7-4b18-8550-a3e69d179583,100,0,0,0,8,16
cad7042f-ed6e-41b9-8d6a-dcc0db9ab901,50,0,1,1,4,8
da72c89e-33a4-4858-ad8d-b1a8cf3dd1f6,50,1,1,1,4,8
db0e15ba-9c73-4b98-8433-47ca961a982b,50,1,1,0,2,4
ecfa96e9-ba92-4c95-a91b-06a9e48cb992,50,1,1,0,1,2
e2a06584-18eb-4b1e-a4fb-7d3d25a16c8d,50,1,1,0,2,4
7cb9f439-3d08-4495-a54c-c6d07e5215b8,50,0,1,1,8,16
7f92aa81-acdd-4d4b-a22b-5a632d02c4e2,50,0,1,1,12,48
7969f157-7480-4bee-a7c2-3a0b2910a504,50,1,1,0,2,8
3f51d73f-bdd3-4641-880a-93d998c83332,50,0,1,1,4,8
336be27b-e12f-40d9-a79a-bd18a1525051,50,0,1,0,1,2
cd443e79-a0bc-4969-98e2-41c5efa10c7d,100,1,0,1,32,64
809e3063-462a-4e66-a8e0-6a7cf70b7efb,100,0,0,0,8,16
566ffedd-5ada-474f-8d46-89f99d183d62,50,1,1,0,2,4
972dfc35-eaa6-40e5-bdf9-81a7eb37931f,50,1,1,0,2,4
d6338c4d-0d3e-44c6-8f27-a8e63767a3fc,50,1,1,0,1,1
36bbf996-a525-43c7-9d5d-8042299ec175,50,1,0,1,8,64
ccebe42d-46f0-4173-bfb2-70fb4fa72584,50,1,1,0,2,4
337c1a74-a3c4-489f-97fb-5ce821279483,1500,1,0,1,32,128
1f4b7ac1-f3e3-4ae0-b69c-fb4f8b7dcf24,30,1,0,1,8,32
a0388610-a852-46f6-8969-3bb95cdde0cf,1500,1,0,1,32,128
a1f27eda-169e-48f6-b8e8-ae18c1c65d22,100,1,0,1,32,64
564ef985-272a-46cd-9b43-8e2f8f2350a9,50,1,1,0,1,2
1d721a13-42e4-46ff-b750-d3f837630604,1000,1,0,1,32,64
21b31c08-5e07-45f5-8c3d-8d77861884e5,1000,1,0,1,32,64
87c41509-34a6-4978-98de-7bf870144c24,100,0,1,1,1,4
5358c952-e270-4efb-aa81-7d15403dbbbc,2000,1,0,1,16,32
7e77f4b8-34ed-4655-b56f-d73994ad7a82,2000,1,0,1,16,32
2f31ebd2-5e91-479f-8220-80dc76011523,100,0,1,0,8,16
012100f8-b955-401b-ab6c-3e51cc2da432,100,1,0,1,16,32
207ffaab-0ad1-40a5-9061-7d9a76cf87db,100,1,0,1,16,32
34a71888-08c9-4c7e-987d-c00927b9950a,100,1,0,1,16,32
3e39b671-b6f6-44ed-a4d9-dcfbcdd5c10d,100,1,0,1,16,32
a90654ca-f100-4eec-9485-05ab91720026,100,1,0,1,16,32
b68e13ac-8fa6-42a4-befe-dc2ad1bcf344,100,1,0,1,16,32
d3708885-ba5b-4b11-8e03-750efb79fd3b,100,1,0,1,16,32
eae1f571-b591-4000-9191-f00caf76574e,100,1,0,1,16,32
cb278b81-bdb0-4e95-9583-7b03da0aa3c8,97,0,1,0,1,2
b3e33fcc-30d5-42f5-8b60-7d76112eee7c,2000,1,0,1,16,32
ecfeaff1-579e-4886-91ee-55cfffa4985d,50,1,1,0,16,64
e02b14e1-89bd-4322-87af-bceee5f01e26,100,1,1,1,8,32
a9110060-ce21-420b-aa7f-3a1124fdcaa5,2000,1,0,1,16,64
7ce1d9b7-9ce6-4d1a-a061-3199c8fb2527,50,0,1,1,4,8
217b376e-48a6-47e6-9f4b-dd07cd53029c,100,1,1,1,32,64
1c50659c-a1e0-40e1-aeed-64d3dd6e3adc,2000,1,0,1,16,32
28052b07-4d1f-4a74-b8ae-e0b37cdfc949,100,1,1,1,8,64
7b5d95a7-8e29-45b8-bfe2-f87cdfef19e7,50,1,1,0,1,2
eb5ad920-046d-4a41-9717-00b5e3a75ba9,100,1,1,1,32,128
bb3e0520-353d-461e-abca-0eb128bbf8f9,50,0,1,0,1,2
7bc37e9a-7559-48c1-83ee-33dbe0f368ad,50,0,1,0,1,2
b2099f6f-68cc-44c8-bb9a-d1ae4adce1a1,50,0,1,0,1,2
f947a9c2-cc65-46e8-83b2-f625bb368f58,50,0,1,0,1,2
714dd2e9-cec4-4094-9fa5-9828512f2688,50,0,1,0,1,2
113e96e3-86d7-4aba-a597-3821d67e4a9d,50,0,1,1,1,8
2c7ddeb8-0f1e-4899-95d2-999d8e1333c8,50,0,1,1,2,4
1e45037a-6755-4770-85b8-0dc5cdfddc9a,50,0,1,0,1,2
647ea889-ff70-494c-8207-fd97a5780d1e,50,0,1,1,4,8
ead1f863-6230-4245-b550-3c5f57c42744,50,0,1,0,1,2
b8de6fc0-4531-4e0c-8167-d4e5506b0995,50,1,1,0,1,2
38cc7215-f628-4c19-adb2-5c4f5c0977e3,100,1,1,1,16,32
1dd21787-bf7c-49b5-9734-4b4f59f8beed,100,0,0,1,4,8
58c4187a-bc06-4329-a675-9b474ff0e0fd,50,0,1,0,1,2
f68f88d3-fcb5-4780-84d3-2266974277b2,100,1,1,1,16,32
db0ed25e-0bea-4c63-8432-37a8cbcbedde,50,0,1,1,4,8
50fc4eae-e685-47dc-9808-a789ac416d2a,100,0,0,1,1,1
9c8c2d1a-0b9a-4cbc-9d06-c61a49a94ea7,50,1,1,0,1,2
c5644eb4-1c82-4563-be04-c6aca02c6438,50,0,1,1,2,8
309d68ca-6a0e-422e-9ce8-0196cf409f90,50,0,1,0,1,1
6cef9371-4801-40ec-8a71-2afed55a7b65,50,0,1,0,1,1
bb66e387-1c5f-48ad-b36e-75617a4a909a,50,0,1,0,1,2
4e1f8be4-d33e-4348-b142-d2cc96e6b8d3,50,0,1,0,1,2
d6042d73-93c7-4cf8-a8b2-fdf5c55556ef,100,0,1,1,1,1
7b44c94b-912a-46ee-88bd-d890574c8d4c,50,1,1,0,1,2
45ae99de-31ad-4e2a-a780-a28d14aeb808,50,0,1,1,12,48
0978dc3a-4050-4533-a14b-ef40be5650f2,50,0,1,1,4,16
bfbdf6a6-5492-4599-9df5-dcddd202cccf,100,1,0,1,64,256
4924e6b3-9d28-42ae-843f-cd99a763247a,100,1,0,1,16,32
911d5701-7355-484c-a229-4939c3f1f3a2,50,1,1,1,1,2
95079a66-7be4-4375-8587-ea6031be22aa,50,1,1,0,1,2
9520a944-3f85-49f0-bc83-248cf70d4aaa,50,1,1,0,1,2
40589f88-161b-4753-8775-c86ee85b1717,50,0,0,0,8,16
c321af16-e01b-4b6f-8442-ae6cfe59ed86,50,0,1,0,1,2
195a73c6-9509-45ec-b7eb-13367d3f137d,50,0,1,0,1,2
89ff6b11-53c0-4255-8b02-2f6cf06be38f,50,0,1,0,1,2
98553e49-0376-4c3f-9968-f417428ba363,30,0,0,0,1,2
ee634527-b6c6-4a96-97c5-6ff2464fb2c3,50,1,1,0,1,2
0163bbd8-44c5-4896-9ace-eaf0d21ae22f,10,0,0,1,2,4
1c0bc75d-2da4-4c5b-a5d1-20cb6a557d54,100,0,0,0,8,16
0ec56d58-dcad-40b4-abd7-ba6e743b5092,50,0,1,0,1,1
85633d54-2fd0-4bcf-8fff-7eaa4702d9ed,50,0,1,0,8,16
b18d0a65-7222-4f7a-9d00-289b62e45c41,50,1,1,0,1,2
11b58f90-43ec-4ff3-bc67-0e76441d3824,20,0,0,0,1,2
d42a6726-574e-4f77-9bd1-6712ca7a94d7,50,0,1,0,1,2
9129e58d-afba-4454-970b-48472a571562,50,0,1,0,1,2
1a80d880-b0dd-4cd8-ada3-413f5fc8219c,50,0,1,0,4,8
2feac0e4-2ecc-4bdb-990e-71711c07428b,50,0,0,0,1,1
ecedeb5e-d05c-44ec-a3dc-dfb546321701,50,1,1,0,1,2
83cb2bf8-ca72-46c5-affb-c24b0a014646,50,1,1,0,1,2
9ddbabe2-2ad1-4147-b52d-630b68d31cd9,50,1,1,1,8,16
c489134d-094a-4ed4-a6ce-b571a9b0eeac,50,1,1,0,4,8
a319c520-5ec9-4bc2-adbe-c930696db9c7,50,1,1,0,1,2
87d57357-e002-45c9-ba75-2bb0f893780e,50,0,1,0,4,16
ead25406-b06a-43e4-9835-6c9b32216c34,50,0,1,1,32,128
5ec654d8-3307-4ef6-b3b6-4b8430d24647,50,1,1,0,1,2
80ca636a-b885-48a0-9a1b-430c752841a2,50,1,1,0,2,4
ec9b7ec3-8ab7-4ecc-bd64-7dc95e55bfef,50,0,1,0,1,2
53ee25fd-dbf4-48fe-bf1f-108f0f35baef,50,1,1,0,1,2
6600c0e0-b788-4df5-8818-9ecf4208ea7a,50,1,1,0,2,4
1946347c-bea4-46bf-95f1-4b7cbd001ec6,50,1,1,0,1,1
233db069-228f-4793-84f1-d044fb95bc03,50,1,1,0,1,2
d17fb588-67d6-419c-a5be-7c6d9650419a,50,1,1,0,1,2
c1cef37f-143c-4625-a1d2-5a4e22c02a64,50,1,0,0,4,8
febf03fe-63de-444c-8a74-edc4412ffa67,50,1,1,0,2,4
e4761160-def2-4d64-9df5-dd0f5dadfeee,50,0,1,0,1,2
5d1a5510-f7b4-4b58-abd3-5534c5b5f10b,50,1,1,0,2,4
8c375c15-7236-402d-91f3-c45f5283a494,50,1,1,0,1,2
756cd035-fc6d-4847-9f4b-a4f01c9db2e5,50,1,1,0,1,2
f971a0ba-59b8-43d9-855e-8387049ac7e3,50,1,1,0,2,4
70e283b8-652c-41db-8e15-fc6bf199c215,50,1,1,0,2,4
5be746af-ab68-43ad-b57e-dc32ccd30322,50,0,1,0,1,2
5ebc0e95-8655-4b8d-9a8f-783d8ec7a3a9,100,1,0,1,32,64
aa65aa7d-c2d8-4027-a199-50b50e2a0838,50,0,1,0,1,2
b3317f80-7ef2-448a-a840-aca62c284df1,50,0,1,0,1,2
b28b7fdc-8cde-4391-bf09-5c4110e4acf1,50,0,1,0,1,1
6d3ebe84-e544-40b8-a924-37f541cdb4df,100,0,0,0,8,16
ed24de13-934a-45a7-8cff-1f2327f73484,50,1,1,0,1,2
ca8931da-80b7-47ba-83a8-fb394ff452f8,50,0,1,0,1,1
193d02ac-9c60-4ef0-917a-a5059c4d59c1,50,1,1,0,2,8
54ecf376-6e9a-4002-aa41-d341c29beb91,50,0,1,0,1,2
65264cf0-cf17-43a4-9838-498dc64729be,50,0,1,0,1,2
32aa6f52-d724-48e5-9b20-4f657eef2f83,50,1,1,0,1,2
427bf2b3-b2a2-40c1-8b05-0c63a9471aab,50,0,1,0,1,2
1d706af5-80bc-4612-97c8-5221050c612b,200,1,1,0,8,16
6d24d9f1-1f94-4464-b7a3-d82d26767772,50,0,1,0,8,16
c9d1ea8c-9053-449a-9498-c773da882dc0,500,1,0,1,180,464
eb793a2c-9740-4df5-8e86-b02481bf13c1,50,0,1,0,1,2
09ebe23c-4d4e-42de-bacc-b9f46fc1e33f,50,1,1,0,2,4
c44815d0-0c88-4fbd-9f61-2c62c2ff072b,50,0,0,1,4,16
ad25c74a-b05b-4e76-8452-91249eac7251,50,0,1,0,1,2
538411a6-f533-4b16-9a86-592240fd8b86,500,0,0,1,4,16
836c6c1a-97b3-4650-aa9d-e3203ebf4b81,500,1,0,1,16,32
7d337acc-449a-413c-909b-ec00a9816ebc,50,1,1,0,2,8
b7079a00-c082-47a3-901b-89373aaa560d,50,1,1,0,2,4
96d5b802-c247-422a-9464-a0a069119fc4,100,0,0,0,2,4
cf1cdb1f-18f8-4e9e-9544-af207b0c522f,50,0,1,1,4,8
cc684231-8e47-490f-a1dd-ed99de608fbe,50,0,1,0,4,8
46407776-5d52-4063-ab46-67fa5f80061f,50,0,1,0,1,2
cfa778fb-c2fc-4f04-83df-a60ed8d043c4,50,0,1,1,4,8
a6f8812f-06ea-43e8-bf30-f30007f191fd,50,0,1,1,8,16
43782bbb-1ad9-4993-89ac-48ab065189d5,50,1,1,0,1,2
29141925-42af-423c-af8a-71eff761b10e,120,0,0,1,4,8
d641556f-4454-4f21-88ac-972bc627ea62,50,1,1,0,2,4
c3ae1f99-8881-4c7f-a497-c44c19ffb0f2,50,1,1,0,2,4
81b3f4a4-4cae-4f90-ad1e-d47f76992dce,50,0,1,1,4,8
be71ed2b-6dcb-4c1b-a8bc-6930c0a88ed3,50,0,1,0,8,64
60ad0a74-3122-4fca-9c55-2cf085ba4be7,50,1,1,0,2,8
3c4dc532-da17-435d-a2db-ba9822847cb6,50,0,1,0,4,16
4f06ab9f-9ca8-4a6b-a4e6-53fea951726c,50,1,1,0,1,2
6fcabcaa-7577-4111-8ad1-36d72960edb6,50,1,1,0,2,4
d725cb65-5ca1-45bf-99dd-0658e05eaeae,50,1,1,0,1,2
57567bd3-ed98-44fd-b148-f2d2e33c3bae,50,1,1,0,1,2
eecca5e8-f244-4c6c-83fc-42d64ce4b437,100,0,1,1,4,8
0c1e01f9-51e7-490b-b5b3-33c29f009179,50,0,1,1,4,8
3e751d07-66f2-4625-93ae-7cf5cd90d121,50,1,1,0,1,2
f7950f36-e6ee-44a1-bed1-43c979c78034,50,1,1,0,1,2
4f895f1f-9445-43fb-b686-4728d387252c,50,1,1,0,1,2
a5eeb10d-de56-4326-8190-06a8383c8681,50,0,1,0,1,2
3d9c9e0e-5262-4d30-a764-7f9c88a53a1f,50,1,1,0,1,2
c2cef182-66ed-4fbb-a03f-14ba91c5119c,50,1,1,0,2,4
8835defa-f163-4d35-a4f8-4865e335dc4a,50,1,1,0,1,2
8640d78b-7124-44a4-9df8-0cd310bbf5d5,50,1,1,0,1,1
44725d86-558a-4cc9-9ea6-ab1ae482594b,50,1,1,0,2,4
2227e7d2-bbab-449f-9b82-060f4c860219,50,0,1,0,1,2
25110624-24bf-4f3c-8f82-ab4006657aed,100,1,1,1,8,16
829e3648-e7e8-43c0-98e7-d7100518b07e,50,1,1,0,1,1
091e662f-b660-4fbb-bff5-52d4c92bb8f7,50,1,1,0,1,1
b3f6f4e2-a513-4923-b7bf-507bbdd31000,30,1,0,1,8,16
47799e30-0359-48b0-92af-bcab8ed09edf,50,1,1,0,1,2
867f6ca4-1fdf-4d03-a2f1-85d5d63f232a,100,1,0,1,64,128
cafdb679-3250-4a52-8174-65836ecd8bd2,50,1,1,0,1,2
7f7b003b-8e98-419d-9513-5f4d06caa8dc,50,1,1,0,2,4
f659fb47-eb61-4c81-8d0a-cefc9172c2f2,50,1,1,0,1,1
52cde91b-dcd1-47c5-962d-a8423027a3b1,800,1,0,1,16,32
958970b8-aefa-41c3-8e8d-9c58f5529fa8,2000,1,0,1,16,32
aa42b7b1-80ac-4549-8dfa-526704ea0b98,2000,1,0,1,16,32
1432a382-2b53-4723-a6b4-d6889eac1499,100,1,0,1,32,64
fa644d25-d58e-4b74-9c07-d8ce3491b04d,200,1,1,0,8,16
74d1382f-8c5b-4b8d-a8e9-30539eae5ff0,200,1,1,0,8,16
7b815351-3987-4968-a5ee-569af894b487,200,1,1,0,8,16
ee83e669-6d62-491c-a87c-a3f71defe14a,200,1,1,0,8,16
fbd5de13-8ed3-4f78-9d18-6f76295b81dd,200,1,1,0,8,16
386a8f14-9254-4ea1-a6ae-d82eb279af6e,200,1,1,0,8,16
aa565eae-e6df-4b7d-9a0d-e0785dd36141,200,1,1,0,8,16
8ff28af5-f7f9-4a52-8cf8-534caa291ce2,200,1,1,0,8,16
df255730-075b-4098-9569-ea53d79bfbcf,200,1,1,0,8,16
8e78211b-3b16-4b30-828d-ea5184ceaae9,200,1,1,0,8,16
e69ad941-5bcb-4b85-8792-28718e7fe17e,200,1,1,0,8,16
2bc6d244-bc67-479b-9e8c-5b6c5346af2c,200,1,1,0,8,16
9eb079e6-653f-41fa-9d4b-6d1100a7cb42,50,1,1,1,4,16
96b51765-31d8-4d7b-953a-d722e7f88312,50,1,1,0,2,4
a11130e4-c944-463e-8be9-58678455253c,50,1,1,0,2,4
4efab4be-4fa1-4deb-95c9-7d53b2fe7bb4,100,1,0,1,64,128
9dde274a-9653-4328-8a6b-a6706daa5477,100,1,1,1,8,64
aea1ee85-18b6-4b87-ad77-f9ed2e3d2edc,100,1,0,1,64,128
47e252c3-9809-469a-b74e-266f93fc4f0e,1500,1,0,0,4,8
ad018395-5bb1-4043-9983-90f1786e4e78,100,1,0,1,64,256
62578e90-c18a-4ceb-99c7-5f1f5fb66e97,100,1,1,0,8,16
63e3c4e2-b227-4e76-84a9-59c08f1f7fcb,100,1,1,0,8,16
99dd4c01-6af6-4dda-a0c3-7a00e5a75132,100,1,1,0,8,16
a2a308ac-7e95-453a-ad15-a24abc58c020,100,1,1,0,8,16
adc96d6d-4dc6-49d1-b83b-4ab23c706f17,100,1,1,0,8,16
bf2ac004-7adc-4455-a3fb-d389d873b53d,100,1,1,0,8,16
c301b227-e438-4032-991c-3ec155448daf,100,1,1,0,8,16
d22321d6-eeac-4b43-8ddd-5a1650bdfea0,100,1,1,0,8,16
f4ab67ca-2eee-49f0-9ba6-b4952d50e957,100,1,1,0,8,16
fdc15fbf-0f86-4e27-8cb1-7a49ae33eb41,100,1,1,0,8,16
bb6813a7-139a-42ac-8f56-d56d89bec1e4,100,1,1,0,8,16
fe44ae12-0c82-4b22-b81b-feb0a14d1854,100,1,1,1,8,16
18d210a2-8f87-4176-8d85-b2e7b853e06c,100,1,1,0,56,224
2c345b9d-a44d-44d3-bd2c-fe33dfdfd7f8,100,1,1,0,56,224
5be4bccb-809b-42c6-8e31-572a78eaf12e,100,1,1,0,56,224
6db37a1f-b422-4eef-a269-f7c2ca3e6c54,1000,1,0,0,56,224
82c729e4-c5b6-4f3d-b6d1-3f0d74938015,1000,1,0,0,56,224
fe680da2-be2d-4acd-9d0d-b62230bfb15f,1000,1,0,0,56,224
9d4bb731-b0ed-46ab-9217-b55ed2578336,100,1,1,1,32,128
be5a5df7-0ca8-472f-b67a-b6b518d39da5,100,1,1,1,8,64
f1e4321b-78d3-4e7e-b81a-a16ec4575a0f,100,1,0,1,32,64
2006c417-ef46-4adb-8557-47eb23cc2114,100,1,0,1,64,512
d0c02d00-15d8-4c8a-85b7-9c4afda288bb,100,1,0,1,64,128
084e07a5-d3f2-4737-9c7a-d2390ee7dd5c,500,1,0,1,64,256
341b7ec6-10fb-4458-9724-a822a53f1cf1,200,1,0,1,32,128
3f1e4961-9f8a-432a-a313-b67e9a45d697,100,1,1,1,32,128
f498ab8a-9cd6-4837-916e-e884b47e0b29,100,1,1,1,32,128
4e462148-b159-4eb8-aa14-106473611460,100,1,1,1,32,128
16856d86-20b9-47f4-8cbb-68c37bd23d67,200,1,0,1,32,128
62a2befe-7706-4fe2-a24b-25296aa9aff2,200,1,0,1,32,128
a0da4b6c-d9f7-4f71-8a41-d5c66493ad1e,50,1,1,0,16,64
694fa198-8f98-492a-b94a-1970e04fc8cc,100,1,0,1,64,128
2a76b4a3-0909-4f06-b4e2-b1e4b0098fdb,50,1,1,1,8,32
84f9c187-bca4-4dd0-a33d-8fab50e985d8,500,1,0,0,16,32
1c2113f3-43c5-4e8a-88b1-c109a5c36492,1000,1,0,0,56,224
cae995b2-bf16-4d8b-9430-1393910082d5,200,1,0,1,32,128
6dc0bc76-a57e-4a6e-8f86-96cba5212b13,50,1,1,0,1,2
1a89e31f-bf5b-414d-9e0b-bd737dbe8fce,750,1,0,1,64,128
bed8a0d2-f95f-4b44-9257-292812f1684a,100,1,1,1,8,16
70b10270-29b4-4925-bacd-2dcd1e67cf1b,300,1,0,1,64,256
5053ddaf-b518-4299-ba6e-6100fb829ace,300,1,0,1,64,256
ee7d4464-6c94-4243-ae93-9f17ee680f5e,300,1,0,1,64,256
2a4ca481-5573-438b-bd12-257964acbc78,50,1,1,0,2,4
b66efb8c-19cc-466c-879e-1f4d44ef5ad6,50,1,1,0,2,4
f8defc52-6442-4b4b-8f87-434982585410,50,1,1,0,2,4
101fade6-c6bd-4051-9b5b-50192818ce9e,50,1,1,0,2,4
8956e55f-82d0-4103-af70-0705de99e136,50,1,1,0,1,1
8229da09-1434-4ebc-885e-73cbe2e6e62d,200,1,0,1,32,128
074bfb4f-4578-4d0b-b72b-2eee4112d23f,200,1,0,1,32,128
d72ff56b-0ea7-4d66-af4a-113d98b7d571,200,1,0,1,32,128
3b2b4bab-463f-46cc-ad1b-36bd5eb68692,300,1,0,1,32,128
1103b729-a9dd-4c77-8878-3b2aa2466438,200,1,0,1,32,128
e753507b-519f-483f-8b07-3740b53eb929,100,1,1,1,8,64
7efc1d3f-7fc8-4c89-b9e0-45b3ee426dfa,100,1,1,1,8,64
c6abd8d8-b02f-484d-97bf-54fb2ac31163,100,1,1,1,8,64
d4bf2037-588c-45ea-8d8d-7a0287e0c219,50,1,1,0,1,1
359c8dad-27e2-4924-b008-3718c5e80b14,100,1,1,1,64,256
5817227e-4021-4a24-9fcd-fe9774a38956,50,1,1,0,1,1
6df208b7-a274-4abd-89da-898beaed585f,100,1,1,1,64,256
af776681-e93f-4d36-acac-72c151368afc,100,1,1,1,64,256
5e8d838c-13dd-4da9-874f-1479a3047b3a,300,1,0,1,8,16
98e1a849-c5f4-4732-bfa7-840972f5f4ca,100,1,1,1,8,64
339a253c-2d7d-4f2c-8402-1dbf9565e75c,50,1,1,0,2,4
59a15363-0573-4b88-aecb-fe485ecd5f98,50,1,1,0,2,4
e17fc055-0d02-4321-9714-5ddb00d8048d,50,1,1,0,1,1
25ebcb5b-ecc7-465d-97df-2e2600967247,50,1,1,0,1,1
78b89768-7be3-445b-b1e7-8abc51443960,50,1,1,0,1,1
22209459-4c9f-47be-8101-b5a4eba36106,50,1,1,0,1,1
40a213c6-dea6-4b28-8ea4-459e12d47b21,150,1,0,1,4,8
1b9732f6-5f0f-47d1-a3e0-ef222268e4ea,50,1,1,0,1,1
6570872f-2ed1-4cdc-871b-9e13115f5a4e,50,1,1,0,1,1
99acd248-50ab-4931-966b-52a382a768f9,50,1,1,0,1,1
c9875e70-1cdd-415f-be32-378aa140a35b,100,1,1,1,8,64
8cb9be56-20ce-4066-a3c2-af1b205a95b6,50,1,1,0,2,4
0cee6c20-a221-4d5e-897e-a977c1a22474,50,1,1,0,1,1
64a48469-a448-44cf-b955-32338fe77773,50,1,1,0,1,1
561e76e9-c981-4d24-8b1e-8a4ac326af66,50,1,1,0,1,1
71dbdd94-643d-48f4-8be4-86e0ebfcb5e0,50,1,1,0,1,1
6d2bd07c-4d5b-47f4-be41-2b27eb825484,100,1,1,1,32,64
80b90b37-7806-4a4d-9734-41ec0698f489,100,1,0,1,32,64
92f646d5-e5b2-488d-b197-61e2c391fcf7,100,1,1,1,16,32
a77369e5-e05d-4371-8705-0fe48765f700,100,1,1,1,8,64
3389caae-7e38-4822-bdd0-818e79eefd77,10,1,1,0,4,8
e80c16ed-7a43-4217-9391-dd08a5764509,90,1,1,0,16,32
aba1cd84-2316-4ad0-adb3-0e9a9ffa50b2,100,1,1,1,8,64
ae3b1569-2356-4088-9e00-cc73aa704b04,50,1,1,0,4,16
9491abe1-f91e-4999-a8e3-6532e0a27f35,50,1,1,1,8,16
26466801-82ce-480b-81fb-dcb06d795f64,100,1,0,1,16,64
2b516006-6c85-4ee9-935f-a0a96c2a9155,100,1,1,1,32,128
2e702b41-a4e6-49d3-9147-92ebc6c439ae,200,1,0,1,32,128
7c1b384a-84de-43da-af09-d60493ca0f0f,200,1,0,1,32,128
0a012a78-11db-4d45-8d3f-e2e0d5981a94,100,1,1,1,32,128
7d13ef02-08c4-4fd0-9d23-6292bd0bb069,100,1,1,1,8,64
1868c037-7346-488d-a68c-61996c6722de,100,1,1,1,8,64
256553cb-0758-4186-ae12-ddb92a9eaa83,50,1,1,1,16,64
6185d6c1-b849-41ab-88b0-8d00f1e044de,50,1,1,1,16,64
4f691112-14a7-4e76-a41b-2cebc5ea2296,100,1,1,1,32,64
6b7ce52d-6dc0-43ce-9ee4-77e78df02cb3,100,1,1,1,32,64
cf3da667-4eea-4c25-b250-e2ef64b7bbc2,100,1,0,1,32,64
e6c53c3e-9a0e-4102-a3fe-73bd3779046e,100,1,1,1,32,64
8e22b531-b7b8-40a7-b8c2-7bb82281e7e5,50,1,1,0,2,4
957ee978-b082-4e09-89b0-731a94bf3a3e,50,1,1,0,2,4
f52b0f33-2a71-4846-87bc-b77dabdde469,100,1,0,1,32,64
b919db5b-a73c-4cf6-855c-d4b758e4aa38,100,1,0,1,32,64
5da4704c-3383-4563-bfc8-a7b99c58582e,50,1,1,0,2,4
0d9896a7-d9be-476c-83c6-17c159190bea,50,1,1,0,2,4
695a5380-8e63-4fda-a215-d7047206d067,100,1,0,1,32,64
13aaf9c8-e1b3-4f8f-9e3f-fd1ac91788e6,100,1,0,1,32,64
60a617f9-5d14-4d35-bb24-6ab48d33f9c1,100,1,0,1,32,64
7ba882c8-6fd8-4291-8fdd-30ba5aa85df9,100,1,1,1,32,64
90fbcc16-70c9-452c-b4cf-76086cb7db75,100,1,1,1,32,64
f650512f-bec7-42c3-b4f0-637fc89df4ef,100,1,0,1,32,64
3adf9bab-d156-491f-81ed-2cd4f74b96aa,100,1,0,1,32,64
d387a595-48a5-448d-87ef-b83157c0180b,100,1,1,1,32,64
f55aa95a-37cd-43ea-a00b-b0de02d90eba,100,1,1,1,32,64
ff04c820-bfaf-43e9-8a7c-d1ca7284634d,50,1,1,0,16,64
80573ded-832a-491a-86cc-20b4e4c3764e,100,1,1,1,16,32
68982e53-4316-45d4-92c5-b6160f934098,100,1,1,1,8,64
d32c3d81-5b24-4a18-9587-962cba0914bc,100,1,1,1,8,64
169517fc-6e03-4d27-8062-5129e94a9fcc,100,1,1,0,16,128
bf2f508d-3a3d-4692-8dd5-c073c741f36d,100,1,1,1,8,32
452b7825-90f7-4c59-8b94-6cd8b25777b5,100,1,1,1,8,64
1681f4e1-c3e1-4093-b4a9-91cff7c42cfa,90,1,1,0,8,16
22b26543-70b1-4c7b-81bf-6148447c8bf6,50,1,1,1,8,16
3f762c0c-65d0-4bdb-8afb-974006990f73,90,1,1,0,16,32
c1cd7adb-fcca-4913-8c95-a72c22d490df,50,1,1,0,2,4
b55e3617-dabb-464b-8c3a-a4fe9ba421c6,50,1,1,0,1,1
6a868e32-1328-4426-8004-987d4ffe0e15,50,1,1,0,1,1
f5f3ff76-2ee8-485f-9379-bddc7e5fcde8,90,1,1,0,8,16
f8fd2f64-3170-401f-bbdc-779b80983108,50,1,1,0,1,1
a9bfbf5b-adb1-4ee7-8dc2-52da720f653e,50,1,1,0,1,1
0146ab8b-104c-41f2-9005-31a32cfc3116,50,1,1,0,1,1
7a129286-9995-4836-aa07-fe59855c0565,50,1,1,0,1,1
31f0b959-d197-42d2-97e8-00bf5f1f67ba,100,1,1,1,32,128
9af1ced3-2da3-4f40-8efa-8301262a7f0e,100,1,0,1,32,64
8c64ff63-d2b5-4596-9c91-2eb492a3face,100,1,0,1,32,64
29f46d12-65f0-4b30-9d93-64d97942486e,100,1,1,1,8,16
1d0b0391-6525-41a1-8c5c-ad16ed51fc1b,50,1,1,0,2,4
109fbea1-0e5a-404c-ad06-58f1059abfba,50,1,1,0,1,2
581615d0-6c00-4e34-9708-26bcefc6837a,100,1,1,1,32,64
c9cc7a69-00a7-4647-a804-1e1f34bbcfaf,50,1,1,0,1,1
15f78103-bb88-4bd3-8ec0-47f52b30a4e7,100,1,0,1,64,128
67794d49-ed91-4f09-874c-f8ef8fc812b9,100,1,0,1,64,128
8b5bcb20-1d74-41f2-9966-669008de809a,100,1,0,1,64,128
23593f9f-2488-4b9e-ba2f-39096163a9da,100,1,0,1,32,64
02f40760-ff86-477d-b219-92e489685fb9,50,1,1,0,1,1
7e4da51c-b1e7-4d16-a942-936a30cafb86,100,1,0,1,32,128
f4923aa1-54c1-4c91-adbc-9bbe90de8a72,50,1,1,0,1,2
68109684-7970-4b24-883d-61b7ca2c3dbf,50,1,1,0,1,1
73d813a9-72ba-41af-8f53-a43cc3bd585f,50,1,1,1,8,32
03ae56a0-bf59-46f0-91ba-d00d25cc949a,50,1,1,0,1,2
92980fae-ff36-4d17-a90e-9df73b5f65b5,50,1,1,0,1,1
6de15f93-0d78-4791-ad14-0c57c7d62b54,50,1,0,0,8,32
ff441897-705e-4010-a8e4-7925055a182a,50,1,1,0,2,4
4f31e1a1-03f5-4cae-b298-aeea5724fcf8,50,1,1,0,2,4
305c6a92-9a51-4c66-b5fb-2c197bb54db8,50,1,1,0,1,1
3b54d583-0d37-4aae-b495-b7d1fd38d3e8,50,1,1,0,8,32
af7606fd-df76-4506-bb17-aebfb9f3cb97,100,1,0,1,32,64
9bc5b528-c23c-421b-987e-29f744982adb,90,1,1,0,8,16
219c4ea8-0fb8-4a92-b5bf-fde9eac0e4e2,50,1,1,0,1,1
6208ee15-916d-42a3-acf6-67bf8d43d634,50,1,1,0,1,1
b47b2b74-8e95-4b8f-abfb-84cb412b0937,100,1,0,1,32,64
cfcb52a6-8026-4940-a148-9316856c8a7a,100,1,0,1,32,64
6c157b5b-9e2b-432b-bec9-ce6696a0cc3f,100,1,0,1,32,64
d80aaa73-ae91-485c-accc-dc97f01a047c,100,1,0,1,32,64
08faf5db-b5aa-4e69-95b8-fd717d03ddcb,50,1,1,0,1,2
5fe18c7c-44dc-4206-a37f-06207947cdf3,30,1,0,1,4,8
e75c7bce-f07e-4a28-ae5c-5bf38353b457,50,1,1,0,1,1
9b0080fc-d8d0-4650-b6a6-6779d6b89c0e,50,1,1,0,1,2
f500a687-5b13-4407-a32c-bc96ca684cc5,50,1,1,0,1,2
a69bdc84-b478-4a8d-8212-6e0da4b43eeb,50,1,1,1,8,32
7b94a3b4-bff7-4ade-b131-0e839a08917f,50,1,1,0,1,2
ebb087cc-bad1-437f-842a-ae3313ce7ce6,30,1,1,0,1,1
fb934a46-1dee-4044-9340-e8e86630c2cc,30,1,1,0,1,1
69b46940-3678-4626-b9bb-87ac237fb867,10,1,0,0,1,1
d49306de-d5b6-408f-b1f3-2cb2ca571607,30,1,1,0,2,4
68db597f-bcaa-4a47-9f15-00c3d0c593d3,30,1,1,0,2,4
bf925dc4-72e0-40c4-b63b-41b60e30d3c1,30,1,1,0,2,4
d1ab2025-e12f-42d9-97dc-f0e81c9db234,10,1,0,0,1,1
d03b7c2b-627e-473e-8ede-808fa810eb21,30,1,1,0,1,1
7259d83c-ebee-471a-8d09-58d3e8d38e87,30,1,1,0,1,1
032e0767-09ce-4e11-8dbd-9b715f09d06c,10,1,0,0,1,1
28a1ab31-ea87-4e6e-ad63-173940b0badf,30,1,1,0,1,1
7d5fa17d-454f-42a4-9451-ffc1192b2674,10,1,0,0,1,1
52ca7ecd-55f5-44f2-8e76-3fd4974b7bb5,30,1,1,0,1,1
097054b8-55e3-4fbf-8e5b-75ffaa98d041,10,1,0,0,1,1
eb7d161f-2114-47bd-be8f-281358b3f47d,10,1,0,0,1,1
4617a437-961c-4746-bfab-b13bb52102ef,50,1,1,0,1,2
c053c3b2-4658-43f1-a10d-81154798910d,30,1,1,0,1,1
c13e1b80-6b39-4d18-b7fe-1adc3afac914,30,1,1,0,1,1
2934c528-c8d4-4846-98bf-99caf9d6e52c,10,1,0,0,1,1
77ed4288-073a-4efc-8e85-c6988edc1e9d,10,1,0,0,1,1
673f32ab-bf64-46aa-a750-b618bdb33f18,30,1,1,0,1,1
26aaa166-ad90-4af8-b68a-2bdec572db55,30,1,1,0,1,1
cc9bec83-08d3-4974-87a9-1692a0da507c,30,1,1,0,1,1
7338030b-7950-4b6f-85ca-2ceaa1e8c677,10,1,0,0,2,4
7b9c2b2a-497a-42e1-9517-f7a002ece980,10,1,0,0,1,1
a66f8562-a34f-4924-8571-5c3459caeea8,100,1,0,1,32,64
f524f7b7-728b-4f7a-8bd0-a6363ccc76cb,30,1,1,0,1,1
1019d48c-d17e-48fe-9cb6-92adf56b85b4,30,1,1,0,2,4
393e6fb8-c3b3-448c-9cf5-a99fdbbff20e,10,1,0,0,1,1
084696c8-2e78-4312-8240-4b1a1d97ff24,30,1,1,0,1,1
76040915-c0e7-4672-82c8-e1752a9a1bdf,10,1,0,0,2,4
b3851992-d9e2-4abf-b474-9768f393abfd,30,1,1,0,1,1
3f98b084-4f05-4dbf-89ac-daddace7e870,10,1,0,0,1,1
58d25227-6920-44ae-895b-34ea37325ce7,30,1,1,0,2,4
b0073a04-1a12-4c04-86b6-0a6562e44d34,10,1,0,0,1,1
59c2898d-3424-48f7-addd-c2a4aa42eeac,10,1,0,0,1,1
c9788f1d-61f4-4bcf-85d8-d4eaf557b15e,30,1,1,0,1,1
4faf78f8-87a6-40d6-8709-52549961e49a,30,1,1,0,2,4
ecc93c8a-b95d-458a-814c-8dcfd049fb35,10,1,0,0,2,4
6dd62357-83d3-4539-a6d2-b140a46a7b77,10,1,0,0,1,1
79cb0925-902b-4666-981c-ac6842acb251,50,1,1,0,1,2
5520136d-513f-4b1b-9d54-bd08a1c790bf,30,1,1,0,1,1
c617bd57-9bfc-41ab-872f-95f93d4f86cc,10,1,0,0,1,1
31511691-38d0-4ba9-99ab-d03c0706694a,10,1,0,0,1,1
96e5bb6c-19a3-4e85-948e-8c918d469006,10,1,0,0,1,1
4a0f02f5-407c-461e-b1f3-0f11e3d16118,50,1,1,0,1,2
7bd4b8bd-03fd-4237-a5c3-5fdaa9c67739,100,1,0,1,32,64
509ecaa4-fd04-4937-9c78-84bc3f6d3659,50,1,1,0,1,2
2e1f0550-84f3-428b-b9c8-1ec17cfbe486,10,1,0,0,1,1
59f38ea8-d15c-463c-aad4-9f4ecb279cc8,10,1,0,0,1,1
9c75b9f4-7d17-4970-aa4d-34330d59f804,30,1,1,0,1,1
8bdee7c0-7799-4bd7-a4fa-97ad9f5488e5,50,1,1,0,1,2
80840e38-d1ab-4073-9242-07206bd647e4,30,1,1,0,2,4
7410bbca-bdf3-4bc1-b339-f751b9142624,50,1,1,0,2,8
007f1643-6d33-4c21-8283-fd346927fa48,50,1,1,0,1,2
7f947516-2fb6-47b9-8c28-54089b0a32e2,10,1,0,0,2,4
0e6a17a2-2da9-48c1-a7c8-aaf718157e22,100,1,0,1,64,128
bf0d9944-1f51-41d4-a5b8-c5de05793858,10,1,0,0,2,4
fbbaee67-ce65-4143-bfe9-862594cc92b4,50,1,1,0,1,1
0f128a0e-c376-4354-8cf6-0d9ad138d044,30,1,1,0,2,4
75d522f0-01b1-4cf4-a0e2-ff5b053ec024,10,1,0,0,2,4
63891d3e-52b0-415d-aba3-754551e5e281,50,1,1,0,2,4
26d6ab41-6053-4de6-b716-7debe8b8ec3d,10,1,0,0,2,4
6d4b568c-6f28-4f85-8255-d4558c871a5e,50,1,1,0,4,8
24ac84ba-be27-4120-8940-827244c08f04,50,1,1,1,4,8
0c06da67-544d-4b8c-a0e0-ca0c2b3a84b5,10,1,0,0,2,4
2f0d7ae2-588a-44f0-8dfb-2fc86f8f3ea1,30,1,1,0,1,1
3b19072b-d2e2-4d7b-b3b5-5692f29d7644,30,1,1,0,1,1
a5d93ae2-821c-41cc-a624-071db1f9e694,30,1,1,0,1,1
b201f7fb-4df9-4aac-a9a0-2d74a5cd0ade,10,1,0,0,1,1
b3539988-9b88-4368-a287-91bb45215271,50,0,1,1,4,16
829f2bd2-34de-481c-89fd-17ef9b281ef0,10,1,0,0,1,1
b78fc4d5-98d3-4031-a492-cd542401b3c4,30,1,1,0,1,1
ce47b86f-5b10-444a-9799-b05d66102f86,30,1,1,0,1,1
f658af0d-4ee0-4d89-9c3c-a9e45e00cd61,50,1,1,1,4,8
736b067c-0184-4128-b041-2ca05cfbe363,10,1,0,0,1,1
a4e30a09-fa03-405a-aae3-b197199f1afe,30,1,1,0,1,1
242a9bee-9811-40f3-aaab-0b3ad364a23c,10,1,0,0,1,1
40cc2c05-f7dc-4717-a189-40821ad9cb96,10,1,0,0,1,1
63a5f5fb-871b-4638-ad2a-75e20e0f24dc,10,1,0,0,1,1
51fc29df-605f-4c3a-a2bd-0a3da8ff45d9,30,1,1,0,1,1
07196449-b634-44ab-859e-728188f1b8fc,30,1,1,0,1,1
1a055e38-c9e4-4808-a261-f77bfe2dd2e0,30,1,1,0,1,1
31b90769-7c9c-40af-9c0a-8c2034c6421c,30,1,1,0,1,1
79361416-9de2-4e1b-a29d-5e4627972fe9,30,1,1,0,1,1
6cc1a7c2-8393-423b-9a19-36c82477cde7,10,1,0,0,1,1
ad2fd24e-522c-4c82-91cc-883edc486f3a,30,1,1,0,1,1
2b8ab241-7baf-46b4-94eb-a69dbff92ef7,10,1,0,0,1,1
273c4dc4-17da-48c7-8bda-9b14e2eeb26c,10,1,0,0,1,1
865261ec-2646-40e7-8527-da7a8060241e,10,1,0,0,1,1
675b354d-2067-4893-8ecf-021e3b2727f7,10,1,0,0,1,1
7defef20-46a6-4e6f-aba3-9e502c478516,10,1,0,0,1,1
6aa7c4b6-5dd4-429d-acfb-5401abdd3acb,30,1,1,0,1,1
aa605f77-8040-4c75-835b-58abf777f759,10,1,0,0,1,1
e2d5437d-97af-4cb4-a66e-c4dc07010eb4,10,1,0,0,2,4
f12d7135-672e-4199-87e1-e28b70ff4b41,30,1,1,0,1,1
af05e404-1d09-4111-982f-31b6c2fa7738,10,1,0,0,1,1
d9b187da-4bb4-455f-be11-6e05a0e91d79,30,1,1,0,1,1
4419a055-4720-4504-9d4e-b25f7900bf03,10,1,0,0,1,1
7394e118-9a4a-4562-9af9-203ae0599335,30,1,1,0,1,1
e42e13e4-556c-4e37-a129-3bff54c82169,10,1,0,0,1,1
f2ac41f7-2066-4ed9-a302-7a04582a9195,10,1,0,0,1,1
6f198a84-a25b-4462-87c9-2c469b16a585,10,1,0,0,1,1
008d6fe7-a7dd-4ec2-9d7f-07675ad54b5d,30,1,1,0,2,4
3e3c32bf-ddf1-4593-b489-0c9095ca4ec2,30,1,1,0,1,1
139c6b17-912c-4e26-abc9-152029d73e59,10,1,0,0,2,4
ef1d5b94-2869-4bec-8bcf-c2a9d52248f4,10,1,0,0,2,4
74b12354-1e66-4e12-8d31-9833a05cbcab,30,1,1,0,2,4
d8b97cc5-979e-40b2-9b03-c4bd60390976,30,1,1,0,2,4
12a2936c-5e13-49e8-b327-e034d78741c8,10,1,0,0,2,4
9c00bdd2-7313-4b01-82d3-f6b3b8ec3969,10,1,0,0,2,4
86c7d9e9-98af-4320-990b-f7c12a7db2bd,50,1,1,1,16,32
c8f5b3b0-0eee-40c8-aebd-e28a80655a28,50,1,1,0,1,2
9ea9f469-bddf-437d-8f0e-672f64c50a4d,30,1,1,0,2,4
3bddff68-405a-439d-baab-bcf30306353c,20,1,1,1,1,4
5899c1d3-f873-4f29-bf98-1f5a1474e71e,50,1,1,0,1,2
7d04c789-9c58-4c0d-a254-3c77c96feeab,50,1,1,0,1,2
33365ecd-def3-4301-8a68-e430d854c65b,10,1,0,0,2,4
a83f2ddf-e903-47e6-954e-6cfd033e5148,30,1,1,0,2,4
175e4518-f5b8-4230-bbe0-9ab18fd4313e,30,1,1,0,2,4
ba82aced-9bec-43eb-b841-b68275872c3d,50,1,1,0,1,2
467d4958-647b-473a-b931-3a5a9123fbbf,50,1,1,0,2,8
da08afb8-d370-47ee-9bcd-7afbe66ddb3f,50,1,1,0,1,2
71e4bd81-7673-41e1-bb0d-2da093955ad5,50,1,1,0,1,2
0a1542f0-bf59-4def-87bb-b866dd326014,30,1,1,0,1,1
c05a0c5d-c91b-4934-9b2a-212d4ae1aa14,10,1,0,0,1,1
20d2c5b6-ec91-45c4-a3db-be2670778316,30,1,1,0,1,1
567d89f7-9ce1-4b48-b329-234d58b3fa46,30,1,1,0,1,1
2df5a2a3-ceb7-4f0e-92bd-1495d408f34e,10,1,0,0,2,4
cc46102b-14bd-4dd8-83cf-f0fa129c2a04,30,1,1,0,2,4
c0a42734-3e14-41b0-98cd-7d50d20508a5,100,1,0,1,64,128
fb23b3c0-eaa1-46a8-b773-8ea3af315fda,30,1,1,0,1,1
dd7914d9-2fe9-4acf-a12d-8d1422624fab,10,1,0,0,1,1
61228d4a-916b-4071-8d64-083376a70f2b,10,1,0,0,2,4
2842b9f0-b587-4ff0-a6e8-b59244c5eb93,30,1,1,0,1,1
fc04e186-8b3a-4914-9d1d-fbe058442697,10,1,0,0,1,1
988d71fa-5eae-4190-b8cf-f49e55a5f145,50,1,1,0,1,2
d3eb797f-6138-40a4-b137-9a57dcf23d27,10,1,0,0,1,1
f6d5b1c1-c3de-466f-821a-0ebae2c33ca2,10,1,0,0,1,1
913158e1-d554-4088-974a-8b9e94e3e165,10,1,0,0,1,2
06c8cbcc-364a-434c-b46c-fcdb950a5976,30,1,1,0,1,1
b41d8849-69c7-447d-b643-2ca2b6279cc2,30,1,1,0,1,1
cf3dd2b0-fc0a-4157-a205-6734002af409,10,1,0,0,1,1
c9820c05-a0a0-47ac-a989-593e2a1fb0db,30,1,1,0,1,1
ec38cfa5-a480-45df-8c1e-8a654e21b4d1,10,1,0,0,1,1
6710435e-5b52-4f9c-8c04-7b144205ea61,30,1,1,0,1,1
6be14faf-611d-4605-8b03-4235899d1e96,30,1,1,0,1,1
d40cfefb-dd60-455b-b453-fd7d634cd434,30,1,1,0,1,1
affaf24e-1c96-4035-b05f-1ab785f032c7,10,1,0,0,1,1
06b8b891-d5c0-4337-94b3-98fd5f8ee00f,10,1,0,0,1,1
9aed900b-597c-4d66-9965-6246f2997fa1,10,1,0,0,1,1
d415baf1-05d9-46d2-9707-d73159a2e35b,30,1,1,0,1,1
8d599aa1-2c42-4d7c-9649-2507c1d3b0e8,10,1,0,0,1,1
576a7dff-b9d9-490b-a634-76450d2a3feb,30,1,1,0,1,1
c7924a8d-16bb-4492-92e0-e5fb80142a4d,10,1,0,0,1,1
81f7dcf6-0d63-4110-a9e5-ef1e99f7863e,30,1,1,0,1,1
c14e4615-13a2-4026-9b71-3dda32784a37,30,1,1,0,1,1
3008d456-f599-48ee-8de0-c9551ab2fa68,10,1,0,0,1,1
0d42fb8a-042d-4194-b892-20e30d7497eb,30,1,1,0,2,4
270a2f84-5df0-4753-b77b-b37e5c73c125,10,1,0,0,2,4
8bb96f5f-69ef-4815-9872-57b3f7d1a20f,30,1,1,0,2,4
b4d0dfb6-2438-4ea3-98a4-a8ab524ebdc3,10,1,0,0,2,4
98bc3c10-d48f-4df1-a866-79bf6c3c008f,30,1,1,0,2,4
d7fc2a12-09d5-4895-aedb-3e07d2fda534,10,1,0,0,2,4
343c6347-f438-4796-a27f-a8b4160c82a0,30,1,1,0,2,4
6b631743-ffa1-4dbc-baf7-dfba02fb312a,10,1,0,0,2,4
e338f7c2-22c9-4dac-99ec-4f73ca0040a3,10,1,0,0,2,4
037f3c16-2142-4b8b-b367-560a36b3a440,10,1,0,0,2,4
f4625a4d-ba1f-4894-9381-1844fe0f19aa,50,1,1,0,1,2
f596b7de-c214-4449-98c6-811c21dd1070,50,1,1,0,1,2
019f2c46-db18-46a2-9515-55068c18b89c,10,1,0,0,2,4
9d5d7b4b-5210-44fd-b317-68983678bb5f,10,1,0,0,1,1
aabc846d-de13-4159-9454-9e1d41038b74,30,1,1,0,1,1
d6b13b3c-64f9-4852-afbd-d6d690c66c22,10,1,0,0,1,1
726af0de-83e0-4cbd-bbda-94fca66eb6c3,10,1,0,0,1,1
542d0996-905f-40c0-8ff1-69a9e1aaf11e,50,1,1,0,1,2
d804f64a-38f9-4d16-a9f5-a0bbd2f3f73b,30,1,1,0,1,1
e46f5b15-9bfa-4fa6-99dd-e45668ab625b,50,1,1,0,1,2
558ef6d8-e169-417b-9cc9-483babd38ead,10,1,0,0,1,1
18b7830e-46d8-465a-baa4-4069aed6c5c5,30,1,1,0,1,1
fed9ff2d-a84b-46a0-956f-550323bb188d,10,1,0,0,1,1
6e578ae0-b46a-46fe-a872-dbb4e9cc22fd,10,1,0,0,1,1
b431771f-f324-4a49-ac18-0a4d94d35398,30,1,1,0,2,4
b812def5-63ba-4589-a02e-4f244c27ef3e,10,1,0,0,2,4
32350c9f-7a5e-402c-b099-d172c7e00976,10,1,0,0,1,1
dd1d453b-19ac-4cef-befe-32e8ffb73820,30,1,1,0,1,1
3fc11a17-5811-4c80-8aeb-33f5fe21f880,30,1,1,0,1,1
48d0207a-988d-4134-9f11-f61289397b64,10,1,0,0,1,1
e68eff15-d4a9-4cfc-9c87-7db8b261463d,10,1,0,0,1,1
ceca803a-9c90-4a4b-88f8-faefa157e8d0,10,1,0,0,1,1
b9713a42-fdbe-4c9b-9be5-cbde4b4e3333,30,1,1,0,1,1
48d1b0bc-d205-44e9-8765-794062e780fb,30,1,1,0,1,1
648d2e3c-63be-461b-b314-93b32775bcc0,10,1,0,0,1,1
65059849-9477-4293-93df-380be9c9d1f7,10,1,0,0,1,1
79abe1d7-769c-4cc6-a270-b35052c89fe8,30,1,1,0,1,1
b83c617c-9007-47c6-bdfe-5356348a3e5d,30,1,1,0,2,4
247ede26-c56e-4f7c-82b8-5776826ba478,30,1,1,0,2,4
c16d6b3b-95ae-43e1-adbf-2000a257360a,30,1,1,0,2,4
cd60895d-0663-41da-b36d-592070a62e76,10,1,0,0,2,4
969756dd-4e5c-4f91-90f3-6a6ba5c88f37,30,1,1,0,2,4
97e527e8-5caa-4b6b-a652-e171466e813e,50,1,1,0,1,2
1a1f1e69-c3ea-4451-83f9-1fc0e2c1defd,30,1,1,0,2,4
4276970d-23bb-4795-9dcd-58b75baeae43,10,1,0,0,2,4
ea360d9f-dec2-415b-a6f3-64c35c933d68,30,1,1,0,2,4
1a40a828-00fe-4101-ae1e-467a1c27b042,10,1,0,0,2,4
ab2ee86c-1a74-4b53-8c1c-6d0c6182e268,50,1,1,0,1,2
493d2cf9-0e6b-427e-ae52-2eb0a2e8456c,10,1,0,0,2,4
c74d6e1e-f4c0-4d46-b249-a2fddc939773,10,1,0,0,1,1
eac50092-8285-496b-a25e-93e8354cea35,30,1,1,0,1,1
625f57ad-f981-4d48-a4b1-cf3551ecf468,30,1,1,0,1,1
2134a558-5265-4fe4-bb84-fea718524aba,50,1,1,0,1,1
2c321b78-fd0b-40bd-9042-77e3c05616bf,10,1,0,0,1,1
b909d898-8846-4071-97bc-f122aae36188,30,1,1,0,1,1
fc942ce0-c8f3-4938-8ada-685b704c2810,30,1,1,0,1,1
3eda47db-fa04-41ba-bab4-d461f9ff14c9,10,1,0,0,1,1
495b8269-96d7-4fd3-9c4b-00fbc7a4b09c,30,1,1,0,1,1
f3dc51cd-8892-48ad-aeac-c3aac25afea4,30,1,1,0,1,1
31e5beb8-8664-448d-aa58-aadf57e6efee,10,1,0,0,1,1
e9f028be-a583-4d0d-b102-92ecbb5cb7a5,10,1,0,0,1,1
26c9100c-8309-47c9-9757-c372fe4280b1,30,1,1,0,1,1
912b5592-9b48-42a3-bdec-2d877f1a3cfa,30,1,1,0,1,1
3e3ff845-f216-47fe-8824-2b7b4a13cc31,10,1,0,0,1,1
38c3a3d1-b23e-4156-b18e-a53c3bc00dbc,30,1,1,0,1,1
75a7b692-a8c1-4711-89d9-621eac85d1d1,10,1,0,0,1,1
fddb719d-c7fb-43fc-af85-955863bd40d7,30,1,1,0,1,1
aa097118-498c-463a-b54f-49083fe506f9,10,1,0,0,1,1
184a4134-b5e1-4153-acd9-c9c24b70a68f,30,1,1,0,1,1
9aa50ea9-c968-4945-b16c-1e798b02a6cc,10,1,0,0,1,1
f9d38055-7586-4042-8610-aa599b4ec740,10,1,0,0,1,1
a1503111-bab0-4005-a4d1-fd1020012cb9,30,1,1,0,1,1
b9e1231c-b580-414b-ab65-53cb5cd6bb6b,30,1,1,0,1,1
88b2dd5b-865c-4fc4-bc8a-ffaa6b0b9b8a,100,1,0,0,2,4
5f97ca41-75a5-4a13-8d35-5e5d7da0f6a6,10,1,0,0,1,1
f4724194-ba29-4639-8f2b-9f95cc8eeb60,50,1,1,0,1,2
f51c2d81-9049-4f9a-88ae-b33c94ef9e9e,10,1,0,0,1,1
958d7766-c9ac-40ca-99a1-6f509dcdfb62,30,1,1,0,2,4
df56d52f-66db-4d34-b043-e8ea8c77d0da,10,1,0,0,2,4
9d0241b6-f9ae-447f-9260-073e7cae6942,30,1,1,0,2,4
c6bf540d-6fb6-4d95-ae76-5176d8543070,30,1,1,0,2,4
2863274f-3432-4b7b-a9e6-fb71eb7480e8,10,1,0,0,2,4
ba79bede-9410-478a-9167-265019718668,30,1,1,0,2,4
8c3cb51f-a1e7-49a3-bd2c-974aad9ca9f1,10,1,0,0,2,4
81082805-6ecd-4ff9-a23d-9c9ac6ad6b24,30,1,1,0,2,4
ffe659e7-72a9-4a5e-b1fa-ef9c75195157,30,1,1,0,2,4
c1885f69-c46a-43bb-b34a-b7a77c6fa300,30,1,1,0,1,1
eaeae14e-338b-4f90-b0da-8de2e19fff1a,10,1,0,0,2,4
c5097df0-6ec6-476d-bd1f-8b0a9d96448b,30,1,1,0,1,1
a8bc76fa-8f70-471b-acee-96b98503b1a4,50,1,1,0,1,2
6c5a2f91-6206-4a1b-8ea2-a4526b536b72,50,1,1,0,1,2
2ddc59a5-8216-4c2a-b6ea-6f310aea45ff,10,1,0,0,1,1
fb595e47-af31-4bf5-8046-d5bcb6fd6d17,50,1,1,0,1,2
cf4ffbcf-93a8-491f-b6e0-6814e6460849,30,1,1,0,1,1
6af12ad2-96c1-4097-a709-42d00873dd2e,10,1,0,0,2,4
05290e16-837f-46aa-96e6-df2cbd0b9f57,50,1,1,0,1,2
dbfc0231-0596-4147-a361-714a8d71a647,50,1,1,0,1,2
edfc941c-0593-471d-91e4-cc392b628c1e,30,1,1,0,1,1
fe33a102-da86-430a-bca1-02a160402db7,50,1,1,0,1,4
468b0ebf-4782-41f6-ada4-46df2d191912,10,1,0,0,1,1
c1c0b0df-0e6d-4e71-a6c3-8c6a9dec4fba,30,1,1,0,1,1
322f2596-a560-41c6-8254-836e008221e2,10,1,0,0,2,4
5fc76aca-55a8-4ca2-a36a-185f1fe60283,50,1,1,0,2,4
733b380d-d9ed-4ff4-9c8d-84a86eb2dfc9,50,1,1,0,1,2
80b51176-37ef-4321-af8f-17a5a98370d6,10,1,0,0,1,1
6aa61329-429c-4418-b691-efdae12c6870,50,1,1,0,1,2
55e7315a-5c81-48fb-a9a6-33e5110065f7,50,1,1,0,1,2
72758a1a-8744-4b17-b7a8-bea1a5e81bcc,200,1,1,0,8,16
1dda7850-ba58-4c7b-9a68-817bae8fa160,200,1,1,0,8,16
28a76e89-d9ec-48f0-b24c-5cd864780cea,200,1,1,0,8,16
2a385eda-b9cc-4ec2-9b1c-04177d308ee5,200,1,1,0,8,16
22a2170a-d9d9-4c97-a441-dae278d6b326,50,1,1,0,1,2
2c4f41ec-c1a3-4c98-8dd1-944da7e12ad6,200,1,1,0,8,16
80254f95-b573-423a-bf39-98b84299e411,50,1,1,0,1,2
e8dd7d1d-af22-4dfd-9423-67f768f43695,50,1,1,0,1,2
51475a7a-669c-4f97-af02-24405966a2d8,200,1,1,0,8,16
a19cd46d-7bed-4b66-b9dd-a9bbe96a2ca2,50,1,1,0,1,2
c2ca95f0-93d9-4178-a7d0-72eeb257c40f,50,1,1,0,1,2
5c4c9a56-48e0-499c-bf33-4bff264876aa,50,1,1,0,1,2
a9fb44b7-5b9f-4a4d-8da9-356d7e815746,50,1,1,0,1,2
27d12fab-97ff-4043-a1e9-8c97fa6aacd2,50,1,1,0,4,8
87b0f976-b4c0-4d29-8445-4f226933f0c3,50,1,1,0,1,2
bd12f798-36df-4ee1-82ca-30d5d2771cd9,50,1,1,0,1,2
3ade644a-9a12-4685-bb5d-fe72822aea5d,30,1,1,0,2,4
22e74977-2c0d-4182-9471-ead47b2a8eae,30,1,1,0,2,4
bdd0ed6e-071e-42a2-867e-479d6d73205d,30,1,1,0,2,4
6ce70da6-a918-4ce5-8819-2bb451ec775f,10,1,0,0,2,4
d3549f59-231f-4252-821a-ad0047081b73,10,1,0,0,2,4
22d7e9ce-ff04-4097-af9a-169c1ebca987,50,1,1,0,1,2
5917a927-c58a-4458-899f-00a4fb50d118,30,1,1,0,1,1
6559c567-4e61-44ad-b862-9f3be3a714b1,50,1,1,1,16,32
7ee213c7-d549-43a2-817a-59b2a6fdbc23,50,1,1,0,1,2
d8ad4ff9-08eb-42d5-84e3-d102aad43d92,50,1,1,0,1,2
f988d08d-51d7-4706-90a3-ac50d280d3cc,50,1,1,0,1,2
ceddc18c-4390-4d30-a173-298a8c4140fd,10,1,0,0,2,4
65fc10fe-1892-45e7-9001-1445fd513154,30,1,1,0,1,1
3577c999-3097-4ffc-80a6-bdf44968c04f,50,1,1,0,1,2
76e3ed43-9b31-4bb8-890b-9fabed37b52b,50,1,1,0,1,1
5758e2dc-051d-4253-a95c-dca4d6bacb07,50,1,1,1,2,4
fa4e30c4-af97-412c-93f2-e5ac482d080e,50,1,1,0,1,2
01fcd9ad-1ecf-4983-938d-bb825b86742f,50,1,1,0,1,2
0c14f50b-63bd-4abc-a09d-ec5b44c5078a,50,1,1,0,1,2
48d354be-0294-446a-b1e3-685a616c7d20,50,1,1,0,1,2
5d792693-1836-440e-b0c7-79bf3d17159d,50,1,1,0,1,2
23e6019d-5c7d-4c6f-834e-807368afdc6c,50,1,1,0,1,2
49659514-8bd9-424e-9c79-f96a8ba25b08,50,1,1,0,1,2
c2fe5677-a1a4-47be-928d-d6d0ac81d79e,50,1,1,0,1,2
b779bcde-de4e-4e43-a7f3-b7dc0f9ee522,50,1,1,0,1,2
33ca09a5-2190-4480-92ca-9335ad8280e3,50,1,1,1,16,32
2cf019d6-932e-47ee-93a0-366099b9e967,50,1,1,0,1,2
188339bc-2d15-42dc-9910-7562b2df604d,50,1,1,0,1,2
7ba5c984-143e-4b2d-af19-8e33b3f5bbbb,50,1,1,0,1,2
72c898ca-3e94-4e52-b54b-2f8c4ac62824,30,1,1,0,1,1
86378d4f-8c24-4798-88f3-23f5d8f314ee,50,1,1,0,1,2
1fd3d832-913a-49ed-b9bb-3242ff81a3b5,50,1,1,0,1,2
4269bc7f-fb9c-455d-bd80-5ddc0442e9ab,50,1,1,0,1,2
2b0865d4-0828-402f-b5c5-ab14a04a390f,50,1,1,0,2,4
3e7617e9-985d-495c-900b-deec8f552039,50,1,1,0,1,2
eecf69b0-ea7e-4ddc-8a08-8b9ec7c3156b,50,1,1,0,1,2
cb2f67cf-f680-48e0-b083-54bfec578f4b,50,1,1,0,1,2
4dd1c9eb-7cce-4f37-a8ec-522725a644ff,50,1,1,0,1,2
72fc0d0e-d725-4fd3-bb0d-a54c69a380a6,50,1,1,0,1,2
ace94ea2-1ea5-42d7-ae90-cb5573802851,50,1,1,0,1,2
963ac4d4-3334-45b3-8f7f-521fbe4142b6,50,1,1,0,1,2
23632825-212c-4896-b695-38ea54b89759,50,1,1,0,1,2
3ca0fccb-5041-4ec2-9f53-0d0e67ebee55,100,1,1,1,32,128
dae2d80f-8dc0-494f-abed-75303428a3a2,50,1,1,0,1,2
10e0a131-7ccc-4a5b-bb40-dd9743ab2bae,50,1,1,0,1,2
16c4bfd9-1af5-416c-9d88-13a7cfd5aa53,50,1,1,0,1,2
af239471-709a-415a-b3f3-cfab3963cece,50,1,1,0,1,2
fa05a2f3-c892-4de4-910f-bab0d8ac6a5a,50,1,1,0,1,2
e76d7a71-2f59-4cde-ae4a-9ca4cfa69419,50,1,1,0,1,2
8bd05655-d558-403c-8090-c3cbef66f819,50,1,1,0,1,2
9f4ec613-dddd-4daa-a8b1-de7d782090b1,10,1,0,0,2,4
7bf53ba3-d2cc-460d-86e1-12e78fe8697b,50,1,1,0,1,2
d92b8bf2-b622-4031-adfb-87fe4bb989e0,50,1,1,0,1,2
1d652a5e-6e19-403d-abe8-77ee5b5da64c,50,1,1,0,2,8
3b900c05-349f-4b52-87ae-1d4024044e45,50,1,1,0,4,8
63731794-9403-4ae6-b918-235eabace248,50,1,1,0,1,2
9ce911e2-3ef5-43ad-b979-1efdffc45e59,50,1,1,0,1,2
0caab07b-ef1b-42b9-98f0-447869d9005b,50,1,1,0,1,2
bf55e0b5-003e-4dc3-9e1e-85058a976258,50,1,1,0,1,2
a121a599-441c-4379-97b3-37f693903482,50,1,1,0,1,2
9e52d9d8-50c5-4eb0-9adf-f1d5e2b6536e,50,1,1,0,1,2
12c1c513-4992-4ca0-aa0b-12231bfa60ad,50,1,1,0,1,2
577f8ba8-ff2e-4f38-bab3-170e2030c653,50,1,1,0,1,2
da817cb1-b90e-489e-9c2e-af901be24062,50,1,1,0,1,2
f664926f-da5c-406c-bcde-24e5d664947c,50,1,1,0,1,2
7dbdd13a-176c-4130-b697-ba434cf8e754,50,1,1,0,1,2
beacf0bc-b0f3-45e4-87ee-a6bf284a3aac,50,1,1,0,1,2
25fdb42e-3c39-4c76-96df-8a7914398280,50,1,1,0,1,2
dc7dbf63-9f9f-49ee-8220-17ee019d3b82,50,1,1,0,1,2
edcba6ef-5e12-42bd-b016-b33a9ab00d5b,50,1,1,0,1,2
4f21bf6f-8b71-4eb6-b2d9-76ca005244e3,50,1,1,0,1,2
b0f25c3d-cfa2-452b-8f04-7c8f15c773b2,50,1,1,0,1,2
09d6886d-581e-4bc3-82c9-54ea993fda90,50,1,1,0,1,2
f3255523-db87-478f-994f-a84b83353c02,50,1,1,0,4,8
c998bb21-d024-4474-80f0-67bef5c051e2,50,1,1,0,1,2
26d51669-42d8-48e8-a132-25e732865e26,100,1,1,1,64,128
748062a5-d77f-4fa5-9428-dd44bac3fb8e,50,1,1,0,1,2
124e7b42-168a-4df4-8c98-544abb1a7718,100,1,1,1,64,128
d8b05362-d76b-42dc-a0ab-4b776f77b82d,50,1,1,0,1,2
38ad324f-cd3c-4f6c-9e78-d8dbbf052bc9,50,1,1,0,1,2
a969db0e-b81d-4f29-a929-9c6db0f7ac54,50,1,1,0,1,2
1ddd6208-21a8-4cfa-9ab3-1b620ab1f848,100,1,1,1,180,464
9260650f-fc7b-4051-bd25-cb7dbaba549e,500,1,0,1,180,464
befe4b58-8941-4fd2-9771-6a5bf56d62d2,100,1,1,1,180,464
bc1a7311-9b76-4d7a-aa36-fe74afa38515,10,1,0,0,1,1
2f78f621-60fe-440c-bdc3-3244773895a2,50,1,1,0,1,2
1b4fab43-4518-4e9d-99ca-6f04e8ee2ad4,100,1,1,0,8,16
4475b03e-75ab-4937-9bcc-267cb0546b44,100,1,1,0,8,16
08ab9565-2e8c-48be-ada5-4b1353787602,100,1,1,0,8,16
7384bcb5-16ad-405d-ae54-e345ce50271d,50,1,1,0,1,2
2a29f989-aad9-4cc8-9ed3-a63638428d50,50,1,1,0,2,4
3fdead70-8687-4045-b031-54d6b3b9c6ca,50,1,1,1,8,24
ab4456c8-f2e7-43ef-838e-6ff8e9d953b2,50,1,1,1,8,24
e338daf1-d1a2-4a4b-b783-47b574973ebc,50,1,1,0,1,2
e5a07e1b-ca36-4647-998e-bc11217cdf9f,50,1,1,0,1,2
bdee6501-f956-48af-b846-1b5c197d9b08,50,1,1,0,1,2
bfda3241-4266-4f40-80d0-65296e67feb6,50,1,1,0,1,2
8d6124b7-b571-4b1a-8496-51ebf5798731,50,1,1,0,2,4
7ebb3952-885a-4597-a593-bafbabf32cc9,50,1,1,0,1,2
f635f463-15cd-4724-b5aa-63c00f71bc4c,10,1,0,0,1,1
7eabe5a4-c5e1-472b-b028-d09fb90d9bde,500,1,0,1,64,256
cac7f7e1-0848-4eaf-b871-b949615df13d,50,1,1,0,1,1
c79bc6ee-d4ad-49da-9fcc-f9d0776f2142,50,1,1,0,1,2
70205bc4-28de-4a58-a908-a1a8d4fc8a8c,50,1,1,0,1,2
20c86f16-b40b-4b2d-903b-310bdeb19e73,50,1,1,0,1,2
f2313068-eb31-4f5c-8b10-9123e25aa5ed,100,1,1,0,8,16
d86cd890-fce6-40b7-9084-e22223416858,100,1,1,1,8,64
d3dd7aeb-3fe2-4226-bf07-662dda6295cb,50,1,1,0,1,2
05aebf7e-3b0d-4d00-9bc8-152df9da9ee0,50,1,1,0,1,2
491315a3-2a10-49e9-af85-dad325e96305,100,1,1,0,8,16
177aef63-9e63-44e3-9395-518344761dc3,100,1,1,1,32,128
4c941546-4008-4f30-ba4e-a554ab673143,100,1,1,1,32,128
366ec206-c7d9-4b6b-97d1-19ca2c936603,100,1,1,1,32,256
0a0a7b84-2279-405e-9cbc-b395c725e01a,100,1,1,1,32,128
187b1e21-e883-4968-bfef-870e29301d53,100,1,1,1,32,128
0ffa7272-a468-4777-bd9e-d05a27a2032b,100,1,1,1,32,256
271819c4-8fa4-4caf-bfba-f9514d61631e,100,1,1,1,64,256
5610f76b-6ada-4f86-aecb-0152bec3238f,100,1,0,1,32,64
18026751-6e86-4543-ae8a-23395ebfb3b7,100,1,0,1,32,64
5222686a-fa44-4590-8a0c-fac0111012ac,100,1,0,1,32,64
00d7daf3-2a80-4439-88f0-aa68c42b959b,100,1,0,1,32,64
52da2793-b07e-46cc-b372-f96959f5dfe5,100,1,1,1,32,64
14bda5fa-38af-49a4-98e7-51bc6758b466,30,1,1,0,2,4
53c2bcf9-e897-4dd6-baf0-5a0d81b36df5,300,1,0,1,8,16
11666978-8434-47ea-a740-610edeb09a36,100,1,1,1,32,64
16067d32-0672-45a4-bf35-2bb356ba9ecc,100,1,1,1,32,64
28ae3ab2-eabf-4b8a-b045-4480c2eac42c,100,1,1,1,32,64
ba83c5ec-8b33-4d11-9c6a-0791b9c99dfb,300,1,0,1,8,16
2b076f27-f834-4bc5-a52d-5e0efafc2ce6,10,1,0,0,2,4
25685e6b-17c3-4503-b793-b094e79baaca,10,1,0,0,2,4
466dacf7-d453-4b62-b0f8-94f224aeb7c3,50,1,1,0,1,2
826468b3-bbd1-4aa8-852c-e4bbeb4f741a,10,1,0,0,2,4
3dafd9c3-3cb1-4224-8bda-2ff5399d8025,30,1,1,0,2,4
61454d9a-bb20-40d2-9b63-b27716208ddc,50,1,1,0,2,4
342fa6e9-3300-4d9e-a03f-ec6f76d13ab4,10,1,0,0,2,4
f412f1cb-3508-451d-8b6c-23d0b015934a,50,1,1,0,2,4
c1f7576f-5cc9-4095-bbf9-e5ca55a8ec6d,50,1,1,0,1,2
cf587718-8f30-45d5-8db1-841369ed163b,10,1,0,0,2,4
c206d001-20dc-4753-b48e-7dc6a93224cb,10,1,0,0,2,4
9209ad78-4a22-4630-95ed-840c02cb3874,10,1,0,0,2,4
85187a8a-d504-4fed-8856-f0b62886e9db,100,1,1,1,32,128
0a001e83-e7f3-4b22-864e-4838c02959d4,100,1,1,1,32,128
1b320315-48bc-4e0e-b830-226f4e161d6c,200,1,0,1,32,128
09dea4ec-5626-48a9-9375-706d144c0ce9,200,1,0,1,32,128
2d884e31-290f-4bcd-9f90-4bdff0d4a0fc,200,1,0,1,32,128
10003546-ea58-4b80-b83c-128661e83c97,200,1,0,1,32,128
dfe01214-4f16-4649-9b8e-734ef2aeca72,50,1,1,0,1,2
3337c556-167b-4ed4-9225-a771cd042c50,200,1,0,1,32,128
b6301c7d-2499-41f7-bb2f-327837f6b2b4,10,1,0,0,2,4
c8c2d918-455c-45a2-8966-88b82ceee959,100,1,0,1,64,128
8d23e3ad-cd30-489c-907b-ecd4bc42bc19,50,1,1,0,1,2
49a1e07b-809c-42c6-954c-49e9f830e0d1,100,1,1,1,32,128
5b5c20db-8644-46c3-ba4c-8c2b36389bc3,100,1,1,1,32,128
41a63a27-a027-4d79-bef5-4927b990d54c,100,1,1,1,32,128
154b9581-0355-4c82-8bca-05181ec80095,100,1,1,1,32,128
11e54b55-cf94-450f-8566-4c57f5fe285b,100,1,1,1,32,128
749d1304-9020-4e7d-99f4-62cdbd4fcb39,100,1,1,1,32,128
6639909d-e9e3-4763-9126-a9f0cf53f6db,50,1,1,0,1,2
dbeb4546-0c06-441c-863c-7340c8202327,50,1,1,0,1,2
af9de7f0-f165-48b7-a58d-cfe79199bea8,50,1,1,0,1,2
104fecf6-8c25-409b-b4f5-dcf1d9562dd7,100,1,1,1,32,128
b4541a04-c7a5-420c-bab6-b4c1af3fcd09,30,1,1,0,2,4
ebe8f198-8609-4063-8c0e-ebd036ab779d,50,1,1,0,1,2
2ad4d1da-21d1-4815-81ab-e185b49a8083,50,1,1,0,1,2
2070b7da-c0e7-4f2e-832f-e786d3cb1815,50,1,1,0,1,2
f3614a3c-6fb0-4650-ae47-e1f442722d8a,50,1,1,0,2,4
d8953fb5-4269-4757-96c0-41b59e8c7230,50,1,1,0,1,2
6979ccf0-7971-4f19-a571-ed8868591fd9,10,1,0,0,2,4
1c255559-3983-4c75-8efb-98060df1c91d,30,1,1,0,1,1
fd36626e-6769-4064-95d5-f972d3bc8b79,30,1,1,0,2,4
916ada55-6749-4084-b06e-4c79df319530,100,1,1,1,8,64
5aeb3405-ba0e-4b2d-bb05-e46ec4ed108d,50,1,1,0,1,2
5ded01a5-e109-4a63-b395-ef8f617e49be,50,1,1,0,1,2
8c6a09de-e238-431c-8725-095cebc2cff4,50,1,1,0,1,2
c5cf9af3-6f57-4744-8546-ff1a9038b78e,100,1,1,0,8,16
41f65703-86ed-4ae7-aefb-f91410fdfc34,50,1,1,0,1,2
d4fbf3dd-7db4-4770-a866-c60c683c65e0,50,1,1,0,1,2
919b95ff-51e7-4b9f-9f1a-42182caddece,100,1,1,0,8,16
a9ade8d8-0671-4c71-a2ca-4e04220936b9,500,1,0,1,8,16
44c1e61e-15f7-4f56-be9c-aa6ccbeaa144,50,1,1,0,4,8
4eefeec2-c987-49bb-8f09-fb7403a8fb9c,100,1,1,1,8,32
88ae5870-e617-4e5a-bec5-1781504c537d,100,1,0,1,16,32
9ff7116c-73dc-40f3-8ae5-6efdb80fe777,30,1,1,0,2,4
a4d1b74d-fe34-45f0-a3a5-79ad50c775da,50,1,1,0,1,2
d30d15e0-89c6-4ef3-a44d-c8d5dc42ff71,50,1,1,0,1,2
e2495413-fa33-47b1-9f77-20a009a88f96,30,1,1,0,2,4
bf0f9061-955f-4806-8b2c-835eacbea54d,30,1,1,0,2,4
1c010edd-125e-4be7-b11a-80c54b062bb5,30,1,1,0,2,4
c8d0c980-3009-4e33-bfea-8cbda9e6f908,10,1,0,0,2,4
462ee188-0622-48dd-bcdb-92bd369e9ddd,30,1,1,0,2,4
91ccbe07-8a08-4fb4-b99f-f85c376ca57f,50,1,1,0,1,2
9fb27242-b3d2-4afd-b32c-ce873c46a211,10,1,0,0,2,4
b427df3e-7ff1-4b71-89de-302e8668fbeb,50,1,1,0,1,2
880025d9-d4bf-452c-854e-e5fa06d25eca,50,1,1,0,1,2
10b77c69-a411-4e62-ad9f-e7dcef3e4ccb,50,1,1,0,1,2
ee9876cd-38d9-48ba-b2f4-d1dfb4bb54e2,10,1,0,0,2,4
0ce4f375-8ff0-4f5e-8fe3-de0e373b78a0,100,1,1,1,8,32
d7c647ad-897c-49ed-a20a-69e4895528c1,50,1,1,0,1,2
edd23ede-be74-4d78-9ca4-f2c399de7b59,10,1,0,0,2,4
d2e7d038-b3cd-4489-84dc-3352d06d02cc,10,1,0,0,2,4
f3c2c207-44f5-4864-a622-2750221125ff,50,1,1,0,1,2
2edc4e23-44cb-4263-930b-bae05c04205c,50,1,1,0,2,8
a8cb4dd9-7395-4db8-8302-491417c0a094,30,1,1,0,2,4
dba26ad3-1f30-45d5-b534-ab934d748efb,10,1,0,0,2,4
83e82fb7-9300-44ea-ba96-cb301a1a0f32,50,1,1,0,1,2
942b4ce9-f279-4b18-a78a-aa06316a05d7,10,1,0,0,2,4
11f18c54-b9fb-44ab-9033-eb8cd70429ab,50,1,1,0,2,4
cdd878d3-eae1-48bf-b21e-a23526a67ca7,100,1,1,1,8,16
b378caf7-35d8-4082-a586-523a7c181020,30,1,1,0,2,4
c6449289-a5a0-47bc-89c7-554ff07d1866,30,1,1,0,2,4
bcaac08c-3744-4864-9cee-7a766fd4c890,30,1,1,0,2,4
c77c4543-9795-4113-9e2b-67ae2b492b1b,50,1,1,0,2,4
d343e506-b6a3-4efd-88f1-5f8ac52b16ea,50,1,1,0,8,16
d1a5f21a-ef78-4ce7-a02c-27cf93ee59d8,50,1,1,0,8,16
8d48dd72-0f66-46a7-9c83-e0a8afd707d7,100,1,0,1,84,256
804962e6-d5b7-41b0-90fb-b1a20c40eae4,10,1,0,0,2,4
a56942e2-40aa-45ad-8590-8d6cf53864a0,50,1,1,0,1,2
bab23b06-9d8a-4784-9a33-4b6746afc52e,50,1,1,0,1,2
e8c89696-c4db-4a93-aef5-2b812024b464,30,1,1,0,2,4
3acddaf2-b90e-412d-b503-86022077373a,30,1,1,0,2,4
4167443f-7c25-4c42-aea1-2ec8dbae389a,50,1,1,0,2,4
7684a040-fab1-4f27-8f8f-5ccbb77d43a7,50,1,1,0,1,2
69261ab7-3c10-4a01-aa71-b5fede13dbbe,100,1,1,1,8,16
12d813e7-53e5-4657-b206-087f2cf86f4b,50,1,1,0,1,2
25eadddf-7f0b-4f3a-8667-30e52cc874c0,50,1,1,0,1,2
ccdddf60-0abd-4d74-9f22-47831d44e87b,50,1,1,0,1,2
2da241c4-4d9f-4103-a835-d8f773dbb06d,100,1,0,1,64,256
2f74ff94-7ce4-4994-8392-97a2d839a12e,100,1,1,1,64,256
4f539b51-a5e3-4a6f-afc2-d49afef431ec,50,1,1,0,2,4
047eddf9-d103-4e18-a7a0-cafa506a7b4a,50,1,1,0,1,2
fdd21402-c3b9-482b-89c1-f2caf56d1896,50,1,1,0,1,2
bbb15170-7487-4237-b35b-294614c82c75,50,1,1,0,1,2
6911a4de-2624-466e-800c-eb2dcf620c6b,50,1,1,0,1,2
d4be619e-8882-438a-b941-56f479d6b6a1,50,1,1,0,1,2
baf620d4-4d4f-49ef-a3d1-74ae4f04c5ff,50,1,1,0,2,4
413e12ba-f6dd-4d02-b3e1-68e96a234a03,50,1,1,0,1,2
a806ff2d-b9d7-4264-9007-69340c19ebcf,50,1,1,0,1,2
21f40099-97da-4e86-8c68-e603f99c9c8f,50,1,1,0,1,2
116ca3ad-4de7-4b68-911c-441efb203e6f,100,1,0,1,64,256
9a975210-281b-456f-af94-f0e5ac082df4,100,1,0,1,64,256
dce4fbd5-adb5-498a-8c16-617a5ba553d6,50,1,1,0,1,2
7a8ee244-3ff9-4408-99ca-94aeaefa83a7,50,1,1,0,1,2
92a071dd-1b31-4762-8644-25e1b6d63229,50,1,1,0,1,2
c192b190-6ecf-42f0-89c6-af6a10ade80b,50,1,1,0,1,2
ef7e5dc7-5a9f-4b67-afec-cc532c5cbce5,50,1,1,0,1,2
3c42c50f-bf7a-41bc-9d2c-77895bed695b,50,1,1,0,1,2
6b18aa00-0113-4d48-b16b-548aae477861,50,1,1,0,1,2
5dbadc4a-31be-48e4-b9ed-12d4e6cc1f4b,100,1,1,1,64,128
926f38b3-fda3-4387-b22f-84d0131663f4,100,1,0,1,64,128
f4fe72f8-5065-4701-9646-d85b9cf5e691,50,1,1,0,1,2
64e615c3-9e7e-4916-8c82-7367176c7d8d,50,1,1,0,8,16
2930a2f9-f08e-4f98-8927-63ab9126b65f,50,1,1,0,1,2
a97be80e-dede-4c6a-afcb-f0e9f43805f6,50,1,1,0,1,2
01c16ca8-8624-4b78-92b2-303eddf1d333,100,1,1,1,8,64
7f9c27ef-9bbe-4063-b850-89729aa74684,50,1,1,0,2,4
f289f21d-4cdc-4be8-be7d-668ad56a0173,50,1,1,0,2,4
a44037df-7dc8-4285-a9e9-b39ccba25cb1,50,1,1,0,1,2
a69f3bb6-ad50-4a5c-b44e-3fcda495eda3,50,1,1,0,1,2
4a99d30d-0c24-43e7-a505-d08f64804755,50,1,1,0,1,2
dcc5f1ae-6274-4014-a93e-d69261060ef4,50,1,1,0,1,2
3819b7b2-1b9e-492e-a4f0-3394d8cca947,50,1,1,0,1,2
16896528-f353-4b71-9b15-c10ba36dd9c9,50,1,1,0,1,2
6faeef0f-9386-49b6-94e9-c2c3f708c669,50,1,1,0,2,4
fd6ebd0a-6a50-43ca-98ad-248308c363ee,30,1,1,0,2,4
ad6fe5fd-f7ce-46ad-8326-a021c7f54942,50,1,1,0,4,8
d52c98e9-a6ce-4539-864e-c142825505aa,50,1,1,0,1,2
4a7af47b-0dba-4008-b731-9ff5735fb1af,50,1,1,0,1,2
b1097362-7a37-4acb-80ce-5d4b279358f6,10,1,0,0,2,4
bb344dde-8410-466b-87b0-fb570e235a23,100,1,1,1,8,16
82ce15cd-4a6a-4245-9928-20ffd69fcb5f,50,1,1,0,1,2
dbcd5d45-ab3c-4ae0-8048-a0fe899a8e45,50,1,1,1,16,32
f6716a64-44ca-4958-a23a-98b3aaf26bbf,50,1,1,0,1,2
b60c397f-8285-430e-9a4e-765ad2e6f6f9,50,1,1,0,1,2
6e1146c5-9e31-4479-b08b-a5ad09110100,50,1,1,0,1,2
309ec49b-fc49-4162-abf8-ec4d40068257,10,1,0,0,1,1
f42c09c6-f7c3-4642-bb25-67ab720d71a2,10,1,0,0,2,4
00d0271f-fa05-4aa5-bf5b-60188e4d9d78,30,1,1,0,2,4
43336332-d2ae-43f9-a6c2-9e7cc6c01c03,10,1,0,0,2,4
b3e749fa-5975-4fa6-ada1-67b75c46c06a,10,1,0,0,2,4
60049a68-bc1e-4152-88ef-96d7be83b59a,10,1,0,0,1,1
8464ea21-6561-4673-8019-5df48a9fcbd2,10,1,0,0,1,1
c338c6e4-3dbd-4eff-b2f6-625c0438c090,10,1,0,0,1,1
7f22788c-88ce-4395-a9db-54e45b9e1051,30,1,1,0,1,1
eee0f83c-60ce-4ed6-8235-96ca08324765,30,1,1,0,1,1
f4f3a4aa-1aed-4cd8-9b02-7e3dfe8bdf47,50,1,1,0,1,2
02c5c3ff-13e5-4401-9efe-aef332ba2ad5,30,1,1,0,1,1
492bbca5-65b6-471d-9e43-7696072b1008,30,1,1,0,2,4
8309767e-cf68-4dfd-a2a0-bae77095063b,30,1,1,0,2,4
251434a7-7ee3-47a8-879f-7ad3b480d847,100,1,0,0,4,8
c12f4bba-0099-4053-b201-07c17db2190a,30,1,1,0,2,4
c157a209-f3dc-4529-9fd4-5a7938e69cc9,30,1,1,0,2,4
d91220e2-fd4f-4fb3-84d5-3550457d4766,30,1,1,0,2,4
1935293d-3bbc-40fd-9500-480c7d0fde49,30,1,1,0,2,4
b1132b1c-e13f-4e18-b248-804f46401664,30,1,1,0,1,1
cc2ef5b8-ded6-43f2-9a7b-e1776542f3f7,30,1,1,0,1,1
25afeaee-b4cf-4b0e-97ef-ebd3d658c893,10,1,0,0,2,4
7c89c1cc-8d6f-4909-b773-b3a381036920,10,1,0,0,2,4
8afd1662-77c8-4b7c-beb3-1f66cc2028da,10,1,0,0,2,4
d2af84d5-80da-4436-834e-c5b1136864a5,30,1,1,0,2,4
fa4f5d03-0966-43eb-8de4-1afdf689bf4d,10,1,0,0,1,1
47e3931a-e0f4-4847-9ea2-3d8cb1d45cb7,30,1,1,0,1,1
7abf231b-01e6-4079-907e-399d46e8d3bf,30,1,1,0,2,4
a1d4f814-32d2-4f13-a48e-726550186f0e,30,1,1,0,2,4
9aac0935-54a6-48ed-a975-0b0d73db4b4a,50,1,1,1,8,32
cb370616-6772-491f-8b0e-91820112fc25,30,1,1,0,1,1
0a76890d-30c5-44ca-b624-1d4c88472c18,30,1,1,0,2,4
698687b8-2652-4e20-9f14-04bc91119342,10,1,0,0,2,4
df1c081a-6746-4374-9360-01bf288d5370,30,1,1,0,1,1
4a30f257-7a99-4c48-8151-4a6469353bdc,10,1,0,0,1,1
2c159ccf-25d9-4575-8d1a-b9b7e93d7ead,30,1,1,0,2,4
67ce5d41-f7d5-40b1-b811-ecc60116789a,10,1,0,0,2,4
b27381c4-a9b3-423c-8499-6f872cc4bee2,10,1,0,0,1,1
b35f8f6f-b350-43b7-8ecd-d43dd3a506d3,10,1,0,0,2,4
736a61cc-2dae-4de3-8805-231874a16d88,10,1,0,0,2,4
af3f5bfd-fa5d-4869-a3f5-4ead1fa775c8,30,1,1,0,2,4
6093c0f8-0f2f-4298-bdde-1592f4f1f0b6,30,1,1,0,2,4
3fb13ca6-f03b-4a9b-bafe-042a389cad93,10,1,0,0,2,4
903ed7c0-8f47-493d-a794-a0c7a5eea689,30,1,1,0,1,1
4b73f311-df80-4bc9-8344-d880f7d55db9,30,1,1,0,1,1
6634e4dc-57a4-4aed-ba0d-f60aef12185f,30,1,1,0,1,1
54f8e6db-a617-4713-8ba3-8841b88a19c9,30,1,1,0,2,4
4a3612f2-d416-4612-ab8e-c9c69f8f6b91,10,1,0,0,2,4
65f1a555-6f90-43c3-88b8-07aaf1f4ff7d,30,1,1,0,2,4
074e86a7-e3f8-4981-bb04-2f61b051572f,30,1,1,0,2,4
9e68fbbb-50d7-4e77-8e1c-3d08fc01aca9,10,1,0,0,2,4
3bf56868-7560-49c0-8185-2ae4c3680bf4,30,1,1,0,1,1
8066198b-b360-4e27-9e53-ef90b2844a74,30,1,1,0,1,1
159d25f0-d37a-41aa-bd5a-93b6e7acbbce,30,1,1,0,1,1
bc3cea91-0409-4ff2-8e8d-eafa923035db,30,1,1,0,2,4
567fea4d-e980-4e6a-b9db-dd1466016a13,30,1,1,0,1,1
625ad61d-5cec-4f7d-80d7-e787fd0294a9,30,1,1,0,1,1
aad401a0-020d-47a2-a01a-20aa2d0253a8,30,1,1,0,1,1
1dfe8bc5-4e84-4b69-b067-efa19c0b0f27,10,1,0,0,1,1
dbbeaf18-63fe-4d3a-bf28-1a15df4e3135,30,1,1,0,1,1
096718fb-fb34-42ea-87d2-11d72bd37ab7,10,1,0,0,2,4
f4bd2dab-42cf-4cd3-8cc1-d6a32d6a93c8,30,1,1,0,2,4
922be569-c0a7-4a40-965c-383ee966bbfd,30,1,1,0,2,4
227a0d5b-0b12-49f9-938e-63f37afb00b9,10,1,0,0,1,1
bf563f94-f30c-42e0-8112-097dcb1b36a7,50,1,1,0,1,2
76e3d028-0bed-4093-a085-e09a20cc1bdc,30,1,1,0,2,4
aa3a0fb0-85c8-4b27-81ae-e649c81ee2d6,10,1,0,0,2,4
b0f55627-8a6d-4bb9-bcb4-780da9af5f9f,30,1,1,0,2,4
a54c95a8-9e6a-4d3b-9745-e5b343b8f0d0,30,1,1,0,2,4
a004edd4-9a2b-449f-8098-706e670600b2,30,1,1,0,2,4
3bf80d03-248b-4763-9393-33a39f14496a,30,1,1,0,2,4
778b6674-f784-4303-9e9d-461522dd4abe,30,1,1,0,1,1
d8cc7fac-7036-42ef-93cd-7cadbb117787,10,1,0,0,1,1
01ae9767-9210-441d-8461-3c3d3193f651,10,1,0,0,1,1
50e773c3-a768-4b07-8ae4-d6786c36fb7e,10,1,0,0,2,4
8084e00b-42b4-45d9-97fb-33b538c5f26b,30,1,1,0,1,1
e07f51be-2c76-4c34-b387-e76dd43deb59,50,1,1,0,2,4
d2b18264-f508-4861-b35b-134339282312,30,1,1,0,2,4
51beaaf1-e13d-403f-83a0-bf0a9eb69b86,30,1,1,0,1,1
127ba76e-cf36-4702-b412-3afddef948fe,10,1,0,0,1,1
2a85c1b1-9900-4eef-8580-8bb5e287bd60,30,1,1,0,2,4
39b625fc-3771-47e6-b9ff-200c2bbe4b47,10,1,0,0,2,4
58cc3fc2-e8e6-44d9-b11e-3e24506c899a,10,1,0,0,2,4
597c3eac-9225-4560-9e7c-dab68fa8e483,30,1,1,0,2,4
5c7312b9-f26d-40e3-90a8-0bab934ad146,10,1,0,0,1,1
6a0b424f-ce7a-40c5-895a-55c61b0f9752,30,1,1,0,1,1
d72794a7-5286-42b1-abc0-862382c29807,10,1,0,0,1,1
76748768-10f6-4d73-86a2-61e563cc48f4,30,1,1,0,1,1
bec41ac7-baab-4bed-9feb-6487f4b7530b,10,1,0,0,1,1
e9440839-0f61-4197-a430-d1a79c6519c7,30,1,1,0,1,1
2a5a0375-fe3f-4085-ae8c-a7d52de17d80,30,1,1,0,1,1
f8c2f963-6ee1-4866-9e84-05f385ba6bb0,10,1,0,0,1,1
78b8845f-b418-4aeb-ba61-bebc739c273c,50,1,1,0,1,2
42ec877b-74a2-4a46-9670-d360f0870762,10,1,0,0,1,1
c873299a-aafe-4167-9772-65d01ff25799,100,1,1,1,180,464
a9c19006-f141-4ec7-b9d3-f7af70662320,30,1,1,0,2,4
ae5e6ea6-a0af-439c-bfcc-c6f243af8afd,30,1,1,0,2,4
caebad6c-7491-4709-95ef-8e1b686bf86f,50,1,1,0,1,2
eae4a1c5-8ca6-4e9b-aa6a-ca798e1c4c61,100,1,1,1,180,464
0df92e27-cf96-40f2-96f5-b22a4ba8caaa,10,1,0,0,2,4
89c5da12-ed02-4a47-9862-0b72c6fcfb5d,10,1,0,0,2,4
28d52b29-55cf-4a20-843b-ad7c24372487,100,1,0,1,64,256
ccb9c14a-d7f7-468b-815e-caf9d2cfa783,100,1,0,1,64,256
db18da51-b8c7-49a3-835c-d672815fd301,100,1,0,1,64,256
fbaae2ef-f66f-404d-8805-7bbf11389bfc,100,1,0,1,64,256
a06c1d86-9c93-4a76-8aba-bef7b9e3b1a2,100,1,1,1,180,464
00e41dff-8874-484d-9fd5-d80ef6f76e4c,500,1,0,1,180,464
2cecc85e-d89c-4b02-9ce7-cfe046296f7c,100,1,0,1,64,256
3997f358-b489-42df-8ca2-82630ac4c3d1,30,1,1,0,2,4
32178a8d-60a1-4da3-8780-454d7430965a,50,1,1,0,1,2
2c3567dd-7a54-48f5-876b-f4f63e8b145f,50,1,1,0,1,2
e9fc6325-45f5-482b-8645-a1e7681d7f5f,50,1,1,0,1,2
a2eee2b6-d263-46d2-880a-9228c063c424,30,1,1,0,2,4
eaebb5ab-fd91-4e94-8fbd-a2731dc17ad6,50,1,1,0,1,2
f3136edf-0913-45e1-b17e-e465de6e064c,10,1,0,0,2,4
47884cd6-a95f-46cf-8707-21144460ff85,30,1,1,0,2,4
186fae14-5e9e-45c1-9eda-20347ba7e9ba,10,1,0,0,2,4
1b2c551a-3ae2-4839-98f7-62ab89fee712,30,1,1,0,2,4
f0365933-aaef-4381-a1f9-85b4b3c99c02,30,1,1,0,2,4
4d3fe4fd-db90-4fa7-8c81-e6ca54ec64c3,30,1,1,0,2,4
33f15b65-cce3-42c7-b931-e42606445a1c,10,1,0,0,2,4
479e9fdb-1756-438d-ac6a-33393e50b065,10,1,0,0,2,4
13a9fe66-9ae9-40cc-a6b9-654ed843ddf8,30,1,1,0,2,4
8c5dd830-f2f7-4d4e-819f-98ab30a7ed3a,10,1,0,0,2,4
1f9131ce-c4d9-425d-9da8-2e37348b48af,30,1,1,0,2,4
e9e93180-18da-41c4-a38d-67a1eca9ed9e,10,1,0,0,2,4
a54f7aba-f786-4520-b7d3-901c11a58027,30,1,1,0,2,4
47505012-27ed-4cfe-9f77-337c15a48b8a,30,1,1,0,2,4
c3f8dfcf-fd54-4109-8f1e-8d2d06839af6,30,1,1,0,2,4
f9d92215-785a-4ff8-8dad-dd8ac6a833aa,10,1,0,0,2,4
32b77524-0ed1-4d6e-8286-0d22d0da6d85,30,1,1,0,2,4
866b612c-44e3-4fb2-8cb1-ca880dc1a3d8,30,1,1,0,2,4
7b91db2a-6b0f-4d2e-a9f7-0c9860dea724,30,1,1,0,2,4
8fb2cc58-7789-4ca9-8d38-b31ad084a032,10,1,0,0,2,4
0326551c-9e45-4d86-93be-d491edc21f34,10,1,0,0,2,4
bbc11bd2-363b-490d-b26c-c12a1d3a86a2,30,1,1,0,2,4
08b583f5-57c3-4986-945e-6a71a3651f9d,50,1,1,0,2,8
383b9313-0cf2-4abc-967d-3779d55216d0,10,1,0,0,1,1
b7908584-c20f-4fa4-bcc8-fc4ef287e523,50,1,1,0,1,2
e907265b-9dd2-4081-9daa-ec5c297cd23c,10,1,0,0,2,4
fd3ecced-2374-48ec-b981-deeb86615aa5,10,1,0,0,1,1
3d394061-cd0f-46e5-9bec-8cc3855207d4,100,1,0,1,1,4
1a13276a-1cee-4111-8b80-7c2b25df4892,50,1,1,0,16,64
66352348-2a9c-4cf3-948d-efca457d8a5d,10,1,0,0,1,1
e3971527-5a0f-45c5-b64b-4452ae9769fc,10,1,0,0,2,4
74ef806f-cb61-42d8-b222-fc68fc350058,10,1,0,0,2,4
2160d18c-983a-4f58-95cc-b40686f1cec1,10,1,0,0,2,4
b9b35424-ed18-416d-8db5-8cac64effcbb,50,1,1,0,1,2
17aede25-7d43-4bfa-86d3-b42e62950463,50,1,1,0,1,2
519ccb26-142e-412d-bc1e-5b48d857f50e,200,1,0,0,2,4
7d66e243-7f3f-4619-a3fe-84ac87363d05,10,1,0,0,2,4
8f669471-4e63-44f7-9330-9f113a37a950,30,1,1,0,2,4
58a7082a-b4d7-4d1f-b429-e17259a5bbc0,50,1,1,0,2,4
b23f7a01-202f-4ec9-a4a5-79499914b00c,10,1,0,0,2,4
325a6b39-eacc-4ce4-956a-eaacb6a52ea3,10,1,0,0,2,4
a90e76c5-73f8-49fc-befa-b48c5c64ef77,10,1,0,0,2,4
afdc4d17-6958-410b-b010-cafb8e9e45e4,10,1,0,0,2,4
0438b9bf-820e-4311-b230-8265e8d27aff,10,1,0,0,2,4
cac775f8-e77e-4a19-ae57-65f9ff1d8138,50,1,1,1,4,16
92ec2134-e7d4-4cc5-a70a-2f01627478fa,10,1,0,0,2,4
8478ccf3-baf8-42b3-99e6-dc5587a0cb05,30,1,1,0,2,4
31286c61-350f-4a48-bc2c-b5bb7c908cdc,50,1,1,0,1,2
de055504-0c14-4275-844c-088b97fedb84,50,1,1,0,1,2
70f4724a-798b-49cb-a5a3-5294087c8698,10,1,0,0,2,4
9037a3e9-5fae-4d57-9bf3-e418fa2b85e4,50,1,1,0,1,2
88e56b86-f848-485b-9ba8-c0049e66b6d6,50,1,1,0,1,2
4c97f458-0209-4b34-b36a-ff6b73e313eb,50,1,1,0,1,2
95f45a2f-3633-47d3-b8ba-a1225173b610,30,1,1,0,2,4
2a06f56b-d207-4645-9a8c-929d97657ab8,10,1,0,0,2,4
a7265514-7ec2-4832-a8df-d00f1234d656,100,1,1,1,64,128
ba4d7317-47fc-4040-94ca-2721607488fa,100,1,1,1,64,128
88355136-a3a2-4248-9ea3-9d6db0794e5c,100,1,0,1,64,128
dc26f42e-b5d9-4311-98d8-d87a0435965a,100,1,1,1,64,128
762cd29c-d8e9-494f-8caf-527a3760209e,100,1,1,1,180,464
958a7a0c-a8d8-41a1-87f8-bf637c86c75b,500,1,0,1,180,464
4618751e-2d80-4cb7-908a-c571506ba13d,30,1,1,0,2,4
d8f5b22d-5d6f-4384-8983-98d383a750ab,50,1,1,0,1,2
fcb0033b-a379-4902-a5c1-9ef31994b587,10,1,0,0,2,4
f0601806-032e-4e75-a943-48f4892eb932,50,1,1,0,1,2
d4e01b69-b370-4ddf-a66d-9fab2a4342e6,10,1,0,0,2,4
bc67b83e-0289-460d-9941-c466fc462107,10,1,0,0,2,4
b7943c32-7576-445a-b147-7459898141b8,10,1,0,0,2,4
25854bcf-46f4-438d-9111-7d375c01e0d5,50,1,1,0,2,8
b51e858c-5ad1-43fc-9641-80c1c6bb0fa2,50,1,1,0,2,8
9cef6d9b-27f1-43f7-acec-6c1806dbacdd,10,1,0,0,2,4
26a356d1-100d-47ee-9535-4d140201dd17,10,1,0,0,2,4
2dccbcc8-4c9b-4339-ae0d-43feb1686ad0,10,1,0,0,2,4
2bc660a2-17de-4eb0-b07e-f235e209955a,30,1,1,0,2,4
6a38a28b-a08f-4c24-8a77-879d635e7fb9,30,1,1,0,2,4
732ea2ef-5b73-4659-8352-975444c013c2,100,1,1,1,8,64
1d64b3a1-4cfc-4bf3-b8f5-dc6f8de31a3d,50,1,1,0,1,2
bc2cf8f2-05b0-4c94-b962-4b1d2a6c94fc,50,1,1,0,1,2
bca19bd4-2d05-483a-93e2-bc66636aa246,50,1,1,0,2,4
5bc8de31-c7c1-4350-a3e0-579994fb740d,30,1,1,0,2,4
5e2b5c61-82aa-4d8e-876e-45d071e3a78c,50,1,1,0,1,2
17633ad7-715c-4940-9be9-b88d3e881a97,10,1,0,0,2,4
12dd2f3a-6e06-4706-8f04-0deaa99e75da,100,1,1,1,180,464
f4208d13-b7b0-492a-85e0-9a1d51744a7f,50,1,1,0,1,2
ff4b9041-2cc1-4cd6-8de6-2466a585d6bb,100,1,1,1,64,128
45b9065c-1eb7-42cf-8738-becaf4a6d4c6,100,1,1,1,64,128
8fd2990e-788d-41f7-ad18-4cd2c1cd5874,100,1,1,1,64,128
6bce4c8a-c1df-4c44-994b-71f50aee8f1d,100,1,0,1,84,256
e1c69747-2def-4c31-af24-a5f67fee613a,50,1,1,0,1,2
ef2a1186-8dfb-4970-a89d-6030df320731,50,1,1,0,1,2
98391f44-d557-4812-9530-c5747ddc1e8c,50,1,1,0,1,2
6e506059-5d40-42f9-8384-41d5a913b6c5,100,1,1,1,32,64
4dab39df-9a0d-44f1-884a-921b5c8df5f3,100,1,1,1,32,64
7afc55e1-ef97-4e70-a37e-1da38d8275f2,100,1,1,1,32,64
cd59d191-14d9-4a37-a3b2-e310da5aa25a,100,1,0,1,84,256
c5fc77de-1c12-4353-a1e5-0c23bdaa4f96,100,1,1,1,64,128
b251e6c0-d8aa-4eaf-afd9-a9289c9ef63e,50,1,1,0,4,8
669a8619-4e5f-4f0e-87fc-d0ca7393ec7b,50,1,1,0,1,2
dadbd9dd-37d4-444f-aeda-28823af4a054,50,1,1,0,1,2
53c276d6-03b2-4ee0-b59a-6bfadf0ecbe6,50,1,1,1,2,8
6eed3138-4cf4-4c62-885a-3862659c530d,30,1,1,0,2,4
de940f84-1c08-40ac-8646-26263bce6309,50,1,1,0,1,2
b2bf80fa-0d99-4041-8821-396e8315a73f,50,1,1,0,1,2
9eb072ef-800f-4403-8e3d-79ca59e4e46e,50,1,1,0,1,2
00ff3597-15b0-44a5-9825-67871967c0d7,50,1,1,0,2,8
4bc68308-f1e2-4b20-99ea-243c8606c919,50,1,1,0,1,2
56c03133-54a4-4973-9612-411f1f9cac08,10,1,0,0,2,4
9065f817-7c75-4a41-923d-574e7a6b3034,30,1,1,0,2,4
9851ed6e-a4e4-4a19-b9e6-15291eb14bfc,30,1,1,0,2,4
4bb2dca9-f9dc-49b5-8552-4716668ea377,30,1,1,0,2,4
72c30f34-dcf5-4fb0-9615-31d4f9c4b1b2,30,1,1,0,2,4
3a60f344-24e2-48a5-acdf-96998d8b8794,100,1,1,1,8,16
6a3d3393-de3d-48ef-bb4f-8e90b0fdd0cc,50,1,1,0,1,2
3e8ac308-6c66-49e3-a04b-dee6c6fc182a,200,1,0,1,180,464
bd6edc2c-b7f2-4d35-91c5-f47fe94e84ac,50,1,1,0,2,4
6ec1adec-252e-4c93-a303-4eb1f105ad68,100,1,0,0,2,4
eb2da9cd-4d02-41e8-b86a-76bc67f7ab36,50,1,1,0,1,2
2a93b295-caa3-400c-91cb-30307396f396,50,1,1,0,4,8
de35027b-9f5d-4abc-8c64-d038f8415dac,50,1,1,0,4,8
9cca39f8-dfac-454a-b784-b74c404b70ab,40,1,1,1,2,4
14a22069-5d97-4483-99cf-115ac5bcf202,50,1,1,0,2,4
c12c00d7-dffd-42ff-aaa9-ee2e507c520c,50,1,1,0,1,2
66955649-af1d-4d4b-989c-fa2785655eb2,50,1,1,0,1,2
9a00eb77-74de-445a-a8fc-63adbf160499,50,1,1,0,2,4
9d7f5dce-b4b1-4492-a957-3b9c5516e3cb,100,1,0,0,2,4
db1b4674-e434-4572-8a66-542cbd5048e3,100,1,0,0,2,4
ffb0a37b-0786-488e-84e6-29b997593fb9,50,1,1,0,2,4
670add9b-5e92-4348-b164-6e0ec83345d7,50,1,1,0,2,4
dae5fa17-5771-4f5f-a47d-71a5dc88e232,50,1,1,0,1,2
0dcb045f-e816-44fb-abde-e89e0be7ba13,50,1,1,0,1,2
449e496b-7857-4c97-9c95-45cde0c870f5,50,1,1,0,4,8
6891b64a-1284-47d4-aa27-addab568d73d,50,1,1,0,1,2
3e16dc90-c766-4c92-9494-b4d0ca05cdb7,50,1,1,0,2,4
6220d662-e8bd-4265-9155-265678f9e84b,100,1,0,0,2,4
4bfef15f-7563-42c2-8f24-3f72b3207ead,100,1,0,0,2,4
a7bd2761-5a94-4075-8a35-284073a745dd,30,1,1,0,1,1
51195cd8-377b-43aa-9ff0-49dc52b671fc,50,1,1,0,1,2
2d6d3baa-e01c-48f9-9743-f433f2e3b2fe,50,1,1,0,1,2
5e2b6988-290a-4763-b119-6453c25a9658,50,1,1,0,1,2
24a8abbc-deeb-42b7-83a4-9c30e97dcb14,50,1,1,0,1,2
783105c6-633d-4794-99ad-f02a010f1676,100,1,0,0,2,4
3c7c223a-1968-45f0-90ff-c4d308594343,50,1,1,0,1,2
4ac4fe3c-a87a-4c89-9a36-f47dd979d8d4,100,1,0,0,2,4
49561cac-596d-466a-96f9-86188aaa5cea,50,1,1,0,1,2
1638cfba-6135-44ba-bacd-2ec2f918c730,200,1,0,0,4,8
a2cfd0c1-1d9f-4fb0-9bcc-b61a6191b98f,50,1,1,0,4,8
15253fa2-af8c-4554-97ec-339fcb51e44b,50,1,1,0,2,8
5f315a1a-ee00-41ff-b942-c8504e11f15c,100,1,0,0,2,4
e6e33930-503b-4348-8e28-ab0f585a33f8,50,1,1,0,2,8
014466e2-8225-4ff6-a62f-96f2c51a806f,40,1,0,0,4,8
f07a99a9-42b7-406b-885b-3e95753e1186,50,1,1,0,1,2
9639fd8f-7572-4501-9214-8cc6579d95df,50,1,1,0,1,2
ee1f630f-bf9e-407f-b036-4c7452b0312e,50,1,1,0,1,2
11ff5c70-7c7c-47dc-9a09-a9da5cf15b0a,100,1,0,0,2,4
3d7c42c1-c911-49af-be6e-3f1afc4d1e59,50,1,1,0,1,2
58def1f6-5b3a-472e-b07a-34b4e35b7006,50,1,1,0,1,2
59cff489-7b41-428d-9a17-dded571c984e,100,1,0,1,32,64
9ced0751-e40a-417c-ad0d-854f266f38b4,100,1,0,1,32,64
aa3e7702-83e2-481a-87b2-ac127eaf34ac,100,1,1,1,32,64
dd3a968b-6dd8-43ac-8b92-ab7b3eee5c61,100,1,1,1,64,128
f9aae8ab-37dd-4655-b0cc-ace665658ce3,100,1,1,1,32,64
404d68b0-0063-4a71-a5c1-d2a7b4b3865b,100,1,1,1,84,256
8c7c73b8-220a-4dda-aa4f-e99c3de01c3c,100,1,0,1,32,64
d511dc6c-3d5c-462f-8395-a4efa6b14d6a,100,1,1,1,64,128
24d522ab-2598-4f3d-af9d-798d2577c96c,100,1,0,1,32,64
8bb2b9ea-1d64-4aee-b334-7e0c0ef7a657,100,1,1,1,32,64
8c73fc53-94c6-4657-b888-46c67363fc59,100,1,1,1,32,64
a6855eb1-e1c1-43a7-b5ec-57ccb73ca32b,100,1,1,1,32,64
f379eeb1-260c-4ce1-b26c-79e9b10e59db,100,1,1,1,32,64
b68d3fe3-4eba-4a95-b779-0e8e802246dc,2000,1,0,1,16,64
9dad10a6-a312-44b0-a8d8-f4e0ccc4add7,50,1,1,0,1,2
a48f585d-2613-4827-85c2-05566788efa8,200,1,0,0,4,8
026bbd03-c08f-43d5-b1a3-3f1811450290,50,1,1,0,1,2
fb34ee58-79ae-4b5f-95a5-78f850b35be3,50,1,1,0,2,4
e8d87316-8c6b-4f9d-a6b8-da382d0882cd,100,1,0,0,2,4
9ad766e4-92f5-4fcb-88b6-912a460ff4cd,50,1,1,0,2,4
1b94c7c9-59cf-4c3d-8c99-d72bcf623920,50,1,1,0,2,4
9ad0f4e5-2aae-430b-b3bb-7ff3ceafad36,50,1,1,0,1,2
7ffd5f15-1214-4223-aa0e-2bc4344d015d,50,1,1,0,1,2
dde94141-31d1-414b-ab72-47b1a86ae5d5,50,1,1,0,1,2
9db0afe9-b774-41e6-aa2c-6324ede0b22f,30,1,1,0,2,4
ef1af843-bbb8-40f6-a5e2-a2b0cce874fb,30,1,1,0,2,4
f6b8e625-f8de-4684-ab5c-177f569f6bb5,200,1,0,1,16,32
6423821d-8c04-4fa0-b718-250e2be3efb0,10,1,0,0,2,4
18b67cf8-1b7e-4905-88ee-298c5cef7386,50,1,1,0,1,2
eed071de-a94d-419a-9460-033f8bacf42b,50,1,1,0,2,4
70dd759e-6c74-494a-95db-4592d9989a52,50,1,1,0,1,2
12b5ae97-0496-4485-ae32-8a464162c608,100,1,1,1,64,128
2c2e5f53-8441-46c1-a135-6d706556bf71,100,1,0,1,64,128
2c7b2c00-a8c3-45c2-8c0b-9acc8f01b753,100,1,1,1,64,128
48688755-9db7-4354-a092-87e6af958f6e,100,1,0,1,84,256
a2f3a545-e0bb-4adf-8ed4-c353f1cffae4,100,1,0,1,64,128
b7a78b85-585a-42b9-9161-e882bcff0c87,100,1,1,1,64,128
5cd817a5-e6ab-4e5f-ba36-27a6b0eaf68f,100,1,0,1,64,128
aa3592f3-be34-4a31-92c4-b2debba5d967,100,1,1,1,64,128
c1c8c8ac-6ecd-4179-9038-1305c309d28f,100,1,0,1,64,128
f19b2b03-6362-4a76-a1b4-8452dd2a5ecb,100,1,1,1,64,128
94c323e0-2b35-493c-bb75-ce9550ad8897,100,1,1,1,84,256
a6e6472c-f581-4554-b2cb-114ed8fdaade,100,1,1,1,32,64
f7c154c1-1448-46dc-87e1-7520208b7caf,100,1,1,1,64,128
a107ece1-e5c5-4cda-959a-3e2457ee3153,10,1,0,0,2,4
dc3901d7-bb8e-4ffe-9f52-af9e42719f8e,10,1,0,0,2,4
9d84e16b-d018-4a01-8d7d-2094b8948f6a,100,1,0,1,84,256
a8514844-3fe6-4a65-be20-e96ff545c6f3,30,1,1,0,2,4
9d372b89-7d59-47c7-9384-c21d07a9573f,50,1,1,0,1,2
a400b599-5e65-4e04-881d-4d2e6003eb0b,100,1,0,0,2,4
ee493751-b417-4028-9ea5-93b874ca99cf,30,1,1,0,2,4
37c889f9-6275-4ab0-9314-047bbcc7d610,50,1,1,0,1,2
38232426-e166-4c6d-80dd-c89eb1fbe3cb,50,1,0,0,2,4
00c5f9de-9c9e-4058-9ffb-ce4aaf2ea7da,10,1,0,0,2,4
27aab695-a5f8-43fb-b862-924365b2e0e8,30,1,1,0,2,4
3179e941-9695-4856-a952-e5fefaaff0f5,100,1,0,0,2,4
3b6434b3-7f8b-4d7b-bf54-378626323ac3,10,1,0,0,2,4
f70d50d9-67e8-49e1-9fdd-fbd229126bc6,50,1,1,0,2,4
5a621efd-2831-4aa1-9090-6457aadd10a7,50,1,1,0,8,16
ce261e03-9422-46a5-8854-3939e0a149dc,50,1,1,0,1,2
1f787373-b54d-4485-8a1d-96a2399a7acf,50,1,1,0,1,2
622d8fcd-44ef-4e81-841a-99c6c7b06062,10,1,0,0,2,4
e44c6909-eb2b-4448-82b2-83e4806013ed,50,1,1,0,1,2
edfce138-58c0-4c17-9d33-188b4b04fdf2,30,1,1,0,2,4
6bddb290-9092-4eaa-a755-0a2f0f578a87,50,1,1,0,1,2
47c0c42d-6ac0-4165-a133-c4e82566dc0d,50,1,1,0,1,2
feb18c0b-7651-4132-89c9-2ea31af90a3c,50,1,1,0,1,2
91c99e28-9a5f-4012-b874-367a828b95f8,50,1,1,0,1,2
c4aef34e-0764-4ae7-9fdb-9a9a5d4b1441,200,1,0,0,4,8
1fe840b2-79d3-4809-b3f7-09f0037e590b,50,1,1,0,1,2
a688fc1a-eeae-4c3e-82fc-a98b4ff4b93a,100,1,1,1,32,64
e28498e0-f09f-42f7-9cc6-d15ddf20fa0a,100,1,1,1,64,128
3f18f831-ada1-457e-8105-4aea267d226b,50,1,1,0,1,2
ddd79f32-f53b-4593-b29f-c1f5f3dff0ec,30,1,1,0,2,4
740c6b3c-613c-4d01-81db-de33a1894cca,50,1,1,0,1,2
7491961f-795b-42c6-9409-b3c2f993554b,10,1,0,0,2,4
9247ac0e-4934-46f5-b39f-d36e6956dc5b,50,1,1,0,1,2
f0306e18-2e68-45df-8b93-e6c3b24e1849,50,1,1,0,1,2
0a5ce92a-8daf-4236-8db8-467461976482,10,1,0,0,2,4
121544ef-30ac-428b-a067-2b0bc75e90b0,30,1,1,0,2,4
2aff323f-9e17-4028-be4e-728ae2e1a127,10,1,0,0,2,4
502e8873-d5f7-4f71-b02e-a286b4cb9c16,30,1,1,0,2,4
98c56d8d-a2d7-406d-9a38-a28dc6017460,30,1,1,0,2,4
c7148169-ea6e-46e8-99a7-1c9c69b2ede2,30,1,1,0,2,4
ef3df644-27d7-46d1-a346-420f398b41cb,30,1,1,0,2,4
fb558949-9298-4b96-8c85-04c8d37d918f,30,1,1,0,2,4
3b15b6a2-9701-4276-a194-7b54bd433ea0,10,1,0,0,1,1
da04333a-26e2-4cbe-a8fb-af75e77f75b0,30,1,1,0,1,1
e5772f1c-01b8-462b-ab6c-d78fc51cf872,10,1,0,0,1,1
6109bc79-8920-4608-963b-56c73d875c94,30,1,1,0,2,4
8d0a5919-f291-4f56-a617-1116b1e20c1a,30,1,1,0,2,4
bb4fcd41-f61c-46e5-8600-248f492c6b04,100,1,1,1,84,256
c0703739-2286-47c8-a948-9fbaea0145dd,30,1,1,0,2,4
1e6083f9-5ffa-456a-8bab-4709c69541bf,200,1,0,0,4,8
a17aba76-8030-44ee-8c0f-6f1996b1c73c,50,1,1,0,1,2
171caebd-71a2-49bc-b508-158a261dc74f,200,1,0,0,4,8
73304e92-19c2-47c9-813b-f46d775c9afb,50,1,1,0,1,2
6d5a93ca-c6b1-41f2-82d3-21370ad92ba4,50,1,1,0,1,2
82caf2e6-d392-4edb-b62b-30c676572b7b,200,1,0,0,4,8
f9d0f816-b5d5-4979-964d-699b778b1ce5,50,1,1,0,1,2
4ce0f6b4-a3db-45de-b326-5f36786c4312,50,1,1,0,4,8
8899e0e2-b71b-4322-8195-9587cf1df6c2,30,1,1,0,2,4
70ca4615-dd26-49db-84b7-377ff75d3e64,50,1,1,0,4,8
a7851f9a-a0db-4bc7-81ba-fd3af228bd7c,30,1,1,0,2,4
03d0c2ef-f984-4001-9f44-4e1004fcd86b,30,1,1,0,2,4
cc0ef074-3e67-4f51-8c2a-d3758605f38c,100,1,0,1,32,64
f0439ab1-5127-49fe-8455-d4e302f5a57e,50,1,1,0,1,2
6b32b49f-5737-4104-85f0-53dbeda0258a,200,1,0,0,4,8
826a8d99-27b8-48c3-863e-b5c826a4968e,50,1,1,0,2,4
bd6efcea-3c02-4241-a518-dba19d19bbdd,50,1,1,0,1,2
89fa98f5-38da-4498-ac8b-a0c8b9c78d5f,50,1,1,0,1,2
35991423-0864-4ac9-bafe-7d18edb26ef5,100,1,0,0,2,4
668e253d-f247-45c2-8462-fee088ed2581,50,1,1,0,1,2
f5f3b571-ba4a-448c-8c20-7575b1854ccd,100,1,0,0,2,4
e401059e-83f1-4895-88b0-34dc2957db83,50,1,1,0,2,4
ef026c6f-45ad-43af-8707-463e2c32e524,50,1,1,0,1,2
eccef5d2-5b53-493b-995c-7fffd5525643,50,1,1,0,2,4
ac391ee6-7063-4549-874d-b4d5422cb6e0,50,1,1,0,2,4
301751b1-0606-4989-ae6c-1c22257c3ea2,100,1,0,1,32,64
eb7a97d9-1313-49dc-90a1-4462c274804f,200,1,0,0,4,8
30feb4cc-8a73-4763-8ceb-210c86335ea1,50,1,1,0,4,8
9e8e46b1-ec5a-4f27-ad4b-151e76e6c774,50,1,1,0,1,2
25140288-e289-4c36-85e9-9be9280ad679,30,1,1,0,2,4
e279e69c-aa4e-47e8-9bdb-3aeacad4d484,50,1,1,0,1,2
82362bb7-0850-47cf-97f2-de005795c708,50,1,1,0,4,8
1a34dee6-cfbc-4ce8-9b6f-b5084cc3711b,30,1,1,0,2,4
79b428fc-fb28-43f7-b72c-ec9c16998806,50,1,1,0,1,2
698c02fc-5cb2-4e55-8980-0d007971c3ff,50,1,1,0,1,2
0b62ca63-ebfb-4c4f-b0a9-41449b38b9dc,50,1,1,0,1,2
edf643dd-70e7-4ce4-b737-d4c0f3b515e4,10,1,0,0,2,4
4d08b606-9712-43d2-bd8c-b80c039c7954,100,1,1,1,16,32
cf11bb88-7a50-4263-8993-acabc1721372,50,1,1,0,1,2
f0100de6-a0df-4673-938a-bc22323705ec,50,1,1,0,1,2
9c3f8aed-58ec-4651-bd9e-6f5c7ee98e43,50,1,1,0,2,4
4cd78d38-4508-4851-aeef-1ad8129704b8,50,1,1,0,1,2
532a0c6b-a405-49a8-8622-fa977168927e,100,1,0,0,2,4
5ddc2cf5-dfa7-4b4e-8c02-d2bceb11a07a,50,1,1,0,1,2
020e53f6-ebb1-4a17-a284-fad836c34ab8,50,1,1,0,4,8
f603d620-1f16-4145-a474-cd8cebd424ac,50,1,1,0,1,2
c53ce56e-bc49-4258-bcfc-e1ea49f90903,50,1,1,0,2,4
85fd7ebe-3b33-40cb-9a4b-45502f413d71,50,1,1,0,1,4
42db3051-991a-4648-a138-98bc3db0471c,50,1,1,0,2,4
78644faa-91f9-4a0f-a515-7c1c1682b22e,30,1,1,0,2,4
8ca7b535-5c6b-46ac-9aff-2f447a5e07e5,100,1,1,1,8,64
48a8efea-22ff-4f50-ac7e-8181db223323,50,1,1,0,1,2
0535f731-5418-4bc5-8f3f-076f7cf470ea,50,1,1,0,2,4
a839f715-dd6c-452b-b6b7-a62cb21c02e4,50,1,1,0,1,2
1a3c8b3a-1a74-44bf-a9d4-068297d6a7bd,50,1,1,0,1,2
abee0c9b-d68a-4166-9a14-0323010a518d,50,1,1,0,1,2
cf46f5c5-ae7e-4b45-aad9-f18e446705c3,50,1,1,0,4,16
f953f177-82a6-4a4d-82aa-b8938809c345,50,1,1,0,1,2
1d43e207-7dab-4e74-be04-4bc9e6f23116,50,1,1,0,1,2
262cf279-8a7c-4fe3-9aa0-cd78e484a50b,50,1,1,0,1,2
21c12202-5756-4cca-afe6-95f58d9fdc74,50,1,1,0,2,4
738f49bd-1591-42f5-8404-19246871adbc,50,1,1,0,2,4
23aeed28-536c-4d08-83ed-e2c5ed5bd76f,100,1,0,0,2,4
3690fd0f-7ede-49f1-9ed0-1d274c7f918c,50,1,1,0,1,2
1ee68ef4-c434-4c0d-b73b-a6ca92c9b368,50,1,1,0,1,2
e1a94320-ed54-4a71-8401-7dd068d04ebd,30,1,1,0,2,4
e153af2e-d2c3-4736-b151-d44988ad5941,100,1,0,0,2,4
af86ff71-d21b-441f-bfcf-0f95a267fdca,50,1,1,0,2,4
00d83043-9017-4625-839e-21442487adf2,10,1,0,0,2,4
2f6241b1-6b14-481a-bd7f-f0f8860a8cad,10,1,0,0,2,4
778fb734-2f97-45ba-afd3-2afc77fce355,100,1,0,0,2,4
11874e5c-3eb1-4207-9731-06ce7174e49f,30,1,1,0,2,4
e73c52e5-8874-45fd-a13c-db2c0bf6ea61,50,1,1,0,1,2
8668820e-d42a-4646-a205-f8c32cce72ed,10,1,0,0,2,4
a894d7c8-968d-442c-8c4b-8139a873a8d4,10,1,0,0,2,4
df314b7e-3397-4a67-8bb0-bea199eaa9d9,100,1,1,1,8,32
71609f61-842a-4a3a-88e6-b9d3849c1365,50,1,1,0,1,2
f0c379b9-56b8-4c01-bb68-84739896b6e7,10,1,0,0,2,4
f1480448-04ac-45c1-84b1-1cb87db76fe1,30,1,1,0,2,4
85585cd8-42a0-4cc7-8ced-07523973350a,50,1,1,0,1,2
f1f6b543-2161-4ebb-b567-8958cbf1ab36,30,1,1,0,2,4
6e532059-0f69-452c-ad5c-d60a53cab97e,30,1,1,0,2,4
6d33efbd-9c73-420c-a319-df56116102d9,30,1,1,0,2,4
bae6eb15-328a-4064-953b-5506d0135e95,30,1,1,0,2,4
5deefe6e-8eb7-4bfb-aeba-6f47e713c9b4,10,1,0,0,2,4
3128ddb4-82da-4591-ac89-e74cfe4d0357,30,1,1,0,1,1
3c01d5f7-2763-49b1-ba86-54cd3149c168,30,1,1,0,2,4
13c1ceed-3864-4148-b609-42e69d484de2,200,1,0,0,4,8
fd58b0f0-11d4-4bbe-8190-d745932a7275,50,1,1,0,1,2
c56cd74c-4cc8-4cc4-be64-daa1dd79db16,50,1,1,0,1,2
b72aac6c-49ff-4845-ab09-2438548af133,10,1,0,0,2,4
7ad0fb7b-210e-4138-98cc-309bd3c53937,30,1,1,0,2,4
34f5328f-fd97-4a24-910e-dd4b84438981,50,1,1,0,1,2
15323d2e-6f8e-4bb7-a157-f4a14f3e4627,50,1,1,0,1,2
586c0545-4c18-40f8-99c1-ba4e86e2eb63,50,1,1,0,4,8
9b6e0692-c768-463a-b1c4-aaaa78324775,50,1,1,0,1,2
a6d41147-4c8b-41d4-90e6-b182f967ecac,50,1,1,0,1,2
0151ce3e-2981-40ed-b0ba-fa469c393f6d,50,1,1,0,1,2
b536b071-c054-4797-888f-f0aeb7b02b7a,50,1,1,0,1,2
028ed9d9-8c1f-4545-b307-b2fcd54385de,50,1,1,0,1,2
bbaccf89-5c87-4bec-b8c6-60f823f401bc,50,1,1,1,16,32
542df46c-ddb0-4b07-b7dd-0c954b114d27,50,1,1,0,1,2
e9662e0e-7a72-4e7e-b5ed-26ff6052bd8e,50,1,1,0,4,8
e29898ca-d714-4270-996a-8d818f0e978d,50,1,1,0,1,2
e7b537a7-6524-4f16-b490-9b79e596a96a,50,1,1,0,1,2
ddbf3b04-cc7e-42b9-8f88-45dac733f144,50,1,1,0,1,2
04b71c5c-1bf0-4a8e-82f6-d60ba4552651,50,1,1,0,1,2
4b1ff8df-2aff-4556-aaeb-6acd00d9646d,50,1,1,0,1,2
125e0915-a625-4aa6-9135-5a7f7bc4f7b8,50,1,1,0,1,2
9b2fda09-2ac9-4b8d-b9a2-b825df2fcc06,50,1,1,0,1,2
4201bf3c-b68f-4e5e-a48e-9e9217a5e848,50,1,1,0,1,2
f5e6bafb-0b18-443e-97fd-d8c10b0c5a07,50,1,1,0,1,2
ff330258-4bb4-4364-b426-50888df2ff15,50,1,1,0,1,2
a6b4dbf3-a666-4862-9468-f47e2fa57590,50,1,1,0,1,2
62fa321c-6b41-4446-afb1-fa1a5c7b45d0,50,1,1,0,1,2
b7b9865c-187a-4a48-ac32-9e80fadb0550,50,1,1,0,1,2
f11bfd88-4d87-4344-8b84-d645f8345bc7,50,1,1,0,1,2
72405052-ef43-4725-bde8-307cf19c0614,50,1,1,0,1,2
06384bf8-6c1f-40f8-a48c-036380424722,100,1,1,1,8,32
4dcaac04-3ae1-4ebb-a371-77a73d6acbe2,100,1,1,1,8,32
53f885e9-a5c3-4381-8a8e-6f426a5c6884,50,1,1,0,1,2
d91a10e5-176e-45dc-81dc-eeb3cca42418,50,1,1,0,2,4
6a7b035f-2429-4248-8040-85ccd1a361c1,100,1,0,0,2,4
1314dbf5-202f-4b58-a410-43f13ff37590,50,1,1,0,1,2
d8d3e8b1-0819-481b-9bab-2c4df291a86d,50,1,1,0,1,2
94319c9b-c8b7-432f-b8a1-1e7cd44055d9,50,1,1,0,2,4
0d557a6c-4078-4ccd-ae24-a59fee1a85fe,50,1,1,1,4,16
f651cfbd-b808-4a75-8d35-f8fca966c155,50,1,1,0,1,2
16d66afb-b2f7-46cb-b14c-42e994f77808,50,1,1,0,1,2
c3f3b6ae-b1e5-4806-b7f1-dc10702b478f,50,1,1,0,1,2
70077db2-8e4f-4eed-aa21-e9b91fa3b4cb,50,1,1,0,1,2
1700fbd3-3cda-4933-916c-7b174f5e0640,50,1,1,0,1,2
11f6525e-cd97-4aad-a9c9-47352742deee,10,1,0,0,1,2
2c03207d-bd61-4a04-9f1a-64b14b303e9d,100,1,1,1,2,4
544d1199-1b3f-40ef-9c9b-8b092eb3500c,50,1,1,0,4,8
270e5614-b2b8-4cfd-b531-73a25c2738bb,50,1,1,0,1,2
7fe59e3a-5a71-4f47-912b-f35484236c2d,50,1,1,0,1,2
8aa9d23b-e890-4759-989b-3c98b41b003f,200,1,0,0,4,8
afea1b64-2346-453d-8d74-46e1ecc947a7,50,1,1,0,1,2
1db99314-7507-4677-9cad-197856fbebbf,50,1,1,0,1,2
a247986a-7e34-44e4-a620-95abb80e19c8,100,1,1,1,8,64
98812541-8c4c-45b0-bc9f-d64e8775d178,50,1,1,0,1,2
d9ce7c7c-51e2-48a5-826e-352bcb7c333b,200,1,0,0,4,8
3e6d1f49-ae94-4fc2-b598-51e7f2fa654a,200,1,0,0,4,8
69ff8d13-7d91-4240-b13a-6a87813c43c5,50,1,1,0,1,2
cdb32795-c690-449e-a172-ae0fc088cd18,50,1,1,0,1,2
ba321f2e-2646-48be-867f-14ffe40ccd64,50,1,1,0,1,2
ba0f6025-4de5-4d83-928a-318cdd329ce6,50,1,1,0,1,2
cfeef4d0-dcbe-4a1f-8c06-aa4c238031ce,50,1,1,0,1,2
3a542b57-1727-4e42-b3a4-41d18253d706,50,1,1,0,1,2
99f38014-2340-42ee-b651-83cd457b31af,50,1,1,0,2,4
0e62019f-5d39-4741-bc29-db02e949350e,100,1,0,1,16,32
534b3fa8-c3a9-4302-8cdc-4dd4b6248ab0,60,1,0,0,4,8
983a51ac-c42f-4556-b1b1-5ddd016788d0,100,1,0,1,16,32
f38f1824-fda0-466a-8f84-d77de9d72e8c,100,1,0,1,16,32
dd6331c9-e281-48cb-b02a-595c21e1d110,200,1,0,0,4,8
6bc920b5-8711-4033-a173-76cc1ae18a59,50,1,1,0,2,4
e0f5f238-1be8-4559-97e5-65b568570874,50,1,1,0,2,4
8dc9e0b8-0107-4b75-bea9-caed534c3d64,50,1,1,0,2,4
98124908-facb-403e-b738-dba38dad4175,50,1,1,0,1,2
ed655df8-75c6-4025-aa17-b87f3d98bb67,50,1,1,0,2,4
72b7dbc2-f2fc-4800-8caf-8379a56e8772,50,1,1,0,4,8
0a8bda84-6c02-42e0-84fb-161726ba389b,50,1,1,1,16,32
4c1b4c68-0f62-4ad8-8edf-76a566c4749a,50,1,1,0,1,2
9afe4d14-6757-45b1-b01d-e18db6e3d41e,50,1,1,0,8,16
0a2c1def-abcc-4b95-845a-21528676f97d,50,1,1,0,1,2
3ac9ea16-c935-4d6a-b6d4-0ecc4e8a9fff,50,1,1,0,2,4
990ed194-e058-483f-8bb0-4b05791060a6,30,1,1,0,2,4
624effc7-28e6-4174-9a8a-7ea43311d9c7,50,1,1,0,1,2
29d869e8-637e-4f9f-86af-a60b789c4247,50,1,1,0,8,16
9a0c7033-2197-44de-877d-1de9b5e08d4a,30,1,1,0,2,4
488d1caa-31a7-4f1a-927b-0b888ad5f3e6,50,1,1,0,1,2
d35dcdd6-ecb5-4319-ba85-c7e30a045e29,30,1,1,0,2,4
edca7202-2c2d-403d-b40f-8b815cda8f63,200,1,0,0,8,16
37579223-1efc-4319-9505-690c24904ff9,10,1,0,0,2,4
a105e0be-9e29-4bdc-b288-5d35b633ac7e,50,1,1,0,1,2
ba862d0d-4f08-45a9-ae5b-3503988e3bc8,50,1,1,0,1,2
87f66342-acf3-4dcc-a5cf-b7fa29696c64,50,1,1,0,1,2
c43fac05-3a65-4d0b-852c-8750a2dd5bda,50,1,1,0,4,8
1a606978-d3f2-4d5c-a950-35c596bc3e49,30,1,1,0,2,4
b9489dc1-5288-4238-bd81-9b2c13a3d62b,100,1,0,0,2,4
cd4f6bc0-8e40-43f1-86cc-4214d1d5d749,50,1,1,0,1,2
c5b1b031-dbaf-4a98-a43e-29db0676a64d,50,1,1,0,2,4
91fe0ede-f148-4a2d-a7cf-83f4a8bf7d9a,100,1,0,0,2,4
dc897072-9e30-4678-8a2f-9bd442fe757c,50,1,1,0,2,4
d161d787-dd4f-4af6-82a2-319daa69228a,50,1,1,0,2,4
c73b1b7b-7fb6-46e0-b230-2a768126d98d,100,1,0,0,2,4
b94c937e-2b27-43c0-ace7-ebc7db0a7507,50,1,1,0,1,2
f69a2ed4-a5c1-414b-9765-c9e3d9e37782,50,1,1,0,1,2
10f97137-db54-47c3-b924-b92c568f6bf3,50,1,1,0,1,2
f8d10256-d174-49d1-930f-2b221c9be430,50,1,1,0,1,2
43f3faa0-437c-45ef-90a2-6e9daf6ddbe8,50,1,1,0,2,4
167613ea-76b3-400b-a0bf-d46cb8d05665,50,1,1,0,1,2
0edcb4cc-2b68-4068-ba80-bb72f252f3e1,50,1,1,0,8,16
84dd3143-0011-4486-a261-fbb9cb76124f,50,1,1,0,4,8
1561b18f-7efd-4a34-8c20-6aaa194d855b,50,1,1,0,2,4
ad179f73-f923-42b9-accc-8680f4fbca45,50,1,1,0,2,4
55837f24-1094-4627-a63a-5d3c9719854d,50,1,1,0,1,2
23c9e2fc-736d-4580-b776-2c5168f62ca5,100,1,0,0,2,4
ceb0cccf-4149-459a-ad8b-ebf389546842,50,1,1,0,8,16
c3f4b7c6-c585-4984-8376-917e7beb500c,200,1,0,0,4,8
449ea84b-d537-4c3d-98a0-b5931108df32,50,1,1,0,1,2
91f7ffe9-db03-4534-955c-59aeee196b58,50,1,1,0,1,2
746692f5-0d07-4b65-9305-901410a9a9d1,100,1,0,0,2,4
255bdc5e-5498-47d9-a3a1-a0247aa0c037,50,1,1,0,1,2
d887a7b5-e45b-4fdc-9591-57cdfa15aa5c,50,1,1,0,4,8
c1878691-5136-4322-b844-0d560e55f2d0,100,1,0,0,2,4
fa01a99e-67b8-42df-8c46-6c1d70226be1,50,1,1,0,1,2
d40049e8-db19-424b-aefb-c3c788280e53,100,1,0,0,2,4
4065dfb8-f8dd-41f8-8c9b-d3845db7b9d3,100,1,0,0,2,4
8de771ab-d9bc-4b25-99ec-08450cf6127d,50,1,1,0,4,8
67193109-88c0-4549-8195-92b232eb8ac4,200,1,0,0,4,8
6aad8cda-f850-4bce-9236-3266db331003,50,1,1,0,1,2
3e642cb5-942d-44fb-a8f8-0c3aad7cef1b,50,1,1,0,2,4
aa477134-6c1a-4634-9241-5c06194e3796,100,1,0,0,2,4
b09190c0-4b55-437c-9d73-de699b5c129f,50,1,1,0,2,4
e837a820-f561-4693-9459-5c01087d1b6f,100,1,0,0,2,4
64a400d6-d9c3-4753-b9dc-de936e3de59e,50,1,1,0,1,2
e4246058-4c9d-4da8-aaf3-8c69707d3eba,50,1,1,0,1,2
f3499413-9969-4bdd-a744-b7b3b521e459,50,1,1,0,1,2
bfb892a4-b7c3-4ac2-ae3c-2b8ce1c45c20,50,1,1,0,4,8
fdea4587-cc70-4a80-800e-8144e3a572c2,50,1,1,0,1,2
3ae57c7c-717e-45a1-887b-3a86b082c2b7,50,1,1,0,1,2
20d8f808-2cd5-47d3-a808-4dfab13e8450,50,1,1,0,2,4
10b62872-4b86-4618-bab3-04db9f4faa37,50,1,1,0,1,2
746b6fa9-bb8e-4e67-9e5f-fe5179027308,50,1,1,0,1,2
d0a52d5e-d62b-4f34-88ed-cda9567bb52e,50,1,1,0,1,2
99cbaca5-13a5-48be-a21e-15c815d43849,50,1,1,0,1,2
4e7fef40-79b1-4a24-a638-9a8ed7410d13,100,1,1,1,8,64
b49523c8-7884-4be6-a0a5-6dd04bbf1fc1,50,1,1,0,2,4
eb74f116-eec0-4404-b3c8-a4ab4c0aa4cb,50,1,1,0,1,2
383c8536-0de6-4c51-981a-844daa79560c,50,1,1,0,1,2
2a2d0231-2feb-4a45-924c-4ab4d7cfa39f,50,1,1,0,1,2
1c70274a-815c-40b0-832b-5ad55ffbabbb,50,1,1,0,1,2
32ccbf90-8b38-4ca7-bc56-16ed7bdb684d,50,1,1,0,1,2
db2dea44-cc36-4ead-9455-b0cb65f96f7f,200,1,0,0,4,8
b0001f3f-86ac-4d71-9510-5c3e259731f5,50,1,1,0,1,2
5b5d6a43-7c18-4b11-96eb-807a3e6e1b1f,50,1,1,0,1,2
7a0efc9d-3d36-40b4-b3fa-160350b9bfbf,50,1,1,0,1,2
6308946e-4791-42c2-9e5d-272e7512efb2,200,1,0,0,4,8
28ee55fe-ec27-4826-a153-0aee95638aa6,50,1,1,0,1,2
e7a24a53-19a0-4546-b5a9-99e79e0e05d8,50,1,1,0,2,4
39e0afc3-e174-4952-8c6b-df7595cdad19,50,1,1,0,1,2
7f81bc92-3468-4047-bab6-17476efdc852,50,1,1,0,1,2
8550f3f4-875a-47c1-84ca-2d4ff3088d62,50,1,1,0,1,2
2d37d036-0406-4600-b07c-506a4a9a09ca,200,1,0,0,4,8
025987b7-1f2f-4854-b757-548d1326707a,50,1,1,0,1,2
03bf38ad-07f2-4fcf-aaeb-bc91e9ee5052,50,1,1,0,1,2
180bd7bf-6b21-4b94-9c8a-948358052e4b,50,1,1,0,1,2
4ae69716-6372-4562-9357-e994996dc01c,50,1,1,0,1,2
50010ef1-2067-4079-8993-b4152a969820,50,1,1,0,1,2
9a94ca96-7831-4a2e-9edd-84605fd1eef4,50,1,1,0,2,4
418b170f-2198-41ff-a98c-e4b6420beb29,50,1,1,0,1,2
93466818-73bb-4168-9441-20c724968533,50,1,1,0,1,2
dc46146d-513d-4347-b19d-cbf0e4f89a60,50,1,1,0,1,2
2f556c0b-0f1c-4679-a9fc-58ddc2209ef6,100,1,0,0,2,4
8e58b49b-097b-4b7b-a504-e4e25020bb30,100,1,1,0,2,4
b3421146-e844-4757-ab83-07a20a6ef703,50,1,1,0,2,4
a53f832b-e27b-462e-8ecb-131098303b2c,50,1,1,0,4,8
77021a12-119b-4918-8918-3af008c9504e,50,1,1,0,1,2
ef4858cb-9224-4e4f-9429-9862e48d1864,50,1,1,0,1,2
6bb4221b-293b-4a4b-9339-73f9ea5a1a60,100,1,0,0,2,4
88888c8e-958d-4dcb-9d0a-44c5438d93cd,50,1,1,0,1,2
ddb91eaa-a925-46f0-b97c-cf8144be6ff1,50,1,1,0,2,4
8afc4ca6-8a02-45d1-a28e-d2abaacb6384,50,1,1,0,4,8
1f3d1ffb-7eb7-45cb-97ca-cd33fcf74a57,50,1,1,0,1,2
0d39a338-1395-4430-97e9-745325369ae2,50,1,1,0,8,16
daacc1c8-d33d-47cf-8d60-85aaada2b190,50,1,1,0,8,16
007e9926-f6e5-4259-bb22-30632286c7ac,50,1,1,0,1,2
1d509cea-7907-43f9-82ee-06b331ab2132,100,1,0,0,2,4
5e8c43ec-ab03-4c95-8c27-177aac0395de,50,1,1,0,2,4
6c113ddf-5203-4d36-a858-0c20f1ee6a58,50,1,1,0,1,2
e17ba136-f605-4b53-aceb-d0d31a3c96f6,50,1,1,0,1,2
0741e569-fc0d-4f1c-83e8-b92fa56b8e3b,50,1,1,0,2,4
e1f0e8a8-4208-4186-8d88-04d229f00f01,50,1,1,0,1,2
8ac4c5f8-788b-49d9-a468-a605e3ed5864,50,1,1,0,4,8
8bc51097-4037-48a8-9ffd-f0b026e7538d,50,1,1,0,1,2
b3255405-32c3-46fe-a4da-96a5a4358006,10,1,0,0,8,16
1c0bc6b1-0119-41d2-8d25-63083ca7eb0a,50,1,1,0,1,2
954a14e5-a944-4052-bcc8-6a22fba8e4a4,50,1,1,0,1,2
03f04deb-33f4-41a1-9733-372b82f2b5f1,50,1,1,0,1,2
a077dc55-fd0f-48e5-b64e-2cb59882409c,50,1,1,0,2,4
8117b022-4add-4097-9335-03bfa8037022,50,1,1,1,24,96
91a94fc0-864a-40a9-ab20-f15f6d95b106,50,1,1,0,1,2
72fe699e-6d40-49ae-aac8-dd9614335237,50,1,1,0,1,2
fc11c5e3-6f55-4993-85fa-714f11423c9d,50,1,1,0,1,2
44429a13-f24d-4198-b798-b292d02dac3d,50,1,1,0,4,8
b30f72fd-05a6-421b-9b99-d78e22ba6bfa,50,1,1,0,1,2
d926fe64-5bc6-4f16-b74c-6314dd1516ac,50,1,1,0,1,2
ab1d5c83-b518-4bb8-9aef-15a7ecc891ed,50,1,1,0,1,2
d819b210-4a1a-4ce1-95f4-98c057a03449,100,1,0,0,2,4
a64a111a-ae8d-4130-b83c-41c8da20b29f,50,1,1,0,1,2
0214aec6-2548-417d-93f8-8c0176f17fb3,50,1,1,0,1,2
262dd8a0-35cc-442b-931f-4b0800b90ef1,200,1,0,1,32,128
3be3738e-e1d9-48a1-95f3-d6469a473f5d,50,1,1,0,1,2
982ea11a-875d-44dc-8e97-87d20f1b542c,50,1,1,0,1,2
e72ffa31-09e6-4d02-ac0c-70e0e8ec8049,100,1,0,0,2,4
f7807b2e-ec4a-4d9d-9487-2ab8dd5c265b,50,1,1,0,1,2
94369cc7-2732-4ad7-83e3-8091939ecab7,50,1,1,0,1,2
4d2bdca7-f043-4b1a-b523-b620c201161f,50,1,1,0,1,2
e7bbcc67-12b5-406e-a054-97c4f75877e8,50,1,1,0,4,8
535c36cf-8e7c-4e26-90df-165acef950db,50,1,1,0,1,2
e1026060-0a67-46dd-aff9-29c996daec21,50,1,1,0,1,2
316999ca-2407-4fce-99ae-7c86913ff5a4,50,1,1,0,1,2
ca46907d-cb60-4d4e-8f38-be2a8b6fad6f,50,1,1,0,1,2
9c64fe37-6585-44b6-ae18-78508d4a22b7,50,1,1,0,1,2
b7d6a873-7256-4530-9748-b12a0a9d1091,50,1,1,0,1,2
97492b04-d94d-4f01-bfaa-fc5bec162c28,100,1,0,0,2,4
85363220-3961-4327-a997-ea55456f4eaf,50,1,1,0,1,2
6a2ea975-f3e7-4632-924c-72231de9eb70,50,1,1,0,2,4
e1fbba50-5d6e-4c48-9862-0d70ac26ff6b,50,1,1,0,1,2
517fd573-776b-4806-9f29-25d52c0fd6bb,50,1,1,0,1,2
c7c72752-7070-4cdf-8890-3ec6d81ae3cb,50,1,1,0,1,2
989f0e56-3e9d-41ee-8651-1e10775677a0,50,1,1,0,1,2
a13e6af0-4764-4d55-83b9-d83fd9b029f8,100,1,0,0,2,4
90afae9f-9530-42c1-8c02-4e2515e1490f,50,1,1,0,1,2
45501adc-c210-4bb6-9a86-6bb015d307ec,50,1,1,0,1,2
6c3b2a56-e1ed-4c1b-98e0-b815418742c5,50,1,1,0,1,2
fb4d159f-2a98-47d2-8456-4c7cb94356a0,50,1,1,0,2,4
503c4aac-0cc2-4789-ba9e-4b0a470b8fb1,100,1,0,1,64,128
b8fea50c-ea50-4851-81e7-33d8d19cdd9f,100,1,1,1,64,128
872a28f7-b5b4-4a2e-9972-e5a69243b76d,100,1,1,1,64,128
cd4f7058-c830-4812-86a5-27ce4e76411e,100,1,1,1,84,256
19bcc655-114d-4484-a5dd-571b2d694d33,100,1,1,1,84,256
45f379e3-545a-46f6-86cd-13c4ee503b46,100,1,0,1,84,256
5565d103-f94b-4b6e-9182-a6512740defa,100,1,0,1,84,256
5bd41dba-63f1-4137-bd4a-f9cd20f7c5d9,100,1,0,1,84,256
ae0e888c-a4e1-4117-b84b-f152f7145487,100,1,1,1,84,256
11d5631d-f16d-45c7-adc1-000463d195f2,100,1,0,1,84,256
639c5568-8683-4bc4-a9b0-2bcc3ef5066b,100,1,0,1,84,256
6b6f6133-dade-4112-b85c-33f5cd253a3d,100,1,0,1,84,256
7f416438-65c9-4893-b8c9-4beb3c3eae61,100,1,1,1,84,256
9409636c-73c9-4833-9c20-1cffdae43290,100,1,1,1,84,256
9df6d511-6674-4cf8-9b7f-9e7631c40619,100,1,0,1,84,256
bac94f9c-71d4-4235-a808-32c6c36daa48,100,1,0,1,84,256
eb9e6faf-ad10-4dba-9ff6-bc102d303442,100,1,0,1,84,256
b4532f85-e1f4-4d49-ba03-eea1599c9281,50,1,1,0,1,2
466c4629-8d69-47da-b5e0-db956ab368fd,100,1,0,1,84,256
6b5eb76e-7485-413e-991d-d1e9916e4924,100,1,1,1,84,256
7a833f01-256a-4567-aac6-aa9c92411b7d,100,1,0,1,84,256
8341e5a2-e41c-4810-8a47-479b942778bf,100,1,0,1,64,128
b492c48c-a17a-4a92-817d-9181e11f1213,100,1,1,1,84,256
e39a3ef0-f66e-42c2-9b26-73b59361bcbf,50,1,1,0,1,2
4ad9df15-3cf8-48da-afb2-faaf4d0a3076,100,1,1,1,64,128
6e5e9f91-3da1-422d-97d2-7bb3f800b734,50,1,1,0,1,2
392a0a84-125d-4779-b879-7b63a415c904,100,1,0,0,1,2
3bd3c441-cd45-4878-8e4d-92b79ec19823,50,1,1,0,1,2
ec37f6b4-e8eb-4dea-8930-b04d361ed838,50,1,1,0,1,2
3780dab6-5a4c-4b8e-9702-7cfccb24161b,50,1,1,0,2,8
85f7c1b7-5b11-4ae8-bfef-0879e71694f5,50,1,1,0,1,2
b07d87ba-a0b4-422e-95b2-32f84d3c69de,100,1,1,1,32,64
e9b7a89e-0ff5-45d4-991b-476139284b03,100,1,1,1,32,64
e681ec01-160e-452d-b8e4-d6dfd3829e94,50,1,1,0,2,4
b20c31be-3ec5-4f03-beb9-9484507edebe,50,1,1,0,1,2
72a1a172-0fd6-44ec-b8a8-3c4394d20af0,50,1,1,0,1,2
5734665d-d856-46e0-a9f8-d2151b2c6d42,200,1,0,1,180,464
a39d35b3-90aa-4435-ad5a-97c0d21a22f2,100,1,1,1,180,464
325c4b33-8ac7-4e71-a834-f20d81c7b4fc,200,1,0,1,180,464
5fe90f00-d7aa-4e93-8d7e-3f199a229302,100,1,1,1,180,464
98b63e61-fe93-4080-814d-69578e4537c5,200,1,0,1,180,464
af490eee-8618-45d9-82d9-5124c646480f,100,1,0,1,64,128
b8541150-a7bc-4837-bb8f-c56fb18518d4,100,1,1,1,180,464
e559c3be-c9c4-4b7d-8f90-facd74a417e6,100,1,1,1,180,464
ee44d4fe-c3e7-48b6-89d8-a3d63e5cd8c9,100,1,1,1,180,464
4cf7135a-441c-423c-9c23-a5e65b82ca2a,10,1,0,0,2,4
25de14bd-d807-48f5-9dc6-43b5962b4524,10,1,0,0,2,4
b6a38ad8-6519-4d19-9caa-83c80cc1e4db,200,1,0,0,4,8
6e35c28a-3c28-4b3f-a3ac-08e3638626df,30,1,1,0,2,4
39da9cc8-1935-4143-9686-cba5cfa64679,30,1,1,0,2,4
7447b4dc-10b4-4ceb-8001-218ee412db68,30,1,1,0,2,4
b36d6996-42bd-4c7d-b0cb-bafd7e7e0d1b,30,1,1,0,2,4
8a80db15-3913-454a-9e62-4dd13a8eca3a,30,1,1,0,2,4
5238c91c-c330-47c9-9743-eb8fdbb95f10,30,1,1,0,2,4
27333463-298e-4b0f-9c94-4f914ecd9e53,50,1,1,0,1,2
184b45f9-d4c6-4677-83e6-bf5a129cb6f2,10,1,0,0,2,4
73f49df6-eef6-4384-857d-0fef039b936b,30,1,1,0,2,4
2cc13703-d246-48ae-b242-fc0a5ffca64a,100,1,1,1,84,256
e9f9a072-77b3-466f-9b90-a37af03889fe,50,1,1,0,2,4
9b6cd5d8-e9ea-4f2f-91e2-0fed9a4fd35b,100,1,0,1,64,128
bc662a7a-0cbd-4a11-a477-749abd1f5acb,100,1,1,1,64,128
f265a1c2-126f-4c22-b397-8c36897d36aa,30,1,1,0,2,4
d1293dab-b40d-4a37-8f1d-cb7bbdfb2fe5,200,1,0,0,4,8
6eec7e90-a674-4d6e-b56a-db14fb770692,50,1,1,0,1,2
0d4a8d72-3616-40e9-ad82-d6a1f52f9aed,10,1,0,0,2,4
45ad7b29-c7da-47cb-aef0-2faa34664f37,10,1,0,0,2,4
d371a754-489c-4c4c-b6d9-04e6c51c40cd,10,1,0,0,2,4
02a4e3c8-2172-402b-82c7-cd320f698091,10,1,0,0,2,4
68cedd3c-2fa5-445a-9214-95dab7e04ea4,100,1,1,1,8,64
74ed3e77-157f-41de-8fc5-314660699512,50,1,1,0,1,2
a12dcf25-9564-4046-877d-bf6b57705570,50,1,1,0,1,2
a5dd8c2e-48d3-49a1-a5d1-ec782c5ef648,50,1,1,0,1,2
a550f6f0-56a7-4adb-a3b6-c20405262bf5,50,1,1,0,1,2
7590c544-5eee-4298-87ad-a49003cb3ede,30,1,1,0,2,4
802dfe19-781f-4cb8-b26a-5c9df59f07b5,10,1,0,0,2,4
71ad66ff-056c-43c3-9a07-32c0d785cf7b,50,1,1,0,1,2
68856a0e-976f-4536-8dd1-13ab9b078661,50,1,1,0,1,2
428bceed-a978-49f8-bf9a-fae5b2871fb9,50,1,1,0,2,4
7640b1d0-914b-467f-acb6-364ec50110d7,50,1,1,0,2,4
ac98596f-8f9e-4f68-a717-6f14373f9f50,50,1,1,0,4,8
59f30b73-4f41-4e44-8185-431ab2ced98a,200,1,1,0,16,32
b750ac1d-3e75-4962-8a51-6027273d95bb,50,1,1,0,1,2
66a2ea65-2c1e-49b0-9ab5-1ff0b3f887c6,50,1,1,1,8,32
c67c743d-be14-4860-8f63-8ec186d8a53a,50,1,1,0,2,4
6dea65d3-5c27-47af-89e1-2ac4c086ee3d,50,1,1,0,1,2
8c8ab13c-a26d-450a-b4fe-0ae59b2abd7a,50,1,1,0,1,2
d800c8bb-a6dc-4942-9435-303db7239aee,100,1,1,1,32,64
eca8e43f-695c-483b-b477-198e319e4cfe,100,1,1,1,84,256
ec66553a-1738-4b70-b8b2-d0087c3a0f89,200,1,0,0,2,4
b0ec3128-75e4-48e4-9167-9f3a8406c772,100,1,0,1,64,128
a20d0dbc-c6d7-4160-bb17-7265f49082b7,100,1,1,1,8,64
96f34edb-d8a9-4e5a-bd1f-1cd40abc0ecf,50,1,1,0,1,2
3020b1e4-70b2-47f3-8ee7-cf38e475c20d,100,1,1,1,8,16
34baa39d-2766-4600-a45e-d792bfb27c67,50,1,0,1,2,4
8a7b93f3-aa58-4ad6-b0ce-09d8487bf3df,50,1,1,0,1,2
c13fb870-f483-4051-819b-47324a1fe112,100,1,1,1,8,16
ad175b59-d807-4bd4-89ab-1eb783e727a5,50,1,1,0,2,4
53a9326f-4f36-4c48-9dfd-df5df608516d,50,1,1,0,1,2
9b793e1c-f466-4ec7-a612-36c37f2388e0,50,1,1,0,1,2
b37386e6-a560-458f-a8ed-6e56e8f2e86b,50,1,1,0,1,2
3003a1fa-136c-47ee-9842-753ad13b7f58,50,1,1,0,2,4
db6f5ee5-66d7-4b01-ad59-3fe7c40549e0,100,1,0,0,2,4
b9cc8526-b38f-4869-a277-ee04ac41ef8c,50,1,1,0,2,4
7c20035b-d3b3-4535-9d6d-791869a6d998,50,1,1,0,1,2
e186309c-5c3c-4f66-87ff-b19edc41a059,50,1,1,0,2,4
9f629526-63a3-488f-899e-a3cbc52df1df,50,1,1,0,1,2
c382461f-2be2-4a56-8cb3-3e0b448f7d8d,50,1,1,1,16,32
d7394c67-a5a0-4817-ba42-d5e3de4c5c43,50,1,1,0,1,2
70eb795d-92b4-48d7-a262-66a2c1bc76aa,50,1,1,0,1,2
24b9509c-5ff7-4730-b92d-d3d2f3516977,50,1,1,0,1,2
64d5ff3e-dd37-40cc-a530-182e85674548,50,1,1,0,1,2
0b80a250-b094-4202-b5cd-876706639757,50,1,1,0,1,2
f85cac94-ed15-429d-a143-8659f2b4c2be,50,1,1,0,1,2
61c75ca2-15c5-45d5-9d16-d845b19bb3b5,50,1,1,0,1,2
2f6b6ddd-7007-409e-87af-d99d890eee11,50,1,1,0,1,2
3669a828-2e94-4d53-9783-4f0fc1121aa2,50,1,1,0,1,2
b95dfe84-07e4-43f7-9e2b-60665ff954e4,100,1,1,1,8,16
7aba8d66-27ac-430e-8e2d-4d6082dccd9e,50,1,1,0,1,2
5761ce5b-73d9-4789-bdd7-ccd5c2240a91,50,1,1,0,1,2
ac3d80dc-8af7-475c-9222-894207b57c25,50,1,1,0,2,4
ed34760a-e829-4580-9f91-d551cedea6eb,50,1,1,0,2,4
0d5ece37-9403-4b84-9341-d8c194fc305f,50,1,1,0,1,2
bed6cbda-04f3-484d-80d4-ff32cdb33c46,100,1,1,0,4,16
ef965e97-db0c-4296-88e9-cf3a1b2faee3,50,1,1,0,1,2
145de3f2-d92a-4838-a38d-c368385d4ff8,100,1,0,0,1,2
da8908f1-d239-4639-abf7-9367d9895835,50,1,1,0,1,2
fb75bbe6-58bd-433d-8738-db63f1a97de8,50,1,1,0,1,2
218dd97e-70c3-4152-a333-6c0c0218a176,50,1,1,0,1,2
a0ac820a-85b9-49ba-834f-5e6bec335729,50,1,1,0,1,2
ce184ec0-9a4b-442f-b1cf-a04d9725e649,50,1,1,1,1,2
be9b85c3-cbc5-4030-8b8d-d68530b4bab3,50,1,1,0,1,2
b68b4ec2-068d-42da-9f62-58502f9caef2,50,1,1,0,1,2
379992ad-ba7c-415b-b334-d4536f636acf,100,1,0,0,4,8
6a0c2163-ee93-4793-8397-0e8c678db723,50,1,1,0,1,2
b50824ab-e560-4af6-86c7-88cd6679a8b4,10,1,0,0,1,1
b0179258-e9a1-4895-bb10-857a4ab90c39,30,1,1,0,1,1
1e9ad0f4-e298-462e-a18c-5c4431b6e566,50,1,1,0,1,2
925a0787-6e2c-4f2d-b8dc-4ae7abd35476,10,1,0,0,1,1
d15d972f-9c4e-47da-86e5-48812c5b6a17,50,1,1,0,1,2
881e1407-3bea-419e-8a43-39e5e8474db0,50,1,1,0,1,2
e07b97c3-99db-4030-ab9a-d23a12986862,50,1,1,0,1,2
20cc41ce-c7c9-436c-a51f-30194d5fc74c,50,1,1,0,1,2
09dea263-1178-496c-9b16-0946e14c9be6,20,1,0,0,4,16
f821241a-e799-4a9c-a0f7-ece28977c921,50,1,1,0,1,2
d30036a1-b59d-45ba-9aea-02fe92a5f975,50,1,1,0,2,4
ecb83058-8c41-4742-8d6c-80bfeaedaf4e,50,1,1,1,8,16
862d51aa-c06d-4a8c-9e9c-e79618d441e4,50,1,1,0,1,2
3f5311aa-70b4-4f78-aa19-0f11f56099a3,200,1,0,0,4,8
ba42c28c-1a53-44b7-b80b-32f96c00b72b,50,1,1,0,1,2
66d59289-5237-46c8-9d10-f602f088a468,50,1,1,1,16,32
989be119-f310-4062-a5d3-3592a6a164bb,50,1,1,0,2,4
48988398-009f-4115-a2f4-76bef7c29062,50,1,1,0,1,2
a9cf09e9-48a4-4ba2-9177-4b7fa5be9639,50,1,1,0,1,2
cc8c1573-5fe2-4508-8026-1175288751b4,50,1,1,0,1,2
d8d6a002-edb4-4ee4-a283-f257fa4f7266,50,1,1,0,1,2
de35f9a1-66f7-44ab-83db-14598cc3a16b,50,1,1,0,1,2
1e0846e7-e58d-44da-98ba-6ce52bcc74d8,50,1,1,0,1,2
b454470c-5f7b-49f7-be6d-6454d92e85aa,50,1,1,0,1,2
a1397ab8-be91-4f27-8393-cdc54d863fd5,50,1,1,0,1,2
46cd05bf-6b53-4b7c-97c7-f17590f9b116,50,1,1,0,1,2
d1eaa387-d1bc-4c77-bc65-898114498a88,50,1,1,0,1,2
2cfcb8ac-ed2d-42d6-a13d-e899fbc5bbf8,50,1,1,0,1,2
eedc178f-fefd-4cae-8c85-0f2039b3bbba,50,1,1,0,1,2
17bf36ed-12cb-40bb-a1d4-5f298e3abae6,50,1,1,0,1,2
53a37e2f-addf-4f22-9651-e6ed98d03689,50,1,1,0,1,2
cf28f587-3a9f-41fb-95b7-0180c5096e38,50,1,1,0,1,2
590a4ab3-ab20-43a5-a6f8-bba66d462728,50,1,1,0,1,2
7054d4de-e7ee-4368-940a-c3b8011a1c7c,50,1,1,0,1,2
debd089f-682b-43b2-af02-6fe46524684e,100,1,0,0,4,8
af79207e-8f3a-4a2c-a58f-d867dd7612d5,100,1,1,1,16,32
c02f95f6-083f-4571-a2b6-241cd4e0cda8,50,1,1,0,1,2
eb5489e8-ea63-4255-a1b6-4a464c96f07b,50,1,1,0,1,2
a4bfee98-ce7c-4675-8207-78a275e3a97a,50,1,1,0,1,2
470bd184-ae00-4320-a556-32965589da7b,50,1,1,0,1,2
0e68051b-91cb-480b-8df3-da638240e240,50,1,1,0,2,4
496e83db-9760-4586-96c1-6c716138c249,50,1,1,0,2,4
0378d230-859a-42e7-92b6-a8b5e336d3d7,50,1,1,0,1,2
276134c6-f43c-4184-98a9-ef525f47071b,50,1,1,0,1,2
ded063d0-7fb6-447a-a4ae-dc31ddcf9382,50,1,1,0,1,2
f67efa75-8955-45e0-88b0-7064def2fdc3,50,1,1,0,1,2
681d40d4-6097-4f37-ae9b-70417d5518de,50,1,1,0,1,2
a2b19301-2a35-4e77-8c04-f103a8ae3277,50,1,1,0,1,2
f479ceea-e5b9-4f4e-a22a-60c46e873a47,50,1,1,0,1,2
ac1f7a1f-e264-404e-85e9-d3effd01bad8,50,1,1,0,1,2
ffbe2bfe-57bc-4cf9-97bd-14acda7708d2,50,1,1,1,16,32
c5283f23-a7f8-4191-b47b-4071f5959f6d,50,1,1,0,1,2
4497ef93-9304-4806-a167-1e27d649f1e5,100,1,0,0,1,2
624ec4e4-03a0-4b4d-8f79-2078d8eac5c8,50,1,1,0,1,2
ae920da7-d8fe-4bad-91de-edcf51dbadea,50,1,1,0,1,2
4aaa1d2c-776d-487c-bfc2-4fd303135515,50,1,1,0,1,2
dba2a94b-a659-4d58-ba65-5ed86749ac1f,100,1,1,1,36,160
c6f5688f-a04f-408a-8c2f-8340ea86c0e3,50,1,1,0,4,8
01d0df93-4b93-455d-b600-6e62a94d9a5c,50,1,1,0,1,2
dc4e48e8-d1e2-4a0c-9d85-9d01697a405b,50,1,1,0,4,8
aa38dc06-7c07-4d02-af0d-2f1feb967058,50,1,1,0,1,2
f128a387-c46c-47e7-a6e5-4ca5a39c2d8c,50,1,1,0,2,4
12a85a87-8173-4ab0-90f4-4e0897878adc,50,1,1,0,1,2
bb295842-2d4e-4a43-b7f1-019a31913705,50,1,1,0,1,2
00fecdb1-8373-47ed-abaa-83ee0cef2581,50,1,1,0,1,2
536e2cfe-555f-41a8-ab9d-534b01426944,50,1,1,0,1,2
47cbb494-e3d4-473c-b810-690121fe32b5,50,1,1,0,2,4
2d0ec0f1-196f-4a10-a064-8ac99dcb645a,50,1,1,0,2,4
77e71ef7-7120-4658-b579-ad98e9569eef,30,1,1,0,1,1
3c7ad401-ac30-4cd8-ba84-04e3f6282227,100,1,0,1,84,256
ed6d25b5-7081-44fa-8690-023af6466a3c,500,1,0,1,32,64
1c836fde-76f5-4346-8400-ed80f7141169,50,1,1,1,16,32
235357c0-99aa-4a6c-9480-8908967c2bc0,100,1,0,1,32,64
a71fbbea-0597-4f9f-8318-590ea12951a5,50,1,1,0,1,2
579d260b-0e92-4ef2-8d45-bd1b1cbb2a7c,50,1,1,0,1,2
e5cabb91-dc94-446a-8287-b4e88f53feb4,50,1,1,0,1,2
aa4f1577-e184-4ce6-9742-57ff8bdbbae4,50,1,1,0,1,2
32421b97-15e6-4cb5-b2de-68259a7e9c57,50,1,1,0,1,2
ffa0a5f0-dc36-4a41-93ee-d4ccaa10e086,50,1,1,0,1,2
51d63437-a9b8-4657-ab00-2f2f57237522,50,1,1,0,1,2
c7e09fe9-3e19-4e39-81a4-01ceb4e969b5,500,1,0,1,32,64
9e1b406a-3011-483e-9cab-84e4eae45d61,50,1,1,0,1,2
a9303c9f-2885-42e6-a2e0-d1eb57a12022,50,1,1,0,2,4
fa52cd84-9324-4dba-8194-6f455e48e702,50,1,1,0,1,2
e3989241-29af-4257-bad3-7247ab3c9cbc,50,1,1,0,1,2
0f15a557-48dc-4870-b3b2-55a20f7d7cb3,50,1,1,0,1,2
1180b907-185b-4d50-8650-9545a7952efa,10,1,0,0,2,4
03b6fb3f-a727-45d8-bee2-4d803798a407,30,1,1,0,2,4
af8ebea2-bf4f-4440-ace1-8315742fd953,10,1,0,0,2,4
5b8a68fd-3525-4554-a37b-c0e6c672cbd4,30,1,1,0,2,4
0cfbcebc-3bb9-483c-b8cd-468fb8846e68,50,1,1,0,1,2
3d8cf63c-8e8b-47a3-983f-ba7fbd313042,100,1,1,1,8,16
c6afba98-8a43-41e7-95c1-cfbb640d5b55,50,1,1,0,1,2
26155c76-32cd-4be8-84f2-3906398da068,50,1,1,0,1,2
f6323d71-9518-4920-ad31-e4e441bbfb96,50,1,1,0,1,2
1a0132cc-22fc-4148-863f-8fba11ddeba9,100,1,0,1,64,128
3f255f00-461f-4bc8-832e-77d3cbc0f09d,500,1,0,1,16,32
222842f3-2d46-46d0-9f04-a4f463e885b0,100,1,1,0,8,16
a71941f5-5c95-47de-9346-788cb350a049,50,1,1,0,1,2
6be786a2-aa14-4be5-8074-b18ae689cb55,50,1,1,0,1,2
f33be3e5-9ac8-4b19-bba3-59f0af636481,100,1,0,0,1,2
0cbda847-a5e3-4326-9f34-4669b7282eb4,500,1,0,1,180,464
5c3b1c10-5329-41c4-a691-1b21684a5eaa,200,1,0,1,8,16
b37f099d-4e4c-4f0e-b919-cb041381cf09,50,1,1,0,1,2
a6be30ea-2b35-4472-8763-d986d6e9cd8c,50,1,1,0,2,4
4cbf1cc1-e8b3-4ea7-a20e-3712f4190fb9,50,1,1,0,2,4
bad8b77a-89e1-44f2-adad-0d6c487c44ef,50,1,1,0,1,2
37cf8ea7-68f4-4643-85b0-a89695a906f6,6000,1,0,0,16,64
ac63554d-d4d3-44c2-a6d7-3666a6189df2,50,1,1,0,1,2
ebc391f8-1e62-4fb8-bd1f-7ef3556d70b5,100,1,0,0,2,4
d483e1f9-ae31-48e1-9629-e7b5efbf4973,50,1,1,0,4,8
7c40f8f1-5c2a-470e-aa3b-705f971973a5,200,1,0,1,32,128
522c0510-4e69-4d48-b8a5-d88b2ab9965a,50,1,1,0,1,2
75b9beb7-49cb-48f5-9a77-4ba13bcb26a2,50,1,1,0,1,2
a5b0027f-3fae-4501-99c4-5a749a2d5588,50,1,1,0,1,2
3fcca9a8-829e-468f-ad8e-a2b9f925d190,50,1,1,0,2,4
12e6d70a-6947-49f5-9699-e30a0d9bda35,50,1,1,0,1,2
7a499e96-7172-440e-8e24-bc116e470ae9,40,1,1,1,4,8
4b6089bd-33b1-4a31-b967-7a06ec4793b7,50,1,1,0,1,2
0dd5880f-fe7e-44ab-88ad-4e60cb12bc11,50,1,1,0,1,2
1f7ee046-427d-4d43-acdb-6333737b314c,50,1,1,0,2,4
66d5aed9-008b-48fa-a31a-c7e55641e1e3,10,1,0,0,1,1
3565ed3b-8783-49c3-a144-92e7351c111c,30,1,1,0,1,1
c9bf59da-ca89-4bf7-9f7b-ed48d4a4578e,50,1,1,0,1,2
c165f7b5-a2b0-4762-954c-75d3c48a6b98,50,1,1,0,2,4
eb90e62f-bcab-4975-977f-2d04a66e1dfc,30,1,1,0,1,1
a031f37e-f132-49e0-9db1-e5aa332e734c,50,1,1,0,2,4
3a067da7-9516-47f0-83f7-e85df321593e,200,1,0,0,4,8
765bdcc7-038f-4c35-bace-bb1316ae5ea9,10,1,0,0,1,1
4bf8d410-46bc-48e2-9dc1-ad6558fa5e08,50,1,1,0,1,2
3dad7750-0fde-4b15-a49c-2f856e38b74a,30,1,1,0,1,1
8f5e1414-2d60-4351-bb88-4c20bf07a990,50,1,1,0,1,2
1efa7cb8-eee8-463c-9add-384039ff3be5,50,1,1,0,1,2
f9c1f2e8-28a8-4303-85ae-d3143066542a,50,1,1,0,1,2
b0e56cd5-300b-439e-bb3f-da6f5e110b1a,30,1,1,0,1,1
dc3ae65e-26c9-4415-84e0-817b96538346,50,1,1,0,1,2
eb35a04c-690b-4640-b577-1bb3f62b6bb8,100,1,0,0,2,4
48d191a2-5247-4149-8d79-a8752094c0e0,100,1,1,1,32,64
4aa7757f-b575-4723-b834-08fa17514d44,100,1,0,1,32,64
a1d665fe-53b7-45ab-8875-79e9bfdff8bf,100,1,1,1,32,64
55ae8c72-bc2a-4365-875b-93c8c2c19d99,50,1,1,0,4,8
cbcf1689-21d4-43e3-819d-c485eeff0348,50,1,1,0,1,2
c0ba0d29-fc84-457d-b16f-6e33105963a3,50,1,1,0,1,2
bd50f315-ff07-4b03-afa4-a385f8cb5234,50,1,1,0,1,2
29b8a849-b884-4d34-99e9-461e3c1d9cae,10,1,0,0,1,1
45a65968-a63b-4bd1-aa34-4f48518cb61d,10,1,0,0,1,1
b4bee10b-fa2a-4d13-b00c-cb8bb6ee8adf,10,1,0,0,1,1
23caed90-3503-42f5-afa2-57e2e5207368,30,1,1,0,1,1
a0ff06d6-3d20-4e78-8c5a-ec700a31a254,50,1,1,0,1,2
4eee7654-3036-45a8-a058-e05baf83f73c,50,1,1,0,1,2
edc57094-8ed7-4b2c-91c9-d5180b7ada23,50,1,1,0,1,2
fa246a3c-aed3-443f-aa35-c4d3ca5d3149,50,1,1,0,1,2
c80273e8-a0f1-43aa-8d2e-f90b25d9a836,50,1,1,0,1,2
c066b797-a4e7-4d54-9f19-e02f373b43a4,50,1,1,0,1,2
8d7da51a-c3fa-4277-9846-5664788abdec,50,1,1,0,1,2
fbf9a9dd-11a4-41f5-8f8d-f78c627f5ae5,50,1,1,0,1,2
68eacc5c-a3da-4cb4-9b48-e76a1baf7849,50,1,1,0,4,8
f09fb9eb-3d45-4cdb-8c00-c892106df628,50,1,1,0,2,4
d13669dc-4349-4009-bb91-5c4911ed3efd,30,1,1,0,1,1
dbca3a1e-bb04-49b4-a21c-d7578dd9e700,30,1,1,0,1,1
3e473c10-bda9-4c55-bf46-e68fbeff86e4,50,1,1,0,1,2
d68d1b0c-d56b-4f94-9708-ca35faf98546,50,1,1,0,2,4
f99b4bf2-5e82-46f7-96b9-b9db7086c0ab,100,1,0,0,2,4
36dc5d71-88d4-41d0-85f9-cfa93d36b6a4,50,1,1,1,16,32
7af0009f-7337-4cda-ad62-981a34482255,50,1,1,0,1,2
a41fc2b1-c35e-4734-8aed-490ebb8117d9,50,1,1,0,1,2
0b84577b-731f-4005-90f7-1f8522791bc9,50,1,1,0,1,2
01c8f8ca-70dc-4697-86af-f505ec298b42,50,1,1,0,2,8
c48ae91c-e80a-4e72-8d22-21a0dd323387,50,1,1,0,1,2
104badaf-5c6c-481c-a366-201c6eb50a5a,100,1,0,0,2,4
c68e8221-cafc-490b-bcfa-35761947bc5c,50,1,1,0,1,2
cc08aa22-0823-4ee7-818c-bbf322da638e,50,1,1,0,1,2
69671589-35c7-476d-bbf7-f0b89677b41e,50,1,1,0,1,2
388bd406-42d7-4e5c-9573-db145a915cf1,50,1,1,0,1,2
f05f5829-e3a2-4d4f-9c63-e96fc1d96dac,50,1,1,0,1,2
b60e3eaf-5b0f-4c5d-a54c-dbada35d92b3,50,1,1,0,1,2
74bb7ee6-ca6a-4003-9944-0b76344a4689,50,1,1,0,1,2
6a328596-8fa1-4ca0-b18b-edbe91dcf5b5,50,1,1,0,1,2
818a553c-36d3-4bf3-8957-555b3e81d60a,50,1,1,0,1,2
e734407e-127d-49d1-bb55-c534e35b4bca,50,1,1,0,1,2
ad5e8250-12a7-49e7-b8cb-7744052374c8,50,1,1,0,1,2
83df0373-be88-4021-951e-e65fe946713c,50,1,1,0,1,2
536b7a44-b11c-4a82-8d5f-2668918ed261,50,1,1,0,1,2
23fb1fee-9f6d-4cf5-a9e7-e6e87b43d1c0,50,1,1,0,1,2
2c737378-c065-4610-8369-18cdac197d32,100,1,0,0,2,4
a4ba72e0-6c0a-402c-8eed-a7bd91fe9f28,50,1,1,0,2,4
bbac4696-38da-4283-8634-7ed8d9e10ed4,50,1,1,0,2,2
03869367-55c2-4014-926a-7f14a8694bc1,50,1,1,0,1,2
fe01c826-433d-4ed9-bc0e-86a6f7cdef7f,50,1,1,0,1,2
a632d75b-1a42-491c-876d-b5479d9d4f00,50,1,1,0,1,2
e29bf0a9-9f4f-4e14-9d8d-360bcf810761,200,1,0,0,4,8
c588eee5-929a-4baa-b3d7-6767fc0df3bd,50,1,1,0,2,4
1eeee296-7a2e-46a8-99f4-e844da520e5d,50,1,1,0,1,2
9b1fd072-bda1-440e-9699-61f9ab6e57ed,50,1,1,0,1,2
a4ae8e3c-85f3-47d4-bb9f-02482882061c,200,1,0,0,4,8
f01f1f72-abb0-44cc-9058-def03202aaea,50,1,1,0,1,2
4386ed54-d8c9-4462-b843-bd3ca42753c9,50,1,1,0,1,2
14bf7c41-6b51-48aa-9f3b-2c3f71aae522,50,1,1,0,1,2
aa397dad-9b27-40b1-bb52-7ef1c17916a8,50,1,1,0,1,2
0131cd3a-4d76-435b-948b-e6deb42c6020,50,1,1,0,1,2
936dc5ff-a6a9-4786-864a-2d627568a06e,50,1,1,0,1,2
3dd5b45f-4268-499d-9754-30e02308f28b,50,1,1,0,1,2
bad305e5-47e9-4e2e-bd0e-e9c448c94714,50,1,1,0,1,2
fd793165-5f28-43de-a4b0-b1db5c2f4f9f,50,1,1,0,1,2
f3e00796-394e-433e-9588-d1f5b1db336f,50,1,1,0,1,2
544cbdc9-fa02-44a6-9c1b-43426e957644,50,1,1,0,1,2
7551bb20-4353-4fae-9eeb-c07e6af75d12,50,1,1,0,1,2
84d3118f-7a1e-46ef-8070-66760b33aadd,50,1,1,1,8,24
a7ff6864-8869-4525-b4be-c3300bc89555,50,1,1,1,8,24
c307d11f-ecee-463b-8a6d-bc6314297bc3,500,1,0,1,32,64
02a0f2cc-1d9c-48c0-a0a7-a6bef026de8d,500,1,0,1,32,64
0cb88fed-06f0-486e-adce-3635f042ae4c,500,1,0,1,180,464
c94098d8-c464-4396-af24-87e7a701d377,500,1,0,1,32,64
bf59a873-8f70-46ec-b880-4ed63f3f2aad,30,1,1,0,1,1
a5c41df0-e402-4d94-a0d5-de6aeac4b47c,50,1,1,0,1,2
8040fdcd-bfa4-4606-90ff-25fe9ff43369,10,1,0,0,1,1
288986d0-808a-46ea-b027-043c4d2db067,50,1,1,0,1,2
0771f639-c3df-4bd9-ba2a-81ebb8a9b107,500,1,0,1,32,64
0dcfc6b8-74dc-4666-ac71-ac96e029c144,50,1,1,0,1,2
ef8279d5-165c-4c3b-ad9f-5f6f8e790ca8,500,1,0,1,16,32
7408cfeb-0dab-45e1-be58-dc14a8033a14,100,1,0,0,2,4
868fdcbe-c97e-4484-a295-4253b6169ca7,100,1,1,1,64,128
2cb7d804-fd99-4bd1-8ff2-eceafa02cfe9,50,1,1,0,2,8
a86cd23e-43c5-4f7f-a0fe-21ebbc67f2a2,100,1,1,1,64,128
91ff3cad-3f58-4460-9ba3-f3db4795da2f,100,1,1,1,180,464
7a527eb0-7ef1-4cf2-b296-ca15dc9e4a98,100,1,1,1,64,128
ceb47f47-a610-4827-8e47-7935fb541f81,500,1,0,1,16,32
578b4c1b-fcdc-44bd-bb88-7ac22212fa40,100,1,1,1,84,256
ded01e44-906f-49b1-ac43-a2ee3edfd599,50,1,1,0,1,2
96964fea-65d8-43f8-a001-9bee4640a8b8,100,1,0,0,2,8
103c7261-a24f-455b-844d-c04649e5ab24,50,1,1,0,1,2
26a300e2-7efe-4a5c-9856-4cd01731d6d1,50,1,1,0,1,2
83e5b363-a02d-4c19-ad47-015b3426aa12,50,1,1,0,4,8
f856fcd9-a60d-4c45-bbf0-06727408b916,100,1,0,1,32,64
9ad4eeba-f5aa-4d83-a9c9-b46ac0456d69,50,1,1,0,1,2
37e85fb1-2bf4-491a-b6d4-16ccfb2ffded,50,1,1,0,1,2
7e1929ad-10ce-4664-b87d-f355b5d96208,200,1,0,0,2,4
7d027a64-bfd1-4ba1-a93c-66e3d9fc4416,50,1,1,0,1,2
1ef04c1d-cbec-4166-b5b0-0f7a8e74e7b7,50,1,1,0,1,2
45682487-0137-4d95-8f95-3ff31189317a,50,1,1,0,1,2
d6739b58-b513-4eda-aa77-f0e23e1cb18c,100,1,0,0,2,4
92523b87-9ca5-40c9-85c3-10ba59e4f3af,200,1,0,1,32,128
3e3721d2-de01-4b93-b45e-f70850ff671a,50,1,1,0,1,2
17e695ad-840e-485c-92b4-6e1974741185,50,1,1,0,1,2
b4fe8af5-0b8a-4457-b857-c17e78adea66,50,1,1,0,1,2
ed6ed3ac-1de9-4282-ae13-c5a0d2c51eff,100,1,0,1,84,256
ea8d8aef-b628-49fe-8d90-1118850648df,50,1,1,0,1,2
65b8f83a-72d9-47d7-a221-91ebed4ade56,100,1,1,1,64,256
c8a8294c-e1ef-4b18-b11f-a82f5121efb5,50,1,1,0,1,2
a3367ed8-5b39-4606-918d-319be9967850,50,1,1,0,1,2
9612db79-e5d0-46f1-81fd-67b4e3c08f49,50,1,1,0,1,2
2e5743ac-21d6-4afa-91a0-0f6bd691f3f9,100,1,0,0,2,4
a3c32390-6587-4f57-a2c8-fce9d42592ea,50,1,1,0,1,2
8b5b37eb-668e-4fbf-ba6f-b13d7f845171,50,1,1,0,1,2
b8203f02-85c6-4ddf-9970-f4f1b32f7a1a,50,1,1,0,4,8
0498fe28-746c-4fe9-b5bc-ba04c24b0a38,50,1,1,0,1,2
02a6ad0d-8a52-4179-af6f-13bea3469a5f,50,1,1,1,16,32
352cfcc2-37a6-4013-93e0-f94bb566c37f,100,1,0,1,32,64
cff49a72-7ab8-45a2-8ea7-737c7c6c9a34,100,1,0,1,64,128
593934b5-a350-4daa-bae4-aa92098cc29a,50,1,1,0,1,2
a0b1a451-23e1-4318-8849-4094360daea9,50,1,1,0,1,2
17710918-5547-470a-8641-863b0395739e,10,1,0,0,1,2
e5c864c7-0320-4c9c-b185-7f7b2ddb8d82,100,1,1,1,8,16
184fdd30-53fa-42d8-ad60-e2277bb2a97c,50,1,1,0,4,8
f914e40f-4c48-4408-8d1c-d0c915335924,50,1,0,0,4,8
6a3fb463-99b5-4842-9269-e4cb527571e1,100,1,0,0,2,4
edd51bd3-1b54-4c2f-862f-13dc1336819a,100,1,0,1,64,128
3828757f-70d2-45b2-9342-265d86fd50cd,50,1,1,0,1,2
a1f1d392-8a00-438c-8e4c-4947c1b7b86b,50,1,1,0,1,2
bf7b30db-bd9e-4f74-a0af-1689c3e7aa72,50,1,1,1,8,16
f4e4fae6-26b7-43e6-93ca-f8dc25fdf65e,50,1,1,0,1,2
432367b3-c21f-4dd6-8d4d-779638fe0e2e,50,1,1,0,1,2
b0609714-3b01-442f-a626-7e776e13204e,50,1,1,0,1,2
fbee1366-42bd-4c51-98fd-922c06299117,100,1,0,1,64,128
a3383fa1-b727-4189-bafb-87dfb4024e3a,50,1,1,1,4,8
bb5cbb15-ef7a-47a1-bc4a-385f22c998ad,50,1,1,0,1,2
fd685f2f-c4f4-4cc8-b397-3dfea8eb7425,50,1,1,0,1,2
f7f0a123-9cc8-4d1c-8096-2986d7991b20,50,1,1,0,1,2
ceaf9559-33e0-4ed6-81d8-a39139f2dad7,50,1,1,0,2,4
7de7340c-1631-4946-871d-59e2e6553949,50,1,1,0,1,2
20e1d503-38dd-40a9-8276-4be67d3ab33e,30,1,1,0,1,1
8c2e7bd1-b4ee-4de0-b269-884b99a55f7f,30,1,1,0,1,1
d716f04a-ed97-4bce-90dd-4987363694c3,50,1,1,0,1,2
33e8e566-599a-44b4-aa16-c246136b4085,10,1,0,0,1,1
4417a866-5806-4754-ad2f-6b817e4cee3b,30,1,1,0,1,1
35a73ab8-6318-41e3-b4a9-5240a8cd0f94,30,1,1,0,1,1
a7bc348e-2ba6-4c62-874c-177b3ae34ba2,10,1,0,0,1,1
8c7d1fa6-2f0c-4f38-bf00-68354a7af511,10,1,0,0,1,1
49917e43-3385-4041-909a-a7b3c530c066,30,1,1,0,1,1
a0bbe4ae-0a94-42f3-837d-2ef18a7d56fa,50,1,1,0,4,8
468006ef-286e-48cd-815c-135bf62ed529,10,1,0,0,1,1
b08c1110-3326-4369-98f7-b008281a436b,30,1,1,0,1,1
bb9f13b0-bc5f-494e-b066-ab9d7ad1af97,30,1,1,0,1,1
d583f293-c4f4-4683-905a-f190faca3e91,10,1,0,0,1,1
cefcd374-e224-406c-8233-44f688c4f3db,50,1,1,0,1,2
d2b64ae4-3f45-4f4d-add4-12533d32fe91,50,1,1,0,1,2
6a07bfc8-5a93-4f43-b26e-e30abbe70d9f,10,1,0,0,2,4
e71438e6-3f55-4ead-bfe8-909de52ff4e2,100,1,0,0,2,4
f3707816-b49a-40eb-80f1-66fedb610d0c,50,1,1,0,1,2
15f86d1a-2612-42e9-9543-62e9a847080d,30,1,1,0,2,4
d7860f84-338f-4c85-8dfa-71205c8b0b9c,10,1,0,0,2,4
05c6365f-28d9-4ba5-bb79-bb9a2394356d,10,1,0,0,2,4
fca6c29c-989c-4565-9313-4be6b8b49490,30,1,1,0,2,4
c857d046-22e8-40f2-bafc-cb572c0f5d97,50,1,1,0,4,8
700b97d3-a4e8-4edc-bc25-7cd685dd9199,50,1,1,0,1,2
6177356d-2e9f-4abc-9e2a-a6ddfe77112e,50,1,1,0,1,2
7e2307bb-d4e1-46d0-b93c-da8e58136f4f,50,1,1,0,1,2
79ac1dd2-c91f-4123-a32a-7c33031aa77d,50,1,1,0,1,2
939cf969-9daf-4b85-a87f-35609a80a220,50,1,1,0,1,2
ae43af36-0627-4f08-8c0d-fbda95828fd6,50,1,1,0,1,2
b3844d7f-82c4-4e9f-94b6-5c6455bb9ea8,50,1,1,0,1,2
67323998-cd53-472e-a32c-829320416596,50,1,1,0,2,4
d90efcbb-8adf-4aa5-b903-6d49db465c3f,50,1,1,0,1,2
47dff98f-8c66-4ded-a9c4-a13157650ade,50,1,1,0,1,2
a69c5c82-b25c-426c-bf07-23f9c5c6ff9d,50,1,1,0,1,2
ca246b58-763f-4515-81ee-f1ff8b265302,10,1,0,0,1,2
1127edc9-f0b9-4d0d-9fce-95a29b5b2c1f,100,1,1,1,8,64
5c6b27d3-c137-4ab4-b015-75668b204a6d,50,1,1,0,1,2
f0612661-b82d-45d6-b863-6998cc5d6f32,50,1,1,0,1,2
f833487f-5017-40f0-bcb8-97c12efd3bde,50,1,1,0,1,2
d6983e7d-f8c7-49ae-8e16-26c31fcebbd9,50,1,1,0,1,2
3154c727-51ec-4382-a1f3-e48334b3d1dd,100,1,1,1,8,32
da3ab442-09a3-44aa-9b41-96de4fbab13a,50,1,1,0,1,2
94e966b2-9975-41a0-aeff-0f682da12e03,50,1,1,0,1,2
05f22fba-c6fe-40fa-ae00-767db51c4aff,50,1,1,0,1,2
9cb1d278-695e-4698-84f1-0a39427d95fa,10,1,0,0,1,2
85ea2a27-c9c6-465c-92e4-8e0a566a2ab8,50,1,1,0,1,2
e52abbd8-4648-46fd-8fed-75ae06d1380f,50,1,1,0,1,2
fb787553-78b2-4741-9f2b-41c9b5a016d4,100,1,0,1,32,64
7aa90fd6-8174-48a7-9f4d-f2075e67a7a4,100,1,0,1,64,128
37ab1297-63c8-4635-8f06-6f0898300ea4,50,1,1,0,1,2
371fd09f-be86-44b5-92aa-348f20803a86,50,1,1,0,1,2
5392cbff-4602-46b8-ad5a-09c8f17924d7,50,1,1,0,16,64
cd158a1a-ebc1-481a-a793-fd35676d95fd,100,1,1,1,8,16
1d6112c8-909d-4491-8410-7766ba954f23,50,1,1,0,1,2
89442cf0-7934-4ced-9cb6-0e60d7c8059a,50,1,1,0,1,2
12917ea5-c424-4c98-8949-ce6202789b89,50,1,1,0,1,2
503be6ac-f5c7-4bff-9740-a3c36b9efe75,50,1,1,0,1,2
e381f0e3-027d-412e-9908-d204f6b7ca94,30,1,1,0,2,4
2faa7b62-e360-4f57-8ec9-1f4c1f9abc0b,10,1,0,0,2,4
2a79710d-86d1-4649-a360-3b1b396f977b,10,1,0,0,2,4
a58e5977-97c5-4ede-8027-626a22fcfe30,10,1,0,0,2,4
56ecc3a8-0c19-4386-a48d-e427dbd1f404,50,1,1,0,1,2
1ecda317-3f58-4d2d-945a-821cdefef9f7,50,1,1,0,1,2
2ef6edcd-498f-4821-80b4-5e17f1469b98,50,1,1,0,1,2
5bd98eb5-d223-4a75-8d9b-9837873b0578,100,1,1,1,8,16
423ec90f-4b57-4f3a-9a28-745889d610da,50,1,1,0,1,2
5daa7e07-eafc-42f0-a689-e5451fed7f87,50,1,1,0,1,2
0a27d28a-e7c4-44b1-b377-955a4ecdafa0,50,1,1,0,1,2
8c871202-3de0-4a6e-bde7-2a388c80a857,50,1,1,0,1,2
22893e07-d6b3-42e1-a6bf-d2595dd5b5d0,30,1,1,0,2,4
7e989f34-9523-4aa5-99d7-12c09beda2a5,50,1,1,1,8,32
7990144b-08a0-461a-8f91-8f8ce0d13f37,50,1,1,0,1,2
4829e8d0-bd1f-4438-a483-c1c42fe9926f,50,1,1,0,1,2
b54e8add-814d-4243-a137-9b5676fd7a94,50,1,1,0,4,8
210bc55b-53b5-4e3a-9c37-2258cbb27f22,100,1,0,1,32,64
304ad693-2bfa-40a9-8c3e-599ad208c738,100,1,1,1,32,64
2272aeb4-db5f-4b38-932f-e88431a2b458,100,1,0,1,32,64
4ede5b90-2a9b-4f88-82ee-f598d67139bc,100,1,0,1,32,64
615f8fc4-caa8-4fe0-a5a0-925f7702c284,100,1,0,1,32,64
7fa2d0cc-7ec4-43be-b012-9c4331357e4d,100,1,0,1,32,64
4d4daf50-7c1a-4de5-afa4-ee78ad4544d6,30,1,1,0,2,4
3a889da7-f203-414b-a44d-f22a1e4e7c81,30,1,1,0,2,4
3f848938-e7da-490c-9ab0-0979f8cebdf4,10,1,0,0,2,4
85bd9c9e-e0f8-4c84-b333-2702a7b9c8a3,10,1,0,0,2,4
ded49968-e02b-4535-954d-8f49e412b72f,50,1,1,1,8,32
e1d9f256-b148-454f-8bcc-a319fbe329e3,200,1,0,1,8,32
a016e2f5-bb3e-4356-bb52-9c66f5dec54d,50,1,1,0,2,4
d8d57968-d838-4717-bc10-2c4a8f0f0b2e,30,1,1,0,2,4
25423155-c705-4294-ad6c-a47977744e5d,50,1,1,0,1,2
46135939-68d2-480c-a166-23534ac75729,50,1,1,0,1,2
2bb8e353-9d3f-4a9b-83df-42ad88178db8,100,1,0,0,4,8
a774bf4c-b029-49d5-ae40-22347c2fbaf1,50,1,1,0,2,4
72b56881-35f7-42b7-bb1a-a65bb79824c9,50,1,1,0,1,2
ca5559ad-7ffb-43e7-9d71-6e48a79dd1d3,50,1,1,0,1,2
9beca60b-fec6-4434-af8b-8683d87b8c9a,50,1,1,0,2,4
daa3a655-0e6e-4c46-9e7a-d720b1c146fb,50,1,1,0,1,2
14fa5610-e8ee-439a-8ca6-23bcbb0dcb5c,50,1,1,1,24,96
20c43262-4859-4135-882a-e56af1b53c9b,50,1,1,1,24,96
7f7cd481-9031-4607-8472-3d67bb0b2f09,100,1,1,1,8,64
c6febac4-d0d8-4d55-8b1d-a30115b6ae77,30,1,1,0,2,4
0ba5f797-992d-463a-8b1f-ec3c5581aa04,100,1,0,1,32,64
67940d20-1b09-489b-82f9-f70194a9ae18,100,1,0,1,32,64
79dfacc5-9e0d-4776-b64f-c411ea08a2d8,100,1,0,1,32,64
aa858917-fb21-4ce1-a7f9-f9b3a52c8782,100,1,1,1,32,64
b9b0acb2-3eec-404d-b26c-2ecc41fb8924,100,1,1,1,32,64
be4020ba-9496-4df5-bea2-6780f7e28c41,100,1,1,1,32,64
bfaec795-fc9b-427a-a9f0-5242a641ce3b,100,1,0,1,32,64
cb166bd1-b843-482f-b4d6-03c7b858e92b,100,1,0,1,32,64
cebaa06b-407c-4e67-bdd6-9ae5a0b6cdaf,50,1,1,0,4,8
f9d0f652-dad2-4441-8955-6436674cb2d9,50,1,1,0,1,2
7c24ab91-86df-4a0b-afba-e59b1cb5424d,50,1,1,0,1,2
c96ed1a2-cf34-426e-bd67-895bfe3026fd,50,1,1,0,2,4
1d537d09-8328-42b2-b34c-e84be8df1aef,50,1,1,0,1,2
a320fae0-50f9-4255-bac5-29b3db5807ce,50,1,1,0,8,32
8ea52e74-d2da-4e08-9daf-a1ec8b4cb706,50,1,1,0,1,2
eca13a1a-33a4-42ab-bcc8-6613df1c77f5,50,1,1,0,1,2
6c3c6daf-4614-454f-893c-9fdddbe9a46d,50,1,1,0,1,2
f190d3fc-0296-4260-926a-8c9558e9e71f,50,1,1,0,1,2
5fc5ebb3-2989-457a-89f3-dc9666a555b0,50,1,1,0,1,2
7bd25a8a-a058-4d57-8ee3-66915da88f67,50,1,1,0,2,4
a7bb6f59-176f-4d94-af3d-3c6d713c5122,50,1,1,0,1,2
3510fdff-dddb-4470-86a6-05e19b899a6d,50,1,1,0,2,4
e3a5ffb8-d311-49ab-805d-7b6c84c5cb95,50,1,1,0,1,2
1714a39e-af0c-4a55-99df-40427fba899b,50,1,1,0,1,2
24d87681-7b68-4d59-a92c-bdc1ad713157,50,1,1,0,1,2
120d7f4a-720d-4e55-bcab-8bdfbd74ca4f,50,1,1,0,1,2
d07605f2-804c-4803-8d7f-ebf1b79e61f8,50,1,1,0,2,4
cb4c98ad-3cf4-4027-949a-f1f2df97a5d0,50,1,1,0,1,2
531e2f03-fe82-4a1e-816f-ccd4c33d352f,50,1,1,0,1,2
3762629b-920f-4112-a84c-32e5c793be9f,50,1,1,0,1,2
589c746e-a397-4812-b991-eab7531a64fd,50,1,1,0,1,2
2bf118c0-788a-4fdf-b62b-7405ef1f01c8,50,1,1,0,1,2
a8e30393-bb9b-4e53-a8ba-6d3030f2b890,50,1,1,0,1,2
3108685f-0647-43d5-a0c3-bc6f4eba375c,50,1,1,0,1,2
817d847a-5e84-4172-a1f5-5d7d953816d7,150,1,0,0,4,8
abef4656-4ad6-4398-8d5a-0d6fcbb689f7,50,1,1,0,1,2
5def088d-8cf2-4652-ba44-79301ca0f3ae,50,1,1,0,1,2
4878af2a-7e33-4d27-ac29-4f340c7ac68e,100,1,0,0,2,4
2766341c-3df4-4363-b4d8-5e7c3e568eaa,100,1,0,0,2,4
81c743a0-cc9a-494d-ba3c-b8e61fb81d22,50,1,1,0,1,2
13fc350a-5abe-41ba-a365-d685535f8c2e,50,1,1,0,1,2
eb712dbf-eb1c-49ef-9af4-8936ab0b577d,50,1,1,0,1,2
cf100bfa-6adf-4308-9c4e-7523a84c8dd6,50,1,1,0,1,2
098e8ff6-6435-4b70-bc4d-e91f2830350c,100,1,0,1,64,128
013bfecc-b009-4d4d-a30e-278908b1b527,100,1,0,1,64,128
eacebd29-3e08-428a-95e9-acbf20a27ec7,500,1,0,1,32,64
0d35190d-a553-4499-9838-3933b19db6dc,500,1,0,1,32,64
de755820-cb63-4d41-95c1-f752956db668,50,1,1,0,4,8
63fbaafc-bd6a-44e3-a7ea-b05afeeb1ab5,50,1,1,0,1,2
6496f309-c9f1-4d98-91e1-ba7f9034b731,50,1,1,0,1,2
2b609640-e496-4663-be7d-7d5f81b7e16f,100,1,1,1,84,256
231cb770-f638-4af4-b4e7-294c1957582a,100,1,1,1,64,128
17892cdf-ff99-4ccb-aaa5-f3c3fdcb4185,100,1,1,1,64,128
009d13d4-8360-4af8-b173-010d198b61b8,100,1,0,1,32,64
008a93e9-dc2d-4d33-8a38-94f6e176f66c,500,1,0,1,32,64
03119007-2a20-42b5-897d-671324ec6b14,500,1,0,1,32,64
10acc94a-1bc7-4796-a1f6-083bf4440f83,500,1,0,1,32,64
1435ce72-2889-4f48-9c55-656ba93ee773,500,1,0,1,32,64
0452d3fb-955f-4ca1-bd8d-5350c677be32,500,1,0,1,32,64
01fb66cc-2572-4623-abbf-4639b77e4c05,500,1,0,1,32,64
07375fff-cfee-4d2b-af4a-d125ffb3d579,500,1,0,1,32,64
19ae88ea-290a-40a5-9858-79469175715d,500,1,0,1,32,64
e395d4b7-1f34-47f1-8f7e-b6eff4ad7172,50,1,1,0,1,2
1015c103-e11b-41b6-9df5-286898a49f30,100,1,0,1,32,64
13b5438c-aa1c-4aab-9b8f-918925aa6c32,100,1,0,1,32,64
1087e279-fd23-4165-b40b-9fb47274f2b2,500,1,0,1,32,64
1790636e-4889-4a72-92c3-52284fb1fb3f,500,1,0,1,180,464
03e67db6-1759-4de3-af24-d77d3c680f46,500,1,0,1,32,64
04777138-dbc6-4f1b-b40c-f054604b9838,500,1,0,1,32,64
03dae546-5943-4392-8ad2-3611da4fdc4e,500,1,0,1,32,64
0ad6e9f2-b7fc-45b5-a3bb-910c502645ab,100,1,1,1,8,16
00db00a3-5e86-4793-aef0-1bddbf00867a,500,1,0,1,180,464
020fb06f-0c36-4fe4-afdb-703976f1d71c,500,1,0,1,180,464
266cf653-321e-4183-b58d-b2f888a0256d,500,1,0,1,32,64
c93bb110-df79-47b2-afc1-31fb0bc2ac6a,100,1,0,0,8,16
72a21f7d-f91d-4c45-8b1b-745177d38cb1,50,1,1,0,1,2
05a375a9-753c-4ef8-827c-82e170ae3754,100,1,0,1,180,464
21511f56-eb96-4315-befd-59b68f841f0f,500,1,0,1,180,464
060a5de4-e418-434f-a070-6ed10e710f8e,500,1,0,1,180,464
4eb08286-743c-437b-88cb-7951a568f177,50,1,1,0,1,2
5cbe7cab-ee67-4438-97d3-740ada92caaa,50,1,1,0,4,8
d7b3f4b3-2981-4ce1-b0e3-94a3afb9b805,50,1,1,0,1,2
e5f64784-a3fe-4019-a180-4203e62ed9d0,50,1,1,0,1,2
3fa9c677-8d49-4efb-ade1-252025b358d9,50,1,1,1,16,64
e2b0aea9-eff4-4712-92f4-2341e762b08e,50,1,1,0,1,2
e553d7d8-e97c-433e-9218-d157853eaffe,50,1,1,0,1,2
bd47688e-50d5-44c1-9cce-211a3820e493,50,1,1,0,1,2
d24dd774-4211-4c9e-860f-b58a012f4064,50,1,1,0,2,4
3ad249b9-f2ce-4eab-b0c4-7b0811133d6e,50,1,1,0,2,8
b2b47d53-dfe1-45aa-9f63-1957862e4240,50,1,1,0,1,2
9a1a5ad3-f22b-485f-9676-7ac2aefe6dcb,50,1,1,0,1,2
2741e4ec-133a-4f65-b0ce-eae05ce1c2fb,50,1,1,0,1,2
3bf6cdf2-8457-40f7-b04c-b0388ec62dfe,100,1,1,1,8,32
69962b3a-5e92-42eb-b971-b73ba4612902,100,1,1,1,8,32
56df4214-d9d1-4605-8e7f-75b33873ddf3,150,1,0,0,4,8
b5c9202f-c9a6-49ba-86b9-2aeeecfbff9c,30,1,1,0,2,4
efa5c5a9-68aa-420a-a288-3cfd1575d861,50,1,1,0,1,2
058f02b5-2dbd-4905-827d-9944b5eae095,50,1,1,0,1,2
bbad68a7-a366-4fb2-a26a-409bd560f0e9,50,1,1,0,1,2
8fe9d7b2-6072-48aa-9aa9-dabbcf67ef40,100,1,0,0,2,4
de939798-dabb-48a8-ac75-ab26c4eb434a,300,1,0,1,32,128
626ac289-ba71-4adf-961e-7eb34f99f03b,300,1,0,1,32,128
47ff793f-782c-44fd-8418-33843082a04f,50,1,1,0,1,2
50e56f5d-44c4-4177-a1e5-d077a46cbd41,50,1,1,0,1,2
0cdd6e50-5e64-4ced-83d3-0622022971ab,50,1,1,0,1,2
e64e2fb3-3b4a-413b-867b-9419d385bc19,50,1,1,0,1,2
dfc3d04c-a20c-4ec7-a076-1c51ca6b6e3b,50,1,1,0,1,2
13cbc90c-d867-48d0-9c2e-2da0fcaa80b0,30,1,1,0,2,4
04e2f00e-4461-4288-bca1-c1c84ae09316,50,1,1,0,1,1
43a7c684-517a-4052-bff3-c2c9629849ca,10,1,0,0,2,4
7f0bba83-4521-419e-947f-46a37f33b05f,50,1,1,0,1,2
cea81d27-b88f-4efd-a3c6-8da64aa0a136,50,1,1,0,2,4
955632b1-3f89-490d-a3a1-5ed1c3c4b4e2,50,1,1,0,1,2
5024ab13-6a48-4f57-81c5-5ab390855136,50,1,1,0,1,2
4643b7ab-119f-4da0-ae59-8de3ee737eea,50,1,1,0,1,2
c314af78-eb9c-47ab-936b-b8872897a9bc,50,1,1,0,1,2
416452c0-e4ec-47df-8904-4baf7f9eb742,50,1,1,0,1,2
2a331f2b-155c-40a3-847e-581135e02423,50,1,1,0,1,2
00fc599e-c023-4d52-8acf-72043ba8ea95,50,1,1,0,1,2
2cfee8c7-6a31-4d13-acb4-83ad1cea610d,50,1,1,0,2,4
97233c34-0032-454e-94c1-a70294678be0,50,1,1,0,1,2
ce49d618-3eba-4481-b68f-689c56504ec2,50,1,1,0,1,2
75c501f0-4f32-40e2-bf31-39e88ed46228,50,1,1,0,2,4
e25565d0-65b9-4fde-a2a7-ce450adc9a2c,50,1,1,0,1,2
38802748-975a-45df-aa62-76fec4cb077a,50,1,1,0,1,2
f6f8aaa8-63c6-404d-95e9-2dbbabb3711c,50,1,1,0,1,2
d55a431c-0228-41ec-b72f-1beea6d9b2d6,50,1,1,0,1,2
25aadcb9-32f1-4b55-a0e6-7365f83fb6d5,50,1,1,0,1,2
04a3ed0b-df37-448f-8c23-82ef2e1af0a4,50,1,1,0,1,2
d54fbfd6-f2df-4341-ae61-a564336903cc,50,1,1,0,1,2
cedf17bf-df39-449d-95e4-79af8f531de4,50,1,1,0,1,2
c067294d-4f58-4102-9958-d9926a3862ad,50,1,1,0,1,2
46bd4633-f4c3-4242-bcf5-7d715b762463,50,1,1,0,1,2
4beafd5b-042d-4f08-9feb-d2975631432a,50,1,1,0,1,2
87bc9b99-344b-4621-8fa9-4250ec4ce493,50,1,1,0,1,2
4566703c-817c-47c4-b8e0-054a70bc0179,50,1,1,0,1,2
212d66bf-88e3-41eb-b762-fdc565f90823,50,1,1,0,1,2
e7a40ba1-138a-42c2-8789-29493213d75e,200,1,0,1,32,128
942a77e2-e76d-403d-b78d-da075ba02974,300,1,0,1,32,128
f109b5a0-d71c-4af3-b445-09df9d4ad549,200,1,0,1,32,128
513ee740-a859-4e9d-9593-350d85e4fe52,300,1,0,1,32,128
70b56499-3fd2-4717-8a1a-297eab1edcc0,300,1,0,1,32,128
e83bcb0f-936d-484a-a71d-348a045ea3fa,200,1,0,1,32,128
95290269-2ee5-4bc8-8ce1-affc37b9f669,300,1,0,1,32,128
065b0743-8287-4864-8184-4d456891e6f2,50,1,1,0,1,2
2bb2fd8d-66b5-4d5e-95e4-21f2a9d1dd32,50,1,1,0,1,2
2c6d5cc9-21ed-4515-80f4-6a5f319070c9,50,1,1,1,1,2
fb9c3265-094a-4765-83b1-fef1a4fda228,50,1,1,0,2,4
f174ea6a-bd3f-4bef-aee3-d6dffc2a9efd,50,1,1,0,1,2
6b513a94-35da-4523-87d4-04b62d60e3fe,100,1,1,1,8,16
85c9af4a-06c8-43c3-9739-7731bd061294,100,1,1,1,8,16
de8c3454-8ebb-4b37-93bb-f56de3702e97,100,1,0,1,64,256
5c54064b-77c5-4c3f-a0be-b018d4206064,100,1,1,1,32,128
bce467f2-e8d5-458f-9262-5eabc483aab1,100,1,1,1,32,128
30a5504e-1db6-448a-93da-c66577050c33,50,1,1,0,4,8
caaf0211-5d5e-467e-bf1d-ea99c1875ba8,100,1,1,1,32,128
72e7596d-9225-4d4f-a5f2-09627654563f,50,1,1,0,1,2
106b76fe-5d7c-4b0e-9911-77ef37356c2f,50,1,1,0,1,2
1e131832-0149-416f-9fa8-6f0c9d2fe5ce,50,1,1,0,2,4
e09e9aad-a79d-41c6-b449-4ecb69667e7a,50,1,1,0,1,2
05119978-b872-4cfa-a941-46e7adec0669,120,1,0,1,2,16
cb53949c-e658-422e-a0a9-0522e6300bb7,50,1,1,0,1,2
73d237ea-0682-4ad5-a246-c6fa113485ae,100,1,0,1,64,128
112561be-ced0-428c-b3ec-95b5f5363e56,50,1,1,0,2,4
12b11951-a6fb-4a8a-a3f5-64b3d93ce2c0,10,1,0,0,2,4
15a45195-df0c-4fb2-b23d-34db8bbec393,50,1,1,0,1,2
f8ccbc91-9515-4ff9-82f8-2e687dbb6f9b,50,1,1,0,2,4
c5efc230-02aa-413b-9b10-9e89fac5faa1,50,1,1,0,20,80
f1021702-c625-42d2-97c3-8d0744c55f11,50,1,1,0,1,2
ae978d41-bd98-432d-97e4-d32955db2b3e,50,1,1,0,1,2
1d0f08fa-17e4-48c8-9965-3ffdcd089f37,50,1,1,0,1,2
1080b4e1-8163-48f0-87dd-69ce3a827dee,50,1,1,0,1,2
e99e3dd6-4831-4d68-b5e8-f4828a583a71,30,1,1,0,2,4
edaece6a-3a37-4d4c-a87d-340453c3896d,50,1,1,0,1,2
265b7d0a-3f89-4b74-8cfe-4a50c3c63d45,10,1,0,0,2,4
ba778e5c-def0-45f7-9f24-57bc4014ad82,50,1,1,0,2,4
b80af868-92e6-4e6a-b283-ae4cb09c381f,50,1,1,0,1,2
829e35fe-c3f9-4f52-9f0e-37bc80ec77dd,50,1,1,0,1,2
cd57dce5-5708-48d7-a452-d1c2c33bc63d,50,1,1,0,1,2
f0ee0369-f738-4040-b5c0-4ba959d0f618,100,1,1,1,8,32
df7d4c50-1697-4009-9013-fdfdc1420bfb,50,1,1,0,1,2
154b66e9-339e-47b4-ae60-15d0d0498329,50,1,1,0,1,2
90d54b4a-9e72-4e1c-b8b6-824f5fb66b36,50,1,1,0,1,2
85c42677-a92f-4b75-aacd-3064deac8390,50,1,1,0,1,2
eb538429-b172-432f-9bdb-029de81cbb85,50,1,1,0,1,2
4df0dbfb-9ecb-4d5c-af3a-b6e29dfcea7e,50,1,1,0,1,2
d9d58640-9cc8-47bd-bbe4-cc13e096fbf9,50,1,1,0,1,2
4997ecd1-b4b1-48a2-84d3-a702bde0a273,10,1,0,0,2,4
090c4bd1-e6ea-4cef-a56d-c8eba5fd742a,50,1,1,0,1,2
909b4fad-b7ee-4319-95d0-4bedcea439b9,50,1,1,0,1,2
79dbc2d7-b443-46a1-b65b-afa4a4f29909,30,1,1,0,2,4
0b0bb994-c127-4e4b-a4a1-1b01485e603f,30,1,1,0,2,4
1af39756-5fb2-49a4-821e-88766eb1e7da,50,1,1,0,1,2
4f980849-962e-426f-a958-edb579e247e2,50,1,1,0,2,4
98b1a2e3-96b1-46d3-a6e4-29802214cbeb,50,1,1,0,1,2
2e9464c6-ed09-43e9-8c74-b5fdf6441ed1,50,1,1,0,2,4
15478d92-9d49-4b9a-b952-9155c1aaff55,10,1,0,0,2,4
2a6df0fb-4c57-479b-accc-d8d0226e3fc0,30,1,1,0,2,4
80ab0de7-d2e8-4315-8538-c22e849a672f,30,1,1,0,2,4
7d185ff0-46cd-4b83-ba3f-9390ae58ae74,10,1,0,0,2,4
4381eeae-4778-4298-9259-119e97a4ab4f,10,1,0,0,2,4
b577946a-6a31-4385-9b5d-923094a0b223,30,1,1,0,2,4
ec96c96c-7944-4fac-87f2-d50919d94960,30,1,1,0,2,4
d6b3d1e5-b1d2-45e3-ac85-1ca553b1b57e,10,1,0,0,2,4
abffbc25-ffce-4f5d-ac55-79de54a3ea54,50,1,1,0,1,2
ee031610-4c27-4389-845a-fa112134e96b,50,1,1,0,1,2
db94312b-428f-4456-b7c4-0ca54020fc60,50,1,1,0,1,2
9e62b698-a286-413e-9995-31eab967bfb9,50,1,1,0,1,2
7d7838d2-fdef-4aba-a264-263fc0a059da,50,1,1,0,1,2
fa1bb615-80ae-4964-8360-38db70cb7f67,50,1,1,0,1,2
d22954fd-a976-4c47-819f-00d04351272d,10,1,0,0,2,4
59df7797-2f1a-4a6d-bb44-2269e4f422da,200,1,0,1,32,256
5c98715a-e241-4a32-aa49-80db0f64393c,50,1,1,0,1,2
e459a4aa-ac79-4abf-8007-4ae88feeb853,200,1,0,1,32,256
e9f8d254-c3f4-4941-b90a-f86c80ffddd0,300,1,0,1,32,256
a2608860-6d4f-4638-acfa-3c93168a70c8,30,1,1,0,2,4
3692325f-0418-41ba-b813-c8e963e1c799,50,1,1,0,4,8
a0d4eb74-82d3-4861-957c-f03bd03f4ab4,50,1,1,0,1,2
a6050291-4fe2-4fb9-bfa7-20b36c2d39ab,50,1,1,0,1,2
851943f4-b216-4de2-9818-22705f0f88b0,100,1,0,1,32,64
dd852091-9c20-4356-a830-077c4d94f6b4,50,1,1,0,1,2
2e6aeb8c-d558-4d3a-9821-5f4c26f0e709,10,1,0,0,1,1
f7c61912-5d0f-4b74-b7ba-acaa788c0e39,50,1,1,0,1,2
9ea70885-baba-4344-8f8e-7ed5c88d22f7,50,1,1,0,1,2
15d38616-173a-4969-bfd2-266d830ea015,50,1,1,0,1,2
e40cb629-bc24-41eb-a2e4-7a3dcc4d0f06,10,1,0,0,1,1
04710e83-ea4d-41b1-b759-0024e49dd061,20,1,0,0,1,2
a62fa994-87f9-40af-8cff-8c68a9e192e5,100,1,1,1,8,64
cd79c396-0222-454a-8a0b-7251ad8f571a,50,1,1,0,1,2
959c048e-b9d7-4096-837b-f14a600fc5a3,100,1,1,0,8,16
91d11a73-fa61-4fd0-9097-119c9c256193,50,1,1,0,1,2
d2ade725-2320-4160-bc20-11fc223fed61,50,1,1,0,1,2
22c135be-1540-4bc1-9bf5-15a0cc0e7ca5,50,1,1,0,1,2
24ec4a76-bca9-4881-add8-498a04071c9a,30,1,1,0,2,4
3426d14b-7259-4db2-b9e6-a4a71a5dda06,30,1,1,0,2,4
dc6608d4-98ce-42f2-b9ac-30d7f76c150d,100,1,1,0,16,128
5149bcb9-af29-4ec9-92e4-8ef0b0cfa4af,200,1,0,1,8,24
df325610-be32-4a08-8dd9-0b8f26c4a4de,50,1,1,0,1,2
adb35ca6-d9ff-4741-8386-812beb731a8b,50,1,1,0,1,2
5df68f1c-2062-4b9c-8658-479df30b4c79,50,1,1,0,1,2
868f4237-15ee-44d9-9720-1d7211cef503,100,1,1,1,8,32
5bb0385f-7b9a-4d05-9ee4-65e528b6c35f,50,1,1,0,1,2
2af803e3-83f9-471c-ab4c-f52bcde7bef5,50,1,1,0,1,2
8372cb48-c32e-4235-ae4f-fac753128704,200,1,0,0,4,32
a0e7c9a4-861e-47f3-8d86-22adb2e70648,30,1,1,0,2,4
3c687c17-ccbf-4c54-87b6-81513b03bdca,10,1,0,0,2,4
d53c2884-3acd-414f-a6cd-f00885a4e154,30,1,1,0,2,4
4d6b85f4-89d4-42a5-9b1c-311c00d40ab5,30,1,1,0,2,4
71c426ce-faa3-4ceb-9e21-b942548cad83,30,1,1,0,2,4
7c1a3c70-76e8-480d-8acf-e9112e3ff035,30,1,1,0,2,4
85b0e8e8-a859-4947-bc09-63068fd85110,500,1,0,1,180,464
947f3e6c-22e6-4136-ba5f-db3ed91192cc,100,1,1,1,180,464
fe2d3ad7-4aab-4db7-825f-1706f04d09e9,500,1,0,1,180,464
0dc398fd-beb7-4596-8021-0fb15e318653,50,1,1,0,1,2
9ad32363-ecf7-4148-b28e-4e3ed5767c35,50,1,1,0,2,4
b8377e5e-8a6e-4842-bf7d-346a19811e81,100,1,1,1,8,32
1d72404a-ed39-4004-84ad-12ed622508f3,100,1,1,1,8,32
35135ec5-e6b9-49b3-9bac-346d17306811,50,1,1,0,1,2
d3912a9c-0932-4674-bcb2-9d77f70b6d01,50,1,1,0,1,2
9259d737-6d67-4bd7-a5d7-7a80aad27f63,50,1,1,0,1,2
9d6e5c75-5096-487d-9b0f-12bbf360fcb7,10,1,0,0,2,4
43feb43b-343d-471f-9bd2-6fe476c33a66,30,1,1,0,2,4
7bc504a0-29a3-423a-ab53-d769ece3ed51,30,1,1,0,2,4
f20bc113-fee6-4c12-8194-895196437248,30,1,1,0,2,4
74394ef1-5095-4432-8b74-c16bd3534e18,50,1,1,0,1,2
037d9021-8b62-4844-a75e-a8db14424e5f,100,1,1,1,8,32
099abf88-a09b-4c53-86dd-f88d2f051a60,100,1,1,1,8,32
5271cc52-dc54-4fe5-9061-5400c80bf599,100,1,1,1,8,32
748ac53d-4d83-4ee5-a182-22a3229b430b,50,1,1,0,1,2
ebbd33de-af10-4d36-bbe5-bef66a756775,100,1,1,1,8,32
a0cbcaa2-4921-4ade-b152-bb040df1995c,150,1,0,0,4,8
18a27eeb-add6-4c63-98e1-aa73fbbf1caf,50,1,1,0,4,8
18730d2a-8c1d-48af-af52-e72ff76383c0,50,1,1,0,1,2
df565759-a5dc-4d70-a395-66ddebc09ab4,50,1,1,0,1,2
1eccce15-08b9-4870-9502-ce8bdd66553f,50,1,1,0,1,2
8b6f9320-be81-436a-b38f-eb11d9c48649,50,1,1,0,1,2
f872c15d-2c77-470d-b096-f609cddc2493,10,1,0,0,2,4
c0911d5e-9fbe-487a-b869-78d74eca332d,10,1,0,0,2,4
19e0546d-4468-4f83-808c-df1c2223cc17,30,1,1,0,2,4
331d620f-48cd-4579-a176-ceffde8afd25,10,1,0,0,2,4
db724a73-ec25-4610-8b51-b56d43890502,30,1,1,0,2,4
73f25e5e-48dd-4bdd-88cc-4c7240f9b045,10,1,0,0,2,4
bfb001af-d34b-405b-96e0-2a863a342204,30,1,1,0,2,4
0136cbc4-ebee-4cb2-b2f8-2de72790d77c,30,1,1,0,2,4
087cf12e-77e6-4154-9c2b-a342a0daebac,30,1,1,0,2,4
d72bff83-f1e6-4035-a62f-5a585b9c6cd9,30,1,1,0,2,4
d385e03c-9055-46b2-840d-9b7b3cd397f0,10,1,0,0,2,4
9fbe83ad-c3de-47e4-9597-f64e31a6f163,50,1,1,0,1,2
52a1e69c-8351-4b5f-91d3-69cda04f796e,30,1,1,0,2,4
d68177fc-897d-452d-96ee-28defa0451c0,30,1,1,0,2,4
28956057-3555-471b-a6e5-90d760876b09,10,1,0,0,2,4
8c2b2ec5-55a4-47ee-8509-2bc385835295,30,1,1,0,2,4
11756082-c833-46f7-9593-8f5e747ba120,30,1,1,0,2,4
d2c23a47-5ac3-40cd-99c1-40ac1960b92c,30,1,1,0,2,4
0e7217af-40b9-43d1-af59-b5bae1cdece8,50,1,1,0,1,2
f71c22ba-0a5f-48ea-b7c1-1f7543ddd6c4,300,1,0,1,2,4
fd9ff8b8-d908-4543-b412-ebb411f4a4d8,50,1,1,0,1,2
a2933475-7b4c-4100-b521-2ff6280b4b39,100,1,0,0,2,4
88224447-e77e-4a6e-9f2a-6702e37d0744,50,1,1,0,1,2
28340a81-7ee0-4d8a-9fcf-b28c4012d7b2,50,1,1,0,1,2
da9e8942-04fd-463d-96c8-7709c4d8b06c,50,1,1,0,1,2
ec80d048-0884-4162-8f9f-6ffe4bd99e6e,50,1,1,0,1,2
d06d0cf7-21ca-419b-993f-155cb4e31c1a,50,1,1,0,4,8
1c4ab62d-9456-443c-b401-7a35a5ce2d3b,50,1,1,0,1,2
2a44ac5e-a586-414e-8917-1800d628f2c1,50,1,1,0,4,8
7ac7fc5e-b732-446c-bd79-122f9be35259,50,1,1,0,1,2
7391a1a6-4d76-4627-aabe-b5c1e39194e7,100,1,0,0,2,4
2d6fdbbd-a27b-44a7-9b2e-1ad6c41dcc90,50,1,1,0,1,2
024b544f-e1c1-4f02-af3d-9157935a02c8,50,1,1,0,4,8
432a92de-9cd6-4c72-a102-0a6abbf7153c,50,1,1,1,8,16
cb14766f-ce8f-47bb-b964-02b2ad0b8f13,50,1,1,0,1,2
5ab138a7-7ac6-4ce8-94ce-bd6686d0b4a1,50,1,1,0,1,2
270f59cc-b845-496e-8197-e219f61ac092,20,1,0,0,2,4
862c3bb5-01a6-4414-8a6f-de865422bd86,50,1,1,0,1,2
d7e1471d-ef4c-4d24-82c3-7941988f1c1d,50,1,1,0,1,2
52f7e157-9c30-45fe-b036-537af6fe1e2c,50,1,1,0,1,2
9b5ebcb9-cf30-4926-9424-374ea484ad78,50,1,1,0,1,2
5a929605-eab4-4d8c-b2a4-ccd8a7af1153,10,1,0,0,2,4
992029e7-700a-432d-b71d-dff338ca8a42,30,1,1,0,2,4
0c3cb7db-2fea-481f-a40a-08446757a86e,30,1,1,0,2,4
4cd654a8-ad28-4b81-96f2-b3871e0cfca0,30,1,1,0,2,4
e56b7858-c389-4d43-9a41-2350a769e7a4,30,1,1,0,2,4
2e49ebfd-778b-48f2-8675-239e38ef06dd,50,1,1,0,1,2
6d62458d-609d-4eb1-b904-a6cb670fba91,50,1,1,0,1,2
d4a3228f-5beb-43b8-9fd1-6a808c481bd1,50,1,1,0,1,2
723f3227-23f5-4697-a72c-375cbb5e169e,50,1,1,0,1,2
50c6a188-ef0b-4c8e-aeaa-50f4f512672d,50,1,1,0,1,2
0a204296-0fbb-488b-a236-66aea70e2358,50,1,1,0,1,2
911a4dea-75d9-430b-a447-74336a780530,50,1,1,0,1,2
b806aee7-bf9d-4648-b4a7-72e2bff57d30,50,1,1,0,2,4
11bd8be9-c3ef-4711-a42a-fabb47bdb0a7,50,1,1,0,1,2
9917f92f-144a-498d-b17e-b86a2b505d24,50,1,1,0,1,2
406480f5-dcdd-4982-a3b9-cf69af25042e,30,1,1,0,2,4
98e3ab82-177c-4b70-ac4b-25f355f626dd,30,1,1,0,2,4
e32a1812-8a33-4306-b1cc-94305fa870e0,30,1,1,0,2,4
6ab48074-b4b3-4307-bb51-df4547d09d6c,30,1,1,0,2,4
2d9ed2f4-2c1f-4dd6-92ab-ed615256bf21,10,1,0,0,2,4
efdad2bc-3e93-49ca-b148-9b21c28e3430,30,1,1,0,2,4
ed0ab6a0-b4de-4707-9c32-7e395bd199a3,30,1,1,0,2,4
a238c4ee-7c20-4c61-93b7-f50023facd07,50,1,1,0,1,2
0b3a6662-cde3-4058-a8e4-8487a204cc8b,50,1,1,0,1,2
a08bd572-5fa4-4a06-9955-041d84fa7c04,30,1,1,0,2,4
41148c78-176f-475d-8ec0-b7dcee2621d3,10,1,0,0,2,4
2d30f493-ae88-4f12-bb45-7d6d3ef47d5f,10,1,0,0,2,4
f7c9ef15-54bf-45dc-be41-822d3bf631b1,10,1,0,0,2,4
c25bec87-df0c-48a6-bef5-03b5b10cc8ee,10,1,0,0,2,4
a17f1653-c2c3-40ca-ae8a-32665b03a0ec,10,1,0,0,2,4
fdaf5e11-df85-47fd-836f-6d8b8fe84504,50,1,1,0,2,4
5caf002a-9301-4de1-94e5-c90ef816529e,50,1,1,0,1,2
f431d3de-502a-4de0-92d5-765734645eed,50,1,1,0,1,2
8b1cb9f2-958f-463e-9173-8c6094764a54,30,1,1,0,2,4
8fec9cdb-a17f-4fac-a4b0-14dbf93087da,30,1,1,0,2,4
e349ace3-87f6-432a-a6d6-ecfe9804dc05,30,1,1,0,2,4
19c346e2-36b5-4475-b698-f5bff9ce1d95,30,1,1,0,2,4
400e580b-ac8b-4361-a5ac-ee93b1d0b23b,10,1,0,0,2,4
13fdfca1-312c-4a0d-bea8-2bd8e01e145e,50,1,1,0,1,2
47a390c7-9e13-44a5-8f01-1725402ae6f6,50,1,1,0,2,2
19bdb2e1-3c56-474b-9ee5-cf1b354a99af,50,1,1,0,2,8
826f5004-2aeb-425e-9994-edc186c4b03f,200,1,0,0,4,8
056af265-0478-4cb1-b21a-254ba541f0c4,30,1,1,0,2,4
ec2b3cf0-25f5-4c5c-a5d5-75b4f162a25a,10,1,0,0,2,4
fbc83477-0f9a-404c-9834-8033464d7f00,50,1,1,0,2,4
44d916fd-be1e-493e-b302-caebc955e27b,50,1,1,1,1,4
3bb9c706-5a59-4dce-877d-055b6d81abed,10,1,0,0,2,4
b6f9f893-1191-41c1-af7c-e77bb5cc706c,10,1,0,0,2,4
4a06b9b4-f048-49ba-ad4a-dfac6f574d06,30,1,1,0,2,4
057a6407-65c6-4275-b83c-7b09ab92253a,10,1,0,0,2,4
3dd21063-1f1d-47dd-8f7e-d9cf91fd802d,10,1,0,0,2,4
618f82fb-76ef-4edb-bb69-95d08a5ead0a,30,1,1,0,2,4
9beb0a03-b83a-4746-ac3d-67ccc6a22ab9,50,1,1,0,1,2
1d26102b-f584-493e-97b6-e30ca13adcbb,50,1,1,0,1,2
96f38975-357c-470f-8501-eaa390be4b73,100,1,1,1,8,16
d21038d0-fee7-4b77-82c5-5fcc1b6a6171,100,1,0,1,64,256
e13893ec-f272-4e1a-89dc-669ad310137b,100,1,1,1,64,256
03be124d-6471-4ccd-b7cd-70a7756ededd,50,1,1,0,1,2
741ec60d-107f-47ba-93d7-c9dea3c25eaa,200,1,0,0,4,16
cfadebcf-c24c-40b7-a0fb-c7736ae27181,100,1,1,1,2,8
eb86838a-5482-4776-b499-fd0ab2be0c4f,30,1,1,0,2,4
faa2c8c7-3728-4812-bf3c-a6bf99b7ea6e,50,1,1,0,2,4
747e6303-26f9-42ae-b014-5dbb80c6e768,50,1,1,0,1,2
e980fbee-adc0-41ab-b8e9-84bb102f3c2f,50,1,1,0,1,2
b4cbfde6-d3a3-42b2-92cc-4ed0aef05843,50,1,1,0,1,2
b45036ce-a881-49f9-8b1a-b3e32d85f31d,50,1,1,0,1,2
f7acc3d1-58a0-4065-9919-1508fd31792a,50,1,1,0,1,2
58c4b603-7ada-4dda-bed5-03f41afc88ff,100,1,1,1,180,464
dba2665e-11b7-4047-a419-ef20e96500fd,10,1,0,0,2,4
dd29807b-1b4c-45ff-94da-79a290a2c2fd,30,1,1,0,2,4
b2abff0c-5efb-4ab6-a4ae-3c8cef862116,50,1,1,0,2,4
f19a673a-e170-463e-aa0c-fb8f4085d490,50,1,1,0,1,2
fd0ca600-a5a2-44a8-8d28-9a3754fb85e9,10,1,0,0,2,4
c8856c24-0745-42f2-92e2-fa98d6204d2d,10,1,0,0,2,4
66d80d2f-b009-4aca-9a9a-20351213c497,30,1,1,0,2,4
76c63aa4-6051-456a-a274-0f0c103aa1c3,10,1,0,0,2,4
52a4a709-667e-4c2e-9124-d27c2e3a754a,10,1,0,0,2,4
804b3608-c45d-4454-832b-bcb34d324c80,10,1,0,0,2,4
b9518761-3b06-4f7b-a530-09fd7b614fcb,30,1,1,0,2,4
220196b6-3e14-4903-91ac-05041e79dba9,10,1,0,0,2,4
a81b292c-2b6e-411f-b1d2-379856caaad0,10,1,0,0,2,4
c20b3dd2-a461-4846-953a-ef41a9d57858,30,1,1,0,2,4
2ec371ca-72ec-45c7-bc64-25c2241269bd,30,1,1,0,2,4
4c37d9a1-3919-4219-b2a7-f59de53d95cf,10,1,0,0,2,4
ea00c885-aebd-48f3-9286-5276aece43c1,30,1,1,0,2,4
96246d58-b0b1-4e21-afb4-7e8d7c27834e,30,1,1,0,2,4
de4f0ff4-efe0-4642-b024-ad449d287bf3,50,1,1,0,1,2
df09488b-b87f-482d-ae67-4fdb9b2f6145,50,1,1,0,1,2
cb73f5f2-4e08-470a-9cfc-f5b39c12561a,50,1,1,0,1,2
dc860292-4a28-40ef-9868-05fad93798f2,50,1,1,0,1,2
71b5b50a-76b4-40d3-b52d-f056447243fa,50,1,1,0,1,2
9b22dba7-469f-4dbe-ae1c-e72f6dfe15bb,50,1,1,0,2,4
884a62c7-cb42-4cd1-b4f5-7975cd6a92fa,50,1,1,0,1,2
fb15b02f-4964-4c56-93ea-18ce6e28b2b1,50,1,1,0,1,2
7a0e153b-aac8-4f8f-bbf6-d1e9df70c73d,50,1,1,0,1,2
e28811fb-13d5-4d1a-af82-843ea246e20b,50,1,1,0,1,2
fad732dc-7cc0-4952-81bd-5de8d82a7622,100,1,1,1,180,464
fee5cadc-7d0c-4622-b56a-5be1ffad0f85,500,1,0,1,180,464
bfb58443-45f4-4d94-87d5-47cefb603e4a,100,1,1,1,180,464
d66c5e9b-b136-48f0-95ee-e9133288377b,100,1,1,1,180,464
b7ed8226-e6d9-44bc-ac1e-f218eb3d8ba2,100,1,1,1,180,464
223190ff-5e6b-478e-bbf1-299d0c70241b,500,1,0,1,180,464
e4670382-8f14-4948-bbc5-f230a0cf84a2,50,1,1,0,1,2
3b676784-abbf-46bd-91ff-9601fda1c865,50,1,1,0,1,2
538ab0ad-de48-47d7-a186-9aa69d809eb4,50,1,1,0,1,2
eff8aeba-5ce9-4f0b-bd26-51ac1112385b,50,1,1,0,1,2
1209d79c-eed5-4998-b4f2-278ba36f43a9,50,1,1,0,1,2
aba69bb7-7b13-4357-9a6b-78e81f08d630,50,1,1,0,1,2
e768edae-733e-4c9c-a41a-9595fcff1f4e,50,1,1,0,1,2
3aa5f4ee-84ee-453a-9c78-a2bd8732ad10,100,1,1,1,8,64
12108e90-d3bb-482f-bea6-c140509a43af,50,1,1,0,1,2
f1f7047f-3dd7-4459-9633-706f5beaf344,30,1,1,0,2,4
bf79dcf4-ee73-4164-bccc-c66d35ba8599,30,1,1,0,2,4
18754f05-6e91-4664-8796-e2480700ec49,30,1,1,0,2,4
3887dbcb-78c4-4b80-a430-c07d5444033a,10,1,0,0,2,4
aa17a135-212d-4f18-abeb-472c6f4c835d,10,1,0,0,2,4
14772da8-b75c-4a12-ac32-bbb858ae94ac,50,1,1,0,1,2
a74752af-af8c-456f-9ce7-373f120a5ee0,30,1,1,0,2,4
e62b7f2c-9f6f-4404-8c64-a8c0efd0b7d6,10,1,0,0,2,4
80a10736-01d0-402c-a1d2-bbb108e83164,30,1,1,0,2,4
ae4e32f3-8362-4e1a-9814-5721210fdc9b,50,1,1,0,1,2
a835b5a2-62fc-4e4f-8a3a-10c66e087628,50,1,1,0,1,2
d1d53a1b-82ce-4754-90af-aeb78e1b38ba,50,1,1,0,1,2
a2a0a420-a023-4878-b1d7-9a914e0596c4,50,1,1,0,1,2
cb08ff94-5ad9-45e2-92fd-0aa8d539f72d,50,1,1,0,1,2
d84cabd2-9c78-4671-81ca-e1b279b7cf77,50,1,1,0,1,2
3e8f6cbd-a632-46e0-9ccb-4b40b1e47ecf,50,1,1,0,1,2
88cba7d4-f605-4043-a4d0-7af1f1ceb258,50,1,1,0,1,2
37f22d12-c923-43ef-aaed-f20bdcf05ab2,50,1,1,0,1,2
709fe930-ab60-4578-bf07-6e30efc5ae71,100,1,0,0,2,4
28737494-084f-4d3b-871c-adbf844b0d19,50,1,1,0,1,2
dbd3e94a-16d5-44c8-850c-0f9a2f9ed416,50,1,1,0,1,2
82de52ee-3bdb-4a41-bfc2-13b6458638ae,50,1,1,0,1,2
9c80d266-739f-4b88-89a1-4adbe54e4d99,50,1,1,0,1,2
029e8ca8-9a65-40fc-996c-d2025ac4a2ba,50,1,1,0,1,2
a5256ccb-a97e-489d-bee8-135d8bb3e45f,50,1,1,0,1,2
47bc3170-5a46-4a30-9758-cf1629e16632,50,1,1,0,1,2
bdc43ab7-e3de-43cd-b383-593022c3ebcd,100,1,1,1,8,64
3bef1c9e-39e4-44ca-80d0-c00491193d3b,100,1,1,1,8,32
3a197b7b-5b16-44b9-9660-d5e803eb373b,10,1,0,0,2,4
e8ebf73a-8055-4c63-abd4-4cd8eb3c7668,50,1,1,0,1,2
7f6f8fc4-d91a-4dcf-bf9b-de1496f769a2,50,1,1,0,1,2
e2662852-adc8-41e6-be28-75cc60b1245e,50,1,1,0,1,2
dc44f628-4970-4c24-9c6d-a5d4af74ee14,50,1,1,0,1,2
a4c14937-1834-4bf9-bbd9-b4b387f99cbf,100,1,0,0,2,8
1b079387-88de-4a89-90ef-f04e6aa8200b,50,1,1,0,1,2
1d1dbe57-4515-4889-98dc-b752611524ba,50,1,1,0,1,2
6fe1c64b-7248-491e-8b02-61340653b214,50,1,1,0,1,2
b1ac21b4-f1b0-42a2-af65-719535fad82e,30,1,1,0,2,4
d9b56a99-876e-4c18-96f3-3062606175a3,50,1,1,0,1,2
8005932c-a1e4-420c-bd05-dfcb69ac64c3,100,1,1,1,180,464
773568fe-bbb5-4a66-bac8-dfbc609095a9,100,1,1,1,180,464
5722af39-1d55-4bcf-8c82-9c86f9c81a44,500,1,0,1,180,464
18379969-8e15-4cd2-a30f-cf4f2935f7c6,100,1,1,1,180,464
d6601925-4056-40bc-9934-431c572d526e,50,1,1,0,1,1
0af69a34-965d-46e2-a04f-0818490cf752,500,1,0,1,180,464
4cbbd32e-c26f-4c8c-bbd9-97e5e3942a8b,50,1,1,0,1,2
006c5f64-8d86-4297-89b9-b1f7e290a3e8,50,1,1,0,2,4
9437c682-58be-4e80-8259-542906d3a50f,50,1,1,0,1,2
9fb20319-41a1-43ef-9fa6-a03a1cfe8851,50,1,1,0,1,2
68d1fadd-243b-4540-822a-6ecc8d34147e,50,1,1,0,1,2
d587eb1c-8e6c-4aaf-9133-91bd328ef404,50,1,1,0,1,2
b062e504-1c0e-4d8b-bc32-fc163c4bb2f6,50,1,1,0,1,2
21b909e0-9f48-41ee-ba72-2a8f1d395831,50,1,1,0,1,2
c7589225-3f40-4b03-bb63-bbe7c103d582,50,1,1,0,1,2
6d1ddef2-749f-482e-8557-c8d1aea632e0,50,1,1,0,1,2
caefa086-58c6-4c43-9f20-c6bc5b26c5e1,30,1,1,0,2,4
b39fd4a3-fb7f-47a0-885b-cd8df4b13187,50,1,1,0,2,4
4589166d-74d4-4436-a30e-4015a4474049,50,1,1,0,2,4
2eed4aac-bf63-4ac3-89f8-b40ec07ba770,50,1,1,0,2,4
0e5f1943-625c-491f-8e21-5b0e1208ba48,30,1,1,0,16,64
cdc09ec3-a4da-449d-87d5-235da046de33,50,1,1,0,1,2
110c9c6e-231b-455c-ab56-1984287dbdcd,50,1,1,0,2,4
48f0811b-bf4f-4d94-80b1-f68bbbf40df2,50,1,1,0,1,2
5e4faf7c-b6a9-4d7d-8da5-01e0a5a522b9,50,1,1,0,1,2
0f023f03-a105-4fa5-8975-9d8e9a4d9f21,50,1,1,0,1,2
4dba5e26-cdea-4511-87cc-75ff6804a083,50,1,1,0,1,2
382aa352-416f-4e26-8d61-a5d4272a568c,50,1,1,0,1,2
23a380f1-ff32-44ac-bcc4-5be7bbf7c5b8,50,1,1,0,1,2
dd049907-f0be-402e-92cd-1e1fd2ad86f4,50,1,1,0,1,2
4ef59aac-df39-41b0-8219-7b7c43bdee27,50,1,1,0,1,2
310e78be-5176-4678-aec1-7aad19bcb51c,100,1,1,1,8,64
e2f36e2d-bbb1-40b4-a244-217dc1e858b2,6000,1,0,0,16,64
1c6f38c6-ea56-4c2e-841c-3d55b7632790,500,1,0,1,32,64
2c62d476-c29d-4d4f-a3cd-eb4526096ef6,500,1,0,1,32,64
59b695ff-10d7-4ff1-8e88-3f762c10e2ea,200,1,0,1,32,128
435c2da2-6e4b-4e1f-9d2b-bd3e6abf9ee0,500,1,0,1,32,64
17f8de02-8563-43f1-9556-7cdeef1e701c,100,1,0,1,32,64
fb3719da-87d2-4d07-bb1f-8cfc83515d7c,50,1,1,0,1,2
33afcbff-d0dd-4333-b146-6fee6f37c4b1,50,1,1,0,2,4
09287eaa-294b-40f0-9acc-9430e3ca6c49,50,1,1,1,8,16
42a66a65-9d9e-442e-b81a-2cb217df869b,30,1,1,0,2,4
1dd2a0c5-119f-4595-99d3-3b832e9f5457,50,1,1,0,1,2
5ae9d60d-c53e-424a-85d4-f458917aa806,30,1,1,0,2,4
675ee798-b02a-473e-b9c0-2b7e0cf8f0d2,50,1,1,0,1,2
69627ae6-ec5b-411f-9a68-9a7aac678004,50,1,1,0,1,2
861014cc-8aaf-44da-89ca-312b2b27ba2f,50,1,1,0,1,2
6f6e3b7d-e799-4e69-aae8-7d1aab1e039a,100,1,0,0,2,4
f5292dd7-05d3-4709-a1b0-8bae1e116e40,60,1,1,0,1,2
9f5147d7-45ab-4b2a-ac90-1f8395a6a583,50,1,1,0,1,2
81de5982-4a8b-42a1-bf83-fa2f95578647,50,1,1,0,1,2
a79a8b26-4100-4aa1-8035-d4dd0670c6a5,30,1,1,0,2,4
49ea377d-b424-4ec1-9bca-c4cbd41694c3,50,1,1,0,1,2
db4532fc-4f03-4c88-9983-619bfbbed473,50,1,1,0,1,2
53d337c7-3bd4-41f1-a707-5027913c07e7,50,1,1,0,1,2
d58bef42-ad89-4576-bf18-0144ee58fb4c,50,1,1,0,1,2
e60ed7b2-68b0-4512-b148-2ba32f15c6b6,50,1,1,0,1,2
9f1ebdf6-e441-4914-8d0d-15769c04975e,50,1,1,0,1,2
25ed51e8-3f07-447b-a53b-e925f46496dd,50,1,1,0,1,2
b090aac2-c75b-467a-8c0f-ea0aebc3591b,50,1,1,0,1,2
f0c04eac-e997-4009-9822-0cfa5b855b4f,50,1,1,0,1,2
ef9f85c9-c2db-4674-bded-0edc18941525,50,1,1,0,1,2
e53ef798-1aa5-4913-9ead-85048fd39600,50,1,1,0,2,4
d4876c4b-8f47-405b-96fe-53bdd09c1f41,50,1,1,0,1,2
97870eaf-8fd3-4523-b2fd-1a20512c967b,50,1,1,0,1,2
908b34be-b9a2-43a4-b2c9-82056c5905fb,50,1,1,0,1,2
ed05f7cc-0b1e-41bd-89a4-32c20385f2e8,50,1,1,0,1,2
06504047-b65c-45d6-a21c-6e10a4ec3e53,50,1,1,0,2,4
a275e375-624d-4d79-9a0b-9f5544434964,30,1,1,0,2,4
4614d249-d80a-4fda-af41-defaa8c5be63,50,1,1,0,1,2
0e2ebe32-41b6-4ccb-8e70-69ff89be57a4,50,1,1,0,1,2
94ad3437-b492-409f-8142-c8be4762e740,30,1,1,0,2,4
a453c304-99de-4e24-8c3f-ee609d6eae92,30,1,1,0,2,4
51f39059-a12b-4ad4-826e-45e101c143a3,50,1,1,0,1,2
92e70b53-6bd9-40f8-ac5a-f77af0f6dd76,30,1,1,0,2,4
a7572b7b-bba5-409c-b330-eea5ccf26ef4,50,1,1,0,1,2
3bc28d57-a536-4c8b-a4c6-bbe14c559669,500,1,0,1,180,464
15070d01-9a12-4068-822c-49a6b9069f4f,10,1,0,0,2,4
9120f4da-c699-4f4b-a128-7905a98d9b5c,10,1,0,0,2,4
383c929e-269f-4ec6-9d46-23026f6409ed,30,1,1,0,2,4
017f5ca1-f433-4da8-8f1c-d17ab5fe2371,50,1,1,0,1,2
738c3b25-a9d1-470e-8ebd-9aca73e7621f,50,1,1,0,2,4
9fe69170-36ef-46d9-9988-5b2122c651be,50,1,1,0,1,2
c57bb69d-9ba4-4a98-a6a3-f218f9d48d5d,50,1,1,0,2,4
a29cdfa4-3877-4afa-810c-c4e018155881,50,1,1,0,1,2
780da98e-a249-437a-9d90-ffa17ff1eac0,50,1,1,0,1,2
f571c942-c529-42f6-8217-8f2250473f6b,50,1,1,0,1,2
805fa7a2-f6b2-4443-8044-8eb2835770a6,50,1,1,0,2,4
47f1e02e-85b0-4e70-a0e8-541b6c21e823,50,1,1,0,1,2
019290ed-c589-41d3-b7e5-f5eb411a17dd,50,1,1,0,1,2
fba5090c-37ae-4c82-82f8-25523072105e,200,1,0,1,8,24
49013094-acdb-4c5d-a316-a86551b37d0d,200,1,0,1,8,24
0ff2a79a-bc91-4e21-ba71-1f8945f00d53,200,1,0,1,8,24
7ad35504-7e5c-4c7b-9e07-b6805ed315a1,50,1,1,0,1,2
55c0b814-8cad-4915-b79f-04312bb1fc3d,50,1,1,0,1,2
c4d66f2a-eedc-4262-869f-154c570d9abd,50,1,1,0,8,32
8038cd08-53c6-419f-9e3c-58deccbe9c37,50,1,1,0,2,4
381a8acd-2b63-444e-a7d2-52074671024f,20,1,0,0,2,4
f7a07524-b6d4-4112-9653-dbb8a312a4fe,50,1,1,0,1,2
44002252-efbb-4d34-98df-8a313caa920e,50,1,1,0,1,2
e8cc7217-02a7-41ce-afc1-09f9f802ebcb,4000,1,0,1,16,64
fb8e6369-d69f-4448-9708-0482e541fcc0,100,1,1,1,8,32
81a1445d-3b24-4caa-987f-1d0b4504b8ef,50,1,1,1,8,40
34fffec8-2350-4d91-84cb-f7f85de97061,50,1,1,0,1,2
d890b854-bd7c-4af4-b512-62e75a58e7bf,50,1,1,0,1,2
dd134c65-aeab-4062-a000-47869f7f6146,50,1,1,0,1,2
7eb5b99c-2da5-4a87-82e6-544379ed8276,50,1,1,0,1,2
7851908e-c16a-4e3b-ae2b-ec23829bf085,50,1,1,0,1,2
b84f83a9-300a-40d3-aaa8-bf7ac9db5353,50,1,1,0,1,2
fa70cb4d-8435-4d72-9408-3d60db45581b,50,1,1,0,1,2
09ee9b30-4735-48c1-82d3-e5e54228a2d4,50,1,1,0,1,2
c972352f-b708-4ddb-b9ab-2cdab4fd22ec,50,1,1,0,1,2
1665f36d-1c39-43b5-a113-fd534eefe4e8,50,1,1,0,1,2
321c75d2-88aa-4783-ba0e-f33f40217972,100,1,1,1,8,16
5a3f8444-6610-4d9e-8e87-06abece1fb0d,50,1,1,0,1,2
99f7f86e-7fdb-4741-9ae9-bb2b8c33de50,100,1,0,1,64,256
9c0e480c-5757-4cf1-802f-de84b389488c,50,1,1,0,1,2
e646287d-8c09-43ac-8ed3-ec2e412968e9,30,1,1,0,2,4
3820b0fd-b058-4fc4-b2cc-b6e3c72a626b,10,1,0,0,2,4
0e9df896-e4b4-4e8a-b118-ae160b95a814,30,1,1,0,2,4
e306431a-f32a-48eb-bab5-779b28340ce6,50,1,1,0,1,1
9f2cd9cc-65fb-477f-9150-ab4dd8c7ccdc,50,1,1,0,8,16
31fb85e7-1ea0-4798-83c7-c784d9cb99cd,50,1,1,0,1,2
c110f02d-796c-49ca-a475-ae81ad9f3906,10,1,0,0,2,4
1e043f99-6674-4926-9c62-f7296bece706,500,1,0,1,32,64
03336072-8b70-406b-ba47-c0cd4c4071b1,500,1,0,1,32,64
25b33085-ac54-4bc0-a1c6-1b6f4cf8df03,500,1,0,1,32,64
78189b8d-9c8f-43e5-af45-cb3e1b3af455,50,1,1,0,1,2
6defafcf-856a-4622-9361-12d925301517,100,1,1,1,8,64
8368cbe9-5d99-444f-b5ef-a36dea858d23,50,1,1,0,1,2
843b0796-0b49-433a-bcf7-c3bdd67c4516,50,1,1,0,1,2
c5fd4a65-32ee-44ce-8fc6-24f805ab72eb,50,1,1,0,1,2
e3450094-1919-4549-95c8-be6493fedd70,50,1,1,0,1,2
c93e302c-6bed-4e53-b5dd-6e64da51e4b6,50,1,1,0,1,2
bee48b4d-f46b-4dd5-a33c-69c82b337715,50,1,1,0,1,2
21789c9d-8185-4dd7-8cb9-e22ab8a9f29c,50,1,1,0,1,2
9e1b1eb9-5d1e-415d-89dd-725262e9dbbc,50,1,1,0,1,2
0cf65001-e288-4ac4-83c6-a6a2b06ed053,50,1,1,0,2,4
79b7bc63-9325-489d-821d-a1a83e9fa489,50,1,1,0,1,2
4afe38ca-699b-4f74-bcf5-f78dfbbb97ae,50,1,1,0,1,2
0e525a42-6653-4217-83bf-c1592cded58b,50,1,1,0,1,2
af75252b-fe77-4a19-937d-111016a62f21,50,1,1,0,1,2
71a84b5e-3338-400c-bbb0-10cf8705a3f9,50,1,1,0,1,2
09fc3389-dd20-4b67-ba7e-a69fd851e9e5,50,1,1,0,1,2
40e75c74-66a6-4773-881b-13a716c26c7e,50,1,1,0,1,2
a8a7a840-7b6d-4d18-b070-b3465a980010,50,1,1,0,1,2
d8bb802d-07f2-451c-a465-89adb081cb17,50,1,1,0,1,2
1615bd00-9d46-4b2c-9481-88e613f4b8dc,50,1,1,0,2,4
2e7635ee-bbd2-4bb6-a3db-3220a863c2ce,50,1,1,0,1,2
3edc1a3f-21f8-408f-a608-5e36426549ca,50,1,1,0,1,2
a9c0ff9e-a83f-4d19-b270-e181669749fa,50,1,1,0,1,2
2976c506-4e91-4e88-a6b3-579136beeee5,50,1,1,0,1,2
7a45722a-8f31-4bfd-ae3e-d4616d9dcb29,50,1,1,0,1,2
47044682-b30b-4043-84f9-2a4bfede1bde,50,1,1,0,1,2
895c4ecc-ea54-4e63-b179-77da8e2da67b,50,1,1,0,1,2
b86ce4a7-5f31-4151-a316-ba28c665b537,50,1,1,0,1,2
b397afa0-3b9c-410d-be8d-40ff1f517e72,50,1,1,0,1,2
04e670d8-c632-4823-aedf-8c8335c3b095,50,1,1,0,1,2
25aa5409-6f1e-40a6-ba8a-ad55b46f13fa,50,1,1,0,1,2
cbdd756f-f241-4178-807f-439d0c85671c,50,1,1,0,1,2
3e992788-0c9b-46c6-99bb-41a4a20e45ec,10,1,0,0,8,16
993b8e76-55d7-4313-a464-1c63efe86896,50,1,1,0,1,2
e1e26534-3519-4853-9e44-67636a5980bd,50,1,1,0,1,2
150c6539-5719-47ca-9aff-d8c0145512f9,50,1,1,0,1,2
7cd542ec-a2f8-44ca-93c1-4625d23da2d3,50,1,1,0,1,2
23242ee3-6d14-4b64-bf83-b24c1b04a289,50,1,1,0,1,2
9e0174ce-1319-4788-b78c-5a77881b3e33,50,1,1,0,1,2
21fe9992-03f4-4215-8775-984de394985f,50,1,1,0,1,2
4c826358-01e2-4e3a-bb47-3a35ce1585be,50,1,1,0,1,2
dd47b4b7-b69d-46fb-8f20-1837a94ce318,50,1,1,0,1,2
3d0c25e0-f018-4832-abff-5572383cc31c,50,1,1,0,1,2
efda1027-ed43-43bd-a601-796e2edc15cb,50,1,1,0,1,2
ca6820c0-7f6a-478d-b79f-7d13bb2bef6a,50,1,1,0,1,2
ea462caa-e9ee-4365-8b52-c78a20326591,50,1,1,1,76,320
b2c66ff3-df31-4746-a461-5741ae0cbf9b,100,1,0,0,2,4
c59357bc-a498-46d1-88fd-b48fe4e18527,50,1,1,0,1,2
a2a80506-bfb9-4723-9fba-e1d96e55eb65,100,1,1,1,8,64
e18401a7-1c4f-4793-acc9-4835d8fe2dbd,50,1,1,0,1,2
b430b34a-59d5-4a0e-a548-1c6d2c2e9f70,100,1,1,1,8,64
c8c13a08-d5cf-4d9d-b67b-ef79431ec1e8,50,1,1,0,1,2
25126e9d-08bf-4cd3-abac-73e7cc0c7043,50,1,1,0,1,2
13c60f06-4b97-4980-a8d9-d7f9926a2c1e,50,1,1,0,1,2
604533eb-17b2-4b92-9f84-9ed11740de97,50,1,1,0,1,2
3c7f13da-1389-4599-9b35-667a8ee96141,50,1,1,0,1,2
6a2696b3-3074-4e83-b85f-8ead8b7aba29,50,1,1,0,2,8
cc0bd459-90ea-48f0-bccd-dde9a7dc3a91,50,1,1,0,1,2
f77330d4-03d8-4645-8992-a58ba71b5a84,50,1,1,0,1,2
6091c165-b020-4286-a6ee-8713ab96512a,200,1,0,0,4,8
8a4cee3f-146b-442d-ae35-f9e22eb0c6ec,50,1,1,0,1,2
cf3e8709-8e4c-4d9d-98f6-f5dba840af15,100,1,1,1,8,16
3a1189fd-6019-426d-8b8f-60db202266ee,50,1,1,0,1,2
bfea643b-4411-4e59-be8f-4e49005e1c02,50,1,1,0,1,2
75d21881-7d4c-4f5d-826d-d3b70715ae2c,50,1,1,0,2,4
a4930b23-32d6-4067-ad25-1c1168b01112,50,1,1,0,1,2
b4def704-71af-4900-b095-f235f94d1b1d,50,1,1,0,1,2
4267bd8f-f591-4227-a15c-a79a7758052c,50,1,1,0,1,2
edc74978-e433-44ba-a1f4-32d026bdd6f8,50,1,1,0,1,2
b9912a0d-dca0-4530-8402-1e5bcdf7598d,50,1,1,0,1,2
f94cc249-2955-4280-8f57-37e311ea18c7,50,1,1,0,1,2
afc111e6-e0e3-4792-b070-8ff79cadcd66,50,1,1,0,2,4
971c6c81-e77e-44c1-85e2-56e5494a7cbf,50,1,1,0,1,2
e996d431-3b09-44f9-8aae-a05b77dda1ee,50,1,1,0,1,2
8bc12cd0-1839-4ca0-bd9a-6ca501cbec6b,50,1,1,0,1,2
d0bbf888-cf7f-4eac-a0b8-44fe6410c6f7,50,1,1,0,1,2
9b4fbc7d-5009-4c70-980a-d044e78ecae6,50,1,1,0,1,2
bfa0e455-2cfb-4b4a-a564-152c12f3e23b,50,1,1,0,1,2
b75f3591-6b84-4bd1-a4db-1fd3a6cd21d3,50,1,1,0,1,2
735134d5-f12e-4446-b97b-d494fde9254b,50,1,1,0,1,2
767ba692-2492-4556-9e42-25ca50386d7e,50,1,1,0,1,2
48074820-bea0-458c-a1fd-cefe61d92fa1,50,1,1,0,4,8
5cd4a2d6-921f-44fa-894f-428838fa0e8b,50,1,1,0,1,2
5ece9920-75b9-4ac2-9ab5-553d1228531e,50,1,1,0,1,2
c7e77452-4a30-4bb2-ad2a-b5c336b11b14,50,1,1,0,1,2
46017c6f-a655-4f7f-aa3c-a3ee190a4644,50,1,1,0,1,2
73ae43f6-4bf3-4c70-a3d4-af1a27ded95f,50,1,1,0,1,2
dde7da40-2b1f-422e-b355-f8edc97148e6,50,1,1,0,1,2
7e95ce29-1988-41f5-8632-6f2ff0ce034b,50,1,1,0,2,4
3d3e51a1-4689-4c22-9e81-9667644a2742,50,1,1,0,1,2
3c1e64dd-68e1-4baf-88f5-a66e6aaca6ad,100,1,0,1,84,256
43e5b5a0-c1c5-459b-9cf4-336d07a1f690,100,1,0,1,84,256
db949177-99a3-4788-b725-325d68b335a3,50,1,1,0,1,2
f25063d9-1d9e-4d01-88ad-a1df62281471,50,1,1,0,1,2
db94f6e3-52e6-47d1-b623-3000827b46de,50,1,1,0,1,2
7b5c824c-d1ae-44c0-a372-6ab96529588d,200,1,0,1,8,24
8dd73e41-f991-4f85-a36d-7c4dd1d2aead,100,1,1,1,8,64
a5e7df74-65fd-4c7e-8d50-8123f5c36aa1,50,1,1,0,1,2
294e0b63-b609-457a-9616-c62ce60deb55,50,1,1,0,1,2
61580a8a-12c4-49df-b346-9ac59b8d1c23,50,1,1,0,1,2
923ea59f-4f6b-4e99-9fa5-13e4b94f9735,50,1,1,0,1,1
2d25aa41-869f-4aa4-b9eb-f850547c1a8b,50,1,1,0,1,2
42efdc5f-53e8-4304-aff1-50899b49b385,50,1,1,0,2,4
9b1b24c3-fd9d-45cf-ac74-cf49ef943fa0,50,1,1,0,1,2
bdf9eb61-d833-44bc-bfd7-74e78fbfb93f,50,1,1,0,1,2
44175127-8e34-44bb-befa-7ae25a1000e7,50,1,1,0,2,4
7340af10-0845-4564-abd7-00aea8d0c94d,50,1,1,0,1,2
223808e3-37bd-4087-a33c-82a7a78c5029,50,1,1,0,1,2
8e008ad0-5f3c-4255-9979-d108413aba6e,50,1,1,0,4,8
a70dbc5c-3562-4a7d-bbc9-3a3d6ba91699,50,1,1,0,1,2
b7d474b2-f7e5-4ae6-a560-ab2123a432b3,50,1,1,0,1,2
9913328f-0e2e-4625-a6bc-dfe5f4ad0283,50,1,1,0,1,2
78b9bbe4-29b5-48d5-895d-f5cea886fbcf,50,1,1,0,1,2
16dad619-dfc0-41b5-a0de-aae4910ac0ba,50,1,1,0,1,2
a97c1e96-4e32-4655-88d7-d0973466ac7c,50,1,1,0,1,2
48af6b32-1033-4801-a000-dc1daab86830,50,1,1,0,1,2
b8f2d8f3-b655-4f2e-a107-a4861584b645,50,1,1,0,1,2
ebe48648-93d2-4fcb-885f-30692745aa9b,50,1,1,0,1,2
971d7d4c-f282-40f5-b1b1-f3e7b1f2f267,50,1,1,0,1,2
3d75ba80-6cd5-497d-af43-62ef3e6f4916,50,1,1,0,1,2
e0849bbf-db26-442e-babb-370f86f7134d,50,1,1,0,1,2
04920317-f2ad-417a-b715-9a2c1550007d,50,1,1,0,1,2
333b6977-4da3-483e-a068-3b999b812608,30,1,0,0,2,4
dfda50d7-1e15-4330-853c-4b8759f89cc1,50,1,1,0,1,2
143f38e2-479b-422b-961a-34881875cfa3,50,1,1,0,1,2
e9be06cb-d6ab-4aaa-9775-14d9b9faba59,50,1,1,0,1,2
448574c4-a96a-4a70-bcaf-e0ae2899ba74,50,1,1,0,1,2
08403c23-ecf8-46a4-abef-f34ed3146636,50,1,1,0,1,2
ad67f40d-d6d1-47be-8569-a10dfadce1e4,50,1,1,0,1,2
51c4a8a9-e175-4252-8af2-47560670d8dd,50,1,1,0,1,2
85709dad-8480-433c-b55c-9bbbd47c12da,50,1,1,0,1,2
ec983456-93de-4b60-aadc-71b6db0f9458,50,1,1,0,1,2
81efa821-be1c-4dd9-ade6-736b6638b071,50,1,1,0,1,2
1ad24a77-4f28-4089-b93d-07d53134e0ab,50,1,1,0,1,2
15e36ee3-2b65-480a-baac-27213393c2af,50,1,1,0,1,2
d51cffa8-4f1e-40f3-9a4e-6f494d1c4a94,50,1,1,0,1,2
501021be-6633-44f4-9cb2-9e7352365285,50,1,1,0,1,2
17d30df6-7f93-457b-a5f9-b64797b06d55,50,1,1,0,1,2
36678427-ebfb-4b08-9ca4-407dc29af9a8,50,1,1,0,2,4
5440c967-4647-4b60-adfe-1131f4ad91f1,50,1,1,0,1,2
bfde360a-7532-44e3-bcf6-1c305c6b8b19,100,1,1,1,16,64
4d447882-5803-4634-9a93-81d06c4c360b,50,1,1,0,1,2
af55833c-ef02-400f-b80f-7faabec78829,50,1,1,0,1,2
7096cf73-7c97-4561-b05b-93136994188e,50,1,1,0,1,2
8a85b826-5df6-4f84-8c17-13e0db9898e2,64,1,1,0,1,2
dc872a31-0c22-47fa-ad97-de8890bba4f3,50,1,1,0,1,2
3ea9e89f-efc7-4889-92e5-2829a2776bb0,50,1,1,0,1,2
7cb0db8a-e378-49b4-adc9-a2d523bcef94,50,1,1,0,1,2
1ae77e4d-1817-4afb-a120-6f7a9b6b4185,10,1,0,0,2,4
f48bf72d-a68a-4c21-9c14-395c1bf45e02,50,1,1,0,1,2
0a5f9ed5-a753-4211-bec4-d92cd718f004,10,1,0,0,2,4
3674fd3a-3707-447c-b876-981d8c24a1f4,100,1,1,1,8,64
cff8ae8d-e084-4c31-8c93-5262ddc5af30,3500,1,0,1,4,8
639f5b76-8ea8-4a36-99e3-48d0f84c8df6,50,1,1,0,1,2
28487603-016e-4cea-8f14-fbfea6957a9b,50,1,1,0,1,2
ee0bd257-bcc5-4969-b4f7-4942c493387c,50,1,1,0,1,2
aa874f9f-5977-457b-8f17-d8e3fdb700eb,50,1,1,0,1,2
43eb7cf3-c290-4dfc-81d0-f766125aea9b,50,1,1,0,1,2
c56c8d80-efef-47e0-8c0c-e47455b57ee4,30,1,1,0,2,4
617cff03-5ae0-44ca-bb6b-18130bc96944,50,1,1,0,1,2
d2dda921-799e-476d-9cef-cc3a1baf25da,50,1,1,0,8,32
0cbd596f-a7eb-48f2-aee9-6aa7f2e441d9,50,1,1,0,1,2
b037fc96-644e-44f4-9a33-36b25bac5655,50,1,1,0,1,2
0060e927-427c-48af-b890-2369cf1240b2,50,1,1,0,1,2
2a44b8d5-df82-4ef7-8aa9-4c7511ea9cc9,50,1,1,0,1,2
ea60db35-c94f-472f-a4d4-202442376aca,50,1,1,0,1,2
fa012bad-56ae-4ba3-9fe4-a7e8d1f830eb,50,1,1,0,1,2
31e5b177-b47e-46af-bd2b-032bc35857e9,100,1,1,1,72,320
a9c80e41-6b1b-44d7-81da-f2d11c3e1060,100,1,1,1,8,64
c7d981f0-6de4-47a3-85ff-d0919d7f49b0,300,1,0,1,8,40
7b68d28c-5035-4483-965f-87197c24990c,50,1,1,0,1,2
5a73cc7c-3524-4cd2-b6f4-f73a57688650,50,1,1,0,1,2
64f41fe4-46e6-44e9-ad3a-6960f9bc6b2f,50,1,1,0,1,2
d36ccc2f-fbba-4988-9a09-0250c79e5d0b,100,1,1,1,8,64
a5963e8b-7f5b-4da3-b73b-14af7ee4548a,100,1,1,1,8,64
c250c82f-4f0d-4705-a1d4-47dada901648,100,1,1,1,8,64
666c2216-8f00-4b4e-bc44-eefaeb031b99,50,1,1,0,1,2
71882ffa-b2bd-4e3c-a4a3-c1e4ddd75555,50,1,1,0,1,2
14222b24-9064-4a8e-8303-bde5d4fe4759,50,1,1,0,1,2
69d698f6-80f2-4077-b47b-20ab45b9027c,50,1,1,0,2,4
13e7a6c7-cdf7-4a9e-bea6-7d102480dcb0,50,1,1,0,1,2
b6ffb6ee-b24a-4cef-961e-b65b63679ab8,50,1,1,0,1,2
ab37139d-2d02-4d1a-8af3-01af9ce7e978,50,1,1,0,1,2
162b67a4-4e67-40f2-b47a-d008db4c00d5,50,1,1,0,1,2
4f779ec7-73f1-4cab-8b28-13fe68993eb3,50,1,1,0,1,2
f5c8423d-558d-4d15-b18b-b121b82c9ce9,50,1,1,0,1,2
9d2f306d-0f71-4445-b4e3-d64d5e73bb03,50,1,1,0,1,2
aecb8a6c-7e51-4310-b54c-45e9db42eeaa,50,1,1,0,4,8
0105acf9-f665-46e1-beb8-2d30c9789203,50,1,1,0,10,40
25805436-fa09-4ab0-a788-0b037af32e42,50,1,1,0,1,2
a05a8c01-406e-4256-b00e-c5a6909f80b7,50,1,1,0,1,2
6ac32f80-4d94-4c75-a4b2-07d553c94e44,50,1,1,0,1,2
9abcfb97-54c0-474c-a8c0-ae06b0cbd8d8,50,1,1,1,8,40
6610a210-4525-4c84-bb63-716ee864543f,50,1,1,0,1,2
061652a2-8f77-4c19-b681-03ad589ce5dc,50,1,1,0,1,2
f7cd21a4-b09e-41c5-8368-573ed46bb08d,30,1,1,0,2,4
2f8f53c1-44fc-4737-8375-bb0a283f9c17,30,1,1,0,2,4
53ef07e4-c6b3-4594-bb4a-741c80841380,30,1,1,0,2,4
051a37b0-1508-46c8-b633-48e929fa8bd2,10,1,0,0,2,4
2b05a5b6-1299-4b5a-b87a-197849af5a18,10,1,0,0,2,4
3a973aff-4f20-44a4-b88d-90aa6ab2f724,100,1,1,1,4,8
0f7504f3-d0fe-413e-beb5-d31f7e9e69dc,50,1,1,0,1,2
bc2eab8d-7623-4fa6-8dee-aa99ff76d6bd,50,1,1,0,2,4
d46b769f-7fd4-4fd4-9b92-05789665185d,50,1,1,0,1,2
61e0e871-30fd-4dfc-b62e-a00f6dd5eebb,50,1,1,0,1,2
0394042c-98ed-4ec6-b525-ed5068028804,100,1,0,0,2,4
5cf05868-81dc-4ef1-aaac-6229ffa76c67,50,1,1,0,1,2
3a453dae-725e-4d45-be72-92d715ce97d9,30,1,1,0,2,4
4bac38e5-ce7b-4eb0-a55a-e83c0a8a8894,50,1,1,0,1,2
098da9e5-e4b0-4d44-878c-5beecad2e68a,50,1,1,0,1,2
19e5264e-ccd4-4d42-934a-14a911eb8fa1,50,1,1,0,1,2
f6bc01c4-cd35-4cf3-b026-5aa6d4677f32,50,1,1,0,4,8
f226034a-f78e-439e-9a5b-f7ed175a41a6,30,1,1,0,2,4
e2080e9e-8cb6-4ea7-bb73-ede0cc4e1dc4,50,1,1,0,1,2
8c01403b-c25c-486e-8844-ed31eca5d158,30,1,1,0,2,4
1f740180-f103-4352-9e16-b2134858386a,30,1,1,0,2,4
e2bf5c16-1669-4bf2-93ca-3f21540009c7,50,1,1,0,1,2
a6087732-6ea4-430a-b680-c389b7445bdb,50,1,1,0,2,4
717126cd-a927-4410-9b0e-1f83d946b3a1,50,1,1,0,1,2
a289f7cb-b6ac-48b6-9fd6-05a1481bda17,50,1,1,0,1,2
5d91c532-0b14-4e12-b3c6-8b7fb5b26d8a,30,1,1,0,2,4
ae99107a-8fd1-435a-a339-06143af65734,10,1,0,0,2,4
7ed3002e-b5dd-4530-9919-016980917aca,50,1,1,0,1,2
ad400a30-b42c-481d-b53b-55e9e7f6f213,30,1,1,0,2,4
976a74f2-38f8-45c0-9fb9-76387eaa3f8a,50,1,1,0,1,2
edfc2078-daad-428e-81e6-9e1328e58c36,50,1,1,0,1,2
d16abe86-ddfd-4cdb-8f1c-56bad22af9f2,50,1,1,0,1,2
dee1103b-79e6-4c43-849c-ee0490629abe,50,1,1,0,1,2
0472abfb-d8b4-4147-b1e5-a68c54b586b1,20,1,0,0,1,2
820fbb24-2db1-4586-886b-d86a77e20e5d,50,1,1,0,1,2
170a455f-2593-426a-855b-5858d47a0c09,50,1,1,0,1,2
7a7195fc-e1b5-4084-8bf8-aea667b9f0cf,200,1,1,1,8,32
d9630242-b8ec-45ec-b2ea-cb77b14fd68e,30,1,1,0,2,4
037694ba-fabd-4363-9ffa-4b7977848b45,10,1,0,0,2,4
a359c1f2-8e28-41e2-8d03-8eb47c8809a0,10,1,0,0,2,4
eb658bbb-1f0c-4b35-9324-a361772ca9dc,10,1,0,0,2,4
6e2d9a01-f15e-4f14-9dfa-cacacac89a50,50,1,1,0,1,2
0ae4ae5b-3660-428e-b4a3-c78877e6146f,200,1,0,1,32,128
29184fe1-9b8c-4f4a-bd51-e7a49e8f9ba3,200,1,0,1,32,128
00ea2f36-0ff8-47ee-9170-d94ab2e653dd,500,1,0,1,180,464
44d2caed-1427-4eb5-85ad-49e3f8d8d049,500,1,0,1,180,464
33fc1f3e-2de2-4c9e-9c87-ea4ba11981c9,500,1,0,1,180,464
23243c5a-6871-41b3-8ca4-0c6820d4a177,500,1,0,1,180,464
9d06c8d9-d45f-46b1-a447-975ee02568d7,200,1,0,1,32,128
3a136c1b-9dcd-4aca-a975-31e588e45a3e,500,1,0,1,180,464
309a3505-6e63-4d5c-9616-907c4fb3c1c7,500,1,0,1,180,464
553ff2da-518b-4c31-9c69-ebe97755acb2,500,1,0,1,180,464
39630ccf-6c4c-4104-ba53-082262dd54d5,200,1,0,1,32,128
4c42fd2f-03da-4189-93cb-47b8ce34580b,500,1,0,1,180,464
456b32a8-be81-4522-a9cd-872a801bdd2f,500,1,0,1,180,464
49fb9ab8-84dc-45fd-8bec-03f4a6a341da,500,1,0,1,180,464
004173ee-2688-436e-b6ab-fc4070671149,200,1,0,1,180,464
6730ad96-e1e7-4dce-bd37-86eebe4fb54b,50,1,1,0,1,2
f6c80e8a-bd32-411e-8514-ef0f12c7fa80,50,1,1,0,1,2
001bfa72-3dd6-49e5-aad2-9ee27c48530d,500,1,0,1,180,464
2a58963a-8c43-4a6f-b30d-3c266f869006,500,1,0,1,180,464
030be78e-a0ed-44c2-9235-39e9abb1e65b,500,1,0,1,180,464
017f0d46-bba8-4431-954c-cd0871a14cef,500,1,0,1,180,464
032dd973-c6b7-499d-9948-654c23a0d687,500,1,0,1,180,464
108e8a2a-c285-4d7c-9ba5-40b1d7e5d647,200,1,0,1,180,464
03eeb215-11fe-4a3b-a45e-a445c2d6641f,500,1,0,1,180,464
3393178a-b78e-4e30-a50c-d0bde4f1f721,100,1,0,1,64,128
997c32f3-f65f-40fa-8882-51634d30b40c,50,1,1,0,1,2
8cdb78b1-b6c2-4c50-8170-b30199d7b25e,50,1,1,0,2,4
01fec75d-3d79-4d56-a3c8-b972d5dd1daf,100,1,1,1,8,64
5812ba94-1fd6-4202-b3bc-627422c06688,50,1,1,0,1,2
46f1cbd8-a4e5-4329-8e0c-241df9ac2f42,60,1,0,0,2,8
daa07c85-88ab-4c9f-9ed8-0096572666c6,50,1,1,0,1,2
d167f3bf-5dd8-4e25-9002-0ea48966c2cf,50,1,1,0,2,4
5807a57d-3a84-4570-82a1-5da59aec70c6,50,1,1,0,2,4
e135cb03-c1c8-48ee-9a99-59abdaac0c40,50,1,1,0,1,2
6d2d55c0-6f42-4e7b-a017-60fa6717119d,50,1,1,0,1,2
f95316e7-63e3-4538-b8b2-f723472b35e4,50,1,1,0,1,2
c92fc16c-586c-4eb4-bab1-f92ac4d633cc,50,1,1,0,1,2
d6852ab9-a15c-412a-a91c-c2f91bca6e38,50,1,1,0,4,8
ba66d860-8ba9-4c8d-bf1d-d1b603d67678,30,1,1,0,2,4
c348650d-96f0-4756-9fe1-1932a48a6952,30,1,1,0,2,4
ea3f71f7-95fb-4ac5-b942-f9febf9b70ed,30,1,1,0,2,4
4608661e-c80d-4632-a7e7-8ca3bf683fa1,30,1,1,0,2,4
89f54f09-ec00-49f5-b19e-e076e723e29a,10,1,0,0,2,4
2ebe4e06-4e75-4865-9f2c-da4a53294baa,30,1,1,0,2,4
636a7d06-efaf-4740-bb1a-4f848afa4bf5,10,1,0,0,2,4
10bf2835-ca05-472d-8d34-d68e881456fb,50,1,1,0,1,2
764c185b-d275-4efe-97bf-beedf09b6b04,10,1,0,0,2,4
eacc6433-e2ac-4a82-b548-159d7f8920e9,100,1,1,1,2,8
08d775f5-cc47-4912-a171-4f9bcc18b58a,10,1,0,0,2,4
d6db5681-05d9-4fbe-b0a9-dd0559c264bc,50,1,1,0,1,2
957a810c-057c-4fc7-b2dd-8b748772237b,10,1,0,0,2,4
da8b4fad-748a-447e-b7a4-825cd2b9d471,30,1,1,0,2,4
d74e95a2-bd61-494d-8ca5-70413264bc5c,50,1,1,0,2,4
609ce83f-541f-45d7-800d-ec133f152e80,50,1,1,0,2,4
76bcad96-aa8e-408e-9393-604d3f6f72b8,50,1,1,0,1,2
d520204c-92e3-491c-8d58-c945f4936ad8,10,1,0,0,2,4
f5fe8882-71f8-4251-9689-530ac8b214c3,30,1,1,0,2,4
cd2872f8-b003-4bb6-bcda-d2670ac95f23,30,1,1,0,2,4
f93943aa-bd9b-4420-aea5-4cd17a1713cf,50,1,1,1,1,2
bab91c5b-c57a-43dc-836d-348bb82b1ca0,50,1,1,1,16,32
4a0ac0d9-da99-4c76-837d-ebf5613414d1,50,1,1,0,1,2
07649f9a-07fc-4662-93f8-cd221c8c6956,50,1,1,0,1,2
9cd518bb-c867-4353-90be-aed3ef81b395,50,1,1,1,8,16
c851172f-c0e0-4439-a722-49bfc4a30422,100,1,0,1,32,64
4f64b8c9-882f-49f9-b44f-f651fb950a52,50,1,1,0,1,2
38f442cb-1886-4422-a463-0ff7c035f929,50,1,1,0,1,2
68bbed5b-0ccf-40f2-a257-b9a7ec54bc9a,50,1,1,1,4,12
36201371-491d-4185-ae7d-2e64c0a69707,50,1,1,0,1,2
d9f45a20-3985-4bb6-8cc7-3be8de83e5d7,50,1,1,0,10,40
2c1feec9-9c83-4d91-879d-180ac6052397,50,1,1,1,16,32
c7ea7e7e-6711-4a63-a6b2-4f5debf3e2f6,50,1,1,1,1,4
338a35c9-f285-4c07-81dc-29d3b1333ea4,50,1,1,1,2,4
264f89fb-6450-41b5-8d33-d3ecec48a9a2,50,1,1,0,1,2
8b494fc4-d9eb-4c4f-8c5d-d7279bd6cdba,50,1,1,0,1,2
8ff34384-3b91-465a-a329-94b5bc220a5d,50,1,1,1,8,40
34a78b3f-88d6-4a65-af22-92503c924fff,50,1,1,0,1,2
7042830d-4140-4b0f-8898-15f14e12a08d,50,1,1,0,1,2
7d84052e-4637-489b-97af-2ba49453d475,50,1,1,0,1,1
f8f52c89-c547-422d-b854-b36a6474b9dc,50,1,1,0,1,2
023b1817-4ccd-4af5-9429-ad0db98f9d97,50,1,1,0,1,2
88c63c7f-e5a7-4cdb-8e54-85268ea4da34,50,1,1,0,2,4
9309c1aa-70ac-4239-ae8a-e6b7e583dd11,500,1,0,1,32,256
fb14c708-10df-43bd-93fe-e8845765e926,50,1,1,1,4,16
f9905644-af5c-4cb0-a15e-87d2b81faad5,50,1,1,0,8,32
a82f9249-0a2b-4889-8711-779fcaa427b3,50,1,1,0,1,2
6119ff90-e647-424d-832b-44bbd204b94f,50,1,1,0,1,2
6677b29c-3238-4ca0-9fcf-5db065e19942,50,1,1,0,1,2
c5e10fde-d320-4a69-9657-1fc000e37f02,100,1,0,1,16,64
415a7e45-a599-407a-b6bb-ab75ed6707fd,50,1,1,0,1,2
53345db1-e6d8-45d1-ba67-581d635d7532,500,1,0,1,16,64
3638a03c-b1c9-48a3-a514-2cd9d8cfc685,50,1,1,0,1,2
bd55166d-3a17-461c-b21e-06b8ed11e18a,50,1,1,0,1,2
789536d8-dfef-42f6-9e2c-e0c7a31e00d7,50,1,1,0,1,2
9858473f-d8cc-465b-860b-d226e8a444e4,50,1,1,0,1,2
d647c351-066b-4f38-a396-e0a2307a7302,50,1,1,0,1,2
e36cfe59-dd92-455b-8133-30bb52a7d1f0,50,1,1,0,1,2
cf935509-2828-40e4-81b9-e6048ba11163,50,1,1,0,1,2
002d8686-d082-4a46-bbe3-c458f002f024,50,1,1,0,1,2
98b419f4-e6a7-4dce-bc9d-513c5a8bde51,50,1,1,1,2,8
7181ea20-e168-4f25-8684-76d89e09226a,50,1,1,1,2,8
878d3e69-30f0-4d47-a728-edc28e2b1e80,50,1,1,0,1,2
17c49e60-83ba-4bdc-86fa-dbeac6656a47,50,1,1,0,1,2
690ec674-1410-433c-9997-9ddb03fef5f0,50,1,1,0,1,2
dc0d87f8-bc3c-4546-bad6-ae99e6b4a4f6,50,1,1,0,1,2
c9ae5200-1a82-46bc-bcd6-b9d4edbab987,50,1,1,0,1,2
34c37348-c10d-4a7c-b0f6-151cf1ab21aa,50,1,1,0,1,2
4a288ad0-5e87-4c0d-bd0d-5e7be0f156dd,50,1,1,0,1,2
0099a5df-1e7b-454e-bdec-70b946acd568,50,1,1,0,1,2
381bc2c4-0b8c-4e41-b769-ee78ddf9e311,50,1,1,0,1,2
64187a02-017f-4f26-a81e-83f871141c27,50,1,1,0,1,2
993d2674-943e-484f-ad0a-19937feb6e61,50,1,1,0,1,2
2f035519-5765-435c-82ae-c5d19bb540e1,50,1,1,0,2,4
6969b0fb-71d7-4b61-84e8-8d427b80dd9f,50,1,1,0,1,2
b54b9496-61cf-462c-a6e2-4d900b2e6def,50,1,1,0,16,64
61e38a86-b0bc-42cc-8a1f-30223a1f02be,50,1,1,0,16,64
8ada0b86-de83-4913-8432-fe920440d944,50,1,1,0,16,64
5ad2af11-aefa-4379-ae85-bbe8f75aeb15,50,1,1,0,16,64
87c8b250-0686-4fa6-91c4-9f66203a07a0,50,1,1,0,16,64
44f414a1-23ff-4a48-8c2f-3bbde268de65,50,1,1,0,16,64
48a6f8ac-75ae-4d0f-a989-96fbf62c4adc,50,1,1,0,1,2
c91e7ef2-37c2-4c54-8324-be6f7f2906f8,50,1,1,0,1,2
ce42c6ff-8b2c-4286-a9f5-8ef459eccf98,50,1,1,0,1,2
46beafb4-1c14-4cad-b29e-0032cb6c076e,30,1,1,0,2,4
5712d61f-3b17-4204-b6ad-f2d90d96e754,30,1,1,0,2,4
2e205a61-2aac-482e-b389-7d939709ed66,30,1,1,0,2,4
3fd64cbe-f516-4dad-981a-a9e8713ca4a1,30,1,1,0,2,4
f3ab643f-fd39-489c-99c7-7f6ea3b19d71,10,1,0,0,2,4
e5a7eca1-c560-41d9-8a2a-4efa832510e0,30,1,1,0,2,4
02e0583d-be6a-4585-bbba-8dff5e820258,30,1,1,0,2,4
1a73d17a-506a-4dea-9a96-44b980210853,10,1,0,0,2,4
e10fb5c1-b870-443f-a33c-e000ccb76c6e,10,1,0,0,2,4
06164ece-ed86-4bf0-8a92-76c6207df345,30,1,1,0,2,4
9e70c1cf-b97f-491e-af2d-dd724ec657e9,10,1,0,0,2,4
338c8261-7af6-4d7b-a360-65e995a8939c,30,1,1,0,2,4
8f947aae-8991-4864-b645-3e430cf1aeed,10,1,0,0,2,4
f49f4b83-4bff-424d-b000-d3bf47141df6,10,1,0,0,2,4
dcfbabbf-058b-4924-b820-bfb19c24f06b,10,1,0,0,2,4
15b3988c-2403-46a8-8cb4-e63377308534,10,1,0,0,2,4
c46974ac-c276-4c2c-b8ff-9e7a233ae471,30,1,1,0,2,4
fa909246-e062-4aa5-994a-c7d01c7be9f9,10,1,0,0,2,4
5a838012-86ef-4c6e-bdeb-17deae00ea02,10,1,0,0,2,4
a328b31b-d49e-43fb-96b3-db8cdd6c5b8b,10,1,0,0,2,4
9933650a-82de-4dcb-ba7d-944669ec64d1,30,1,1,0,2,4
5a3aec48-f53c-4055-aa89-e87e79c85cf4,30,1,1,0,2,4
96b8f33b-511f-4cf3-ad5e-a3cefca8eea2,10,1,0,0,2,4
0bbd8356-7323-45ab-802e-1c8ae558bbb3,30,1,1,0,2,4
fbc6d1f6-bcc3-429f-a7eb-7dbba1221f88,10,1,0,0,2,4
aa5f3a8a-59b1-4070-8ed9-230e689aeff3,10,1,0,0,2,4
82b19f89-1a94-4545-9903-2c93a3aaee85,10,1,0,0,2,4
4a4561b7-1950-46c3-b44f-eb9c921e689b,10,1,0,0,2,4
78983d28-84d4-4d40-bbbd-9e591eb58d65,10,1,0,0,2,4
5b49bf3f-c096-4908-8da4-c2c8cfa9a74c,50,1,1,0,1,2
2f160d87-6e88-46fe-b9b9-8c583bec8bb6,50,1,1,0,1,1
5af87da9-46cd-4ad9-a603-960b1529f3c4,50,1,1,0,1,2
52938849-8ca1-44eb-bc88-f44e98a29fec,10,1,0,0,2,4
360a7c29-38f7-494a-8111-a40eeb440424,30,1,1,0,2,4
66fecf89-45dc-4b39-be74-f047475332d9,10,1,0,0,2,4
5278866b-bb91-4367-8276-cc9544c60ce2,10,1,0,0,2,4
80bb722e-7d4a-43a0-8d4b-670758e23f8a,30,1,1,0,2,4
ffa2db4c-de97-4941-b21e-5d6740170844,30,1,1,0,2,4
19b81fa2-2298-46d4-87ca-726461faf021,10,1,0,0,2,4
bacec201-6b77-4ea8-8b1a-d1396ea632ef,30,1,1,0,2,4
bc811572-83b8-42af-90ea-256092419d74,30,1,1,0,2,4
16bd4d7b-5670-4865-9905-b5eb472f296f,30,1,1,0,2,4
1f8e03cf-4aed-41d4-b670-21f0b6e6392b,10,1,0,0,2,4
23f090a4-6bdd-452e-8e2a-a694c834a572,30,1,1,0,2,4
5eda149e-bbcf-4e00-8160-cc8356e051cb,50,1,1,0,1,2
c77ad6ce-538f-4b69-b33b-c7b9833717dd,30,1,1,0,2,4
c5d2bf3e-9792-4340-9744-e2dcf77ba15e,30,1,1,0,2,4
2aed0b83-ce52-488c-a004-bed4e59166b3,30,1,1,0,2,4
ab20edad-1a29-4241-a2ed-54aa28ce80c4,30,1,1,0,2,4
19119260-7afc-4ada-baf6-b0651148e7f1,30,1,1,0,2,4
d28c6bbf-64b7-4615-9e71-2f6af2f0b76e,10,1,0,0,2,4
83c311d0-4faf-4d71-aecc-4691e5b6ff3a,30,1,1,0,2,4
15a41919-036f-4692-8ba3-d07f85f1c09b,10,1,0,0,2,4
9574f66c-9f35-46d0-8c5b-1d9174f415df,10,1,0,0,2,4
153ff4f3-8360-4113-981a-bc3863db5240,10,1,0,0,2,4
dc69af2a-e72c-4da8-a7fa-f3fc1a645aa9,30,1,1,0,2,4
f93892f0-627e-41a4-a014-b104ecbc9932,30,1,1,0,2,4
2df61bee-9951-490d-81ad-76ce2ffb84e9,10,1,0,0,2,4
c48f6930-e4b4-4885-bb50-7c3773b265d8,30,1,1,0,2,4
5ce1e58d-8c94-4da7-a096-333d0d049136,10,1,0,0,2,4
adfc1c87-7d1f-4439-a2c6-60902421f0c3,10,1,0,0,2,4
f5c59ec7-984f-4ab4-a79b-ed1f01a22b55,30,1,1,0,2,4
953da577-2c78-41d3-9faa-c461eb6a2eab,30,1,1,0,2,4
419c538c-2a16-48ea-8097-86787d5dcc0a,50,1,1,0,16,64
2f1cb620-b076-4ace-be36-91a85d0cf210,50,1,1,0,16,64
d0d97a92-b7cb-4398-b859-a0bf960aa892,50,1,1,0,16,64
e6a4256f-3eb3-4ebe-98e4-1ed09ed10660,50,1,1,0,16,64
d837fb30-054c-4011-8dc1-1916d4890b4d,50,1,1,0,16,64
3aeec832-ea0e-47b9-a029-e3a7b2cf0050,30,1,1,0,2,4
d2b55c3f-4a23-4c55-bae3-3fdabd1b9d7d,30,1,1,0,2,4
3bef393f-b349-4178-8721-4b265a31fe63,10,1,0,0,2,4
6402cb2b-1f48-41ac-98ba-e43d2800e2a3,10,1,0,0,2,4
ed9025d5-cbef-46fd-afbf-265727dba721,30,1,1,0,2,4
42b4bdee-af4d-49e4-9ee2-b20894293465,30,1,1,0,2,4
e63946a1-911e-4e80-82e3-6f5a548d62b1,10,1,0,0,2,4
f3bcaf07-f178-4e4f-8d5c-c1fd53f3b543,30,1,1,0,2,4
b7494185-ce32-45fb-968c-4efcbb9c82be,10,1,0,0,2,4
14e0411e-cf44-4d4c-bc14-d5690d8dc735,50,1,1,0,1,2
fb4ccfce-83a7-48cb-877c-af8249a330d4,50,1,1,0,1,2
759f540a-023b-4f7d-b208-bcf53e3ef370,100,1,0,0,2,4
ec6f24dd-9917-43a0-ace2-67f086077ecb,50,1,1,0,1,2
6406933e-4665-4a94-bf94-8ce909d5579b,10,1,0,0,2,4
6653f19e-951a-446f-a2eb-1ef259a8b6cf,30,1,1,0,2,4
4892f304-462a-4cce-9f02-c24006dfb321,30,1,1,0,2,4
6f25e5da-9a48-46a1-8502-cd3b1bad0e2a,30,1,1,0,2,4
21ccc1cf-e1c9-410a-9a22-65c589ea85e0,10,1,0,0,2,4
285d6346-61e1-41c1-a151-be72bf7a2b07,50,1,1,0,1,2
c3dae22f-2f6f-4e80-bbf8-6cb62ae12eb3,10,1,0,0,2,4
fd34d1ad-0aaa-4d14-9af0-236ae4232f0f,50,1,1,0,1,2
d0a2cfde-5ab9-4256-b36a-730dd4d358dd,30,1,1,0,2,4
3415c8eb-c51c-4529-a100-340cb700c883,10,1,0,0,2,4
2183e479-edfc-4ee5-9a10-df9bcb15ee93,10,1,0,0,2,4
fb10bc9e-1a11-44ad-a677-e8671e9f9f1f,10,1,0,0,2,4
6a0668f0-2a5a-4d21-99b3-7f3654552923,100,1,0,1,64,128
f441ac28-a906-416b-b476-0998267ac21f,50,1,1,0,1,4
f1625ade-e8f4-46ad-bba5-4db8fd63d398,30,1,1,0,2,4
8ece72f4-969a-4e53-a9c3-ad6b0baa8916,30,1,1,0,2,4
ddc75023-cce4-4e1a-80fc-fcf658edd407,30,1,1,0,2,4
aa1c5dc8-88fd-4bd2-8ba9-8aaea6898af2,30,1,1,0,2,4
4e4cf530-a39a-4ed2-8653-f143491182f8,50,1,1,0,1,2
9145f3da-62e3-44e7-955c-15e3af1272c4,100,1,0,1,64,128
80eca15d-a913-408c-95b1-e12226c8cee4,30,1,1,0,2,4
a3f52f0f-6f48-461a-81cd-1fd15e33f9d1,10,1,0,0,2,4
a1b8c158-11b5-4d80-a279-bfba1c8dde6b,30,1,1,0,2,4
4cf3dbe3-d95b-409c-bc02-28177836bcfe,30,1,1,0,2,4
92d6cfc9-9967-4b85-ade4-dff4f49ea832,50,1,1,0,1,2
11abee21-2c01-430c-bad5-f63b4fd660b4,50,1,1,0,1,2
005c39a4-87d6-49fd-bada-f54502f3fb27,10,1,0,0,2,4
275857d4-c6a8-46a4-aa2e-452d3bb446e7,10,1,0,0,1,2
0be620f3-eb64-4904-8b4a-f67841954796,50,1,1,0,2,4
90fe5d01-ccfa-41e3-85fc-e94a8278c7db,50,1,1,0,1,2
1963361d-e205-4044-b74a-55f258a01e26,30,1,1,0,2,4
592caaa5-148d-4703-bf03-dc69144b7216,10,1,0,0,2,4
5950d6ef-f452-43b2-9376-e88818838594,30,1,1,0,2,4
b4e56c7b-0ed0-419e-bb7a-a90e520eb2b2,10,1,0,0,2,4
4e4bb2e3-48b4-4e8e-a4da-6a6bc9c0c37f,30,1,1,0,2,4
c7f04972-36a3-4773-883d-e15ef0d6217e,10,1,0,0,2,4
b5784828-7fdf-4319-8342-0849d9667578,10,1,0,0,2,4
ebc1fe4a-33f0-43aa-9fcd-48c631f7a120,10,1,0,0,2,4
fa38d609-b39d-459e-addc-73dc0dcd8187,30,1,1,0,2,4
336be3b8-91e7-41f1-9e6a-627398a04c01,30,1,1,0,2,4
b0390027-3c3b-4015-8471-0e75feb3268f,30,1,1,0,2,4
7f48f405-7dd1-4bba-ba3c-93a8fb76f4a1,10,1,0,0,2,4
a50fe47f-abd2-41e5-9e7a-d7e76fa46988,30,1,1,0,2,4
05253a22-645f-4082-8beb-d25a253cf125,30,1,1,0,2,4
6b81d65a-5d72-4654-a643-4dc7d768aa70,30,1,1,0,2,4
f806decf-d388-4dcf-b594-30f8af525793,10,1,0,0,2,4
9e593e47-499c-4025-9158-4f62052307c7,10,1,0,0,2,4
5675ae07-e2b5-451d-9d2d-c69f0b17cc9d,30,1,1,0,2,4
68c5245e-9928-48b9-afdb-c6a3c8f9dfb9,30,1,1,0,2,4
fe53e802-bf7e-463c-925d-a2ff34ee9512,30,1,1,0,2,4
2749b5f8-36e4-4ab7-8ffa-82a872f889b5,10,1,0,0,2,4
4aa136a0-8767-4fd0-b118-07a47dc4d255,30,1,1,0,2,4
f6179884-6d54-422c-bd5e-431f57cc8c8b,30,1,1,0,2,4
d6425192-94c7-4188-bd0c-be30cb8459a9,30,1,1,0,2,4
3099d6d4-4f7a-48b6-8d6d-7ecc7d6ebbdc,100,1,0,1,64,128
20c2e21f-9c48-46de-84b0-05c00d09febc,30,1,1,0,2,4
4a293fb3-3603-4075-91bc-82b5bdccfa23,50,1,1,0,1,1
c62ba0a3-0723-4ade-a26b-17b0cc318fe1,100,1,0,1,64,128
1e5238b7-e1eb-4bf3-98b9-6c4a9c4efc7f,30,1,1,0,2,4
91966a3d-95c1-4108-a032-5ccaf8216e13,10,1,0,0,2,4
76f57597-37a3-4f82-828c-225c3bd2885f,30,1,1,0,2,4
93003574-c527-46ae-8161-18afdab35769,10,1,0,0,2,4
d3a19b90-cb1b-4501-ba18-16190cafb565,50,1,1,0,1,2
16799de6-6787-49ba-ac90-31030488e9cf,30,1,1,0,2,4
694dbc9a-d4e8-40d9-8808-09ef44971ba0,10,1,0,0,2,4
20fd9e35-90ee-406c-8a98-9ff2bca2b80a,10,1,0,0,2,4
aa9f7884-4bc7-4bbc-8160-26f014ce7fef,30,1,1,0,2,4
2b3416cc-bc34-4b39-bb58-0dda8b2a5f0e,100,1,0,1,64,128
a8ec471e-75f6-459f-a932-1f3534308289,10,1,0,0,2,4
fd521822-b546-442d-a17a-ae8785144bc6,10,1,0,0,2,4
db5d47a7-e2ab-47ce-a056-d8303808c95f,10,1,0,0,2,4
de78a13d-b79b-4a76-ab66-dc432b56a342,10,1,0,0,2,4
01bab9e6-d940-4d3c-95d4-9abbcf54c5e4,50,1,1,1,16,64
4d1dfef9-80d2-4bb0-8e96-5f9003c23a46,50,1,1,1,4,16
a90d43d4-65a9-4f5f-9525-a3fb224244b9,50,1,1,0,2,8
8965fa2f-1149-4370-9bf7-66a5fd70e86b,10,1,0,0,2,4
48e616f1-11e2-499a-b6ee-ba3219dc9d94,30,1,1,0,2,4
2bb07834-a60b-479a-a78b-139dc4e58bee,10,1,0,0,2,4
b8b8a020-5e08-4c6b-a580-a94e5048892f,50,1,1,0,1,2
13a7ffd1-3ae8-4e07-b6ce-6acfc7a88b54,50,1,1,0,1,2
cee5087c-411e-48ec-9bce-2721f81b57d0,100,1,0,1,64,128
a5a14183-eecb-46d4-b0d1-ee034f39efe1,50,1,1,0,1,2
0c9d5866-3bbf-493f-bf62-bc85eaf21c5c,50,1,1,0,2,4
0145ebd6-add9-4207-ac78-e5acb378a7e3,50,1,1,0,1,2
5c2c7a3a-e9c8-41ac-ad2a-ad702794352c,100,1,0,0,2,4
ae7d0ce3-31ec-4457-bafd-b3e2962864dd,50,1,1,0,2,4
3bbedb0f-b792-42cb-9cfc-31d084c38f1c,50,1,1,0,1,2
bdb9909d-0c70-458f-ae2b-218a73067c35,200,1,0,1,32,128
244de684-5dea-4c76-adb0-4411170d9bee,200,1,0,1,32,128
24d29af7-ec02-4775-a2a3-375596b677e5,200,1,0,1,32,128
244924d5-e78f-4eee-b9ee-5169a563fc92,200,1,0,1,32,128
b0d8a272-8c9a-461f-a0a7-05e779b1bd56,200,1,0,1,32,128
62489bc5-de9f-494a-89cb-32d6a8a2b063,200,1,0,1,32,128
3b496153-e4c8-4fd9-89a5-3809628689a3,50,1,1,0,1,2
fc0fca40-0d82-4d84-a3db-9e47221b8880,100,1,1,1,180,464
cf9c357b-536a-406a-ad24-e2931a3ca5be,50,1,1,0,1,2
881853d7-35d0-4d24-9e4c-5072b8244bc4,500,1,0,1,32,64
0c5dd5c5-4aa8-48ae-bf3f-909f853d46a6,100,1,1,1,180,464
58abf6ed-88ca-4f40-8d1e-04bbfbf44312,10,1,0,0,4,8
8092d010-f9d1-4cc9-a635-4f5d624ba4b5,50,1,1,0,1,2
b9c6d2fe-acd0-4dd1-8cc4-70b3904f4865,50,1,1,0,1,2
aadb36cc-f340-4cbf-b3d1-3cb68d6b2d3d,50,1,1,0,1,2
3ed5a9eb-4365-4c28-aeee-6941d0edad90,50,1,1,0,1,2
3836edb7-8103-47a3-b735-cf3498ccbdfc,50,1,1,0,1,2
a753627a-6472-4c97-a37a-510ed2202f47,50,1,1,0,1,2
255fd6f0-f31f-48b4-83e6-124a5a061243,50,1,1,0,2,4
2b57c7c5-aceb-4dea-ad76-6b1eea304939,50,1,1,0,1,2
f815d6d4-b961-448f-8c5f-92733b52b98d,50,1,1,0,1,2
816cd143-5bb1-4d31-920b-419ac81e3dd4,50,1,1,0,1,2
44d5501d-681b-4cbb-81a0-b400c3aa7831,500,1,0,1,180,464
3757bc1e-a4e9-4280-a1ba-00d50f136e8a,50,1,1,0,1,2
d35adb58-2f73-41ff-a6c7-cf2b87a8b5cd,50,1,1,0,1,2
2b8f6d81-c365-4cc8-b4c4-a55f3d01ce54,50,1,1,0,1,2
93a0661e-38aa-488d-9847-4944b4268117,50,1,1,0,1,2
e3575951-a1c4-45a8-a320-6d13c8656786,50,1,1,0,1,2
4da28adc-82b8-458d-a7ff-79ed9ad01547,50,1,1,0,1,2
15174d81-11db-45e3-8653-fa6d964dec4b,50,1,1,0,1,2
20d8ce36-0a3c-4ece-9f8b-99fe62f58a8a,50,1,1,0,1,2
b085cd58-b2db-4946-bc53-c97228b8e258,50,1,1,0,1,2
1e1a7947-f8f1-4a37-9a32-7600e48db9fd,50,1,1,0,1,2
004e437e-8a18-4e5a-9626-ebe825b2ac4d,500,1,0,1,180,464
455f3faf-1a67-4026-8f35-5eba8daff743,50,1,1,0,1,2
6a4798bc-2c4d-4219-b862-af30f16570aa,50,1,1,0,1,2
6f6fe8f1-6a88-458c-8d44-167713afbd42,50,1,1,0,1,2
1999e0ba-75d7-4839-baec-6f621301c0c4,50,1,1,0,1,2
1397f796-a044-429e-a52b-2f3e477194b9,50,1,1,0,1,2
d98d9731-3a21-4b65-b74a-29d5f32d7a50,50,1,1,0,1,2
bfb2a3e1-a2f4-4ae7-992f-f8e5b2103f4c,50,1,1,0,2,4
e0fc45ae-0f72-43ed-830b-d7ffe58a81bd,100,1,1,0,1,2
d26d8c53-bd85-44bc-904d-82bf32601553,50,1,1,0,2,4
0ca121c2-45f4-4b26-8025-cc2c5a4c1c2f,50,1,1,0,1,1
34a30ab1-bea0-4ab4-8343-d9cf458aff01,200,1,0,1,32,128
206c7e2b-968e-433e-a44b-3b8dec7cec47,200,1,0,1,32,128
351289b1-f884-497a-9e29-bf5a9829027e,50,1,1,0,1,2
2c1005ce-3482-4554-8ed1-399c31037a20,200,1,0,1,32,128
2fa257a1-08b7-45c6-9d00-0359935929ea,200,1,0,1,64,256
2d0b2007-80e9-49ac-820b-eb9e6d51a97c,200,1,0,1,64,256
6d524901-1248-4f19-9015-0647d1c26b60,50,1,1,0,1,2
34fc581f-c49c-40b5-96e5-0534ba308cf2,50,1,1,0,1,2
2fb37e32-c5fc-4073-b342-2b191047e52f,50,1,1,0,1,4
d7c964a1-bcba-4e47-80fd-8cdce0fc574d,20,1,0,0,1,2
af1d568b-d1c6-47b5-b0df-40ebb60abfaf,50,1,1,0,1,2
b94b7eef-cbb8-49f6-860d-4a4f286533c3,50,1,1,0,1,2
57083b59-4dfe-48db-ba4e-85bf7a7cea05,50,1,1,0,1,2
0105aa1c-cf32-4ad6-9b3c-ddd81191cc7b,100,1,0,1,180,464
014dc425-d063-4f24-b8d1-7939666f4c3a,500,1,0,1,180,464
eaf34b9d-b601-447e-9140-7cb75f57bfd6,50,1,1,0,1,2
45800739-89b4-4cb1-a452-317709acc48c,100,1,1,0,1,2
0b176c2a-188c-40d7-aea3-0f30716b77c2,50,1,1,0,1,2
ae7c2584-eb9b-48b0-8bbb-8e935ac2b746,50,1,1,0,4,8
ec96a6d4-4c53-432a-9be2-4435b33aa0db,50,1,1,0,1,2
49e8bad6-1fac-4b47-9a0f-391f516d7d54,50,1,1,0,2,4
41d989ad-8398-447b-872d-eefc0d152a2b,1000,1,0,0,16,32
a2e3bcc8-6456-4fbe-809e-cc92ec3a4a30,50,1,1,0,1,2
1d1bbe07-aecb-4b4b-9a5f-df0a577d764f,500,1,0,1,32,64
b6855b2e-3100-45de-8e11-f70cb944d6a2,50,1,1,1,2,8
1de117c8-1d4d-479f-822e-cc6c70ca658d,50,1,1,1,4,8
3c7e1199-b817-478d-9cde-9afc90b2aef4,50,1,1,1,4,8
16d829dd-9aec-48cc-a967-558f9b10a308,50,1,1,1,4,8
58ad5f15-960d-4f1c-96d0-929cd699b6be,50,1,1,1,2,4
10ed3a5d-6b37-41e6-94c3-bc8cb6d92503,50,1,1,1,2,4
015fd367-5e61-437b-b4c2-81db5c39a5ae,50,1,1,1,4,8
3dc1be1a-1984-47dc-a0b9-c5f154f20b74,50,1,1,1,4,8
6321f063-50d6-4fa1-8822-5f3cf7e25e2f,100,1,0,1,4,8
10ee5ec3-f1ec-47c1-bf7a-f43cdf688de4,50,1,1,1,4,8
31d911e4-2396-47a9-9638-5a176b7f36a2,100,1,0,1,4,8
1369ce94-b802-4fd6-8b6c-ecdded56da7c,50,1,1,0,2,4
588b376c-a87b-4b1b-8ba8-60b7d77acf8a,50,1,1,1,4,8
8708f6b6-fb99-471b-a915-ccffcbd52ec8,50,1,1,1,8,16
9328f988-cfb1-471e-94a8-e5412db8a21b,50,1,1,0,2,4
21f6e53c-3456-4deb-bf3a-1c1e7cb07c66,50,1,1,1,2,8
0d507feb-09a0-47f5-b427-10ea233f913c,50,1,1,0,4,8
69d927a3-fdb5-44fb-89f5-45d6dcdf07a2,50,1,1,0,2,4
8092ad35-2651-4899-a932-cd3129f882cf,50,1,1,0,2,4
27b60a4b-9504-4c94-b7f9-d14ef6326bfb,20,1,0,0,2,4
2f807f8f-2893-4c6a-b2c5-d654ba6a2818,50,1,1,0,2,8
5e39ba08-e6c0-4a9a-99f7-0b7493e40489,50,1,1,0,1,2
03f8500c-3f4e-4cae-a939-5d394a1a25b5,30,1,0,0,2,4
21ad1c5b-fea7-4a11-a099-30b6b2706f28,50,1,0,1,8,16
3cc712b1-3940-427d-a807-a4ebc2dff6bf,50,1,1,0,2,4
686f327e-0375-409e-a4fe-22e5775ce653,100,1,0,1,16,32
800c95c3-6196-4b50-813a-09c7401e3f3e,100,1,0,1,16,32
0b6eaf0f-ce15-4952-813b-7d1150128324,50,1,1,0,2,4
62907d39-9402-4046-955e-75d4eb248975,50,1,1,0,2,4
29ff8d7b-6771-402c-9cc7-bb44ea14c877,50,1,1,0,2,4
68666470-2455-4a7a-bf80-65a051a97d25,50,1,1,0,2,4
0ce697f4-2bc1-4060-a257-ae2d1fb21dcf,50,1,1,0,2,4
3d02ccff-474e-4d86-8a9f-1bfc83612ee0,50,1,1,0,2,4
9f9d7251-4092-4734-bdc7-f1f2c8386238,50,1,1,1,4,8
501761e9-a811-4c62-a14e-075789a6bb0c,50,1,1,0,1,1
60af464e-4427-43ee-b986-b1d605935bd0,60,1,1,1,4,16
7ce1cd7c-ddda-4784-a290-d44578411982,100,1,0,1,4,8
55cb0172-e3a0-4c2a-a62b-d6abac22aec1,100,1,0,0,4,8
6f98ad8a-ea53-41f3-8e30-064e48f75d6b,100,1,0,1,32,64
5f33f92a-f957-4bca-9bca-a64f6a95150f,100,1,0,1,32,64
8c4b7bbb-380e-430a-8f9d-f1201166c23f,100,1,0,1,32,64
668af05b-c7d5-4e3e-86b7-b96382654218,100,1,0,1,32,64
70211220-bcfd-42e0-9a9d-aac0d2fa8bf7,50,1,1,0,1,1
1f452fec-5afc-4a52-b161-a2919fa62805,100,1,0,1,4,16
4b0bc50c-3b13-4e19-89fe-d933299e26fc,50,1,1,0,8,32
0770f900-146f-4964-86e0-77a393751e81,60,1,1,0,8,16
3b59a803-083d-4ebe-8a17-e18fb301a9d5,50,1,1,0,4,8
6d86cc0e-344e-4bde-861d-7de2e77e5758,50,1,1,1,4,8
2f20d607-445e-4cdc-9441-3dcf81a971e7,50,1,1,0,1,1
0a4bf580-fad2-402a-b255-e835ca1cc70a,50,1,1,1,4,16
9f5717e7-5f63-4e0c-b5f4-85c55aad6e97,50,1,1,1,1,1
15ab4683-6e5d-41b0-aab1-a5c9609404e8,50,1,1,0,1,2
72de3a56-bd34-424b-82fe-4129322073e9,50,1,1,0,4,8
46dff635-18a5-4034-99c0-d80edf8e6a31,50,1,1,0,2,8
8cda6a29-ed6f-4f3b-8cd3-463c77fbe1eb,50,1,1,0,4,8
60c007b1-67ae-45b5-b3ab-e56695112ef8,50,1,1,0,4,8
6a3360e6-be6b-4bd2-8252-ab47cbcbcb08,50,1,1,0,2,8
48d63361-7fe9-47fe-aa49-7314e3e338bc,50,1,1,0,1,2
0013006a-f3ff-48ba-8378-da10670eff26,50,1,1,0,4,8
392dda4c-c090-47de-9adb-3aeaddd1323c,50,1,1,0,1,1
8c6b7d3e-b5fc-4d62-8b0a-04ae23c09610,50,1,1,1,8,16
2f261508-e32a-4223-8809-b5bac24859b7,100,1,0,1,16,32
7782b303-4a9e-49c4-8d02-59f8f6e3c9cf,100,1,0,1,4,8
8bccf7bb-26a4-438c-be2e-f7090dedb2b6,50,1,1,0,8,16
667576ca-95f5-498c-82ea-5bab9096f0b8,50,1,1,0,1,1
94627b3a-c603-453b-bb55-ec5012b9d2ac,50,1,1,0,4,8
27c6c609-a452-48ef-a304-ecc362050981,50,1,1,1,8,16
677030e6-e44b-40ae-a329-41b5c2d16da5,50,1,1,1,8,16
21953fd0-039c-4956-8b90-d447986699dd,80,1,0,0,4,8
7495ad4e-812a-4eee-af2e-ee1168cb1444,50,1,1,0,2,4
53631271-7f36-48b7-8814-80ec1e710e31,50,1,1,0,2,4
0bf8d2fd-4dcf-4450-aafa-b8e47169a5d3,50,1,1,0,2,4
012c3d59-e6f2-4879-a4a8-e946c10b4a3b,50,1,1,0,2,4
2486001c-6fc1-46e7-aa82-8ebc0b8251f1,50,1,1,0,2,4
7c783256-456d-4425-ab23-e1dcb30fbdcd,50,1,1,0,2,4
327d5066-80a3-466f-b097-38677f5d4744,50,1,1,0,2,4
86002f81-f8d2-4b1d-981b-87affde37cd2,50,1,1,0,2,4
977563fa-48bd-4d60-ae1d-2d8d8e5a4d1f,50,1,1,0,2,4
121d97b4-cd9e-4b86-bdaa-0895778b0dde,50,1,1,0,4,8
84c9c127-dfd9-4ead-9c1a-c9a610a7c3ee,100,1,0,0,2,4
5be3a6d4-ba46-4148-b8f4-cd3893c94d35,50,1,1,0,2,4
917d6c26-1c25-4452-9e74-c4b0e1f014af,50,1,1,0,2,4
0fdaef0c-936a-4973-a901-5b7b69a29cc4,50,1,1,0,2,4
6852b0c6-f156-4552-b87b-931a23dc10f2,50,1,1,0,2,4
62cebadf-edc1-42cf-8da8-b9627704630c,50,1,1,0,2,8
0542ab30-a79c-41af-bce5-f1e07241ae8b,50,1,1,0,2,4
91a980fa-6f9d-4223-85d3-26a8ad3fd2c0,50,1,1,0,2,4
694a0068-4df6-4576-9c2d-d763576ec0ba,50,1,1,0,4,8
8cf3d863-6909-43a0-b3fa-ec47276f964f,50,1,1,0,2,4
15d3f413-ff34-47bd-8118-354a35620687,50,1,1,0,2,4
6e5f56c0-fcbd-404e-abb8-04ca6dc7f4cc,50,1,1,0,2,4
93bf97fe-facf-49b4-817c-16829af807ad,50,1,1,0,4,8
7a984d85-e3f9-4f51-a139-3d128c0de309,50,1,1,1,2,4
4c7f646f-0c7d-42e4-aeb7-629e7f27ed22,50,1,1,0,16,32
4f11b1f0-ba51-4008-a007-28d5778cd185,50,1,1,0,16,32
0cf2c913-af6f-4956-9387-681757470368,50,1,1,0,16,32
6c6f1d64-bb67-4920-a5ba-c00ac9a4c809,50,1,1,0,2,4
3bbe381b-84ea-4ccd-8a9d-026d46130806,40,1,0,0,2,4
4bd4c22c-567f-4155-aa89-7344af696560,50,1,1,0,2,4
43eb9f1a-2cc7-4f95-bc2b-a71a2c6916ea,50,1,1,0,4,8
1a0cd5fd-8a87-4aeb-91c5-55d8839209d0,50,1,1,0,4,8
3c433d22-7d4b-4d9b-8702-94a96c4d0ac8,50,1,1,0,8,16
4f6fd9b9-f6bb-4801-ac88-a34638307822,50,1,1,0,1,2
7292b691-072d-451b-b452-64db4827baba,50,1,1,0,4,8
845f9584-be07-46a7-9b72-7b34e0fdb176,50,1,1,0,1,2
936f9cc7-4051-4afa-9524-f62d199d9034,50,1,1,0,1,1
1a694b4e-c325-4c59-8689-2e0c8cfd3741,50,1,1,0,1,2
079cece5-10bf-4a94-b090-4796d1d42f75,50,1,1,0,1,2
34a0f228-c849-4b0b-bb90-68b831a146d6,50,1,1,0,1,2
80827467-82cd-4bc4-b063-e00ff14e85d0,50,1,1,1,4,8
17f694a4-f50f-496c-9777-b7ff194d0ae0,50,1,1,1,4,8
886125fa-0cfc-4824-b27e-c7781b470f18,50,1,1,0,1,1
58963ed8-3666-4a30-81ae-28f3d62ad3f1,50,1,1,0,1,1
0563e11d-02f0-41e0-8461-c4ca1a811b01,50,1,1,0,4,8
429cadff-37fe-4bbb-bd96-fca4a6a6e0f8,100,1,0,1,16,32
80d5544d-302f-4413-92e2-93a4c17f3934,50,1,0,1,8,64
05b6428d-147b-4523-8b15-7aa1821141ce,50,1,1,0,1,1
103171dc-080f-4f33-9e04-ecadf5a13034,100,1,0,1,16,32
35cfdd38-cdde-49ed-811d-176dda26ef1f,50,1,0,1,8,64
1f4f0577-609e-4ec2-bdbe-ccdb4f3b9bd3,100,1,0,1,16,32
3c60f1d7-287d-44cf-b69f-4802ed1845b8,50,1,0,1,8,64
028c2ff8-9cc5-430d-8259-511a9624950c,50,1,0,1,8,64
7a039382-4e66-4a8c-869e-1e3a1e4234d3,50,1,1,0,1,1
721c153d-a5d5-4256-90eb-59926d81bb31,50,1,1,0,2,4
43502d13-f63e-437b-8c6b-b5130f6662bb,100,1,0,1,8,32
79553667-63af-4d3b-8322-b4365ad1ca53,50,1,1,0,2,4
947faef9-50a9-4612-9cad-52dca389b1e4,50,1,1,0,1,1
02fec355-b1b4-4de4-bde6-56ef6160ab12,50,1,1,0,1,1
02da7209-b86a-4ab8-985d-84de2ba0cb60,50,1,1,0,1,4
6c9ddcf6-edc1-401b-868f-18969e77c223,50,1,1,0,1,2
13a100cf-d507-4e81-8ace-2805ea633fe0,50,1,1,0,1,2
60a2a585-ae69-44df-ba99-a8f655367bb9,50,1,1,0,1,2
792c0fc0-f047-4ba5-8205-d8d94de5113a,50,1,1,0,1,2
356af574-5842-41e1-bb37-9f469f47b2bd,50,1,1,0,1,2
4c3d44a4-7ac2-4a83-8883-3e8e4b054bd6,50,1,1,0,1,2
99d1bcd9-7824-4cbe-a60a-5bdd5d8e246a,50,1,1,0,1,1
97f5afcc-293e-48d4-914d-5f74efe91361,50,1,1,0,1,2
77204643-e2fb-4ebb-a706-71a9a2dfc25b,10,1,0,1,1,2
55741f24-ad83-46f2-a5c5-4aafc3887ef6,50,1,1,0,2,4
2b5d631e-16c3-4e78-9182-48df884e1919,50,1,1,0,1,2
7ef4c257-3e26-4342-a7a4-05efd79ccac5,50,1,1,0,1,2
734766ab-ab2e-400c-9bea-4a54701bc755,50,1,1,0,1,2
0ca6c066-d158-4686-b884-8e390f485421,50,1,1,0,1,2
716195bb-735a-450e-8377-4524a1a663cb,50,1,1,0,2,4
2c63e435-1609-4e78-887e-f3dfa5203963,50,1,1,0,1,2
4b38e7ed-e0ec-4840-9bf2-bf7863bcebe0,50,1,1,0,1,2
0f72ae8f-a9ae-4e6a-9028-870286ab6768,50,1,1,0,1,2
32a557b1-c8c1-454d-ac7c-187edb44276f,50,1,1,0,8,32
89cbb3ed-4a66-43c1-86a0-03770dd4b10a,50,1,1,0,1,2
2beff519-a84d-4c7f-8bf4-8ea59ebcb845,50,1,1,0,4,8
6ef9b9b1-60ad-4877-a789-174fbb1aefbf,50,1,1,0,1,2
4f748383-948f-4c21-964a-fbcb4ffed84c,50,1,1,0,1,2
8de9d184-0e2e-4a49-82b8-e2de42e1ba08,50,1,1,1,2,4
3602da43-85f6-437a-9c64-c928005fbfcd,20,1,0,0,1,1
049be110-da4a-44fc-a6ea-ba430cb491ed,50,1,1,0,1,2
1bb81bcf-716e-4a17-a75e-3e3238e5facc,50,1,1,0,1,2
779522ee-4726-428b-b29f-9ed1d3f59935,50,1,1,0,1,1
7f7e2b80-689f-4ed6-8e22-e67191132376,50,1,1,0,1,1
4e2a8093-3ef9-489f-848b-a6577114a888,50,1,1,0,1,2
5475575b-549e-4f86-9ef2-fe81097a73bf,50,1,1,0,1,2
698df5e3-8a3e-4a9b-bf98-060d27771657,50,1,1,0,1,2
797d460f-423b-4ad3-ab90-6be0e4ef9743,50,1,1,0,1,2
98d2aa77-7715-4b7a-864d-3a5a7a3dc4c1,50,1,1,0,2,4
458693e7-398a-4734-9134-0b9b87458168,50,1,1,0,1,2
347116c0-c55f-409e-bb5b-dc136e50281c,50,1,1,0,1,1
70cbe3ea-513c-4793-9583-aecbf8c05766,50,1,1,0,1,2
6372d2b9-b42d-4e98-9364-764ac99fd628,50,1,1,0,1,1
3294d1b7-251a-488e-9584-410a6efeeaaf,50,1,1,1,1,1
02f117b6-889b-4dfb-b464-4f1e21e096c2,50,1,1,0,2,4
6939fc04-2d75-4690-bb1f-41506c89d619,100,1,0,1,32,64
40dded5c-25df-4e63-af74-8d08ced29590,100,1,0,1,32,64
62989c7a-6f9a-473a-b6e7-42af487ce7f4,100,1,0,1,32,64
7f13eeff-fc79-4d48-baaf-ca7b93b7f30b,50,1,1,1,2,4
2d7e8ba1-7b21-4c65-a038-e3656f2e1963,50,1,1,0,1,1
8f226abd-eca9-484b-85c4-8f2419d6252c,100,1,0,1,32,64
3280f362-316a-4952-b813-2204f9ca2d17,50,1,1,0,1,1
18509f2d-0b4c-4eb2-be4c-cc431352cbdf,50,1,1,0,4,8
0187a247-5e4f-47aa-8f72-671465cadd90,50,1,1,0,1,1
6c4cede5-0daa-4c10-898c-55f32c7a880c,50,1,1,0,1,1
48bfcf43-862d-44ab-ae8d-a5d2ea5203c1,50,1,1,0,1,1
72588ade-4daa-4827-bdf1-dff5b2eeddc1,50,1,1,0,1,1
9f008324-b91e-41b0-ba2c-2fc1b5d1d630,50,1,1,0,1,1
88bb34f8-01b4-483b-be41-c63a7d4017ff,100,1,0,1,32,64
8d55eca8-24c4-4578-91f2-efe088e08299,100,1,0,1,32,64
917b4213-f470-4cd2-8387-fbbf44bab061,100,1,0,1,32,64
5e433bf1-1f45-4859-8618-9d0a244ca503,50,1,1,0,1,1
0327181a-9064-469e-8a5d-38627e82d428,50,1,1,0,1,1
9d6375f8-0ec3-43d8-83bb-92a1ba8c8693,50,1,1,0,1,2
2ecdad50-1940-4444-afcd-52ec46371d93,50,1,1,0,1,2
154584ef-22e0-439d-8ba1-f43d16099583,50,1,1,0,1,2
9e26cff6-7dd2-44f4-b066-df446b7c9b3e,50,1,1,0,1,2
195d6e52-58ba-4dfb-80ce-cf4c4da115c4,50,1,0,0,4,8
54b6a41d-fe34-4912-8e4c-94254958dd5b,50,1,1,0,1,2
9196ccf0-1ffd-4beb-b0f2-3400334a4f6d,100,1,0,1,32,64
6cef5dd6-c31e-4b79-8470-c8f6a1da0ab6,50,1,1,0,1,2
159d8f9c-7bb4-4515-8296-1025f55f654f,50,1,1,0,1,1
69382a50-c4e1-4d97-b958-c83da75c01d8,50,1,1,0,1,2
8e18441d-9dc3-4fbb-84ce-7ed01cb68a80,50,1,1,0,1,2
16e65120-86f4-4760-8eee-6494a4d8577a,50,1,1,0,1,2
852c8498-d761-475d-a3f6-140edef6af99,50,1,1,0,4,8
56d226ea-37bf-44a7-9c93-494601945d13,50,1,1,0,1,2
4a833fe3-a486-4722-976b-7006cafc3fa7,50,1,1,0,2,8
00c42b12-4026-4f1e-912d-1b3230f2410d,50,1,1,0,1,2
9c31e8d6-6ef3-4d5d-9145-98913ad4c575,50,1,1,0,1,1
5c771cea-564b-4c16-9813-93cf5341a0e8,50,1,1,0,1,1
80991c0d-b793-4b2f-aab7-449132868e94,50,1,1,0,1,1
3168cc5f-62d1-4926-9ddc-8221c5ed152b,50,1,1,0,1,2
1bcfa03c-7483-41aa-95d8-dc7d4dfe2633,50,1,1,0,1,2
8e4d7266-91d8-4197-b6e8-a9df433a48f9,50,1,1,0,1,1
211d65ee-410d-44a9-9e0a-7c8ba2e89513,50,1,1,0,1,1
68b5f1b5-9c26-416b-9c56-03672869054d,50,1,1,0,1,1
0067d07d-df45-4f46-9230-0840712268f8,50,1,1,0,1,1
42e6e4c4-62bd-432c-a41f-0ddfdc828ab7,50,1,1,0,1,2
690f242f-92db-4efa-a733-07f3b00d88ae,50,1,1,0,1,1
509639e6-0ed6-4632-8742-6820049ff7b6,50,1,1,0,1,1
9d1ff466-737f-405e-8164-d0743e582720,50,1,1,0,1,2
45149019-e7a5-43fb-8469-283280f33f57,50,1,1,0,1,1
05274379-eddf-4a3f-870d-2596cf6eae7e,50,1,1,0,1,1
230c09ff-47ff-4b64-86ed-1d9f5edf1b91,50,1,1,0,1,2
8ea698fc-a10d-45ea-bdec-38906898bc5b,50,1,1,0,1,1
7bc33f73-a535-44f8-813f-b529aaceaeb8,50,1,1,0,1,1
43d1ce01-090b-4046-acd1-b84f5a07e640,50,1,1,0,1,2
432ab9d1-589b-4a1f-932c-cda6955d2f78,50,1,1,0,1,1
5a62d6fe-4623-4232-b0c7-0faf280b58a0,50,1,1,0,2,4
321e3f13-cd75-4f3c-bfd9-6faf8d537ad2,50,1,1,0,1,2
028e3fd2-8fb5-4d72-94e9-4ad86783d878,50,1,1,0,1,1
5d42b639-9db7-4cdb-aba7-fe484d1a80a0,50,1,1,0,1,1
5496cef2-4ab8-4020-ba42-dbb7ead21e84,50,1,1,0,1,1
2818c36b-ec21-4e31-b065-ea38293e66fe,50,1,1,0,1,2
5f15efd3-2158-4969-bbac-e4c1f31e9182,50,1,1,0,1,1
362b368f-b0d4-4800-aaf4-2ac7d8065fe6,50,1,1,0,1,2
22321286-f175-4d3a-acf0-d0d78296cffb,50,1,1,1,1,2
104b5fb3-5a81-42c9-9973-b479a8565b5e,50,1,1,0,1,2
0909765d-8693-489c-9848-40f23b4488a9,50,1,1,0,1,2
37fd485f-36b1-412e-855a-b80be8b83937,50,1,1,0,2,4
415a267a-44a0-402e-92f8-6eb87ecf13d6,50,1,1,0,1,2
8ea93c62-497b-4aee-a7de-1ac53d7f8b62,50,1,1,1,4,8
98cb9ac7-4dce-42b9-829f-8ffa6a21dfcc,50,1,1,0,1,1
7637b35a-4a45-46e1-b8ac-6f0f2435bf72,50,1,1,0,4,8
26253a8e-f101-4f30-8177-68e2bc85c529,50,1,1,0,2,4
48ed87de-f00f-40f6-914c-d46ad81a5477,50,1,1,0,1,1
4d6bd6bb-f4e3-49c9-9aa9-fa062561a392,50,1,1,0,1,2
6ac994f1-22bd-41c8-96a1-b0d3f22aed50,50,1,1,0,1,2
0feeab11-e23d-443d-86cf-44876e65c4a3,50,1,1,0,1,1
96733d64-ab22-4446-873c-756d9df9b28f,50,1,1,1,16,32
2f6613c7-58b1-44db-af88-9d35f9f8d8a2,50,1,1,0,1,2
93aabbef-661d-4ef7-9713-1b846c553687,50,1,1,0,1,1
89a41101-0206-4c9d-8d39-d31ca94a7b62,50,1,1,0,1,1
36ebf6ce-7960-4d68-9467-90e6c80976ed,50,1,1,0,1,2
43cce3ff-b09b-405a-a03c-a56da5bf1293,50,1,1,0,1,2
81d37194-4c18-4904-acfe-55ca0d4ef562,50,1,1,0,1,2
04d3c933-dc77-4051-bc9a-4ce98701dfd5,50,1,1,0,2,4
99b8e05e-5737-46f4-9d32-f896ca1c39e2,50,1,1,0,2,4
1cf42443-bfcb-4a62-a19e-94ef41241216,50,1,1,0,1,1
5b51fc36-2257-42cd-9e42-66d00fa3db97,50,1,1,0,1,2
7f906260-e675-4267-9b57-ee138f34da67,50,1,1,0,1,2
76121126-b08e-44a3-a296-b040aaa8ac41,50,1,1,0,1,2
31db140b-e235-42c5-ba7e-455a53ed374d,50,1,1,0,1,2
8f770a9d-100c-4578-a7cb-4d5a8c3cbe5e,50,1,1,0,1,2
470338bc-2b67-4af3-9297-c3244c5f3c99,50,1,1,0,2,4
6f96d828-748b-4c4c-9723-c96dd273623d,50,1,1,0,1,2
098814e5-ec85-4f25-b9a7-23c2360e1100,50,1,1,0,1,2
7de1095c-6931-4d5a-a64b-efbc29845d81,50,1,1,0,1,2
046be609-dcf2-4b68-8612-6689c1f72c57,100,1,0,1,16,32
036983e4-10bc-4451-8052-410b75f7d7a1,50,1,1,0,1,2
44d25f29-618a-4fed-a607-9f8a22d50ba5,50,1,1,0,2,4
0af1f77b-cc15-4af2-8274-ee470a09e3d5,50,1,1,0,1,2
0ac7716b-43ca-428f-b19f-027e8581751e,50,1,1,0,1,2
9c37f357-d0cb-4c3e-bebd-e10ec668a0df,50,1,1,0,1,2
12d196dd-e92b-4ec1-b98b-57cef9ca2966,50,1,1,0,2,4
3739c2b4-6eaf-4563-b834-e0702b5eea65,50,1,1,0,1,2
8edd3d0d-ca10-4c7a-bf7b-dac1106727aa,50,1,1,0,1,2
8f8e0879-6866-46fa-9234-d9605ed6d415,50,1,1,0,1,2
135e83c7-447f-415b-b395-16daa8b65fca,50,1,1,0,1,2
1a17e506-8d63-4ac2-b923-5621bd2a7404,50,1,1,0,1,2
82dbfc10-9b35-40ee-b64c-9ef8c82290c0,50,1,1,0,2,4
1bdb4ea9-4f3f-419b-bbfc-bbac36a7cf79,50,1,1,0,1,2
6017f4d2-54d1-451d-8171-4272be87b348,50,1,1,0,2,4
a07b1b9f-fe21-468a-8ddb-7085efcfac1c,50,1,1,0,2,4
9ab5cc1a-3d2d-4393-a1f3-90ddd701c7b6,50,1,1,0,2,4
555429a0-ad84-4808-bcbc-2f8d24101526,50,1,1,0,2,4
3dc87610-6b8a-4047-8a2f-e09d398dfee5,50,1,1,0,2,4
1e74c772-e945-4a3b-959d-af1f056c983c,30,1,0,0,1,2
76396c22-85c4-4a75-9688-2232226cf9be,50,1,1,1,2,4
032a19c7-ec56-48ed-87c4-be4f811ec36f,50,1,1,1,16,64
1b8e85cc-c863-4a51-bc35-ab9d5e410804,50,1,1,0,2,8
3078db8b-c1a2-435f-897c-b2f6b85c6c6e,50,1,1,0,2,4
1f3b94db-7b66-432f-97c8-b35ad6ac9314,50,1,1,0,1,1
3b7df5d3-0bd4-4c12-b15c-f139965dc70c,50,1,1,0,1,1
83fc6e8d-9851-4044-90b8-9b276bda1ea3,50,1,1,0,1,2
2ae7b561-2b96-416d-bc6f-c45445b9c900,50,1,1,0,1,2
40cede77-1638-4e04-8ecd-f821d05bd9dc,50,1,1,0,4,8
718a39db-d122-4b7d-9b13-76710280d721,50,1,1,0,2,4
9dd8ab55-a9ff-42c0-9965-4e0cdbedecea,50,1,1,0,1,2
5a8b5d88-1d7f-46ba-85ba-214e40624034,50,1,1,0,1,2
8726302e-33bf-4cc8-9b12-00b3674fdcc3,50,1,1,1,2,4
52de7a7f-46fe-4d81-a3a3-836d7a2abaa2,50,1,1,0,1,2
8a5f2763-3019-4fff-a163-146814339d90,50,1,1,0,1,2
a0278fc4-5963-48d1-b939-7984822293d2,50,1,1,0,2,4
962448ef-8518-4953-8f93-965819c22546,50,1,1,0,1,2
691f1101-66f9-43d1-a402-dab17fef1364,50,1,1,0,1,2
2ce240fa-b33b-4c26-bbd9-5372fd73fbbb,50,1,1,0,2,4
36d7e08d-01a3-43c2-9ced-3e790fd578c4,50,1,1,0,1,2
4d36ff24-ffbe-4e89-a04b-31493b75a4d6,50,1,1,0,1,2
5fc7de03-c187-43dd-83c0-bdeb78105b9b,50,1,1,0,1,2
44113696-eb7f-41e5-a6e5-4b4ddaf93e9f,50,1,1,0,2,8
4580b68d-7090-4b00-a168-2a97f3f15f12,50,1,1,0,1,2
6c0577f0-63bf-4405-9835-421bd66f6d00,50,1,1,0,1,2
05ad604c-6110-4012-8ab2-c6f32d1e1b60,50,1,1,0,1,2
1dc73d73-a9ed-42fa-a05e-03dfa00871a6,50,1,1,0,1,2
96445ad0-eb6d-4320-aa74-997e0fe1e851,50,1,1,0,1,2
64194167-8844-4219-8c8f-fa51e26f8875,50,1,1,0,1,2
16af1834-af7e-49ee-a649-4a0bce67a6b3,50,1,1,0,2,8
45e14990-5188-44c8-8bf9-f8091930bf2e,50,1,1,0,1,2
3ac857fb-dbfc-4a65-8506-519ba2eb9325,50,1,1,0,2,4
0493db10-7589-4e87-9f7e-4e4406c3afab,50,1,1,0,1,2
a128a9d0-1e66-41dc-bbf6-1f52fd52cacd,20,1,0,1,8,16
a2c2ba64-8614-49d6-b301-ce3ea37ac629,50,1,1,0,1,2
a36096d4-953d-4136-8c80-2fe8651db23c,50,1,1,0,2,4
a365aa78-037a-45d0-b26f-e39cfc8bf4e4,50,1,1,1,2,4
a3baf029-18cd-4e0f-832b-496148f5dc3d,50,1,1,0,1,2
a407f119-9f31-4634-a845-abb91e52f8e7,100,1,0,1,16,32
a4d05cf9-6788-41bd-8544-e194f2bd4ec5,50,1,1,0,2,4
a4dbf0b3-f4f7-4cb2-90c7-e2e4bb88953a,50,1,1,1,2,4
a54754a9-708a-4581-8c40-b4e927bbe47f,50,1,0,1,8,64
a600b66e-7b32-4989-875d-a8a9a2d6fb21,50,1,1,0,4,8
a64e045f-01ab-408d-abb0-c7117912d288,50,1,1,0,1,2
a83db731-f525-4f7d-9946-3e2c62e9079b,80,1,1,0,2,4
a85aa54b-5ac4-4587-aa83-64595c7ad7fe,50,1,1,0,1,2
a97589fd-dc2a-4e87-94b4-36d775038fbb,50,1,1,0,2,4
a980e25c-08e1-4e06-bf4e-4afc02b7799e,50,1,1,0,1,1
aac6f763-d082-47ce-8a60-847abf09c3de,50,1,1,0,1,2
ab58df60-f83b-463e-b8f3-6b9c0b560980,50,1,1,0,1,1
ac2ecb4e-a865-496a-93d1-7a857797ae54,100,1,0,1,32,64
ac3856ef-7b5d-4588-9287-8a3d05b2d78b,50,1,1,1,8,32
ad393748-8ebf-4962-8099-ad0633ecdd98,50,1,1,0,1,2
ad480c02-a26b-404e-802d-d903a18e6917,50,1,1,0,2,4
add681ce-6447-43dd-b35d-cfbf472d393c,100,1,0,1,2,4
ae5de7fa-1f79-4139-b6c5-7d8c10aa0850,50,1,0,0,4,8
aeaba796-868f-456a-893e-67a57875ae06,50,1,1,0,1,2
af1d6a0a-536d-40ed-aea7-705b39b65f31,50,1,1,0,1,1
afe6b626-43c8-420c-b198-e15bab3f68e7,50,1,1,0,1,2
b0373a11-3a18-451d-b4e2-8e6128b3a509,50,1,1,0,1,2
b0388e72-ea60-4005-8866-6c6eb4d6163a,50,1,1,0,1,2
b050ebbb-c90b-470e-bfd1-262e082a49ed,50,1,1,0,1,1
b161b15f-781b-4731-812b-f7fd10a54d05,50,1,1,0,32,64
b1640e71-c82d-442d-8a0c-654974b9334a,50,1,1,0,1,1
b1978ee1-a2c4-4461-8a0f-c267ed39be53,50,1,1,0,1,2
b1a0bd43-b36d-428f-a293-7fbab181a512,50,1,1,0,1,2
b216e824-aafb-4cbc-a600-e278c49a5605,80,1,1,0,2,4
b24b51da-d9cb-4ec5-beef-aad8d0de926a,50,1,1,0,2,4
b29a2bcf-82af-4d71-ac5c-49b85bafb56e,50,1,1,1,4,8
b2e19bcc-2d61-4586-87c1-47c5c80e803d,50,1,1,0,2,4
b2fd3127-d4b1-4840-bb17-2c3086239afd,50,1,1,1,4,8
b32b1123-c5e8-4e5d-a3f8-a59ac07c0440,50,1,1,0,2,8
b3399d8a-1a8d-453d-8eff-5d838f42bec5,100,1,0,1,32,64
b3b8f2df-89fe-4f53-811a-d64c7b82f976,50,1,1,0,1,1
b4c6909b-cb3d-4f1e-8d48-f6750c2a14f8,50,1,0,0,2,8
b510d1db-b857-4e52-aed7-ff02d699bb18,50,1,1,0,2,4
b51752ba-b224-445f-b926-1aeb622693dd,50,1,1,0,1,2
b602859e-173b-43a9-a52b-7984d54b0ef2,60,1,1,1,16,32
b62c4bc6-4dd2-4203-bc07-f08a313e1674,50,1,1,0,1,1
b62ca38d-c4ca-4838-9522-a11426a43aa8,50,1,1,0,1,2
b6504c9f-2976-438f-b6f8-b40143aeb9f4,50,1,1,0,1,2
b6b86016-e916-4a47-b513-7e790cedbc1f,50,1,1,0,2,4
b77c8aa2-4f52-4a14-82c5-1a884d658e6d,50,1,1,0,1,2
b86bb834-69fe-4efe-91f1-080e8ec72c21,50,1,1,0,1,2
b9e09bac-677c-4297-bab8-bdf2037dabb8,50,1,1,0,1,1
b9f788e6-10be-4a1c-8beb-3e5ab8926d1c,50,1,1,0,1,1
bb81e51b-2a4e-4de2-b0d3-e9467697a4a0,50,1,1,0,4,8
bbda1492-08d3-4833-a354-35466268c9ea,50,1,1,0,1,1
bbe3b149-2dd5-4e3f-83ca-0a0c35f00f93,100,1,0,1,4,8
bbfa3c7a-008a-4446-8dc6-6d6520ac9dd8,50,1,1,0,2,4
bd08db93-60e6-4902-8c59-d47b9e0e10b6,50,1,1,0,1,2
bd37de8a-d664-4b6c-bddc-d23e1a6cd435,50,1,1,0,1,1
be630913-4105-48c6-a7c4-ace41f64cee5,50,1,1,1,4,8
beda7c5c-5850-45b1-ab02-ad88de87e62d,50,1,1,0,1,1
bf61f571-02af-4de9-b277-37e767f26a8b,10,1,0,0,2,4
bfc421b3-5506-455d-9be7-fc16b3976eaa,50,1,1,0,1,2
c04c49ed-3472-4659-afae-91210ecdbe4b,50,1,1,0,2,4
c10f144b-0f86-42bc-bd5b-ea091139b82c,50,1,1,0,1,2
c17ae7b1-f7af-4349-94ed-2eb2fd4b2aca,50,1,1,0,1,2
c2063f57-efb4-419b-b9c9-943d00441d44,50,1,1,0,4,8
c2a9a5b6-ae44-4f22-9a11-2b9aa0eaecdc,50,1,1,0,2,4
c2c5d1fd-98aa-4447-8746-5d726576e93a,50,1,1,0,1,1
c4e97e4e-6394-4db3-9d7b-fce0c0e3638d,50,1,1,0,1,2
c54fabe8-c675-4632-ae17-2061ac3f7d64,50,1,1,0,1,2
c5c6ac36-0155-4ccb-a34f-3b21b133bb2d,50,1,1,0,4,8
c7a81d90-b25b-4fa5-b320-6c4dca80eed1,50,1,1,0,1,1
c938103d-2f71-4d67-b294-ae950ce77dc6,50,1,1,0,4,8
c95df6fc-ab7b-41c6-aee4-1d6ec79732f6,50,1,1,0,1,2
c99becd1-903f-4edf-ac23-214cba0f40ab,50,1,1,0,1,2
ca00ecd6-bcc2-47f6-a522-4211c5c0f6cf,50,1,1,0,2,4
ca7784a0-6d09-4649-977a-471393befb1a,50,1,1,0,2,4
cb2a2eea-9931-469a-92ab-3e9c1e155851,50,1,1,0,2,4
cb8af88e-3505-4aaa-ae96-a3aa6b42f8e4,50,1,1,0,2,4
cc063568-e21a-4124-a76b-fc6327852820,50,1,1,0,1,2
cd08c0fb-9b82-4e03-8f32-bb569e3b2294,50,1,0,1,8,32
cd586086-aeb0-4ed9-9ce4-0d6c49f722b2,100,1,0,1,2,4
cdbfaccd-ac22-49d2-8d1c-f465e0ba0f44,50,1,1,1,2,4
cdd293b9-4701-449c-a6da-e428de542a05,50,1,1,0,1,2
ce093899-eb97-4d71-bc1b-22a6badb6937,50,1,1,0,1,2
ce0a55d4-7f20-49d2-91ca-3abb184dec59,50,1,1,0,1,2
ce37f128-d50d-462b-9865-d9b56bbf59fd,50,1,1,0,2,4
ce51661e-41c1-41b5-baa2-d93aa2cb4b6d,50,1,1,0,1,2
ce65dbf3-72b4-4db3-84ac-5a6a99c93cc4,50,1,1,0,8,16
cf1ee4e2-cd2e-415c-ad14-6bdeedd800a2,50,1,1,0,2,4
cf6cc12d-16c7-43f0-bd5d-85cdaac8cdb1,30,1,0,1,8,32
cfc0d561-c830-4446-a19a-8277ede19bef,50,1,1,0,1,1
cff6c199-095e-4292-b757-8c9f52ad3d02,50,1,1,0,1,2
cffbfffb-becf-46ae-88f4-9d691b06a4b2,50,1,1,1,4,32
d107d137-5e70-4f12-96d8-033edf117671,50,1,1,1,8,16
d1bdc364-057e-414f-8231-20b13dd6a68d,50,1,1,0,2,4
d2678ac2-672d-4f7a-b226-1da1cd0a8b5b,50,1,1,1,2,4
d34cf2b6-5652-49bb-8128-64732c7bdcb0,50,1,1,0,2,8
d52b3ec2-9780-4fba-9329-5519064a808c,50,1,1,0,2,4
d56f3708-94cf-4b50-b127-64e01c502512,50,1,1,1,8,32
d5bb2588-738e-4009-905f-ad3033857c17,50,1,1,0,1,2
d5e19d37-756f-4a47-97e9-d7c8a9028bd9,50,1,1,0,1,1
d5f5f0c1-007a-4ddb-9949-49f8f20d6cdd,50,1,1,0,1,1
d6214a5f-1acf-4ea6-9b60-1e0b6cc4a926,50,1,1,0,1,2
d6991184-b8c1-42f0-90d3-23e1f48881d6,50,1,1,0,2,4
d6b7de91-ce8b-4350-95c6-489e2bfbfbf9,50,1,1,0,1,2
d75d124c-0704-4b76-a64a-f84d96b73b48,50,1,1,0,2,4
d7c3ea14-ade7-4cc0-b520-2c3e06aecee1,50,1,1,0,1,1
d842d369-bfef-44af-8d9a-6c82a4ac2383,100,1,0,1,32,64
d89e818b-3550-485f-8695-7e1fa238475e,50,1,1,0,1,1
d8a2f6d7-272b-421b-9972-e04075649de9,50,1,1,0,1,2
d8bb17f8-e15c-4c3a-a973-bae135a63312,50,1,1,1,4,32
d904d6d2-0f3c-47f0-bb0e-901375a0ac00,50,1,1,1,4,32
d90e2602-90c1-4034-8ac8-4f032080eaf0,100,1,0,1,32,64
d970cce4-edeb-43e7-a34d-d80007a2d751,50,1,1,0,1,1
d983b33b-3a39-4940-81d2-15b5a9e6677d,50,1,1,0,1,2
da081abc-0037-40c4-810b-f07bdbd1dfd3,50,1,1,0,1,2
da5d4351-7e47-4b6a-a3fe-45cfd1f1d062,100,1,0,0,2,4
db2a6ff4-aded-4d69-b685-827e5dca3898,50,1,1,1,8,32
db95a376-72de-4d92-ba6a-a90f3e7dd95d,50,1,1,0,1,2
dba81a66-ffb5-446f-a5b4-95e56da7dba3,50,1,1,0,1,2
dc008613-b450-46d3-9566-dcb51652f439,50,1,1,0,1,2
dc0cf0e4-536a-489b-89cf-476c35a60d53,50,1,1,0,1,2
dc18d357-2fdb-4f23-9a42-26a918e02188,50,1,1,0,2,8
dc237d1f-7ad1-484f-9637-f462cfae132d,100,1,0,1,32,64
dcbac06e-6014-4ab1-8b37-723bf0f1b600,50,1,1,0,1,2
dd337c83-796c-4c2b-9135-12f0430b7e0b,50,1,1,0,1,1
dd739898-7cf1-4fb9-90be-a2c06c2a6e6b,50,1,1,0,1,2
dd892018-ad33-456e-b6cb-c9a3ba9a99d2,50,1,1,0,1,2
dd953b59-ec63-4ae9-8a21-79bcfa0d43bf,50,1,1,0,1,2
de3d35bb-ff70-41f6-a0be-0fa375ad45ac,50,1,1,0,1,2
de6b9184-f88d-49aa-a67a-a9c9442573d5,50,1,1,0,2,4
de6da6e9-5af0-4714-a9fb-16309bf599c7,50,1,1,0,1,1
deb80960-842f-491a-bed5-6c4d06a85b9d,50,1,1,0,1,1
df20fbe3-09a9-4e71-9300-685d683126c5,50,1,1,0,1,1
df5e79b1-b823-4503-b813-199a8043e0aa,50,1,1,0,1,2
e0071141-c0b8-4ff0-acae-360746a8f6b3,50,1,1,0,8,16
e018ec82-07e1-43e8-82af-b188b4742039,100,1,0,1,32,64
e053f29e-9746-48b1-afc6-09b8eaa00955,50,1,1,0,1,2
e1e70c54-f025-45ed-b0f3-0c4b5b38a165,50,1,1,0,1,2
e2871ac7-7f73-4537-84c2-9b00d9f0d1a4,50,1,1,0,2,4
e2ce7c86-c9f3-485c-8e43-91ff671d5617,40,1,0,0,2,8
e38eed2d-ca97-49ed-b865-8c13dfcdb2f5,50,1,1,0,1,2
e42f1d73-51ed-4a15-b9d0-8a0d8df380d5,60,1,0,0,1,1
e447b329-30c0-4446-8927-1f725e7e5bdb,50,1,1,0,2,4
e5186a1f-34bc-452a-b136-b84681e63ca3,50,1,1,0,2,4
e61d5039-eb02-466e-aa58-6e92165be085,50,1,1,0,1,2
e6269726-97fc-4568-abc3-91a117db855c,50,1,1,0,2,4
e6a37ce7-ec79-47dd-ac75-1847e4455022,50,1,1,0,2,4
e7717eaf-2d11-4947-8e0c-3761c3dd3708,50,1,1,0,1,1
e7e757d5-78fb-4f2f-9ddc-67306fd23b0f,50,1,1,0,2,4
e87225fb-a900-4d20-90e9-e59771a6e2ba,50,1,1,0,1,1
e8882120-f1a4-4524-a208-54432d40a374,50,1,1,0,1,1
e8ba94cf-773c-4f49-9bd0-7befab67a2af,50,1,1,0,1,2
e977513c-cda1-4981-935a-95f96a62286a,50,1,1,0,1,2
ea0a2888-d5e2-49d8-8865-ef08b7f2bfe7,50,1,1,0,1,2
eab89942-06a0-4e37-907e-3015a16a3f42,50,1,1,0,1,2
eadbad2e-838f-49ec-9fcf-61e18d2711cf,50,1,1,0,1,2
eb66650a-d6d5-4cda-9d87-b91f265de71c,50,1,1,0,2,4
ec3ae04b-e8cf-4b09-b1e0-76bb12986d7a,100,1,0,1,32,64
ec3d79fd-a33a-4729-9d1e-984ec52ce3ec,50,1,1,0,1,2
ec972dbb-396b-48fb-a160-21d745e6a714,50,1,1,0,1,2
edda2640-60d0-4381-847e-f5677f90fccb,50,1,1,0,1,2
ee028c6b-c0b1-4572-b33b-2080e0f036bf,50,1,1,0,2,4
ee83632f-86af-4685-816c-4d923e9c9005,50,1,1,1,8,16
eeea09ca-3fbc-4d96-99de-79293f6882a2,50,1,1,1,2,4
ef333a6b-d5f7-4e3b-91be-8ea8026825de,50,1,1,0,2,4
ef955557-04e1-456e-967a-e64d82f733df,50,1,1,0,1,2
efb98a90-cfbc-4a33-9595-ac8b02f9f229,50,1,1,0,2,4
f0573fa2-41b0-4f65-a18b-0bf9223ecd74,50,1,1,0,4,8
f0a14751-dcc3-480b-8818-2bf430045df2,30,1,0,1,8,32
f0ad5ae7-0355-4991-9d6f-10107d4aedda,50,1,1,0,1,2
f12247d4-e8cb-4895-8d67-06e732232c61,50,1,1,0,2,4
f18a5175-262f-4c18-8de0-2d8f00798327,50,1,1,0,1,2
f202ed30-5ae5-4a91-ba97-641529c3f238,50,1,1,0,4,16
f2b7da63-b6b2-43b0-a3d6-08483ab84bab,50,1,1,0,2,4
f2cdfc11-a831-45a2-88cf-353af5943116,50,1,1,0,2,4
f2f2887b-04c8-4a56-bd70-b5a837bc5374,50,1,1,0,1,2
f3393408-06d1-4fdb-a70e-2e76b85f7311,50,1,1,0,1,2
f37684d9-405d-4f88-aaae-988bf7bc529d,50,1,1,0,1,1
f3b67e45-3f41-4ade-8123-19bb8b581eec,50,1,1,0,2,8
f44715af-9007-4454-9953-a575208b99d5,50,1,1,0,1,2
f4f77bff-45db-408d-8f71-3ed41e0552dd,50,1,1,0,1,1
f6012601-3d61-448d-b2c5-069aab1ad5cb,50,1,1,0,1,2
f63d7a4c-4f0c-4f36-9d9b-26d978f4b74c,50,1,1,0,4,8
f64eefd7-7325-4ae9-ba07-02fd665dd8d8,50,1,1,0,1,1
f6aea667-9bf7-4190-944f-367d3015f570,50,1,1,0,1,1
f7d0c959-8b18-46b3-afac-c204f362bf23,50,1,1,0,1,1
f8ea3926-08da-4bae-ac56-10bc719c0c1f,50,1,1,0,2,4
f9091e2e-0e5e-46cc-957a-b5ce3bab57b8,50,1,1,0,1,2
f94f4352-38c2-4a8c-8e4a-9cc226ba8b52,50,1,1,0,1,1
f9ebca20-7148-4fa3-a784-4f9a7de4634b,20,1,0,1,8,16
fa272c3d-6238-47b6-b032-52c1cebb02a7,100,1,0,0,8,32
fa39bd40-65ad-41bb-8131-a9702616fba8,50,1,1,1,4,8
fa4ea197-2f5d-4407-aa0f-594e5314417d,50,1,1,0,1,2
fa6931a3-7e2a-4564-9fe0-f552373bff43,50,1,1,0,1,2
fb299da3-6020-4ad8-9d92-1a619d215335,100,1,0,1,16,32
fbc47d96-3f0e-480f-9f55-3050bf5bedd4,50,1,1,0,1,1
fc0e138a-83fe-4c32-a28e-9e3e99bddbd4,50,1,1,0,2,4
fc222514-dad4-498b-b6c8-9dfd7d604fb2,50,1,1,0,1,1
fc27efb1-033a-412d-ae65-e1a64cdff8cb,100,1,0,1,32,64
fc5c5fbc-4f4c-4580-8fe4-8f2ebe5d2737,50,1,1,0,1,2
fc6becc4-9942-4b69-bb4f-4f2e78f0dfcc,50,1,1,0,1,1
fcd71d31-bcbf-47c8-b345-427050c23842,50,1,1,0,1,1
fd1d2f2e-bb38-4fcc-97aa-b2bfec75ebc9,50,1,1,0,1,2
ff6643d9-50c2-409a-96ef-7ea64a06517f,50,1,1,0,1,2
2cc57194-a4c7-402f-ab32-6ee76f1e23bf,50,1,1,0,1,2
9879daba-8386-4e97-a547-f72a4b55e11f,50,1,1,0,2,4
7436fe29-761f-449b-8d11-3201f0e75c97,50,1,1,0,2,8
3e56c0cc-d46b-4c74-89ae-1dd68eef9d4d,50,1,1,0,1,2
9a84ae97-3ee7-4487-83d4-a642824485f5,50,1,1,0,1,2
eb990d51-3476-4ce7-82db-623a78e55522,50,1,1,0,1,2
4e3fbc49-c03d-41a3-ad5f-346e818c8802,50,1,1,0,1,2
35f4b221-049e-40ec-bc9c-7ad422aac2fd,50,1,1,0,1,2
5b52d35c-ec3e-4762-9194-2727bea3c5dd,50,1,1,0,1,2
9d89aca3-7e87-4562-9ab4-0f6342c3fb31,50,1,1,0,1,2
12d3c2fa-8796-4c56-887d-88de68b36df0,50,1,1,0,1,2
8d25180c-1a33-4294-a3c5-725f14526a9e,50,1,1,0,2,4
0daee373-05f9-4058-8a7c-e6cf228bc953,50,1,1,0,2,4
5495316b-349e-45ec-acaf-559cfd7f6d54,50,1,1,0,1,2
0e5f4e60-d243-4feb-a1f9-6def0af012a1,50,1,1,0,1,2
ce4206c8-7a9f-4420-8178-d27481a3b62c,50,1,1,0,2,8
783bb9d2-08bb-401d-8daa-d37978aa4f47,50,1,1,0,1,1
74b560db-3b5d-4626-a341-0854970d5fbc,50,1,1,0,1,2
e1ed9379-77f8-4563-a43b-f08324a6090e,50,1,1,0,1,2
f9e6cb89-608b-4244-b7b4-1e14f2e45f39,50,1,1,0,1,2
1703a2a4-6af5-41c2-a0a1-8476c727704b,50,1,1,0,1,2
de293feb-722d-437b-9f28-cdb5b44d5abd,50,1,1,0,2,4
6079f5e9-e5b9-4849-91d9-1585ab7852c6,50,1,1,0,1,2
135080c2-672d-4982-84f9-7ab3fdb385bd,50,1,1,0,1,2
4a5747e1-5981-49af-94ec-01ae0f1b6727,50,1,1,0,1,2
17d09072-19c7-48c3-b0ee-3fe0c436b783,50,1,1,0,1,2
01a0ee2a-b849-4cd1-8990-b4e5a0d268ef,50,1,1,0,1,2
b212eb81-8834-4bb0-ad91-d094b6a8b2c5,50,1,1,0,1,2
9778763a-72a4-4338-a5d8-7731eb0fae93,50,1,1,0,1,2
dc0efd31-32e9-4f3f-992e-c82049c08b95,50,1,1,0,1,2
9f97b1ba-364f-438b-a316-a08a08e05de0,50,1,1,0,1,2
ae139c96-4658-4ef4-be74-c216a5d97dcb,50,1,1,0,1,2
f72c364a-b9af-4c07-af4b-3c7a961e00be,50,1,1,0,1,2
ac849322-f613-480b-8e7e-ac3394614817,50,1,1,0,1,2
92146dc1-035c-432e-946b-fc7cdcc77cd7,50,1,1,0,1,2
bdcc1caf-4ef1-485b-945a-5b8eff946a86,50,1,1,0,1,2
4aa8a3ba-1769-46fd-ae0e-c95789372599,50,1,1,0,1,2
9cbe2098-e5b9-4c0a-af6d-b284b4babacf,50,1,1,0,1,2
adc120a2-8142-49f0-afed-b0d45683fe23,50,1,1,0,1,2
c9f93d7c-82c2-465f-832d-d802d316c652,50,1,1,0,1,2
b86cb3c6-6731-48c7-9acf-c44ffa9a85ba,50,1,1,0,1,2
eecc953d-bc73-4da8-a05e-3793b94da39b,50,1,1,0,2,8
0e04f422-2e3d-45ba-93cd-9eee464d860b,50,1,1,0,1,2
428e9fef-49ef-4798-b6d8-376b8bef5f2b,50,1,1,0,2,8
b423dfd8-f2f3-4d89-a889-003b09cf9202,50,1,1,0,1,2
36bf4a0a-8d81-41f6-b433-9360d4516e1b,50,1,1,0,1,2
b1cacb31-7530-4ebc-a624-e454b112e6c5,50,1,1,0,1,2
573ed24f-73c9-43c3-9eb6-4448e2d09398,50,1,1,0,1,2
274898d4-2122-431b-93b7-2aeaf2dfea93,50,1,1,0,1,4
315d098c-eb12-45ae-9f75-2508f3076cb4,50,1,1,0,1,2
847e45cc-058d-419c-a20c-5a9473a50bbb,50,1,1,0,2,4
abece5be-8e13-4b32-9c2a-8df6cc8be276,50,1,1,0,1,2
7a115a95-76e0-4b02-91e0-272afcff761c,50,1,1,0,1,2
e338d5de-2921-4887-b237-fb8a2b180d0e,50,1,1,0,1,2
2fd27716-d32d-495d-b88e-e775a8984803,50,1,1,0,2,4
9ce1b7ac-19a2-43a7-9303-f84fc1e25aaf,50,1,1,0,1,2
871b8728-b969-4adc-98e0-086908850205,50,1,1,1,4,8
7bbdfcfc-6103-4492-8e19-070b9f093b8f,50,1,1,0,1,2
91577f81-c98e-4746-894e-7adbba2b7f4e,50,1,1,0,1,2
ca12e8fc-0314-41f9-b9c8-7615db734d73,50,1,1,0,2,4
499b372e-4d79-4469-b0e1-6eb4c5598280,51,1,1,0,1,1
ae09cc3c-5976-4fff-826d-6ff26d7d93ed,50,1,1,0,2,4
4e2e7696-994a-4cc5-bb77-09ef8e451012,50,1,1,0,1,2
18f22465-f087-4e71-a0ae-ec4a8ec37669,100,1,0,1,32,64
5d1e2bca-ced8-4bd9-ae83-c85c494ab952,100,1,0,1,32,64
69ecba29-d6ab-410b-bef3-a566f67ba763,100,1,0,1,32,64
77bcd05a-42a9-43d5-9741-c3b305d7c5fa,100,1,0,1,32,64
86256bbc-bdfc-4e72-8665-17c43318ffd6,100,1,0,1,32,64
f7be2955-e156-4997-8053-392e30487ceb,50,1,1,0,1,2
5b2a0485-0c08-466b-86a4-387a0f52fe53,50,1,1,1,2,8
f48e66cd-af38-49a9-b2e0-94b1f9c623d0,50,1,1,0,1,2
69c4ed42-3368-4023-b30d-bbbbf6ed484e,50,1,1,0,1,2
24a2aeea-578a-4063-b7de-899ba6be42b3,50,1,1,0,2,4
c760cae6-e325-476f-8fbd-34e1a1d38425,50,1,1,0,1,2
ba90627d-0c74-4164-bd3c-7d34c8c68d5b,50,1,1,0,2,4
5d81b075-3793-480f-b781-0730dfd7b473,50,1,1,0,1,2
ccb1ec7b-9ad3-480c-8416-bf379292e267,50,1,1,0,1,2
aca8c08a-e4dc-4334-a59e-84174d75cb65,50,1,1,0,2,4
b9595e24-157b-4182-85cb-9c190b2b8cef,50,1,1,0,1,2
58c0b2f6-9630-408d-9062-5d85b013e510,50,1,1,0,1,2
d8ac9a01-f5ec-46e1-8979-5ce9ba12b750,50,1,1,0,1,2
944d352f-ed3f-4bc6-bae7-ca6c9b24b9f4,50,1,1,0,2,4
3c0376a1-7a2b-4e96-8761-a121f35bb55d,50,1,1,0,1,2
d6927661-3a6c-4463-91f2-a43d5e233a9d,50,1,1,0,1,2
417e5808-0754-49ec-b409-d329b45eed2f,50,1,1,0,1,2
2921244f-573e-4978-9cb0-f05cbe2a9024,50,1,1,0,2,8
fc323dde-7bef-4d1d-9a41-2727bb0a8903,50,1,1,0,1,2
0da8efdf-2242-436d-afef-32c5b7e1deb0,50,1,1,0,1,2
887a732e-f21d-460d-b7c2-98c0833e3b75,50,1,1,0,1,2
dab3300e-fd1a-4623-9c2c-4a6ebc7c63e9,50,1,1,0,2,4
5099c7f1-3e62-4b1d-9776-7d23e7f2f940,50,1,1,0,1,2
6b8a2230-bcb8-4f75-945b-6496a79ed734,50,1,1,0,1,2
0e3c0c40-2ffe-4c54-86e1-99c857ac2687,50,1,1,0,2,4
5c3abf99-f22f-455d-91f6-5f64343644d9,50,1,1,0,2,4
a1cb040e-72b9-4b26-93b9-20ded4d411de,50,1,1,0,4,16
037f829a-06b9-491e-812d-7f1ce20e2fd9,50,1,1,0,2,8
3a234042-2f33-4750-b57d-9ac359e5b451,50,1,1,0,1,2
52331a03-3eb0-474e-bad6-77b1a9cff6c0,50,1,1,0,2,4
e2f2fc8d-8286-445a-9631-367ba78971a6,50,1,1,0,1,2
ca1f3b66-1ca6-4c51-ace2-f39e2c2708ba,50,1,1,0,1,2
ecdf82c7-ec0f-4752-ab19-f2e210ddf7f5,50,1,1,0,1,2
76d424b3-c43a-4a4d-8035-2397a07d024d,50,1,1,0,2,4
4f071d89-6021-4dd4-80d7-d8e5ca90b1e0,50,1,1,0,2,4
79f59c32-ba20-45b3-ad11-64aa0ae09b84,50,1,1,0,1,2
f79844ba-51a8-4790-926c-0a0b3c150952,50,1,1,0,2,8
7399bccf-9df2-448a-963b-ebb52f0bd3cf,50,1,1,0,1,2
2eb5872d-b1e8-4bd0-8aeb-d873c8445cf5,50,1,1,0,1,2
711606ac-ee57-401b-a83c-2d47bb04e279,50,1,1,0,1,2
bc26a093-ca68-4d0a-a887-212ef0802910,50,1,1,0,1,2
12ef5859-30ba-4fac-935b-10f6208de47c,50,1,1,0,2,8
a756bce7-78c4-469b-9e8d-c41f26faf089,50,1,1,0,4,8
ccfa12cb-98c2-433d-863b-5bc705d4ea1c,50,1,1,0,1,2
6533ada8-b0c3-4d72-9076-574dbbd6fec7,50,1,1,0,1,2
717b835c-9ffd-48b6-a7cb-8a5ea7ab0d0c,50,1,1,0,1,2
34948d81-b3bf-4072-b1d2-7f5a3101bd91,50,1,1,0,2,4
ebc18e22-f10e-4694-b0c7-7fc37a799c66,50,1,1,0,1,2
ab65bf56-bcf1-4376-8380-a92bfd963766,50,1,1,0,1,2
135129f1-a53b-4dca-a133-d43b3248fcfa,50,1,1,0,1,2
09cf35d4-26ac-4bf1-a47d-7b92c3084106,50,1,1,0,2,4
8671386a-d564-4d7e-81ef-3b05a774151d,50,1,1,0,2,4
5781c6da-b5be-4307-9116-2826eea82fcf,50,1,1,0,1,2
ec259751-816d-41f5-bc79-ebeade98a148,50,1,1,0,2,4
3f7ec3a1-d81f-4691-9c0e-e5e22c74c2fb,50,1,1,0,2,4
5b5906d6-8187-487d-8f09-dfd340bca418,50,1,1,0,2,4
4773dd7a-4238-4e95-a003-85de8df9c16b,50,1,1,0,1,2
e3e52e95-045a-4eb3-b065-ecd1b0c42a5f,50,1,1,0,1,2
3414eb41-bece-4716-af86-6ce891204e92,50,1,1,0,1,2
25894149-f6b2-4da2-b654-08859241fae1,50,1,1,0,2,4
add61297-2003-4c0a-91e3-cfbc3c17922d,50,1,1,0,1,2
b6f495cd-1da9-4022-8ad4-0927eb50408c,50,1,1,1,2,8
0758a47f-dabc-4b38-bec0-a0d3136baa88,50,1,1,0,1,2
34a85624-f150-4e91-a3e8-bcecb61fdeef,50,1,1,0,1,2
b2064520-91a6-4d99-882b-e9c1881597cb,50,1,1,0,2,4
28c68009-7bb1-4431-9898-676864d0ebd7,50,1,1,0,2,4
8e5604ce-5400-486c-8405-dec741f11a9a,50,1,1,0,2,4
995afd7c-c1ca-4088-93c9-a3e0e02f45f2,50,1,1,0,4,16
c52d1fb9-bac4-4f0b-b9f6-c4796b05dbe3,50,1,1,0,1,2
8f426965-b8f7-442c-bc1e-75c72a42f570,50,1,1,0,1,2
d6d55ed1-97b7-4cac-9bee-89c05dba2624,50,1,1,0,1,2
eef3ce5f-69ec-4b5d-a277-0a3ac0db5cb5,50,1,1,0,4,8
bc3eacb5-2f0e-41ef-9b15-71134a3a933c,50,1,1,0,1,2
36915e03-8ed5-43b0-a5b2-9fbf1020ad7d,10,1,0,0,1,2
550d9271-8ff6-4bb6-9a21-ddd1a07a2112,50,1,1,0,2,8
83547d87-bae5-45ab-bb80-23606bd9e339,50,1,1,0,2,4
e7e4da7a-f645-42ef-8f79-2e339462b208,50,1,1,0,1,2
b462c47c-6e1f-4314-8bad-31ac02abee4b,50,1,1,0,2,4
3e846dd6-43ea-4d63-877e-2580f5feaf4f,50,1,1,0,1,2
5917098d-1295-418d-b493-ef68825f427d,50,1,1,0,1,2
104fd4b6-ceaa-48b1-b7bf-9a2c45062cc8,50,1,1,0,2,4
49ebc4a3-abf4-4333-926e-59d4ae32c065,50,1,1,0,1,2
e08e94bf-6dc4-492b-93a5-3e7a66a0dd6b,50,1,1,0,2,4
5b977f38-f92e-4e00-bab1-c6dc5987eba5,50,1,1,0,1,2
83d1de64-1ab2-488d-98e4-915e310623d5,50,1,1,0,4,8
1dce0a2d-41ac-40c9-899a-3ff26fefc1dc,50,1,1,0,1,2
14b19349-67a6-4d9a-bed7-a766915bc061,50,1,1,0,1,2
979569fb-a717-4204-8650-a2891833d70d,50,1,1,0,1,2
ea0b672a-8767-445e-9582-c77286c0789d,100,1,0,1,32,64
053279a2-ab12-4a50-8dbe-8c96872f2671,50,1,1,0,1,2
d071ed05-378e-45ca-8648-2b7e8664b876,50,1,1,0,2,4
61d9dc46-6afd-42b5-9b7d-04359e8cc124,50,1,1,0,1,2
7b528c71-65ae-4af1-9308-17779f4c0d29,50,1,1,0,1,2
982d9789-bd43-41f6-a75b-ebac2f283566,50,1,1,0,2,4
f6311c76-095c-4e7b-ad2a-1466659ee453,50,1,1,0,2,8
e4bf6769-8512-44de-a224-56604b040771,50,1,1,0,1,2
d47e073d-21ba-46a8-add3-2fd7f8fd7cf4,50,1,1,0,2,4
89475199-6872-4271-93e1-f820fb7802b9,50,1,1,0,1,2
446152e7-c7a7-4a7e-be1f-72bd11a400f5,50,1,1,0,1,2
1df1389d-0b93-44a8-a69b-a850fe7468ed,50,1,1,0,1,2
82e2572a-52cd-4c0c-83ef-0a31d612ff57,50,1,1,0,1,2
d93b7a58-b500-46d7-bc78-a64029d607ee,50,1,1,0,1,2
6e848a75-5e45-4984-a2f8-f093f5906861,50,1,1,0,1,2
407409cf-461c-4eae-9827-6dea9856e6b4,50,1,1,0,1,2
f5b2279f-6cbe-4fa2-8a9f-e569ad7d71fe,50,1,1,0,1,2
753023e9-a872-4d2e-be6a-7d9dadc1312c,30,1,0,1,8,32
258481d2-6d9c-4dc6-a0a0-b7b5b1543e04,50,1,1,0,1,2
25ce22d2-a96e-4db7-b1a6-f91a70edbc16,50,1,1,0,1,2
70c21d91-05b8-42f7-9ede-1cfdff51e7aa,50,1,1,0,1,2
447fdb0b-29b1-475d-a764-f29d24ae7819,50,1,1,0,1,2
ad47f336-a256-44db-8482-166744a1172d,50,1,1,0,1,2
5138e374-147d-4f03-8e90-cc1e4ab24c88,50,1,1,0,2,4
d7d68171-0f61-4f28-ac5d-04a2ed033a0d,50,1,1,0,1,2
6e46ee21-04f6-4124-a008-41489b95d0db,50,1,1,0,1,2
91df5299-4377-4a7d-b580-ab65a75795b5,50,1,1,0,2,4
c41d3318-1264-4575-b376-2d49c635d975,50,1,1,0,1,2
1e9bbca6-5790-406a-8165-851c3eea89de,50,1,1,0,2,4
b6237caf-7a83-4269-8c9f-a3b273f1be2c,50,1,1,0,1,2
035223bd-b721-4855-8d58-905fcf5ca8dc,50,1,1,0,1,2
77fa10d5-2909-407e-a219-8cc3f83c9e4b,50,1,1,0,1,2
a66eca22-1165-4c3d-8444-9a38c414a872,50,1,1,0,1,2
81743aef-6f2c-4ce1-8641-eb328e2b2efb,50,1,1,0,2,8
fb77c932-fbe7-4527-9a28-3f6590388104,50,1,1,0,1,2
1899fe12-df43-4549-b712-c1059ad6c6a7,50,1,1,0,1,2
ab432a8d-907f-4e05-b239-5bbf8bf8f791,50,1,1,0,2,8
2bc657a3-ccfa-4f92-9ec0-af1c213611de,50,1,1,0,1,2
cb439d98-2909-46ab-b036-2d722f50d84f,50,1,1,0,2,4
93ae9a65-50a4-425c-99f3-2b07303537f5,50,1,1,0,1,2
31d893d7-70fe-42ac-addc-08baee4f4a0a,50,1,1,0,1,2
7e5f17a7-f4d5-47d0-8e88-9d38db86ace1,50,1,1,0,1,2
41242310-402c-460b-ab17-f08599d00322,50,1,1,0,1,2
33022472-45f2-4cfe-baaf-425abf50b40e,50,1,1,0,1,2
7ecc4f36-5d75-4bb6-bf27-ad88b7fb9b37,50,1,1,0,2,4
4d81e29f-7ae3-4be6-9c2c-62187f8e5b6d,50,1,1,0,1,2
81f59891-57c3-43a7-9b5a-e589d4d8c151,50,1,1,0,2,4
44855363-7bc2-4e07-9cb8-f62ce988c8b8,50,1,1,0,2,4
d07705a2-561d-4d76-a9b9-987dc4ddd156,50,1,1,0,2,4
b69ce0b1-d924-4017-8500-63f61956d211,50,1,0,0,2,4
80ea2cc3-4078-41e5-ac4a-99eda1dbb0df,50,1,1,0,1,2
82401e0f-ebc5-4c3c-9be7-2b4378ce5ccc,50,1,1,0,1,2
6b01f5d5-a9fe-4727-90de-569effcd028b,50,1,1,0,2,4
a20b39cc-eed7-4a97-9e2e-2e4db4c88099,50,1,1,0,2,4
51e8f0af-a68d-4d0f-8d33-4e98e8e927f3,50,1,1,0,1,2
20ba8b73-55bf-48e1-8d1f-ee56486ce1aa,50,1,1,0,1,2
225e57eb-796d-409c-9251-2bebe89a99fb,50,1,1,0,1,2
7e7d822a-8f3d-4ec7-ac2f-867a1bac858b,50,1,1,0,1,2
80220397-5635-4b51-baa0-3d8f44cc3650,50,1,1,0,1,2
83f92793-d824-4a24-9f25-12d8097fb087,50,1,1,0,1,2
0685cc75-6a3e-4391-be40-3bf7178041e2,50,1,1,0,1,2
4074156f-8e50-4380-b090-33ec8c590dc0,50,1,1,0,1,2
1fd4d619-f5a1-4710-8783-a3d607d6142f,50,1,1,0,1,2
2b3d1f3a-a249-4eb3-b3bf-572c68282a60,50,1,1,0,1,2
ddbe0d19-c426-4563-817e-1910df94447f,50,1,1,0,1,2
d3c9a66e-2703-4452-a84c-49f762faabdd,50,1,1,0,1,2
05457513-1e39-4334-b253-b30c75150df3,50,1,1,0,1,2
8cc36e00-c28b-45fe-a829-c02a052d3410,50,1,1,0,1,2
31632be4-d93c-44d8-a95a-bbe48dda91d2,50,1,1,0,1,2
efebfb21-adb3-4a54-8816-85cd77634291,50,1,1,0,1,2
cd008a91-611e-444b-9e22-936c162d8202,50,1,1,1,2,8
e51ccc52-511f-4897-805f-56be44016c83,50,1,1,0,1,2
7a13a3a5-6dfa-4336-99bd-e45269ef3166,50,1,1,0,1,2
6653da45-477f-4676-83fa-35bc729e07f3,50,1,1,0,1,2
095cd2b5-1272-4e2e-a41e-e240f690bb42,50,1,1,0,1,2
1695f9e6-582a-43e6-8530-4f2af1629695,50,1,1,0,1,2
6a596a67-55c8-4381-8c19-4d0b72cca943,50,1,1,0,1,2
32c5dfb9-bc9e-47e5-8866-3d0b9cf9448e,50,1,1,0,1,2
a097353e-5f36-48db-ab0b-a9cd933fee5e,50,1,1,0,1,2
fa58084f-a5b5-4a99-a83e-cd50de5054aa,50,1,1,0,1,2
0fe5ec50-3e00-4ec4-ad65-270df246b19c,50,1,1,0,1,2
4c07dde3-19fb-42ec-858c-ef19e15eae14,50,1,1,0,1,2
9376804e-1505-487f-88cc-1a2630a99c46,50,1,1,0,1,2
6c4386a7-9cca-4a85-9b68-654774bad49f,50,1,1,0,1,2
9347c4f9-819d-4252-a7ad-e6f4ee755915,50,1,1,0,1,2
2adcc2b2-9eb3-42cc-8250-419f59ea8874,50,1,1,0,1,2
1d2853ba-0e70-4d3d-92a8-782650e2777e,50,1,1,0,1,2
77b1483b-1a02-489e-a5cc-78aed1b916e1,50,1,1,0,1,2
7899c5af-71e0-4f16-9c7a-dc3a54d7eda4,50,1,1,0,2,4
4c448bb2-1f89-4b26-bc01-94122daa78f5,50,1,1,0,1,2
7c3b6f45-e079-4b87-ae90-147feb094348,50,1,1,0,1,2
0af43e72-109a-4bae-9571-e7f1ca3f0bf6,50,1,1,0,1,2
9456bfd4-6c71-4226-9887-cea3c24d0f6b,50,1,1,0,1,2
0f89947b-493b-4c8a-9828-23b6984e9eca,50,1,1,0,1,2
57a7b5ae-d413-49f9-afe2-6aa2268b3ee1,50,1,1,0,1,2
2488d9ae-aafc-4afb-b3dd-7364e05969ef,50,1,1,0,1,2
09c378c0-670b-43f4-8b11-5e1a4fdcfa15,50,1,1,0,1,2
bc2c34db-3d4c-4ea0-b695-60b240254ef5,50,1,1,0,1,2
2fddec0f-448c-4668-bbdf-6a9b519445e6,50,1,1,0,1,2
496bf1b5-43a7-4f85-9893-90f4ba7dd2b8,50,1,1,0,1,2
aa3f9978-e79e-4777-b5a4-8c29af40dd32,50,1,1,0,1,2
ea319baf-058e-4df0-bd37-ada2b5839e9c,50,1,1,0,1,2
228bf593-d4ad-4f9f-97cf-aa61e5a00971,50,1,1,0,1,2
70cd5148-364d-40bd-a08e-fb77693b74f5,50,1,1,0,1,2
2ec0edf8-d642-4249-9bc6-664c36c01ee7,50,1,1,0,1,2
9d84befc-685f-4613-a8b6-0961880c31d2,50,1,1,0,1,2
16271c07-f3cb-4550-97a3-fe74d710147e,50,1,1,0,1,2
db6c218b-38b1-4f47-8917-8965a187ae3b,50,1,1,0,1,2
6dea7bea-d377-4078-a569-015d2e5d4e21,50,1,1,0,1,2
3ca37430-86f7-4e44-8af1-652c2c0d9897,50,1,1,0,1,2
665b1fe1-a96d-47c4-a8b0-c98bfe0a43cd,50,1,1,0,1,2
0b2e1e8e-6546-4018-b9bd-6193ea8a6837,50,1,1,0,1,2
db193cb2-8415-40c7-b69a-391d2d90aec2,55,1,1,0,2,8
7f5c920c-d2f4-4d46-a738-b7aff797ec07,50,1,1,0,1,2
992fc318-061b-46d7-9a02-2a96c1faf378,50,1,1,0,1,2
67956e02-d988-4d51-936b-9e1e6bd2697b,50,1,1,0,2,8
a5cfea7e-0bf7-43b3-9069-8b5d636487a8,50,1,1,0,1,2
da0c8865-65cd-4059-8bbc-b7d18e77dbba,50,1,1,0,1,2
f406fc3a-4228-4691-bfa8-2ae22468b91f,50,1,1,0,2,4
75b99731-7df9-40a7-85f2-80ef5e846c83,10,1,0,0,2,8
4f383365-5286-4e31-b31d-4136fca88ad6,50,1,1,0,1,2
88333544-5202-40db-859e-3213750a8565,50,1,1,0,1,2
2b3974aa-40b6-493e-b0de-e1c055d8ac1a,50,1,1,0,1,2
2a96bb01-0392-4374-afc3-9fc7473b6414,50,1,1,0,1,2
a4c87a3b-b96c-4b30-951a-92623d72488f,50,1,1,0,1,2
79692f68-4d0b-4a4f-9c21-85c91cb156cd,50,1,1,0,1,2
4eeef53a-de87-46db-90ef-8fe4a60c075e,50,1,1,0,1,2
f3e0247f-dc1d-4089-a2b0-3d52debdeee9,50,1,1,0,1,2
6c55621f-8046-4543-af93-ffd5a317775f,50,1,1,0,2,8
108b8334-5a63-4eb1-bf6a-28b49a121070,50,1,1,0,1,2
39600b6e-a2c2-4f80-9f80-aa0454b7eed0,50,1,1,0,1,2
59e817b8-2ccf-49b1-a698-2ac603bec696,50,1,1,0,1,2
759008a7-c012-4966-82d3-a991f255f5e8,50,1,1,0,1,2
93083b93-9871-4f84-8709-8cee41eb5472,50,1,1,0,1,2
be93f56e-20a8-49bf-b860-84b6128c1852,50,1,1,0,1,2
9efe011d-967d-40f0-98d0-770fe2238ab2,50,1,1,0,1,2
ad6cfaf5-d7d7-4d65-95a7-6032aa13a296,50,1,1,0,2,4
ca2b1f92-6336-45bd-ad5f-664e922dbd7c,50,1,1,0,1,2
3b9f9f03-00de-4be3-a733-3a017395cb09,50,1,1,0,1,2
fa4b4630-7a40-494e-9f84-e5fc0e64c883,50,1,1,0,1,2
11122f6d-f9c4-4bee-9cb9-4872c7cc254e,50,1,1,0,2,4
d530a66a-3fd5-4615-a20b-3146c46ac39a,50,1,1,0,1,2
7ead1567-1aa7-4318-bcd4-a4c0bdaf27b9,50,1,1,0,1,2
4b4fc1fd-c6f3-45c4-9a67-6ffd0d94b2d2,50,1,1,0,1,2
e3f2c93d-a66c-495b-8e90-7768e1847c70,50,1,1,0,1,2
f2fabc7c-27a1-4fe7-a9d8-fcfbc15a88c1,50,1,1,0,1,2
6f24d9b8-8bab-4ca9-8c53-149bd282ea28,100,1,0,1,32,64
819161c1-5d7f-4d6a-90cb-1cfb212d453e,100,1,0,1,32,64
ac1c1c23-5819-4aa5-a6c8-c7399bb9a80c,100,1,0,1,32,64
b260428e-8293-44b7-b16d-cec667b5b21d,50,1,1,0,1,2
a4edfaeb-3d95-4d80-ad0b-527890e651e2,100,1,0,1,32,64
fa42a4c3-002c-4f16-b7c3-e65298f5a5c9,50,1,1,0,1,2
3bc5d321-8d28-4516-889e-adc5ec668bc5,50,1,1,0,2,4
f2d6a828-50c1-46f9-9ffb-e176a577c6f5,50,1,1,0,1,2
0a991b74-7644-4030-b1e5-5547c378b1c6,100,1,0,1,32,64
54636c13-6f59-4c1d-a803-7158c5a29344,100,1,0,1,32,64
941f6604-b099-4caf-96af-24750c00fa7f,100,1,0,1,32,64
a1553688-c609-48ee-9d16-f6dec6e0027e,100,1,0,1,32,64
a5099260-f8ff-4499-b3b7-3410ca896fc5,100,1,0,1,32,64
e08705ed-9e03-4edb-af55-f796b34968a1,100,1,0,1,32,64
404817a6-33d1-49b9-9a83-a07a284b057c,100,1,0,1,32,64
e5a1b081-f58c-42c9-b7bd-b837bb5ba82e,50,1,1,0,2,4
885f335e-d832-41fc-9e86-366cb16de8a4,50,1,1,0,1,2
22847315-8d6a-4232-82e3-f9277e88a068,50,1,1,0,1,2
aa1ec8b5-1760-4eda-a5b9-7ec91147e5e2,50,1,1,0,1,2
52651df9-f10f-4715-abb2-f4f1a402be2e,50,1,1,0,1,2
235803b1-6de1-42ce-a2d8-3103af0d1aba,50,1,1,0,1,2
18171d27-fa06-48b4-9bd3-03f3db399d34,50,1,1,0,1,2
b928070e-8b13-435f-ab64-ba70acd3436f,50,1,1,0,1,2
74092409-3592-4a9c-9502-40ec34b46d04,50,1,1,0,1,2
0b904231-18e9-40b9-9ed0-1797ee0cf554,50,1,1,0,1,2
21fafa15-92bf-4b8b-8ee5-a7bc98cc98d4,50,1,1,0,1,2
d29b8553-cfe5-4684-ad73-b124725b9a4e,50,1,1,0,1,2
e05f8c46-180d-4c36-983b-a8986eb07f7b,50,1,1,0,1,2
9fa8666a-9e1c-402c-93d0-b8ee761dd586,50,1,1,0,1,2
91f68048-7611-433b-ab90-67cdba583734,50,1,1,0,1,2
4e059eb3-c56f-42dc-b937-5c9acf2be95e,50,1,1,0,2,4
0f2c72e4-cca8-40e2-ba79-a780ad4435c9,50,1,1,0,1,2
6ad0469d-e8cd-4574-bebf-276af87ade0e,50,1,1,0,1,2
867ccb5c-54ff-4784-89cf-c584db59e6ab,50,1,1,0,1,2
a3caf596-16c1-400e-8413-08afad67fa82,50,1,1,0,1,2
bdf9195a-fee3-40bd-b160-9114d87d97eb,50,1,1,0,1,2
18eeb0a4-c5ea-461d-bb5b-6e62336fd585,50,1,1,0,1,2
33773be8-056e-4da9-bf15-63dcd8cf13bf,50,1,1,0,1,2
54c08ed5-5794-4c54-b477-52fd297428c8,50,1,1,0,1,2
ef7b3bd7-af32-4c18-b957-86fad6f52a2c,50,1,1,0,1,2
3c9ada42-6a69-4436-b9ee-2265e8c15c7e,50,1,1,0,2,4
840b1ce5-1d4e-474d-9ec3-9ef0988ab87e,70,1,0,0,1,1
6a1b9adb-ce44-4694-9a20-9e950f8c67c2,50,1,1,0,1,2
0e565db6-61c6-4422-bd09-5e2b933c5693,50,1,1,0,2,4
4a229b39-c0a7-4fd0-aecd-ef9ca442e02b,50,1,1,0,2,4
11cfc74d-3c90-4145-9272-2ac34a16852c,50,1,1,0,1,2
3d51b177-0576-4f36-8c6b-e854f28a7f08,50,1,1,0,1,2
a1e8d88c-bf7b-49fd-a169-c5de3176c167,50,1,1,0,1,2
51811173-de16-4234-96be-271dbc9a5a00,50,1,1,0,1,2
52ba6acb-dc65-4e9b-95df-b805f966a868,50,1,1,0,1,2
20ba8831-1fd2-402b-a84c-2f324bf18003,50,1,1,0,2,4
677b8968-e542-4e65-9b2f-139f3e86b035,50,1,0,1,8,16
b821c3f0-9154-4ff1-aa97-aaaefc0626f4,50,1,0,1,8,16
d20363e7-d2a3-4c48-86be-943c594f3197,50,1,1,0,1,2
48391032-4149-4f58-ba0a-6c0081954572,50,1,1,0,1,2
42832f67-8e07-49c0-a096-a6647c093d89,50,1,1,0,1,2
5dd4905a-4a2a-4a6d-9f64-239bb115d328,50,1,1,0,1,2
588a3d02-6497-4891-9f66-ca7a7ae2dd99,50,1,1,0,1,2
030f7311-604e-400a-a519-46503ed280dd,50,1,1,0,1,2
96bba6c5-35d7-4dde-8c9b-ffd82d91e8bc,50,1,1,0,1,2
7b4efed1-7147-4505-85d5-cd2a399ac062,50,1,1,0,2,4
d224d972-7ede-4a5c-aace-4972abd96fa2,50,1,1,0,1,2
208befbf-5571-4267-8c9e-faa435ec62d2,50,1,1,0,1,2
dd87cba1-ee85-423a-9404-000697567951,50,1,1,0,1,2
f931e20e-187c-4313-b591-f77bceb69175,50,1,1,0,1,2
0cf1e8b6-623b-4b88-9590-26d2b5ee9f8a,50,1,0,1,8,64
81454c5b-a770-4923-9753-abca06cceada,50,1,0,1,8,64
86de466b-83e6-416f-a2c4-a477db870494,100,1,0,1,16,32
202388e0-9d0f-49a6-b834-cec3f721ac44,50,1,1,0,1,2
17e01641-3b8d-469c-a874-68e888e8656b,50,1,1,1,8,32
a3dc983c-6b2a-4d6e-bce8-4372b5a384e0,50,1,1,1,8,32
92b64519-6381-4660-b706-1fac41a696f7,50,1,1,1,8,32
1509c044-b712-429f-b976-d923a635c83a,50,1,1,0,1,2
2a4ee998-a01d-4929-867e-410a7d3e726e,50,1,1,0,1,2
d0c94696-2684-480b-9684-1ee3ecc47624,50,1,1,0,1,2
5d44cb01-2ef5-4158-952f-2c559384f597,50,1,1,0,1,2
859ad1bc-8100-469b-a8de-5fba5a13bbec,50,1,1,0,1,2
35882573-77ad-449b-9869-4ce476eca9dd,50,1,1,0,1,2
d66dc049-6836-4f84-a1fe-e4d00e76a5d7,50,1,1,0,1,2
07a54b53-3151-435e-b262-52732f8913fe,50,1,1,0,8,16
9fa669d5-ec1f-446e-ae2b-704a0e0f1a26,50,1,1,0,1,2
6e2ebd71-19b3-4e3b-accf-d748050cfade,50,1,1,0,1,2
8d1c0563-f8df-4a6e-afaf-66af61d663e2,50,1,1,1,1,1
0978ff55-bfb7-498e-bfd7-d04219c26a91,50,1,1,0,1,2
dac21b95-5e58-45b0-a4e2-cfc877031370,50,1,1,0,1,2
1a5e2673-6b46-42a8-8af4-0ff6be28e695,50,1,1,0,1,2
a4702596-f718-457a-891a-3d96dfc0d198,50,1,1,0,1,2
006d2b2d-02d3-457d-b2a6-fdb64d9cf190,50,1,1,0,1,2
b5213547-85c4-4340-9046-deb9217adef1,50,1,1,0,1,2
6d504308-5f96-40fe-8200-7fcabe8a170d,50,1,1,0,1,2
e0dff7c8-a107-45d3-abe9-44f115710b92,50,1,1,0,1,2
7a6f3b7f-c847-484a-a7ea-5bd5a7cd39d5,50,1,1,0,1,2
ccde9248-7b60-4d89-a808-7e4e6ec74029,50,1,1,0,1,2
33346ce2-b191-452f-aa90-009ce97b8650,50,1,1,0,1,2
7837bd71-af1b-4c2f-9c9f-693ab7a6b92b,50,1,1,0,1,2
db2f363b-a5ec-41a3-be44-8907ce1489e0,50,1,1,0,1,2
e7f03e2c-50c0-48f0-9a5f-98039c48615e,50,1,1,0,1,2
b7ced503-5e69-4957-ab59-4e334a3ecee0,50,1,1,0,1,2
7b57425b-2c0b-4bfd-940e-996d4e438bc2,50,1,1,0,1,2
1bd213e1-0edd-4a5a-b252-8b65f76dc97c,50,1,1,0,2,4
1eb29a20-6b0a-4e09-a842-7be41f7fe3b6,50,1,1,0,1,2
264be2fc-4678-4ee7-a8e6-b6e7d8fb48d9,50,1,1,0,1,2
0397c51c-345d-4a3e-a3d1-7d846f7c4821,50,1,1,0,1,2
17540d79-08ed-46ad-acb6-cfa6ee7bb433,50,1,1,0,1,2
f7218736-143d-4b9b-9d9c-8bfd58c861fa,50,1,1,0,2,4
8381ec4f-c4d2-4541-81f1-85c974b4c42f,50,1,1,0,1,2
28e53996-851a-49dc-a5fd-469c3f57483d,50,1,1,0,1,2
b266a938-60fc-4a49-9898-bdb1e7197b8e,50,1,1,0,1,2
447e1c32-e2d6-49f7-926b-a95a56dfcd23,50,1,1,0,1,2
11d07ded-37b7-4f61-a9f3-b4177a4115b2,50,1,1,0,1,2
b9d9b499-ee1b-4b9e-95d0-bbbd8c3836b8,50,1,1,0,2,4
d6b57372-ab77-4f78-81cf-d1a1fe3ac1b4,50,1,1,0,1,2
b65e4254-5c7d-4d97-ad38-180fa7415fd2,50,1,1,0,1,2
c41b7b75-0460-4f17-8053-efb1ffbf748b,50,1,1,0,1,2
0d45ce54-a8d0-4f05-8355-fcffc2ab0e41,50,1,1,0,1,2
c40732b5-1958-44d8-bb3d-2f2c92b2164b,50,1,0,1,8,64
d75d78ee-8a52-43af-bce5-782596b00eca,50,1,1,0,1,2
bcb81fb0-e447-4638-9a70-12de5ffbe4b5,50,1,1,0,2,4
2d3457cb-8b82-43bc-bdc0-c12376db6e2c,50,1,1,0,1,2
ed1c14c0-b14b-46e7-b3c4-2ebb6bdbf12a,50,1,1,0,2,4
98a4d10f-2b42-425a-831e-ca76f5e54e96,50,1,1,0,1,2
19c84e4d-f0b6-445c-a1df-d5b67fe5743c,50,1,1,0,1,2
4ac40a25-f0e1-41e4-a57e-363e76982b38,50,1,1,0,1,2
aab6c5e0-8432-46a7-9547-0d550a62b6f7,50,1,1,0,1,2
6a4a2124-94cd-4cd5-8efd-40ee7b0fd35a,50,1,1,0,1,2
0e3a7aa2-7913-4d92-8587-67d0086e848e,50,1,1,0,2,4
21d7d263-a550-4c6c-a986-60b06f1cebcd,50,1,1,0,2,4
0ec21bbb-204c-465b-808b-2b2100d69c7b,50,1,1,0,1,2
b1d3c84a-ea34-458d-bd1f-b134032cc09b,50,1,1,0,1,2
00076732-908a-4dd1-9917-b4a9d8e5b572,50,1,1,0,1,2
14564181-c59f-4b2f-abaa-bfc39c11a545,50,1,1,0,2,4
b1b3e521-b961-4e41-92b5-498ced059264,50,1,1,0,1,2
88a11fc0-6c5c-40b4-bcf1-36ea6f2973f9,50,1,1,0,1,2
29e2b82d-c74d-48ce-8a91-1c55465d2af6,50,1,1,1,4,8
804090a8-75ab-4af3-8dd9-4614f1537d52,50,1,1,1,4,8
c23db7ea-8438-44f1-8ccc-fe5942223100,50,1,1,0,1,2
acd0e3f4-73f8-4bd4-a110-ed83c615745b,50,1,1,0,1,2
80927fa9-c551-4c20-9e7d-414ac237d95b,50,1,1,0,1,2
b19cff76-e970-4758-bd06-c349d6323632,50,1,1,0,1,2
570d71f7-3818-4acd-9265-19e266398afd,50,1,1,0,4,8
548e6022-32f8-4eb3-947d-3e84b7677ca9,50,1,1,1,36,160
39cbe885-0c19-455d-a882-0ccd05125c93,50,1,1,0,2,8
29dfcb31-701c-4aeb-bb91-4b3dbfe08308,50,1,1,0,1,2
57a16561-6bd3-4019-bd64-0e9e50c8db28,50,1,1,0,1,2
691c6a25-3a59-4609-bd56-b1738af1d9f1,50,1,1,0,1,2
41e1a4c7-968d-4b58-b0f7-d20d6f898edd,50,1,1,0,1,2
d78fb7a9-14f4-44d8-9249-2757148f74c2,50,1,1,0,1,2
94fc805f-271f-4cf6-9834-38e9cf72ae45,50,1,1,0,1,2
2382a3a9-1f6a-4675-bb6b-4a90b8d1a0c2,50,1,1,0,1,2
d5fbede2-ebdb-41de-8f8d-bebee3c0ca0e,50,1,1,0,1,2
94fb5eb6-d942-4d29-af6b-05da74ee1061,50,1,1,0,2,4
3b4ca645-fbc1-4677-8673-4f4a1185a42b,50,1,1,0,1,2
02595fd9-2115-49dd-85bf-9b39dd9be92b,50,1,1,0,1,2
f6eb62df-161b-4ea4-bc30-707f4c5ff404,50,1,1,0,1,2
ae32c8ae-a7a4-42e1-8b2e-fe37f78115bd,50,1,1,1,24,48
88d13854-23ca-453d-8362-cd64b343f90e,50,1,1,0,1,2
082cc948-d0fa-46b4-8cfa-3b2ce5ef3ff3,50,1,1,0,1,2
80450877-e6fa-4d6e-a1bb-7440e64ea5e8,50,1,1,0,1,2
a0ee6ea6-95df-4228-b112-36a8b2c4e847,50,1,1,0,4,8
b2639fca-1c89-4d24-b81f-dc655be03c98,20,1,0,1,8,16
ec80b3f7-8d0c-4a52-9058-91391c73da3e,20,1,0,1,8,16
5e6e75ff-88dd-43d4-939a-19a5a67f9634,50,1,1,0,1,2
5f3f4b55-c221-40e5-9093-dea88ecf2695,50,1,1,0,2,4
95bcb648-1d68-41f6-8352-cd76890142d1,50,1,1,0,1,2
2b653a8d-783b-44a9-85ed-1c84bfe32c1d,50,1,1,0,1,2
46c03355-2e82-40bc-a195-c6d53b95632d,50,1,1,0,1,2
e87f96d7-ea2a-4489-97ad-ffe56f5cdaf5,50,1,1,0,8,16
ec7d2786-476d-42e9-9032-c544e733cc26,50,1,1,0,8,16
2279be86-a173-4716-bb67-b24de91f8ed6,50,1,1,0,2,4
fc7e3b5f-88a7-4195-b88b-3156638b0e14,50,1,1,0,1,2
e89011b1-2acd-45ce-9837-20b1c2910c95,50,1,1,0,1,2
fd8fc504-b2c6-4803-962e-d7212bee943f,10,1,0,0,1,2
e415c44c-dfb2-4bcc-877a-762f904a8209,50,1,1,0,1,2
4584cc69-71d8-4286-8381-c298b651fc9b,50,1,1,0,1,2
94a5787e-ed0f-4972-ada1-3e9e0c727b94,50,1,1,0,1,2
ee1a0188-c61d-4d77-8def-ce728186209c,50,1,1,0,1,2
805d78ac-ac5d-4fdb-a50f-9cf35ec16b71,50,1,1,0,1,2
839a92c1-b196-4799-9b4f-1fa21fe895b1,50,1,1,0,1,2
0cf8dc03-55d2-4f38-8f23-6a306255852b,50,1,1,0,1,2
956aa307-3635-4c38-a53a-cc42d8252968,50,1,1,0,1,2
f6322fe4-9dc5-4fe4-b9a9-524a2390f2a1,50,1,1,0,1,2
0e6b0719-bba8-4578-9bf8-8e2bddd058cc,50,1,1,0,1,2
744999e6-2973-401e-96ee-41457574a230,50,1,1,0,1,2
1b8c69ae-2a01-41d2-b6b6-311c60dda74d,50,1,1,0,1,2
c1805be8-670e-479a-aedd-110958a4d2c4,50,1,1,0,1,2
b9f24bab-4186-409e-aa09-b31246bf4222,50,1,1,0,1,2
8a0be33c-c783-4e8d-8157-33bbc4288ddd,50,1,1,0,1,2
b6d2daab-bfec-4820-a459-5fd0ec8b8136,50,1,1,0,1,2
d95e763f-3257-405e-8f65-8497674c2e21,50,1,1,0,1,2
06bb037b-e02c-4e77-b958-381fd139d0ab,50,1,1,0,1,2
86f55201-503d-47f2-93e0-41ff8b5859c5,50,1,1,0,1,2
beed7dd7-298c-4a36-95cb-fdf9017930d5,50,1,1,0,2,4
2e63324d-398b-4ff7-91ee-5b864d15c8cb,50,1,1,0,1,2
f77057df-d168-4479-b898-87c0666fccd6,50,1,1,0,1,2
b2d648b1-02e9-4d1a-ade8-93ef359619cf,50,1,1,0,1,2
0d9eba72-998e-4e16-a490-87b3224b99f1,50,1,1,0,1,2
d4c4dd52-bac9-4e10-820b-03a62e3d3b0a,50,1,1,0,1,2
9f2bb284-9e1b-410e-b562-091811b8e172,50,1,1,0,1,2
e03e3603-3de8-4ce7-95b7-bddffda57ae9,50,1,1,0,1,2
f14fdbf2-c45c-4c3d-8041-d70d7fcebec9,20,1,0,1,8,16
6e7a1926-f004-401f-bbef-7cc40068850b,50,1,1,0,1,2
3b121409-5bb8-4ab5-b12d-93ac5427f022,50,1,1,0,1,2
2bf03e15-82e0-4ec4-927d-e8fa81716461,50,1,1,0,1,2
cd2e582f-dbeb-439a-afc4-73999bc11a70,50,1,0,1,8,64
ee264fa0-d8e6-4870-a0c5-0809712202d8,50,1,0,1,8,64
6f18a6fd-ac18-4659-a496-dbaf42a0d2a3,50,1,1,0,1,2
940ce5a6-9d4a-48a9-a9b3-8a6f54df62ab,50,1,1,0,1,2
eaf69e2b-4397-4892-8d71-f72bf86becbf,50,1,1,0,1,2
45355d41-0fea-44f4-a3af-091bafb90e6f,50,1,1,0,1,2
a48534d6-1e85-49dd-9ab8-7b7af6ff8fc2,50,1,1,0,1,2
58657720-479d-4b98-8f35-b0f363ad1653,50,1,1,0,1,2
56c28430-1d76-4993-a130-fbac9d73ef73,50,1,1,0,1,2
cf16d781-f624-4f1d-9927-38c2dc0a8627,50,1,0,0,2,4
bc394909-5543-4e81-aeb9-6e2da8e8ef49,50,1,1,0,1,2
71455f33-4113-4f2a-ba02-f4156a646678,50,1,1,0,2,4
a9ceaedd-fcbe-41a9-8d2c-e67381ee9bba,50,1,1,0,1,2
e74af772-5766-4354-87bc-69c6c510f20d,50,1,1,0,1,1
46310b0a-65fc-4ad3-a642-a422d09bf86d,50,1,1,0,1,2
b4b9c41c-a4fc-4e7e-bb7a-0ecad89c48cf,50,1,1,0,1,2
13a1682d-5b02-406b-91f7-3a6cf596812b,50,1,1,0,1,2
967d46c6-8af1-49dc-bea8-b424fbea0ac5,50,1,1,0,1,2
5c0aa548-063d-49d0-a6d9-6d7eded5f417,50,1,1,0,1,2
eb08bf60-e9b1-4b70-80ea-f78b78076354,50,1,1,0,1,2
d1e15f79-22a0-466b-9854-108428fec520,50,1,1,0,1,2
14ba7d4b-a512-43b3-9232-6ec397c07f9c,50,1,1,0,1,2
56a2d22f-e2d0-4325-97ac-dc233106f682,50,1,1,0,1,2
ab610c79-353c-4184-ba3b-18143db6df15,50,1,1,0,1,2
b8f0af43-995b-45a4-ae98-159f1d3d899f,50,1,1,0,1,2
1927ac09-eb64-4333-a808-6ffb54e33d0e,50,1,1,0,1,2
84e0a835-a03f-43b8-8f05-12acb99daac1,50,1,1,0,1,2
5cce782e-bc1d-4772-81b3-e4ee6467a38d,50,1,1,0,1,2
2204dfcd-9de8-47ce-9548-96ee1245b39c,50,1,1,0,1,2
184c9bb1-997d-4e02-b28e-2cf61dcb6ccb,50,1,1,0,1,2
1eb53247-6d83-4584-ad8e-3767e638c5a9,50,1,1,0,1,2
02ef0710-a395-44f6-a342-0bf3ca287cef,50,1,1,0,1,2
cccc255e-2dc9-49f0-abaa-e3ff5553b49c,50,1,1,0,1,2
8ef92ff4-65d4-4369-b980-4e391edf9f3b,50,1,1,0,1,2
f02b1bc2-7e2f-4bc5-a0fd-c5f89a85fc2b,50,1,1,0,2,4
269e9ebd-b71f-44eb-9459-2298fe226ba0,100,1,0,1,32,64
3291d3bd-47fb-40b9-b7b2-76085846d956,100,1,0,1,32,64
d30bd14a-71b9-4f1b-832f-a08c61e50224,50,1,1,0,1,2
a8568203-8ba8-498d-8de9-533459414c83,50,1,1,0,2,4
2d2a6b99-2cf7-4c59-a0f6-c878ab6b48ff,50,1,1,0,2,4
5f4b3699-570d-470f-81a8-2d9738a38dad,50,1,1,0,1,2
07d240f9-0aaa-451d-bca0-a704a73a99f4,50,1,1,0,1,2
14f68263-a1c7-4c78-a5da-d20b91677331,50,1,1,0,1,2
c14eb4a4-14a9-4150-91d7-5f2b6c4e427d,50,1,1,0,1,2
7f3eac0b-550b-44f5-b4f5-4532d695a538,50,1,1,0,1,2
95488a98-fc8c-42d3-bf05-68df12fd40ac,50,1,1,0,1,2
c9836a78-ec6d-492d-a162-65a8d565a0e2,50,1,1,0,1,2
3c18540f-1561-410b-9652-01d0af19f9be,50,1,1,1,1,2
9ffe3287-0d52-4e58-bd1f-396db2eec731,50,1,1,0,2,4
2f62206a-5eae-40a9-b96b-9b1a0b3115ed,50,1,1,0,1,2
330b3e65-9ea9-413f-8815-6d684d6cfe6f,50,1,1,0,1,2
6b38870c-6273-4518-82a7-231cba9bf29f,50,1,1,0,1,2
87ab2a86-0315-4271-855f-9e6f957feea4,50,1,1,0,1,2
6dbf6388-17dc-4f3a-8200-e5c0074f3ec2,50,1,1,0,1,2
0ce5805b-c831-4dce-a0bf-bd1c4adf74e9,50,1,1,0,1,2
093c08d5-806d-4991-90bb-1b6d3953672e,50,1,1,0,1,2
597ce7cf-24aa-40e9-96c8-48c515e37276,50,1,1,0,1,2
fbfd2e02-27d7-49f3-9c58-5217b33b5088,50,1,1,0,1,2
c2f25bf2-a6bb-4c12-8e85-64583398398b,50,1,1,0,1,2
d90d8b68-11df-42c1-bc27-1ab7493335d7,50,1,1,0,2,4
6e64e701-7ced-4055-8283-5c93858c2242,50,1,1,0,1,2
f9227a0b-febb-4598-b47d-2e0bfba8250a,50,1,1,0,1,2
93ba8dd7-3eab-4817-b101-0329d9afd53f,50,1,1,0,1,2
df87c6a1-19b5-4956-800c-b0c18f26710d,50,1,1,0,1,2
3425d5c8-d533-4cbf-a7d7-f863da5b68b1,50,1,1,0,1,1
507878d3-80be-433d-a530-f8f8b60b166a,50,1,1,0,1,2
af722c46-4f19-4b69-a551-76ce18579ab1,50,1,1,0,1,2
0caec8ad-383e-4c82-9cdb-02a4daff298a,50,1,1,0,1,2
6268f12d-fe73-443d-9b1f-e69ae11d1e65,50,1,1,0,1,2
a97db0c8-2273-480d-9b5b-843f4e3b75a9,50,1,1,0,1,2
420ddda6-a6d4-4617-94fd-4df3677c052a,50,1,1,0,1,2
97db2c18-c44d-4f07-88ae-1a2e1620fad5,20,1,0,0,2,8
b1635d20-c754-438d-9ad4-ff17f19c79ca,50,1,1,0,1,2
16c73e33-41dd-4e51-b3e8-275b72f83eeb,50,1,1,0,1,2
bd40c157-f568-45eb-aee7-9c08fe69853f,20,1,0,0,8,16
a0f03742-4b85-4e60-8223-9be7b25444ad,50,1,1,0,1,2
551be582-2c12-49e9-b93a-2196de5884bd,50,1,1,0,1,2
6dee0b48-ba52-47b7-a7ca-9a238a60bd18,50,1,1,0,1,2
b4457657-c623-41ea-a29e-2faeb46a4d4a,100,1,0,1,32,64
36a77084-4921-462d-add8-76c154b635be,50,1,1,0,1,2
50d23d3a-07a3-4850-8791-059252a2c2e8,50,1,1,0,1,2
c9de875e-cd01-4bcf-93bb-3183edaf8bcf,50,1,1,0,1,2
73a13e37-6b32-4efe-b3ff-9edcbee1d810,50,1,1,0,1,1
171cff98-e500-4f65-8ea7-8f2104be468c,50,1,1,0,1,2
0025a055-0bce-4eb8-8799-9f6fb2d92bf4,50,1,1,0,1,2
40506799-cb4d-4c0e-be54-692dfc011a3f,50,1,1,0,1,2
2e30840e-4cdb-4060-be61-e0390a00467e,50,1,1,0,1,2
2f9e65fc-606b-4921-a753-c9d329b0f8fe,50,1,1,0,1,2
b05d7a85-0992-4bce-a9e4-8bd24e74aea8,50,1,1,0,1,2
47389d00-2a79-476c-bbc7-7bd53517d9c1,50,1,1,0,1,2
816bddfe-bdd0-4f41-9016-0a217e480ca8,50,1,1,0,1,2
6718ad94-434d-449e-a1b2-3afa81265fdc,50,1,1,0,1,2
80ef1d83-f83e-4c39-a4d2-3c18f089cbf3,50,1,1,0,1,2
b42cdc5f-1d71-4f27-943f-7c1250149bc7,50,1,1,0,1,2
06099653-71ee-4767-afd9-443248087a06,50,1,1,0,2,4
d898b298-3ade-4ba0-a0cd-daaf7c5571ca,50,1,1,0,1,2
c5586e66-0a3a-47fb-a0ef-0d94c1b95388,50,1,1,0,2,4
c0d3a076-ed4b-47d1-8290-e3b0521e2d73,50,1,1,0,1,2
70b7aade-4376-4c98-98f3-788e23d2a305,50,1,1,0,1,2
d6fd2cb5-4f89-4af3-92a4-f17203332f77,50,1,1,0,1,2
f66e5568-a28b-45ea-9cf3-df8149215575,50,1,0,1,2,4
484fbbe4-e627-487c-aada-ebf509b01560,50,1,1,0,1,2
b00f0561-0f07-478b-9b60-89fe234a49e5,50,1,1,0,1,2
95d7df11-d9b0-49f0-9acf-b5598bdc0302,50,1,1,0,1,2
765c3841-6ddf-4516-8a1d-f6e7482899d8,50,1,1,0,1,2
b84c3c40-b05e-4ad3-a917-88cf8220370f,50,1,1,0,1,2
b0005956-f31d-471e-b10a-28543f6adf03,50,1,1,1,8,64
d177a4c5-4f16-4100-823a-e56c14f0550b,50,1,1,0,1,2
882d60b1-bce3-4db1-8ee2-da6fff8f7306,50,1,1,0,1,2
ef344830-2fa9-4ceb-b6e2-bdc510559192,50,1,1,0,1,2
132cf9f5-6ead-4ea8-ad49-b6c5c2c585b5,50,1,1,0,1,2
396226cb-7be4-4812-a378-4d6ab13894b8,50,1,1,0,1,2
0aca9f4d-ab61-4a93-9ca9-c0feb142011c,50,1,1,0,2,4
a34fd717-765d-4d02-8e35-2e544d732386,50,1,1,0,1,2
285d9417-6a7f-49c1-b743-2196aef9d603,50,1,1,0,1,2
bc2d86e1-3f4c-46c6-96b1-76f7ef68ce1c,50,1,1,0,1,2
35a09064-be39-4e15-9737-dac09e88151c,50,1,1,0,1,2
c4fa3dec-dd5c-45d3-a90b-56070107be72,50,1,1,0,1,2
147746d3-06a5-447e-9212-dec24d3f6028,50,1,1,0,1,2
b2f2aed5-7126-442b-83e1-f2673b64335c,50,1,1,0,1,2
53daa0a5-3d28-43f9-820c-798fda79fe04,50,1,1,0,1,2
c29f9d14-ba75-4445-b2fd-fa64358b763d,50,1,1,0,1,2
73ab2bb7-f89f-4aea-bc8c-9fc9684feb88,50,1,1,0,1,2
ab03c720-2426-4cee-854b-7586ae263cec,50,1,1,0,1,2
7c77bb01-8153-400b-805f-243cb097cc9a,50,1,1,0,1,1
32a2ca93-cbc6-4562-ab67-b0f356c9244c,50,1,1,0,1,2
87c25a33-6cf8-4df2-a7c7-c91906d94a3c,50,1,1,0,1,2
7260ef38-20b6-4efe-9741-98f5e7f80ed3,50,1,1,0,1,2
382815db-0cd0-4b5c-a920-7031385b0f0c,50,1,1,0,1,2
1e38c09f-145a-4c37-9741-6379ff81c35d,50,1,1,0,1,2
faf58580-f993-4e2f-aed1-b8b22ad57734,50,1,1,0,1,2
d3280afe-bdb2-4055-8536-6f8906b56d39,50,1,1,0,1,2
8e421831-17e7-4388-b926-8c8a5af430a7,50,1,1,0,1,2
776f9f0c-c4cc-4261-bc2c-7c09a7e4c5ef,50,1,1,0,1,2
04092255-92e3-4262-ab90-fddbcbc98864,50,1,1,0,1,2
0d5c7f18-364a-4b6a-8253-570e780249f3,50,1,1,0,1,2
cfbfb89e-946b-45d4-be8e-cb96fd9fca1a,50,1,1,0,1,2
68116542-5431-44bd-b503-e1f766ff4df8,50,1,1,0,2,4
309796c8-8031-42ef-ac4d-8d8dd13858da,50,1,1,0,1,2
be714abc-10aa-4f22-8acf-002fa8b1ab3e,50,1,1,0,1,2
9c20f09a-80de-46eb-96fd-f38b5dc3206f,50,1,1,0,1,2
63afb52f-2f37-4daf-b425-3e91925d46db,30,1,0,1,8,64
c4ad1558-2f57-441e-8164-acdf01de0b8e,30,1,0,1,8,64
da92dab5-3cb3-4422-b907-2864d20cda71,50,1,1,0,1,2
11d1c76e-1032-4c2d-bef3-8ff2b56c1c57,50,1,1,0,1,2
d24ccf0f-6402-481d-86af-8a13b55e5e4e,50,1,1,0,2,4
42ae99c5-29db-462c-8d52-ffa5c415151d,50,1,1,0,2,4
4d5e785a-b2fd-4f62-ab83-cf6c1a4865d1,50,1,1,0,1,2
d0ccb25b-761b-416b-aae0-a9efea5bcca5,50,1,1,0,1,2
433232a3-10a2-44d4-9195-a328009bab84,50,1,1,0,1,2
8267a976-60fe-460a-9c90-dc2be35ee96c,50,1,1,0,1,2
4f84c448-bab4-43e3-81eb-62ef315b0488,50,1,1,0,1,2
a33653fe-c851-457f-a1a8-2d863e0caabb,50,1,1,0,1,2
aa2b97df-3187-47ca-88e6-9ed0298651ab,50,1,1,0,1,2
6e72025e-6b5b-4b7c-bdea-ba43f0e77351,50,1,1,0,2,4
eae02c6b-eb19-4a1e-9954-c52ac81c85f5,50,1,1,0,1,2
c0b58c13-b44d-433a-962c-0db3f899b64d,50,1,1,0,1,2
b1c0a348-209a-43ff-8904-33156924b1b9,50,1,1,0,1,2
2caae1b6-1360-4783-ba58-35dfdcf5059a,50,1,1,0,2,4
972b6a8b-ab5f-4c81-9b97-c77da1bdef9e,50,1,1,0,1,2
8a712c89-9461-4294-838b-6d3bec910725,50,1,1,1,8,40
9a3a7aa7-c54e-4ffb-9abd-4868c23534e3,50,1,1,0,2,4
eebd1a9a-5170-425b-8098-cf6622f282ed,50,1,1,0,1,1
33097a3f-78c8-4439-a7ae-008849a46fd9,50,1,1,0,1,2
520b3ce1-c5c5-4e8f-8da6-5aaae43a0f1c,50,1,1,0,1,2
ae1fda86-1daa-46fa-bee6-36e81ba46b97,30,1,0,1,8,16
b841d392-f114-4b66-966b-6f80f5959096,50,1,1,0,1,2
316add89-16e8-4742-8007-38d8e19eae6d,50,1,1,0,1,2
3d0132c3-971c-46c5-b800-3bc73acc2c28,50,1,1,0,1,2
77653d59-1548-4014-9233-a8449d0426b8,50,1,1,0,1,2
d1be978b-2b34-4c2a-ac5f-40c73422f312,50,1,1,0,1,2
94347e9e-71ff-4463-a95f-cf1ec1c94b84,50,1,1,0,1,2
71dcf2f1-cf39-4c0e-b216-47df1db327c6,50,1,1,0,1,2
44ed9488-da13-4346-b0d7-4094b13842e7,50,1,1,0,1,2
26b2dca8-9012-44a1-aa3c-9dbb678d7c49,50,1,1,0,1,2
54fbd3ff-22cb-4d1a-94c3-a454cbe98939,50,1,1,0,1,2
e93393a5-ca3c-451e-a5a2-0799f14f9fdf,50,1,1,0,1,2
29a5b02a-1382-48c2-b90a-4ab5412dd756,50,1,1,0,1,2
d26b4ba7-f47d-4cad-979e-461863920c81,50,1,1,0,4,16
5fd3b1ad-80da-41f8-90fa-af68c187290d,50,1,1,0,1,2
b9963619-bcac-41a8-a0e4-0cf45bcd1237,50,1,1,0,2,4
366efe26-ea9f-41e0-b072-13b15a1e8218,50,1,1,0,1,2
ba6954a5-3994-4adf-829a-6886cd292b90,50,1,1,0,1,2
119229a1-1e47-424b-85df-633793f6448a,100,1,0,1,32,64
2ba1a7e3-1d1f-420b-a11d-24309fca9c88,100,1,0,1,32,64
6517efed-debf-4b48-a9dc-d09991263f9b,50,1,1,0,1,2
a4c141e8-98df-4db2-b4f0-cefaaeb15960,50,1,1,0,1,2
3f777915-a3c3-4fe7-9756-fd7ad85bdd1c,50,1,1,0,1,2
38c9e312-750f-4f12-b90c-d9be00f307b9,50,1,1,0,1,2
50a02770-81f5-4c1b-b4a0-171aa8055b2d,50,1,1,0,1,2
97191464-008e-4d7c-a72a-14ae9a5f68a6,50,1,1,0,1,2
61c43e4a-6298-47fc-a1ba-11fa3f9420c9,50,1,1,0,2,4
9c99c134-5f14-4dad-9d3a-5f20de7247ad,50,1,1,0,1,2
f426f33b-a639-4698-b3b5-61e8da2e0e1d,50,1,1,0,1,2
1bfd79be-0230-4150-99d8-6956bf6ed8b0,50,1,1,0,1,2
03c59b11-d429-426d-8cfd-778e0393640c,50,1,1,0,1,2
2ffa3492-c811-407e-8bd9-fb53b9df0bff,50,1,1,0,1,2
a66812c9-e345-4994-a292-8996cd498a67,50,1,1,0,1,2
fe358ab8-9484-4f4f-9328-ce4afa86c443,50,1,1,0,1,2
fcf6d99d-33f7-467d-8502-b1b14733b221,50,1,1,0,1,2
6952221d-40f6-44b4-b1ad-e70ae9b2b867,50,1,1,0,2,8
af7a7394-e4ef-4c99-9663-4298019e2f0e,50,1,1,0,2,4
d168e071-695c-40ae-aa52-96662e8000ac,50,1,1,0,1,2
e9c5cbef-2101-416c-8130-b6f72f2bc462,60,1,0,0,4,16
1d2bbeb8-2f70-4bd6-8d3b-5409e9ffee4c,50,1,1,0,1,2
3da9461c-1c88-4f04-a18d-028904481099,50,1,1,0,1,2
4b4514c1-0ff2-4e84-b1d3-fc2fa7b2c7b9,100,1,0,1,32,64
554d2460-db14-43eb-b6dd-ebee3f01ebf2,100,1,0,1,32,64
a08a14d2-0ba3-45c1-8a70-4e64dfef12cb,100,1,0,1,32,64
f5d578b0-c3e3-4d76-ac20-d37a32e2a67a,100,1,0,1,32,64
d2491a73-a060-4e70-a058-68bd50b9a23b,50,1,1,0,1,2
33fba41f-85f0-4655-b632-e8c9e7c4ee58,50,1,1,0,1,2
996ea470-9c52-444e-b412-de5c4d425e32,50,1,1,0,1,2
3f7ca4ce-393c-44db-9889-2e5f0b0bbd8e,50,1,1,0,1,1
eb1bb4a8-b16f-459c-95c0-8367d2a2be9b,50,1,1,0,1,2
47a46d5e-f18f-46f5-9d86-d9d7f53b603d,50,1,1,0,1,2
f4ebf44e-8e0e-4557-88b1-ed76982446d4,50,1,1,0,1,2
8a5e1db7-9a78-41c9-88aa-3cef1bd983c0,50,1,1,0,1,2
32ecf476-b490-4b01-bfd0-bc246c386d36,50,1,1,0,1,2
0ef4e8c9-2064-4f3e-adc1-678edd2081d4,50,1,1,0,4,16
cc30001e-026e-440f-aabb-9ad589c8b87e,50,1,1,0,1,2
d14b5984-3666-4c77-b7f0-abf772d46953,50,1,1,0,1,2
f4d8fcb8-da3d-4ba1-af8f-98300e896b64,50,1,1,0,2,4
b8f5fb20-7abb-485a-bfe8-da816f21ca2d,50,1,1,0,1,2
8ec2ce93-c9db-4444-aa83-2087261c18cc,50,1,1,0,1,2
8a3b2804-894f-4599-ae06-849cd6f69b9e,50,1,1,0,1,2
45960b0a-da96-4075-b930-6609e16a3710,50,1,1,0,1,2
4f67f411-2527-4acf-b703-cdb4520b0158,50,1,1,0,2,4
81d0bd15-74da-4311-95b3-2c605489ae8e,100,1,0,1,32,64
5986005e-c384-41e8-a590-81b46f703c67,50,1,1,0,1,2
0523d226-0c6f-45ee-bbfb-3f6e057d5eba,50,1,1,0,1,2
f04d07c4-cd44-4a4b-ac82-464e4e093c2c,50,1,1,0,1,2
a4aabad7-1061-4fa6-97b4-230c56205000,50,1,1,0,1,2
44681ee7-cb21-4a2d-ba92-dd1b8fefae5c,50,1,1,0,1,2
ef3f0d2c-2a4d-4b4e-b356-360217044808,50,1,1,0,1,2
18e21662-f912-4c29-bb9b-e6bd5aa2b9ff,50,1,1,0,1,2
569747a6-2ab9-4c4f-8bcc-e1104e91aba0,50,1,1,0,1,2
747258ce-b2ff-4f63-83bc-ce5c6c6da727,50,1,1,0,1,2
0fd20cf2-f8db-4d59-911f-8e8017444c29,50,1,1,0,1,2
6a6068cf-d603-4934-b517-ac11ee0d6310,50,1,1,0,1,4
faa7adbc-7f30-4a6d-a3a2-1bfc8c0fd8af,100,1,0,1,32,64
fec680a2-38c5-4511-8128-ad8b63c45b96,100,1,0,1,32,64
e7a90245-450f-4f64-afd5-ce6bc9ff04e5,100,1,0,1,32,64
78dbbf5f-9e5a-4e75-8826-a3c25a2dfa92,10,1,0,1,1,1
cf6f0a7e-114c-4650-b27a-adb6822b31d0,50,1,1,0,1,2
2fe0b62d-6eb7-414f-b796-5e66448665bc,50,1,1,0,1,4
4045fe32-7728-4ced-844c-55feb9de24ba,50,1,1,0,1,2
1444c2d6-c6df-4e42-b89f-3ffd9e173437,50,1,1,0,1,2
979f0c81-e922-462f-a7bc-8f1fe3689d33,50,1,1,0,2,4
7144f786-1259-462c-9ea5-21b9a82061ca,50,1,1,0,1,4
340928cd-ea1b-4272-925d-146be7bdbfca,50,1,1,0,1,2
172f3873-ec72-4b81-90cc-89aa9d4e1af6,50,1,1,0,1,2
71065b72-12bc-48a6-bb07-bbe2c72d11ca,50,1,1,0,1,2
4177c6db-f524-4a9e-a9d3-158e56129191,50,1,1,0,2,4
ab7c7927-bc51-4cd3-8b1e-d2c40f0d4d7b,50,1,1,0,1,1
527ee588-ebf6-4d56-baa5-104f1e1c6844,50,1,1,0,1,2
057c8320-72a9-49b2-b246-d0fb5d9ded8f,50,1,1,0,1,2
f28e92ed-3a47-43cf-8335-ffe57cbb729f,50,1,1,0,1,2
57c8a070-79f3-4740-ba0e-41c72665c1f8,100,1,0,1,32,64
8081ac14-b8fb-4dc5-ab3b-6ef23e21ef9a,100,1,0,1,32,64
b2473dcd-0c6e-45d6-815c-179d5cf7bce9,100,1,0,1,32,64
9c5221de-6602-4233-9e7b-7c4fa6b650ce,50,1,1,0,1,2
4f720bbf-11d5-4f15-aa95-1c3ee6fc893d,50,1,1,0,1,2
b8d73691-43e7-4086-8a36-fa2498de4111,50,1,1,0,1,2
a476da90-b701-4fe5-a16f-6ab6c1059ad5,50,1,1,0,1,2
27a86d17-308d-4747-9698-d111bae82df4,50,1,1,0,1,2
33a3ed33-aaf6-45a1-ad61-d564197cbce2,50,1,1,0,2,4
bfba9591-e7c5-48fc-b791-c8459595c526,50,1,1,0,1,2
01c6ac2d-c1b0-42e2-9f37-0121a2876a60,50,1,1,0,1,2
7e463e52-411b-406a-8a1a-ab73e4969ba3,50,1,1,0,1,2
252449ba-0f1c-4673-8a87-20b99d48f645,100,1,0,1,32,64
47b5e66e-eecd-44bd-9630-64a8d4b0fc1b,100,1,0,1,32,64
e9d48cdf-d9b6-41d1-a408-a7903935b8e1,50,1,1,0,1,2
0a18e184-2913-4e03-8859-593c7ffa47ed,50,1,1,0,1,2
8a06f7c2-859f-48b2-bcba-3f0ec272f636,50,1,1,0,1,2
f80eb456-170a-440c-9875-26c2d2ae64a5,50,1,1,0,2,8
693d0c01-74bd-474f-8e61-dad09fdf3439,50,1,1,0,2,4
df2ab4ad-d618-4b16-91cc-8010caa1585b,50,1,1,0,1,2
a7f18a55-58e4-48aa-a1bc-91659a678f22,50,1,1,0,1,2
b97f5754-4061-4dc3-977d-8b4014c49f59,50,1,1,0,1,2
cae5d2c5-253e-4ba2-82c7-b2655dc5681a,50,1,1,0,1,2
8c2dee46-07d6-4141-81c4-4321ccfcc86e,50,1,1,0,1,2
a5c803e9-69aa-486f-915a-e3a6586e5e5d,50,1,1,0,1,2
2fd07dee-fa9a-41c8-aa15-34b1a1f3b026,50,1,1,0,1,2
6dd3c828-bba5-41a5-9d5c-c73bbdf38750,50,1,1,0,1,2
529166eb-306f-4f29-a3e4-bc5543ab139f,50,1,1,0,1,1
7dbb8372-01ed-4227-b9c9-6551f7b8fa24,50,1,1,0,1,2
f803bd34-e187-4ec2-8d15-009ca353d40c,50,1,1,0,1,2
758c4b50-a4b7-4f08-bfc3-9de6b13539fa,50,1,1,0,1,2
db1e15b0-ff23-4db5-914a-8099c6cc0f55,50,1,1,0,1,2
a87b6fca-2b16-493a-ad86-761d2c5d5b10,50,1,1,0,1,2
c74d1698-51c7-486f-a1bf-5f35815cbeec,50,1,1,0,1,1
e80ebb69-9437-4b1b-90f4-04738a472fde,50,1,1,0,1,2
b0cbf7fa-a424-4325-9044-e5dd68abdd42,50,1,1,0,1,2
b575f927-dea5-48a5-8f97-2b01379a0cad,50,1,1,0,1,2
3ce16253-dc1c-4229-9e50-3ff1585e04fa,20,1,0,0,2,8
d180b5a8-1d79-44e8-8e10-2b98bf7ddd80,50,1,1,0,1,2
ee83b20f-5a75-4249-a562-6e8ed007b582,50,1,1,0,2,4
a599700a-eca1-4b0f-afad-e6204e314cef,50,1,1,0,2,4
c187cb08-9734-4a91-b6e3-2d15834516d9,50,1,1,0,1,1
a4966090-a5e7-4b9e-8483-60aac1793717,50,1,1,0,2,4
de31fc08-e5a0-4006-9005-3848088cf2f3,50,1,1,0,2,8
b4376645-e1d4-42a1-9adf-4e5cd06013e2,50,1,1,0,1,2
07212600-90fd-4f41-8b86-dadc1514b999,50,1,1,0,1,2
29e8ffe1-c76f-4cab-ba7b-4554601314e3,50,1,1,0,1,2
a0da4ad3-8090-40f6-a9bf-e62c8818007a,50,1,1,0,1,2
14d15001-e5ff-41f0-9cae-0f664ebc4f02,50,1,1,0,16,32
bbe88f85-e683-4024-9f63-84031156395c,50,1,1,0,1,2
be85d57c-250e-44d2-859a-f20fb290cf36,50,1,1,0,1,2
89922fde-3fe8-4cb1-9616-a483ad16b770,50,1,1,0,1,2
cbb786cd-db7b-4235-957a-2849fc658422,50,1,1,0,1,2
2a45667a-4968-4f3a-8052-f9d7caaae96e,50,1,1,0,1,2
7d468f38-61f6-4bd0-9976-5df56b9b1285,50,1,1,0,1,2
3fb946f4-31c9-446e-953f-b6d7255e76a3,50,1,1,0,1,2
20c37813-5e5c-44b8-92c9-3166bb94eeb7,50,1,1,0,1,2
94a34807-79fc-4685-ad09-09e4303d01d7,50,1,1,0,2,4
732bac8b-3e2e-4cc1-a985-00d684f57d5b,50,1,1,0,2,4
ebcb2ee6-8b55-4c40-83e1-5013c2195160,50,1,1,0,1,2
baf3a682-3eb7-407d-bab7-ad9d0812e05b,50,1,1,0,1,2
7e400bfd-a39c-45ff-acee-c4c96122f611,50,1,1,0,2,4
0a1e508d-299d-4d9c-8afe-c53472eef037,50,1,1,0,1,2
696913ad-7add-455d-a58c-56514d68d4f2,100,1,0,1,32,64
a7538daf-df90-48ae-9542-7d9b4c84b34c,100,1,0,1,32,64
e55634ce-088e-409e-81a9-33b2d0c26b25,100,1,0,1,32,64
5713edd6-7c7f-4c14-9bfb-6d8f9cc9b1ec,100,1,0,1,32,64
70fb849f-a5dc-4bbd-ab1d-bfd16aea1a33,100,1,0,1,32,64
8cfcb483-469c-4f54-b3d7-a24cb2fc942b,100,1,0,1,32,64
3c0e2c62-513e-49cd-a018-19dfc1305852,50,1,1,0,1,2
8596883e-7071-4046-808c-5114bc0cd00e,50,1,1,0,1,2
c4f2a6c1-0364-46e3-8bf9-14d28ddbd9c1,50,1,1,0,1,2
94ac7961-6b8e-41be-b906-3a17aeb8a9fc,50,1,1,0,1,2
f4abf318-71ef-4eb6-bf5c-b93af822ed19,50,1,1,0,1,2
9e92cc23-ca83-40bd-b8a3-a62bd72f51b2,50,1,1,0,2,4
97bfcc2c-3060-4754-9bce-9ad79e8ee51b,50,1,1,0,1,2
4edf331d-51a5-4292-b591-4395aa7dfd3e,50,1,1,0,2,4
c092e4c6-e767-4ee3-87a7-5178284f4b45,50,1,1,0,1,2
1af06439-688d-4456-80b2-20176659aea2,50,1,1,0,1,2
b87648c1-6d83-4e55-a0ff-14236e6bf24b,50,1,1,0,2,4
8729f7f3-09f0-4105-95ed-41419f0b61c3,50,1,1,0,1,2
acb89fd6-5d62-4ffe-9096-e6d968ffa89f,50,1,1,0,8,32
ee182b70-5e7a-479c-b160-2a4b15d370ff,50,1,1,0,1,2
b1eff271-4215-4383-b030-fc1705d9edfa,50,1,1,0,2,4
4edf5b53-89f9-4423-b162-deba3b9144d7,50,1,1,0,1,2
2f611097-6ec9-4970-b3ee-c117f7a34cf2,50,1,1,0,1,2
948ebf25-ec30-4364-8daf-15fbcd44cf5f,50,1,1,0,1,1
f4b88496-8000-4747-a807-0c3580f6b601,50,1,1,0,1,2
a24e585f-bd19-4d4c-afd7-c3ce166c0526,50,1,1,0,1,1
627fea3f-4aaf-4b8b-8454-573be98a3cc4,50,1,1,0,1,2
5857a9d2-d7bd-4816-8d93-c99f788218b5,50,1,1,0,1,1
6480c28a-d5ef-467c-8b40-1f7c34ac79d8,50,1,1,0,1,1
ef7133f2-8eb3-461d-96b7-652cea8c2d68,50,1,1,0,1,1
75eb2493-6e8b-4526-8fa2-f6a0977404f1,50,1,1,0,1,2
edcb9f30-c1bb-4bc1-8e57-2fa9d81f0bac,50,1,1,0,2,4
f66a9cf7-f3fe-4067-93a3-d0153c028ebc,50,1,1,0,2,4
e379cddc-76e3-4e3d-8bb8-52cdb2760743,50,1,1,0,1,2
739a7039-5afb-429f-a75f-b3916833da4d,50,1,1,0,1,2
6c923394-950c-46b9-a0cb-fdf310770ce1,100,1,0,1,2,8
79091db5-076d-4ae8-8967-18569523e05b,50,1,1,0,1,2
3294d739-5706-495b-a027-3404d534e003,50,1,1,0,2,4
e7539212-e1d2-4af6-897c-0549f864625e,50,1,1,0,2,4
bda45a0b-7c40-4d94-8ba1-724c28592dfe,50,1,1,0,1,2
977e7f44-e2e6-46ca-8ef1-bc6ada474a26,50,1,1,0,1,2
b83af826-3f8f-4b9d-a987-7dc6efc0eab9,50,1,1,0,2,4
f3ba185b-f6aa-4bab-b136-a002e3a8c145,50,1,1,0,2,4
1f10efd6-31d6-4f46-a2ef-f29f85e6f34e,50,1,1,0,1,2
4bc4e036-258c-4df4-b6fe-6d0168f5e2df,50,1,1,0,2,4
ab7db7f8-df37-4848-a96f-300c01e55250,50,1,1,0,1,2
1bd4d04f-f6f2-41dc-9c35-0e3c220c74e2,50,1,1,0,1,2
b462891f-5009-4f83-b5f3-04cabf24a677,50,1,1,0,1,2
ce583ffb-e159-430b-a53e-c156f051ddd1,50,1,1,0,1,2
b952d3f1-7078-4aaa-b196-d5b9f7049bce,50,1,1,0,1,2
b76870ff-de98-49bd-a75a-fe56b2f8024f,50,1,1,0,1,2
6d632f28-96e8-49e3-a341-0961cd5c8141,50,1,1,0,1,2
6bd7ede1-2e69-4f95-8f6e-2cbe79ffd611,50,1,1,0,1,2
5a288039-713d-4cae-8ec7-0abfd77ad65f,50,1,1,0,1,2
d1ca097e-a8fa-4916-8aaa-d514cc963483,50,1,1,0,1,2
00e9c34d-c0ea-4038-93c0-b8f33c35e4bf,50,1,1,0,1,2
a4798cef-1a43-4c83-bc80-90fd7df17cb2,50,1,1,0,1,2
92534715-02a1-4b5c-9c40-8b2b8a3e9126,50,1,1,0,1,2
19b575a9-8610-4554-9702-f06cd9004a6a,50,1,1,0,1,2
58f32c4c-51be-4793-89fe-24c20d85a73d,50,1,1,0,1,2
9818083c-6399-4074-a4a3-13da6038c860,50,1,1,0,1,2
ea4d0447-7cb9-4e3c-8bb5-cbcf39dd6612,50,1,1,0,1,2
2349d729-1a0f-4d30-90ee-275e25f71d7c,50,1,1,0,1,2
d5b2bc5e-fee9-4cc6-8960-674a75c619c6,50,1,1,0,1,2
469a886d-47a3-48bc-a589-62a283b34ea5,50,1,1,0,8,16
c57c4a6e-bbc4-4fa3-b062-e4077b54cde3,50,1,1,0,1,2
02e6b3fc-eda3-491e-abd0-a9580923d238,50,1,1,0,1,2
414d199f-7618-4666-ba7d-7036c8eaabb0,50,1,1,0,1,2
d081104c-c8d5-4ced-b4f8-16f65c665e9c,20,1,0,0,1,2
fad1f8b7-4e5d-40ad-98b5-88848af484e7,50,1,1,0,1,4
0bb02b76-3edb-413f-b974-28205bfc16e4,50,1,1,0,1,2
e0f963aa-e229-44fc-ba30-b2dab23a9063,50,1,1,0,1,2
7eb84e31-8638-4178-986c-b3e97fcc1004,50,1,1,0,2,4
bc2e39b6-2fd0-4cb0-b150-13b82d2fcc71,50,1,1,0,2,4
d09c7200-4709-4d2e-b5b8-3bc5329e8c57,50,1,1,0,1,2
9fe43196-c0fa-4aa6-819f-7c3126717e89,50,1,1,0,1,2
aeccc91e-cb21-4c60-8a39-f2f1abc3ad88,50,1,1,0,1,2
2e8b17c7-77da-4118-be52-b395ed18e335,50,1,1,0,1,2
b85191a6-93ae-43fc-b414-e7ad972bb21f,50,1,1,0,1,2
db7fdba9-7863-4d61-9cd5-50fc68f83472,50,1,1,0,1,4
0897d8a7-2ec6-417c-89e6-d8883931a760,50,1,1,0,2,4
b583fc13-69f9-4634-8b7c-587d50e85264,50,1,1,0,1,2
724c3cc6-486b-4b39-8cae-a5afc4566751,50,1,1,0,8,16
a386dc8d-385c-4ba3-ac5e-b6be7c5736ec,50,1,1,0,8,16
ee82b47f-626b-4e28-af77-2119e01febd6,50,1,1,0,1,2
a058240e-2f02-41cf-b494-01c134130151,50,1,1,0,48,96
e413929c-42b6-40d8-aba2-d351cf186f7b,50,1,1,0,1,2
58ba218b-7c10-4d2d-92d9-f9be8352b1ef,50,1,1,0,1,2
cf7df109-501d-4efb-9bd8-81bfe3c4a2e5,10,1,0,0,2,4
aee6b5ec-afbd-4343-9c0b-7183548550ec,50,1,1,0,1,2
951c3ef8-6ae7-43c5-ba23-31ede1ebff21,50,1,1,0,1,2
459c565b-9d66-4cc1-89a9-feadadd7ac5e,50,1,1,0,1,2
e54f82a0-9b81-4cd5-9236-4c02d5b446eb,50,1,1,0,1,2
29abde83-7a97-40e5-aea9-78f1e1eb8982,50,1,1,0,1,2
8c2f066d-c35d-4ac6-9eb3-3204f293d89d,50,1,1,0,1,2
8b12888f-ac2a-4257-9fcd-29c170cd4b70,50,1,1,0,1,2
b2536942-cf1a-42fa-a3ef-99fba9f2879a,50,1,1,0,2,4
cf1f77c2-eb57-46cc-8edf-c448d9fad7b1,50,1,1,0,2,4
f902658d-a1ac-4e3e-bf51-18278cdda568,50,1,1,0,2,4
2e5321df-8811-4277-9f16-20efb0a7f5d8,50,1,1,0,2,4
84fcfbfd-6be4-4a28-b153-3aa5d1a32a9a,50,1,1,0,1,2
fe7ebf4e-b11a-42ed-809f-2e006cb133c1,50,1,1,0,1,2
3ca3a881-5a85-4b34-b302-ce13c7434a3d,50,1,1,0,1,2
1b35caaf-546d-42b7-9df9-baba8ce5e745,50,1,1,0,1,2
1714093f-f5b5-4c94-9ce6-d4ca485c26b7,50,1,1,0,1,2
e3d46a8a-37b1-4aac-8439-a67e7d25af1f,50,1,1,0,2,4
3b47413e-8b2b-4597-a2be-4d7bc3a0a357,40,1,0,0,2,4
38c603c2-52c9-4d62-967f-33a6adbf07fe,100,1,0,1,2,8
0d74f12e-2516-45f4-b66e-f323480c9ede,50,1,1,0,1,2
4b3ed9c7-25d6-482f-988e-9033e5798645,100,1,0,1,32,64
6d38af0b-214a-42a0-bcfe-d345562cd571,100,1,0,1,32,64
4e68b937-2beb-490f-a32e-45bef3a635e8,100,1,0,1,32,128
6afe2a20-69cf-481a-a1f6-5c635c3129c1,100,1,0,1,32,128
a99066be-8eac-4102-b86d-d9a4c2e922ce,50,1,1,0,2,4
993b5f23-4d4d-4515-89bd-e35802c0cdce,50,1,1,0,2,4
1720b47b-bf97-4e83-bbfd-8cd95b2994be,50,1,1,0,1,2
4c819f0d-cd7f-427a-95b6-548bb169c2b6,50,1,1,0,1,2
f4d9c1f0-380b-48bd-9bec-8b17a2bfa557,70,1,0,0,4,8
151c9fea-bb3a-49bf-907b-e13176ea130d,50,1,1,0,1,2
b4ab1e97-77d8-40bf-92ac-76de34b00ac1,50,1,1,0,1,2
4b6c23e3-d7aa-47be-8171-e5e4d82d400a,50,1,1,0,1,2
35c11ea4-d86e-44c1-9688-536d8ddcedce,50,1,1,0,4,8
886f0fe1-3e71-404b-ac67-e692d8bdf52b,50,1,1,0,1,2
7c80f464-7c05-41a3-b28c-efcba3a43aa9,50,1,1,0,1,2
94050d8a-f887-48bd-bc41-b6e77c09fb57,50,1,1,0,1,2
cca704b6-3eba-4ab9-b17f-846d5ee6a696,100,1,0,1,32,64
b209a8c9-f38d-491e-b5df-a6fe87ff405f,50,1,1,0,1,2
570c3efc-9e30-47ad-8cf5-a55ee8b8ea32,50,1,1,0,1,2
0cef117c-de78-4ae9-a25d-0d256f1329cd,50,1,1,0,2,4
7e49f086-311a-4857-beb7-16eba79a54bd,50,1,1,0,1,2
d3721201-ea7f-4a80-a7cd-7d56bbd49664,50,1,1,0,1,2
fadc8872-2f0d-47ae-b077-5b74b386ae30,20,1,0,1,8,16
5b5fb3a4-5131-4eb5-a14d-f438cf2818f9,50,1,1,1,8,16
6a171b33-74e1-46ef-b7cd-2c98be985f8b,50,1,1,0,1,1
cdeac355-bc79-461a-a3c8-8994a18634fb,50,1,1,0,2,4
73bc95db-7718-4075-a118-76ad3ac3ccbf,50,1,1,0,1,2
daa5afc0-4c36-4a5a-bee7-d7e4ba73a787,50,1,1,0,1,2
1337a375-cfa6-4bd0-9d3a-69eb73f47180,50,1,1,0,1,2
1ad54088-2c8e-4482-b907-ed152ac7aaff,50,1,1,0,1,2
5689310d-a14f-4705-9c2c-4960f41ee365,50,1,1,0,1,2
c507b658-8cb7-4afb-ae83-9450cc09ce39,50,1,1,0,1,2
40b23d58-d15e-4c99-8e8c-9230ccbd098d,50,1,1,0,1,2
8645b0d7-9764-4748-93f4-3f76e81ab40a,50,1,1,0,1,1
da488cc7-8f59-433c-93dc-e8ab4cf51a26,50,1,1,0,1,2
296c220a-f0e9-40b1-a14e-cf4c129d1ddf,50,1,1,0,1,2
5e4110a3-f250-4c6d-83e7-1e2d8a31a6d6,50,1,1,0,1,2
db2fa101-77be-47c8-af66-4c95a410eaae,50,1,1,0,1,2
14085df7-6cbb-4c99-a642-367f95d3f093,50,1,1,0,8,16
a8052dbd-eecb-41ba-b887-75eb353b7335,100,1,0,1,32,128
ae01747c-409b-4e60-969d-4983304e3c38,50,1,1,0,1,2
70d99ffe-290f-4eee-bd81-111c5fa778b5,50,1,1,0,1,2
4afcd505-3841-4006-ab12-65989b82465c,50,1,1,0,1,2
a0164fc4-61b4-4cd9-bce1-0815df912767,50,1,1,0,1,2
427e3197-597c-4fe1-aa39-c842b82cdbd4,50,1,1,0,1,2
26227adb-a048-47a5-b6ae-d84ccc3d5c93,50,1,1,0,1,2
7abb8e62-9b9f-4c55-ad93-f058687c65e4,50,1,1,0,1,2
08da976d-3e10-45cd-83d7-583b85843e02,50,1,1,0,1,2
917630ba-1344-4c25-a160-aea2b9dfc420,50,1,1,0,1,2
5025b6aa-6224-4d3b-95b5-39221bbcc4be,50,1,1,0,1,2
a969ae6b-3951-4bca-baea-3af6ef802734,50,1,1,0,1,2
b77f05a8-c1e7-401e-b485-7e9d2a4f86b5,50,1,1,0,4,16
ea3f29de-8fa2-4236-8072-b3373e22b509,50,1,1,0,1,2
ff26caeb-e6e1-4146-a547-a1048606af95,50,1,1,0,1,2
068780d3-4086-4b53-b27b-cb1c49941962,50,1,1,0,1,2
12da15c0-59d1-4b69-a864-727b10a50207,50,1,1,0,1,2
16d3f6cd-57ae-423c-bf83-ae680ddeb0fc,50,1,1,0,1,2
be723719-5ed4-431f-8a79-ac81d400879a,50,1,1,0,1,2
ea914eeb-bc14-4f0c-a524-87bb65b8ae93,50,1,1,1,32,64
ff3bcd6b-d351-46d4-bbf6-acfc2ba01bd8,50,1,1,0,1,2
95af658b-6140-4dd0-ac91-d5e506fdd219,50,1,1,0,1,2
c1c1400e-43bb-4a6b-820c-0bf6fda7fc97,50,1,1,0,2,4
99fe73f3-b9be-4fa3-a0d3-ef73970e9696,50,1,1,0,2,8
e7407d06-0246-4794-9bdc-5a68a23a8f83,50,1,1,0,1,2
5e50cf46-a64a-4ecc-b5df-ab3bc3d6bfae,50,1,1,0,1,1
047f9eb7-cfaf-4176-9d1f-b26be93bab41,50,1,1,0,1,2
413ae702-2724-45b8-81e4-52d1d0571836,50,1,1,0,2,4
4f7d1adf-36ee-4e22-bf28-bd77d10e4827,50,1,1,0,1,2
3804cb5e-9d23-42ac-931c-85e276448b76,50,1,1,0,1,1
f7e65974-59ea-4725-959d-df59acab6c6a,50,1,1,0,2,8
71d84ce2-ef9c-43a4-9c53-f992ef726520,50,1,1,0,2,4
fd4b77e5-dcea-4d9e-b977-456db2fc8b0e,20,1,0,1,8,16
8e7c78e7-88ae-4fcc-9583-2b451010a2bb,50,1,1,0,2,8
26128615-f40a-492f-9906-346fe748fcb7,50,1,1,0,2,4
23f200ee-7eac-4004-a923-e3dc172e8a17,50,1,1,0,2,4
0d7030a6-f40e-4f84-9da8-39d14741349a,100,1,0,1,32,64
6fafaf34-0de7-4a5f-82ad-c9d9518306f0,100,1,0,1,32,64
7a5565ea-1771-4737-982d-21e438364d68,100,1,0,1,32,64
9f6b537f-e0b8-4444-8e67-9234416b0c09,100,1,0,1,32,64
b38f5eb5-8825-4a58-bdba-209d8fee51b9,50,1,1,0,1,2
5aedfae4-d594-48b0-a90d-a46d293d84bb,70,1,1,0,2,4
bf18f345-a5eb-47fe-a7b0-6482d85eb7c0,50,1,1,0,1,2
f73b5fc6-b20d-45b8-aa75-f7a024066606,50,1,1,0,1,2
ae17d9e2-97d0-4c35-bed0-fc4e51954b31,50,1,1,0,1,2
261afe7d-60b5-429e-816b-de664b456e6f,50,1,1,1,4,8
f95feada-3842-44ac-bc0d-c9c4f8d54438,50,1,1,0,1,2
fe1ae808-51d2-4c30-89ca-0d63cd4bbf76,50,1,1,0,1,2
e36134d1-ae97-4f0d-a81c-e7cc9b9c567e,50,1,1,0,2,8
a5c73a8f-ade9-44c0-8f6a-8cbbf749f39e,50,1,1,0,2,4
e79f8729-43e5-4c72-9a1d-0ef2ec180aa1,50,1,1,0,1,2
a459dc9e-06c0-4beb-888d-cb7611a10ac1,50,1,1,0,1,2
f9ac80f4-25a5-447e-931d-fb3413146a94,50,1,1,0,1,2
e1839027-a0e0-49ef-9b5e-995f8e85735e,50,1,1,0,1,2
4e5ae1ee-14c1-44ed-8ef6-c53d3c63e7a5,50,1,1,0,1,2
9a79ff11-b00e-4a56-9a15-e60de83aa0fd,50,1,1,0,1,2
93145c53-12fe-4041-bbee-4c65d30b517d,50,1,1,0,1,2
3e471de8-a82b-4774-bc47-7b7154244ff6,50,1,1,0,1,2
04bd3c49-8175-4e7f-867d-6b6a7e71dcd9,50,1,1,0,1,2
4b3ada8f-e32e-438d-9738-02e1bf51b921,50,1,1,0,1,2
01654645-42d2-494c-b745-1a4fdc9aca8e,50,1,1,0,1,2
6cca3f93-ec10-49e0-b7c1-35284ab8a04b,50,1,1,0,1,2
9a4b72db-69db-460f-853a-346bd9b13f4c,50,1,1,0,1,2
35e1ae4b-83ac-4386-bc17-ea9c77d9d15f,50,1,1,0,1,2
17559e3b-a423-48d9-8d5c-bc6c63200296,50,1,1,0,1,2
28d03529-cb4f-45fc-98a0-2e23e15b3f4d,50,1,1,1,4,8
9c44fdcb-4470-4c87-97e9-0ec94799481e,50,1,1,0,1,2
aec74954-6ab1-4ae5-83ce-62e22dccd044,50,1,1,0,1,2
8e3433b0-86ff-475f-ab8c-c5848cee4568,50,1,1,0,8,16
d5a105a5-09e1-4fbc-9a5e-02bba7fc9d2a,50,1,1,0,1,2
e4bb8978-0961-4646-af1b-cc2625a1cfc3,50,1,1,0,1,2
4fd91658-dd23-440a-a2d8-694981e69724,50,1,1,0,1,2
a3102ba7-829d-40be-91c7-4910b8b21c2d,50,1,1,0,1,2
683baac1-7b67-4332-a456-6b92612bcb1b,50,1,1,0,1,2
ec3f6186-f5f4-4cfc-85b3-55907bf355e9,50,1,1,1,1,2
c67797e1-a32d-4669-8d25-335643be937e,50,1,1,0,1,2
dbec7269-61f7-45c9-a0db-4342adec16ad,100,1,0,0,8,16
b73df58e-9ab3-4133-8e10-888ebf6deddd,50,1,1,0,2,4
f88f998e-fa22-4768-b70c-fbefb7be4396,50,1,1,0,1,2
1f7806c0-5abe-491c-ae2f-a333c970b707,50,1,1,0,1,2
19430d47-546b-47ce-bac3-3fae4e1450c5,50,1,1,0,1,2
e068cc36-6af9-4ae9-8f19-182352b13ea9,50,1,1,0,1,2
8c20200d-58af-424c-9ddf-2c87cb2755e4,50,1,1,0,1,2
9b646031-3524-4fb8-9111-24ea6a480c8a,50,1,1,0,1,2
ef6ee2f5-a54d-444f-aa8e-674a199265c4,50,1,1,0,1,2
00e80108-ce5f-4988-936c-a8c6fff6a55f,50,1,1,0,1,2
1970a5b6-efa3-43d6-8911-5fbd22e37759,50,1,1,0,1,2
0657781d-dd77-478c-9329-d316ffbf2d16,50,1,1,0,1,2
40a4b963-f912-4a88-a825-bec58232b75e,50,1,1,0,1,2
00426167-7aff-4e1e-bbdf-7299925ecbb1,50,1,1,0,1,2
2baf7090-3aaa-4c34-98ab-855034c84674,50,1,1,0,1,2
dc3a0bfa-bbf7-4a4d-bfca-12dcc246507e,50,1,1,0,1,2
6ec16724-ab8c-4c72-9694-b68f1f5dc467,50,1,1,0,2,4
e9d46071-2404-43c0-aaeb-f86fbf47bbb5,50,1,1,0,1,2
c1b71f3f-3456-4765-bb5d-3b9d9eb6ad5f,50,1,1,0,1,2
c7fe9b33-a49c-4794-9f77-4ee2aa9cc87d,50,1,1,0,8,16
687e3ade-9910-4c79-a5ce-73071da16e9a,50,1,1,0,1,2
06f9dbf7-eaed-4e93-aaba-dec258ccbf3c,50,1,1,0,1,2
70499f80-7f66-4593-88c4-697bd11c8f02,50,1,1,0,2,4
f2f10e4c-9fea-4477-ad0c-f22d7573a9d8,50,1,1,0,2,4
eece4850-e8c9-4dca-818b-ae1475b3538a,50,1,1,0,1,2
e034e82e-0d5a-40e8-a1c3-157980022a73,50,1,1,0,1,2
f20b2967-85e1-4a46-b452-cb26390b3673,50,1,1,0,1,2
f7d6c7ce-319a-4cac-81cb-683b2ce54cc5,50,1,1,0,1,2
024c1cc1-16f3-460a-9b10-30c15b962023,100,1,0,0,2,8
0eb7a6a0-67ca-4781-8bd2-22a9953513f8,50,1,1,0,1,2
863de230-ee37-487c-9a92-5c558183a45d,100,1,0,1,32,64
cbe7860b-61dd-4576-992c-d3fd02cf24d8,100,1,0,1,32,64
2fc07987-06d0-4441-8337-14c9d7a683e1,100,1,0,1,32,64
476370d1-9c8f-4a25-871f-5804dbcf03c5,50,1,1,0,1,2
7fc93a13-abb2-4e1d-8918-0d410953944a,50,1,1,0,1,2
221a165a-7223-41ac-85d8-c882052bdff4,50,1,1,0,1,2
169d8524-3eea-48b9-b36b-f2cdc8ebafcf,50,1,1,0,1,2
31220f06-d0d4-48f1-84cc-d4dbb31fbdc9,50,1,1,0,8,32
dea4dba6-68fc-4e0b-89a8-7715ccfa67cc,50,1,1,0,1,2
ddbb35b4-e7e4-4531-87b6-39eac4f54d52,50,1,1,0,1,2
b1cb1123-309a-4b44-b76f-6353bda5fa12,50,1,1,0,1,2
25246111-b27c-4f85-9644-c8fbeb67da56,50,1,1,0,1,2
f6f97cd0-756b-42f0-862b-7965b7ef54c4,50,1,1,0,1,2
89d590b7-c9c7-4a73-891f-912fa0cbd934,50,1,1,0,2,4
167fef05-5035-4830-b875-0f67aabd0674,50,1,1,0,1,2
e67537e6-85eb-438b-a723-0917078b9dea,50,1,1,0,1,2
0457ad37-85a7-4dcd-9a28-7d53b433682f,50,1,1,0,16,64
12baa63b-9ee5-4b3c-a653-97aeecf96a10,50,1,1,0,16,64
9224e65a-a4e2-427c-af6e-8074531bed28,50,1,1,0,16,64
7146105a-3bcc-4466-837c-816a07d9cbc7,50,1,1,0,1,2
45df1775-edc0-4257-9ce6-f10a4023a433,50,1,1,0,1,2
247fcc65-7124-477d-b9ba-35aa01064dbe,50,1,1,0,1,2
c20474fe-e148-4f40-bf12-8e170c4286dd,50,1,1,0,1,2
ed297db0-86bb-440d-ad7b-610781b25b5e,50,1,1,0,1,2
4e00c422-79b3-4127-82be-f787bb0c43d0,50,1,1,0,1,2
2d0cc4d0-1e26-4daf-9649-26e4cb7410a8,50,1,1,0,1,2
607a1fa1-576d-4904-83a6-c99f8222db29,50,1,1,0,1,2
a867734c-7385-4e61-bfbd-3f8e6ba5c987,50,1,1,0,1,2
0f74fa03-2f32-41c7-8158-6e9b41b60ef4,50,1,1,0,1,2
66a76e3e-f318-4427-9d82-681e3461e9bc,50,1,1,0,1,2
6cb49fd7-7764-49e7-a2f0-d999fd825f46,50,1,1,0,1,2
39f0c5bd-4b0d-40fd-8759-dc20b71317d5,50,1,1,0,1,2
967690b0-263c-48d6-acfc-f66dfec21a22,50,1,1,0,1,2
cf51bc14-5583-40f4-81a4-1cce7927375a,50,1,1,0,1,2
240e5315-9002-485b-9bee-06b462a3fc00,50,1,1,0,2,8
6c76df27-e41d-4c21-b100-5796868eb23a,50,1,1,0,2,4
b802c239-6243-4b77-80e4-845adda848cf,50,1,1,0,2,4
a7f888f1-0074-482f-a811-3d2f444c08a2,50,1,1,0,1,2
e4d92af8-a971-4eac-8a5e-09e46f2bfd9c,50,1,1,0,1,2
1cbbd5fc-6c68-436a-b7cb-7279308304b1,50,1,1,0,1,2
447eb495-dd48-44c0-8eec-f9632f6f0182,50,1,1,1,8,16
e71e96f7-c80c-452a-9599-2c67595ab9c9,50,1,1,0,1,2
32b892f1-426a-4728-b887-3550b3ba0700,50,1,1,0,1,2
76eba55c-2869-48d7-a3ea-9ca328356d2f,100,1,0,1,64,256
60ae0b85-02e9-406d-a6db-a61a3ae6b03e,50,1,1,0,1,2
9090f70b-3b48-4b57-aef6-567f404a89e8,50,1,1,0,1,2
f05b7368-a2ea-4b5f-9c91-5fa3f4476e42,50,1,1,0,1,2
bb9baad5-4442-4ec9-9a20-7896a5107011,50,1,1,0,1,2
c0115cf4-2f39-4d42-80b0-65c8db630aed,50,1,1,1,4,8
c8378073-ef8f-441e-8216-26aef160df22,50,1,1,0,1,2
8cd22fb6-4c0c-4265-a181-47ed39e5d7dc,50,1,1,0,4,8
2815ea3e-f090-4a88-815f-cc595b6f1d7c,50,1,1,0,1,2
982b634a-a4f5-4ecc-8c27-47d5f5e2b3e4,50,1,1,0,1,2
5b02870c-7d9f-4eca-916c-4bd037c2cbd5,50,1,1,0,1,2
bcb8ebc6-8a27-4a40-a184-1e9861d0fdce,50,1,1,0,1,2
21424c24-3ac8-4191-ab4c-eb2690a4c19f,50,1,1,0,1,2
76bc90c2-c6f9-46f3-bf8c-8b255fc2deb1,50,1,1,1,4,8
9cc3771c-ecd2-4b8e-8b2c-edca9a8ebbe4,50,1,1,0,1,2
16247d5f-a855-4306-b2c3-6cf5a04cf54f,50,1,1,0,2,8
278b0dca-5d72-4d42-8869-e1b5cc5bf57b,50,1,1,0,1,2
ee712441-1b64-443b-8440-8beafd0a967c,50,1,1,0,1,2
7b26f793-4a50-4854-bd9f-832ba3da8ba6,50,1,1,0,1,2
3c425910-0cc0-4762-84d6-ff4a6b9f50b8,10,1,0,0,1,2
8182e23a-9427-4f88-a4a0-1559657fc020,50,1,1,0,1,2
7e27382f-ce49-4abb-9e65-c228d119bb37,50,1,1,0,1,2
b953d3a4-4883-40c4-99b9-c0bad8d863cf,50,1,1,0,1,1
7423dec0-c35c-4b99-9e2a-9a86c2326f51,50,1,1,0,1,2
4be171ec-5090-4e2f-a0bf-37d8e14488b0,50,1,1,0,1,2
01e57c00-e207-4f02-9871-f39027a5ceb4,100,1,0,1,64,256
50c6f965-b2ce-492c-b82c-43c30b9d6ba2,100,1,0,1,64,256
d5ed4748-0538-43ab-970e-0bc778dd547d,100,1,0,1,64,256
69a58602-863e-4844-b057-6ffab847ead3,50,1,1,0,2,4
4c0ee8da-2291-4469-920f-03613a6b6885,100,1,0,1,32,128
6e7458d2-b21f-4ac1-bb98-ccf6f8a7248f,100,1,0,1,32,128
3ef8fe9e-9f74-42af-857c-77eefd807f1a,100,1,0,1,32,128
476e5c0f-9fce-4ecb-b630-cdfb7018b0e5,100,1,0,1,32,128
7790083c-c1ae-45bf-b519-dfb832ac4d80,50,1,1,0,16,32
860f8d54-e0f4-4eed-a754-bfeead60ba48,100,1,0,1,32,64
85d70189-c091-4cb2-b6f9-f61cf2b1f677,30,1,0,1,8,16
c82c1945-85cf-4cb9-a5fc-160dfcd7d71c,30,1,0,1,8,16
0d2953ae-e4df-4949-a993-213a6ac218d5,100,1,0,1,64,128
480bd030-a408-4c60-a20a-a184e75f7757,100,1,0,1,64,128
63767acc-8e5c-484b-a383-25df9aa6097a,100,1,0,1,64,128
7fd5d76a-6ff8-421a-848c-beeb22151d51,100,1,0,1,64,128
c8b3af6e-82f6-42b1-ae98-73c760e4bbee,100,1,0,1,64,128
ce1cc541-7361-4b98-a3be-2eeaf868080c,100,1,0,1,64,128
58032459-e920-4916-af5a-e5fd504da752,50,1,0,1,4,8
14a36a9e-fa6b-4038-aa7a-e68da08f3477,50,1,1,0,32,64
46fb570d-6ba5-438f-9770-706050d4a076,50,1,1,0,32,64
6241b8df-65ff-45dc-9a4d-5eb97fb598cf,50,1,1,0,1,2
db8f932f-e329-447e-8aee-032638596ce0,100,1,0,1,32,128
f071df85-e617-48d3-badf-7970ae52c85d,100,1,0,1,32,128
649a8aab-13c9-4101-baa9-0eb7aa22452a,100,1,0,1,64,256
5a9ee857-e3e4-4f8b-b414-c36e47ea1eb2,50,1,1,1,10,40
8cc73588-005e-4731-84e5-cb9b6ab071d7,50,1,1,1,10,40
4381765d-f3dd-46b3-8fc4-412823378042,100,1,0,1,32,64
4bf00bc7-f85b-45cf-a2cc-cc7ddb4b6ff9,100,1,0,1,32,64
5bd469ee-9dad-444f-b2f1-0880d083b383,100,1,0,1,32,64
6bb27c64-7723-4b73-858d-68ea49566616,50,1,1,0,1,2
f953ce9a-de8c-493a-aa04-d31276bc8415,50,1,1,0,1,2
7ecd1a4e-2671-4926-8eeb-da012f26ebd0,50,0,1,0,2,4
9403f252-ef10-4661-91b4-0becda0ce694,500,1,0,1,16,32
943bb84c-de21-4edf-abb9-cbd07c9686a3,500,1,0,1,16,32
3a819359-55f6-438d-83d5-b3107b54b136,50,1,1,0,1,2
854b89b0-7724-46d4-9b7c-cdebe8482b9d,2000,1,0,1,16,32
9ed7d575-449e-48de-83f8-6830855e11de,100,1,0,1,16,32
508ca791-160c-4a28-9fbf-9e58ec66f49e,100,1,0,1,64,256
49959f58-a221-4fda-b30c-a22459dda18c,10,1,0,0,2,4
87cd84d7-4296-49f8-9926-61efa3214ab9,100,1,0,1,16,32
37b3386f-b560-41ad-ae94-d7d87a156d04,50,1,1,0,2,4
53c61925-7e33-4a70-a057-a306f8251503,50,0,1,0,1,1
2a036406-b9dc-46ba-b946-2dbbe4dabba4,2000,1,0,1,16,32
8f355f6f-18e1-4457-99d7-0c6966d9c461,50,1,1,0,1,2
3562f95f-b6d7-4d28-9b7e-e2cb5c14d3e7,100,1,0,1,16,32
f3d45b7e-8a4b-4035-977e-2dbfd6cf25bf,100,1,0,1,16,32
00141396-c9ca-4c12-ad94-69749e435b26,100,1,0,1,16,32
02b127e7-c531-4063-8baf-f57646ef5c8e,100,1,0,1,16,32
58c5ffdf-09c5-4786-9cec-aa050adc8f0d,100,1,0,1,16,32
751df2be-d799-4178-832e-54af1f0fed13,100,1,0,1,16,32
a0332ae7-89a1-467a-aca0-2612b567f2ac,100,1,0,1,16,32
0a574655-c0a6-4730-bfd9-639e5a17c849,100,1,0,1,32,64
7ded287b-02fe-49c5-9841-8bf427486ccd,100,1,0,1,32,64
938b44f2-a6d0-4a82-83ba-13e69ea54ad0,100,1,0,1,32,64
d6561045-ef64-4285-b5ea-39dce498d18c,50,0,1,1,1,1
6ef460a6-20f8-4ec3-b33e-251d4aaeeae8,100,1,0,1,32,128
cbfca6ab-2945-4a16-a419-a81b2875d52c,100,1,0,1,32,128
c7266bbf-1f4c-4061-8c6f-195b710ca23c,100,1,0,1,32,128
c2f8cc40-ba21-41e2-9303-04a7d13c7368,50,1,1,0,1,2
64922e65-05ae-4128-a222-1b9fc6e374d2,50,1,1,0,1,2
9b189262-8a6c-4dbf-9682-8c496cba8307,50,1,1,0,8,32
286cd0c2-6b56-44f7-85c0-eeb357c4831f,50,1,1,0,1,2
66827dd3-5961-4983-9385-16f16ccd4882,100,1,0,1,16,32
9934a981-a172-4746-8073-a61c438151a9,100,1,0,1,16,32
e8cec29c-4caa-460a-bcab-470881c15fa2,100,1,0,1,16,32
58c32487-1d70-474d-b8f6-608dc539a153,50,1,1,0,2,4
26b63f8d-9079-4460-8687-e1fd753a8479,50,1,1,0,2,4
cd4131a4-6351-4b75-87f5-b5b8d9dd2a6f,50,1,1,0,2,4
01df0048-e995-4ab9-a896-92c455bd8b80,50,1,1,0,1,1
d311be31-9c27-4a1f-bcc7-63062d6cba7b,50,1,1,0,2,4
ca4e2e91-1528-4818-9c26-69261ef4016d,50,1,1,0,1,1
aaeac69f-4695-45e0-92ce-1d35e1601d5b,50,1,1,0,1,1
b46e12ea-8fb3-4628-a321-747b2dade686,50,1,1,0,1,1
22094ee0-0484-4979-922f-4b7d3fe72b38,50,1,1,0,1,1
67dca0ac-5e6c-492a-ad85-648f137687ef,50,1,1,0,1,1
6d8b8938-20ed-4ba8-9ce4-f1a0a08ed5c7,50,1,1,0,2,4
8c4f16ca-bc45-4562-b332-9fcf9707275a,50,1,1,0,1,1
91e497c6-84ea-4390-b133-044d15545e3a,50,1,1,0,1,1
f547f1d6-c65e-408e-967e-7bba76a44a48,50,1,1,0,2,4
c83e23aa-6a55-4b11-a56f-81e10f0e3b84,50,1,1,0,1,1
56d2ea17-8832-4a6b-a3fa-9273e94ce3b1,50,1,1,0,2,4
4ef7c8b1-fd42-4fcf-bb2b-1d69cc3159c0,50,1,1,0,2,4
189d1083-92bf-4459-8f09-3365781b3819,50,1,1,0,1,1
7032b8e2-7ba8-4081-b4d0-52b7cf7562e6,50,1,1,0,1,1
8bbab3ec-a2aa-4fb4-b15c-b74ac909e014,50,1,1,0,1,1
8caaa7ad-423d-443a-bfcd-c437af24e031,50,1,1,0,1,1
87d37343-8017-4a89-adf8-5f8a9d794019,50,1,1,0,2,4
01dc3554-21ce-470f-abec-83ddfcf79c49,100,1,0,1,64,256
708ecd06-b46f-40ce-9b62-87643fa3befa,100,1,0,1,64,256
9280caa4-d8e4-4f32-9050-6c189972f146,100,1,0,1,64,256
0601162f-05a5-4263-9177-3b49d85d04fc,50,1,1,0,1,1
1423dabc-ee21-40ee-9593-d017b31b4195,50,1,1,0,1,1
345160bd-8451-485a-baca-6083509522ab,50,1,1,0,1,1
3d74fb7e-fe0e-486f-aeb7-b16d040e2764,50,1,1,0,1,1
f6c1974b-97fe-4f15-9838-0a8c7a719b57,50,1,1,0,1,1
7305c8a9-f360-4e7b-ab98-c3cbdfb3916a,50,1,1,0,2,4
450dd820-6763-4457-90cc-26dfe2c2be49,50,1,1,0,1,1
0034cab4-bd24-4e7c-a150-2c8f08b3c58d,50,1,1,0,2,4
aeb5ee46-b3c2-4d3c-ab58-2d885226f10b,50,1,1,0,1,1
c2342d35-c413-4624-bd8d-850c9bd9971d,50,1,1,0,2,4
80ef36be-9708-4627-a46d-8463b3b06dc2,50,1,1,0,2,4
538ba866-ed63-44fc-9e75-a4104fd0a0d9,50,1,1,0,1,1
53e04535-fbfc-45eb-b89c-2481422c47f5,50,1,1,0,1,1
f6ec1d12-3bb6-4319-80d0-4ad3ffe4b84d,50,1,1,0,1,1
bf30c7a2-d03e-481b-9bb6-b460d7b172f5,50,1,1,0,1,1
eb459df6-c89d-4f29-aa08-157516de285c,50,1,1,0,2,4
9e2693c3-56c5-49f3-9943-355960a0a1f9,50,1,1,0,2,4
e37f6473-ee2d-44d7-9c43-660c4a5b5773,50,1,1,0,2,4
fb96a330-8579-4ef4-9de2-33f60c87e4ba,50,1,1,0,2,4
06641bfd-87a8-47ba-8af6-f07d6abfdfb0,50,1,1,0,2,4
e45714ab-b36b-42bc-ab0f-9f0cec82b098,50,1,1,0,2,4
3b8ea5d8-7396-4704-80b1-159a52a0b0d6,50,1,1,1,4,8
5d238df5-2d20-4704-8cf8-513509655005,50,1,1,0,1,1
03f72b1c-35c1-44b5-8e56-adbf2bd0c96a,50,1,1,0,2,4
0f2e483a-626e-45f8-9dd8-5d351657adc9,100,1,0,1,32,64
c7982b97-cb2c-4010-8d3c-5811af9e2a18,100,1,0,1,32,64
0d3f0c74-5dc7-41e6-9a13-06ed896ffa60,50,1,1,0,1,1
75ac9f51-46a2-4461-94f8-68291a67a031,60,1,1,0,8,16
37604e87-b85a-4402-bf86-0788baf2bfe8,50,1,1,0,2,4
4c5e7cc6-3642-4386-8f1f-52c70c9007dc,100,1,0,1,32,64
0c92559e-f44d-40d8-8dd1-c01deda46638,100,1,0,1,8,32
43612dfe-553a-4389-819c-3c5ef8b19b96,50,1,1,0,1,1
76b72972-b988-4746-ba9a-2a3943d8dcad,50,1,1,0,1,1
f5babcce-9c9a-445d-ae83-0183d20e3924,50,1,1,0,1,1
becbf3cf-19db-486e-8a54-0ba73802873a,50,1,1,0,2,8
3a3e58d6-4069-4761-981f-a810ef4a4e00,100,1,0,1,32,64
63fbff12-b1bb-41d6-a3a5-3a623aa2b671,50,1,1,0,1,2
235a965b-8080-4544-b5af-1adc37b40509,50,1,1,0,2,8
7913047e-a188-4df6-b5f2-433cf1809a8c,50,1,1,0,1,2
c47ea9f9-78ff-4f42-b8b2-abcdfd24e299,50,1,1,1,2,8
3b4fc48d-db07-45ef-97b2-0e787f0c5721,50,0,1,0,1,2
bbc6837c-34e5-4a86-a481-a372d51c942e,50,1,1,1,2,4
feade77b-346a-468c-b26e-f60e476913d4,100,0,0,0,8,16
9044954c-7b21-4ee5-afd7-ae805a182376,50,0,1,0,8,16
17de9807-d2c1-4662-bf40-e31be9ba86e1,80,0,1,0,1,2
a8a89acf-a24b-4706-8339-dd678b852f91,50,1,1,0,2,4
58a9700b-c6c3-4333-bd6b-a2caf2141588,50,1,1,0,2,4
589bf042-bd28-490e-877b-89891ac27aa4,50,0,1,0,1,2
76eb9221-4b16-4b42-8f90-b399c1c47844,50,1,1,0,2,4
67a6109b-a292-4ce3-8f0b-c5d15b142d34,50,0,1,0,1,2
b23965ff-7c67-4436-9ee0-9835c58de71a,50,1,1,0,2,4
de4c90b6-0ec2-4ccb-9699-c92c2564a6ae,50,1,1,0,1,2
623f9a0b-612c-4faa-8c51-69cb2354fdcb,50,0,1,0,1,2
7cb633fa-ec6a-4d4a-977b-99fe8bfacbca,2500,1,0,1,32,128
2e52e2eb-9e94-4050-893f-6f4b75d57177,50,1,1,0,1,2
720b152b-f3d3-4191-bad2-9cb19b0f7827,50,0,1,0,1,2
93b45797-4cb9-4fe5-80b2-4589f64259a9,50,0,1,0,1,2
6c6b7812-fe17-4dff-bc22-3b40a70bb828,50,0,1,0,1,2
5a938ffc-d5ad-4ce0-a3c0-bb0e41370502,50,0,1,0,1,2
6a22360c-d7c9-444b-9c41-c7b7f04b4fab,50,0,0,1,2,4
46b986f2-c441-4c36-acf6-f736fb51bc0e,50,1,1,0,1,1
b824caf3-21e9-46fc-ae2f-ab5b0c9d65c4,100,1,0,1,32,64
cfd72698-2c27-40af-bb5d-cce06a37f207,50,1,1,0,1,2
f0d9114e-4a7f-4d08-ab2a-1c2f4ba4fca8,50,1,1,0,1,2
715084e3-f812-42ad-be38-e4f988115a2c,50,0,1,0,1,2
42d0a3f5-eba7-40e3-8dff-72837cb01027,50,0,1,1,32,128
3f3f8f08-a024-46eb-8985-c6d0eb98ebc2,50,0,1,0,1,2
57b3705d-320d-4ab7-a7d4-1a209bd3559f,100,1,0,1,32,64
73ba4166-fa23-42f4-9df8-f0b5dbe8f8e9,50,1,1,0,2,4
dc6bff70-fd97-47df-b288-149282af0c85,50,1,1,0,1,1
429530d6-a997-4c04-b5fb-87affe7d092f,100,1,0,1,32,64
1b628473-c256-43bb-9fdf-514fc4fef3b9,50,1,1,0,2,4
380ae267-a561-469b-a8c1-b679178e3867,50,1,0,1,8,64
a2748412-6458-474d-a37c-306d46b73119,50,1,1,0,2,4
07b79cdb-c03a-42d3-99e2-fa7aeacfbb7a,1000,1,0,1,32,64
21b6f23d-8a8a-4000-a319-53ab9aa0568f,1000,1,0,1,32,64
eb53a8a0-b726-4d06-b61e-b55bbf923a45,2000,1,0,1,16,32
ecf28155-b535-41ad-8d81-4f42c2bb9f0d,50,0,1,0,1,2
0d38c5ad-b7fc-42f6-86fb-076aee70723e,2000,1,0,1,16,64
05f41d89-afb4-4bc3-b53c-5013715abc6b,100,1,0,1,16,32
88640b37-3b4f-4cbf-9839-040c3e18436f,50,1,1,0,4,8
15a3963a-33a1-44e1-90f3-c5252cbd311f,100,0,0,1,8,16
d4338d3c-da80-404a-9370-31da1fcdf9a1,2000,1,0,1,16,32
db47fd83-8ab7-4926-9a86-2087a1175cd9,50,1,1,1,4,16
a142146f-352e-457c-bff7-c60c4663ce53,100,1,1,1,180,464
e6c9a97e-5ccf-4c3b-9fe9-ac5c98989801,50,1,1,0,2,4
91e9a3cd-676c-4258-b196-d1a68a5e4cad,50,1,1,0,2,4
681c6831-2878-4dcc-b8b5-d84ce5ff73b7,50,1,1,0,2,4
ec97680e-dafc-4502-b38f-0e43c3667ab9,50,0,1,0,1,2
6711cf55-7287-4e64-a5a1-0491198ce582,200,0,0,1,8,16
c050ab1d-d932-4668-ab7f-0468c4be379e,50,0,1,0,1,2
c6f79b51-4395-433b-94ea-4841226ef2a8,50,0,1,0,1,2
0548fed5-2ae4-4e14-95cf-60c3fc9661ca,50,0,1,0,1,2
3f255f00-461f-4bc8-832e-77d3cbc0f09d,500,1,0,1,16,32
dcbf258a-5a35-4500-a4cc-c34e602ea321,50,0,1,0,1,2
0a94f8c2-81d1-441d-826e-651a33f25032,100,1,1,1,32,64
b0e1d299-3dca-4bdc-95cf-2eaba70dddc5,50,1,1,0,1,2
0db90c76-c271-44de-a1c3-0ce133877ebf,50,0,1,0,1,2
9f166477-eba2-4337-bdaf-8c303921a689,50,0,1,0,1,2
b49babe3-d20c-4eb2-9428-cf7a04215973,50,0,1,0,1,2
b5dc01e6-3696-4edf-802b-858100103e2f,50,1,1,0,1,2
35002bd2-b940-450a-a2ed-01511f8ee865,100,1,0,1,16,32
579656f2-732e-4710-a1be-23286eac74be,100,1,0,1,16,32
5c4adad7-a1e2-4862-84e9-737c56ad60ca,100,1,0,1,16,32
7ebab5e2-2a5c-4f90-9707-0114334dadc8,100,1,0,1,16,32
b4df4b1b-d5e2-4967-9e17-919e738d1d6c,100,1,0,1,16,32
cf9b9977-a9b4-4d32-8f96-7b79e55761e4,100,1,0,1,16,32
e2268ea6-971e-48c4-a368-8d634be5de08,100,1,0,1,16,32
becac319-4ad2-4a86-9452-3de7f417cc04,50,0,1,0,1,1
aacbd735-d7fe-4c78-8585-2481418b5c81,50,1,1,0,1,2
f7e347cc-ec84-4d2e-99eb-75b028b50772,50,0,1,1,16,32
45559179-ba79-46d2-b643-0652773c04da,50,0,1,0,1,2
796f5391-2d4d-498d-b4d2-1d6b57ba288d,50,1,1,0,1,2
83c5905d-6a0e-4755-a187-150145c680fb,50,1,1,0,1,1
4c3c50f1-b75f-46d6-b883-0957da6a6ff4,100,1,0,1,16,32
5d9b1fb1-d4b2-4c8a-a514-33e5ceba7236,50,0,1,0,2,8
2e0f941a-954d-4b9e-9aa4-00cc338229bb,50,1,1,0,1,1
17f7f9a2-c838-4b21-97ef-51825c189206,50,1,1,0,2,4
7458ca7e-cca6-47c4-91ab-102ef2fc1b38,50,1,1,0,1,1
5ecdfe4d-6385-458c-a23b-f0c151f7ed39,100,1,0,1,16,32
721a8a04-4f45-4e0a-ab32-519d4bd39446,100,1,0,1,16,32
f702bff1-0e59-4602-83f6-047ca9a1e3d7,100,1,0,1,16,32
fb76d390-b153-4bab-923d-21d8c7bfb74a,100,1,0,1,16,32
eb3e33c5-0183-4616-95e3-5411e0101df7,50,0,1,0,1,2
1869c7bf-18e9-46bd-b447-f0a3bcbdf6b8,50,1,1,0,1,1
4a2b37f5-d9ed-4693-93f4-4778ae546ac7,50,1,1,0,1,1
ad2a91f5-76ab-42b2-812c-2e1cf2e92d91,50,0,1,0,1,2
8ed12623-fd2e-4caf-888c-d877ce166cb4,50,1,1,0,1,2
6ad31581-445e-4d27-9da6-f219a88a4944,50,1,1,0,1,1
50211279-adb9-4347-94da-7520c6e97a5c,50,1,1,0,2,4
a838c4fa-4870-4dd5-bba7-49d44c4822a5,50,1,1,0,2,4
b92ef31c-a114-4f99-a060-2940d996460c,50,1,1,0,1,2
b902a65a-4334-4a45-acf2-8800721ffb6d,50,0,1,0,1,2
ab01d195-4794-4c38-90d6-b8e0a5460441,50,0,1,0,1,2
2350c660-c594-4a09-8862-61d5fa45263f,50,0,1,0,2,4
9530df8e-0148-4f39-9af9-52aa643ffc22,100,1,0,1,32,64
6b858ca6-ed24-4b5c-9cca-ce7d323d19d6,50,1,1,0,1,2
19195be1-0a94-4bea-9553-da0d0534e431,50,1,1,0,2,4
ca469299-fb56-40f2-9df2-e2191415a544,50,1,1,0,2,4
3a871327-a59f-4d9a-8e77-970beeac688d,50,0,1,0,1,2
0a450dc0-66c7-4c65-89f3-ad988cac496b,50,0,1,0,1,2
415d0599-f0f3-4bdd-adb3-1eb7f1463f8f,50,1,1,0,2,4
df0c6d20-25f7-4fcd-bd34-023bf41a74d1,50,0,1,0,1,2
84de6e02-56f1-47d4-84f8-d5d47f017ae5,50,1,1,0,1,1
5ac211ca-8c12-49b5-a98a-2718046caded,50,1,1,0,4,8
94d76c21-388d-467d-a2b5-dcf901843fa2,50,1,1,0,1,1
e8fbd8be-6b62-44c7-953e-b5ad3c38ac01,50,1,1,0,1,1
c76c975d-7f6c-4d58-a163-cdd3e91f3947,50,0,1,0,1,1
4db7dc9e-03d9-442d-b2cd-2163356ba67f,10,0,0,1,2,4
6e9ae7dd-535d-4aef-99ef-799c7f704ebf,50,1,1,0,2,8
43c002d0-e6a3-42c2-88d2-7b139c50c91d,50,1,1,0,2,4
3d5453cb-53e8-4a5e-ab6d-9f370a9b496d,50,1,1,0,1,2
c70fab27-581c-4c66-8850-258dfda2806b,50,1,1,0,2,4
77a40897-06a1-4aad-be72-72bd4f57170a,50,1,1,0,2,4
7e9e55e5-728f-40e8-92bf-7ead87d0c1a1,50,1,1,0,1,1
b5231bc4-ef43-4a65-812b-57b414867f9b,50,1,1,0,1,1
baffaa5e-2d9b-404e-9207-26bfd85dc054,50,1,1,0,2,4
9ca130ec-e770-4cd7-afa9-c9915bc75f69,50,1,1,0,1,1
b972317a-a470-4958-8cc9-ff7e7c8c6508,50,1,1,0,2,4
0f667814-05f6-4e79-a911-6df70fadf1d4,50,1,1,0,1,1
7a98da5e-9b2a-46a2-847e-b4cdb39c94d2,50,1,1,0,2,4
93da9297-cc64-4493-9385-198c272e6836,50,1,1,0,1,1
5ac1d90b-0d5b-41cc-956a-580e0c888fc3,50,1,1,1,8,16
d86f2f7a-8c98-466b-82b4-609a6403c6b9,50,1,1,0,2,4
30001759-554e-4790-8544-927d69099933,50,1,1,0,1,1
ac470f8e-172b-4f3b-84d0-407a3f08aab6,50,1,1,0,2,4
1e8c4e02-7b74-48d0-9893-a6a34bf0d9e6,50,1,1,0,2,4
601d36bd-1eae-4df8-9289-4a2b1a8aa856,100,1,1,1,16,64
61577826-75f0-4cec-ba95-bb5cb35c2bb1,50,1,1,1,4,8
a21e9352-935b-4090-b059-eef863a0179a,50,1,1,0,1,1
1c0175c5-40a4-40bd-b9c0-cb56fdfca86f,50,1,1,0,2,4
55e49dab-b54e-4ce3-8d35-9054d3af83be,50,1,1,0,1,1
cec4b173-6e52-49de-b028-a889508ad10f,50,1,1,0,1,1
5c5eb972-22f4-4b6a-a707-84798154216d,50,1,1,0,1,1
96e23509-3faf-4b3c-b991-7e2478df767f,50,1,1,0,1,1
8181cac3-d5c8-46d7-8e63-021fb87a1a8e,50,1,1,0,1,1
2cb0b8c6-216d-4d9b-896c-2fbbbaa9c557,50,1,1,0,1,1
84691207-5481-4583-a3b0-a2ac9d0e1650,3000,1,0,1,32,128
c23da94b-a0be-49a9-8018-6278cd7f0dbd,50,1,1,0,1,1
366b0d7f-f932-4a4f-a451-ea92ee147f88,50,1,1,0,1,1
3e62f1de-8e45-4714-abda-aa74bf64a1fc,50,1,1,0,2,4
c1e03432-3485-40e0-8593-d084b856ff71,100,1,0,1,16,32
c9bc5bba-7126-4dd0-872c-68dce988ca22,100,1,0,1,16,32
9cc9a8d6-9eab-4f6b-b1d1-ca0d32fe9582,50,1,1,0,1,1
d6069eb0-3dfb-42ed-a7a9-4e58f35155c0,50,1,1,0,1,1
b30c034d-bb49-40ae-82d2-5c0ce7158168,50,1,1,0,4,8
c481afb4-57c8-4959-a428-ee092037f5c9,50,1,1,0,1,1
69aec155-c4e2-4317-9ef5-b8fe6c0a5576,50,1,1,0,2,4
d3d827d0-5792-4020-abb0-26e536d5beb9,50,1,1,0,1,1
5fad037a-3b25-4009-a369-1e4c98124522,50,1,1,0,1,1
14f9597d-3a94-4ad6-ab6a-6df95ca0fb56,50,1,1,0,1,1
13ea4106-f9c1-4948-b259-280ccd056327,50,1,1,0,2,4
6e7477ce-7e83-43d3-901e-e7cbafa1cb88,50,1,1,0,1,1
4e906751-5cca-4970-b231-9a0c0144b721,50,1,1,0,2,4
f550886f-179f-4e76-a942-a68a6569b648,50,1,1,0,1,1
2d2aace0-7ca9-44de-a68c-0c9a45186cec,50,1,1,0,2,4
a0a5fc67-04e4-4eb6-85f5-082af907482f,50,1,1,0,1,1
a432d671-cccd-44ce-b09c-9cfaac7257a3,50,1,1,0,1,1
a57dc7c8-ffe4-476b-b95e-45ef62fa0cda,50,1,1,0,2,4
cc815593-15b2-4eea-911e-01e6fe8ba2e6,50,1,1,0,2,4
5ad03e25-3862-4773-b86f-bd4361356e3e,50,1,1,0,2,4
b3306c33-9e0f-46c2-b985-a992f13e68d4,50,1,1,0,2,4
c8f4058b-8fff-4419-a942-db664be00b51,50,1,1,0,1,1
b08b812d-eda1-483e-9e0b-2db43ed98d39,50,1,1,0,2,4
230d3636-90de-472c-90e0-e3ac924ab5e0,50,1,1,0,1,1
7874c105-f961-4a5d-a31d-9df05a634353,50,1,1,0,1,1
8bc405d2-8229-48d9-936f-9baba36a58ee,100,1,0,1,4,8
c32d1cd9-7582-45f0-a9a9-5a00e9ea6ad6,50,1,1,0,2,4
4d894761-7224-4fc8-8501-c2a5e6c50be1,50,1,1,0,2,4
238bd942-b5ef-4681-b667-d1b04e831ce2,50,1,1,0,2,4
50873391-ac6f-49a4-9d19-e65bd98a3de0,50,1,1,0,1,2
8cf63692-f194-4e4e-ba1e-175b94f51eba,50,1,1,0,2,4
deba356e-1d1a-46ee-8564-1318ac734d51,50,1,1,0,2,4
a8faea91-a103-4431-b1d7-26eb1ef98c8f,50,1,1,0,2,4
8ad1066d-72aa-4a79-afcc-4a9656c3e783,50,1,1,0,2,4
a161a9d8-7aa2-4129-93a7-f9052acc912e,50,1,1,0,2,4
4b1186bc-a80d-4770-b613-432cbb6f75f6,50,1,1,0,1,2
6b9ac89a-c3d6-4292-89cf-f88e33950015,1500,1,0,1,32,128
d0b16996-5613-4d25-991a-04fe8a44a755,500,1,0,1,36,160
c5bd06ad-6010-4b86-994a-edc93bb6bace,500,1,1,1,1,2
7fbdbbfc-1358-4a83-b278-e379ee7012c8,500,0,0,1,16,32
5bc0088a-c5a6-4983-91a1-235bdf9c973b,100,1,0,1,32,64
325716ef-617d-4d86-9794-b9511828f611,50,1,1,0,1,2
3c2e5a85-fb00-4a07-89c7-b8880571f45e,50,0,1,1,8,64
51e43267-de4d-4c46-afec-48eeea6fb290,50,0,1,0,1,2
9c8a0e32-a8fc-4d96-87e1-04c25a8ea1d6,150,0,0,1,1,8
350b1cc2-8833-4358-86a3-43a6e1a10e7a,50,1,1,0,1,2
297871f6-40be-4ea1-8bd5-cc7033485590,50,0,1,0,1,2
11deceee-e383-4f37-be07-6b306732940e,50,0,1,0,1,2
0b024a93-454e-4d8a-b3c5-ec60074faf59,50,0,1,1,8,16
2a8f7459-deea-41e2-acd2-a90f971db08f,50,0,1,0,1,2
d5bc6e53-240c-4c44-bfc0-944d20df6e12,20,0,0,1,1,2
622f10b8-639e-4389-903f-7d0547795fc0,50,1,1,0,2,8
cfd51626-d447-4b44-b3db-06766cdd608d,200,0,0,1,8,16
c0eb9d14-f1f0-401b-aa53-ec064d3cd8ee,50,0,1,1,4,8
91ffccd6-077b-4608-b27d-18d48ba97968,50,0,0,0,2,4
33fbe598-f22d-40ab-b05e-345600f46f44,100,1,0,0,2,8
697c1fc4-0f40-4cbe-a97d-dfd0a47425dc,50,0,1,0,1,1
02d255cc-c125-40e8-96c0-8670af4f025b,500,0,0,1,2,8
c061a83b-0d26-430a-906e-f9481aeedea8,1000,1,0,1,8,16
36e837c6-1baf-4bd3-9343-7f6ec009ec61,50,0,1,0,8,16
2ec211a9-ed9b-4d34-8d51-d8494e37c6b9,50,0,1,0,2,4
93e1e99c-9c21-48a4-8094-9cb07d3a0967,50,0,1,0,1,2
6fb4022a-63d1-4f76-bff6-8c6b259fedbf,50,1,1,0,1,2
f3071314-df49-4ff7-8469-0ab673bc349f,50,0,1,0,4,8
d6f0c7c6-f3e5-48c9-85ef-ea64850b3d2b,300,0,0,1,8,16
d698f409-8eba-4956-a613-88f54fda7514,100,0,0,0,4,8
c1f691df-ee11-4313-91fe-e0575f2b7dc2,50,1,1,0,2,4
c7d7e149-c717-45d6-b63c-6c3967db01c6,50,0,1,1,2,4
98f5a547-b3a3-4df2-9cc7-f082dfeeb5e6,50,0,1,0,1,2
d0a8d4fa-d8cd-4536-86e8-85df8eb8c908,50,0,1,0,1,1
62ab4f35-afc8-4f2f-bf0d-a62a654154e5,20,1,0,1,8,16
aa13d5ec-3915-4323-b674-a0235b5b298e,100,1,1,1,8,16
c0701162-90a5-49e8-9cc1-a37f03f7a885,20,1,0,1,8,16
098f2155-53d2-4c7f-b67c-907b0f682b3f,50,0,1,0,1,2
6088494f-9948-4e30-8c53-209730454b1f,50,0,1,1,4,8
bde1c920-a849-4a37-a42d-cd76369f5550,50,0,1,0,1,2
b3f7ff72-992d-4ca4-9e15-fc5239b286b5,50,1,1,0,2,4
052b73a7-c34c-4025-8e81-a869742f82de,50,1,1,0,1,2
0c74d057-dc7c-4116-94ad-0db02b69fab0,100,0,0,0,8,16
96b5815b-d3ab-4926-b6c5-2f9880d6a5a1,50,0,1,0,1,2
78e7181b-24ff-4e43-82d3-3106a701e087,50,0,1,0,1,2
271a1861-c3b7-41ca-abba-eb4ad26049f2,30,0,0,0,2,4
c9d7cf03-962a-4bd5-9ef6-bbc6e94ff7d4,50,0,1,0,1,4
5444e86a-57b5-4b6e-a715-64dcf8349469,50,1,1,0,1,2
1edc462e-0a57-4e65-ad5a-2cbaa9c0dc01,300,0,0,1,2,4
4cb24e28-de95-470c-8ab3-ae034a2a00fc,200,1,0,0,4,16
0eb65907-face-4a9c-af55-775340c041f2,50,1,1,0,1,1
5976bc3f-5fb7-4064-b3c0-f9fd766ba96d,50,1,1,0,2,4
f561941c-d5cf-4ef5-87ef-aee2e4aec350,50,0,1,0,1,2
0bd38076-d466-4048-b201-a26035cdcd2b,50,0,1,0,1,2
3ed1a472-b4a2-4c09-b014-381996547f75,50,1,1,0,2,4
099b4e96-fec7-412d-b858-654eba58fe51,50,0,1,0,1,4
5717e83d-e2e1-4c31-9a84-68cbe3de0e20,100,1,1,1,2,8
93bb66c6-e56c-4d49-a218-55ab94016016,50,1,1,0,1,2
28d0f8cc-ba54-4cce-b60f-01953aa45a30,50,1,1,0,1,1
bf5f28d1-9950-4fca-9112-17292fcd2451,50,1,1,0,2,4
8fe380df-9643-4151-af72-9ec38fdcee95,100,1,1,1,8,32
4b02d5ce-7773-40af-9cca-1327be49efe7,50,1,1,0,1,1
de17fc0c-7e01-41ba-9a91-55b228298d22,50,1,1,0,1,1
53771f9b-906c-45a6-9658-62bb890b483f,100,1,1,1,8,64
014d7300-d8c7-4f50-b32d-b8435909f50d,100,1,1,1,8,32
2c82bc51-20ca-4149-9b01-2981eaf518cd,100,1,1,0,8,16
2bc7155b-daa8-42e7-90fa-4a7afec81962,50,1,1,0,1,1
d6599959-c37d-4175-84d2-f96f8b335c60,50,1,1,0,1,2
70b92357-c64b-4b97-8ede-f4b8ef0a6987,100,1,1,1,8,16
eef1ba56-a814-4d39-9c43-e34f33e2f2e5,30,1,0,1,8,16
7e2ab20e-e3e3-476d-85f8-d8edc005200c,100,1,1,1,8,16
85cb05e6-406c-4203-a673-7b52cbfa4b6e,100,1,1,1,8,16
42ca2ae0-e34d-4391-a3de-a3358b58fa2a,50,1,1,0,1,2
07811622-be84-49be-ba56-c7cc19252cd7,50,1,1,1,2,4
2c14625b-b143-4486-8b72-aacb1e45c936,50,0,1,0,1,1
c4d31101-7826-48fe-900b-858fc3ab2e82,50,1,1,0,2,4
49f5ff33-82cc-4855-8cfd-7ff1bda41762,100,1,1,1,8,64
ac8c8d0e-cc19-4a33-891f-2338f2cf4683,100,1,1,1,8,64
9c73c2de-1678-497e-9dbe-79fed53db035,100,1,1,1,8,64
39e6519a-0042-4fba-b2f8-9beff88f9399,150,1,0,1,4,8
10a77ba7-b9a1-456a-ad3c-f39f316db441,50,1,1,0,2,4
20b35fb3-0b5d-439a-896c-76c798e547fc,100,1,0,1,32,64
877fc6e4-aecb-489b-9b77-14824721c885,100,1,0,1,32,64
c0b17878-0db1-44ca-a598-9dec48bb2fe6,100,1,0,1,32,64
8c184fdb-d6a6-437a-bfff-b15999b2b0ec,2000,1,0,1,16,32
43e4c373-0111-4540-910f-2a06ff1ff06b,50,1,1,0,2,4
d2a4c71c-d932-4ac8-8836-91f832efd527,50,1,1,1,16,32
29e4233d-c123-43ba-b12d-3c796f70a006,50,1,1,0,1,1
5acf1645-0f03-406f-bab8-e011e36c8b91,50,1,1,0,2,4
6349822f-d725-4212-b371-960889f2a28b,100,1,0,1,32,64
6dd2ebd2-129b-4fbd-8035-b9c912da8c6d,100,1,0,1,32,64
18f0867c-b64b-4081-ae47-2b4317548825,100,1,1,0,16,128
e067c88e-50ef-4ad6-8cd9-920db3687e4f,100,1,0,1,32,64
6772f51f-6d07-4c22-bb4b-bab953ce894c,50,1,1,0,2,4
2a1d501b-aa1f-41ea-9b56-bee78783d574,100,1,0,1,32,64
86c12722-8e13-4d72-b105-bae445b03826,100,1,0,1,32,64
05bc7de3-a2e6-453f-ba36-383c80876976,100,1,0,1,32,64
48b40973-a091-4e1a-92fc-1781b27e2f5a,100,1,0,1,32,64
3fc24913-352f-40e7-b1cf-6068170454b5,100,1,0,1,32,64
99d0467e-54bf-495d-a2a6-3acbdeb0a33b,10,1,0,0,1,2
caabdf55-9c24-4f1d-9e51-6084e3f701a8,100,1,1,1,32,64
539a6c66-f14a-4f32-8ed3-46f5fa05b2ca,100,1,1,1,64,256
83848e7b-b970-4d22-adaa-a7e8c4c02eff,50,1,1,0,2,4
6c90832d-5947-4225-acb1-c95a7186385d,30,1,0,1,8,32
8265aa0c-936f-4a00-ae17-1aa6b4ed14f4,30,1,0,1,8,32
a181e375-a9a1-4f86-aa70-af075adc4ec9,50,1,1,1,8,16
af0e3dd8-2444-47cb-9151-9dae0d022a60,200,1,1,0,8,16
a54391b5-742f-4e96-85a5-dda8933a4b25,200,1,1,0,8,16
87ae76dd-e638-446c-8597-de8ca0da2826,200,1,1,0,8,16
01a3063e-3b09-4079-9711-b91e8ed37575,200,1,1,0,8,16
8a14fad6-0e01-4431-b178-a509da43459a,200,1,1,0,8,16
518e0b8e-77a3-49c8-a587-09017b07222e,200,1,1,0,8,16
d83069d2-0ec8-4faf-8c2b-a6543f60d8f5,200,1,1,0,8,16
c37bd489-62f3-43aa-8aeb-f90db7676762,200,1,1,0,8,16
ca3267d0-1951-4d56-aa95-4cd223e02c87,100,1,1,0,16,32
f87b761b-480d-4002-9f96-10eeb92b08b8,200,1,1,0,8,16
5b037699-8417-4841-9bd4-bf5c8b2ca21b,200,1,1,0,8,16
05874766-bd00-4be6-a8bf-0e83aabfc7a7,200,1,1,0,8,16
7c6d7ee9-e8db-4c01-a8a5-7e71933ff6df,100,1,0,1,64,128
91d041f2-d079-4a2d-b736-f90a51ee3646,50,1,1,0,1,2
98c2b21a-6f86-4262-a8e8-1e6dc6847c40,50,1,1,0,1,2
7c25b256-e0aa-4b20-8245-f6ab1717eb0c,200,1,1,1,8,40
317e7793-15d6-4fa4-8bca-787fca67e5a8,100,1,0,1,64,256
94753f50-c2bb-4a90-91a1-258ad1ea2f98,100,1,1,1,8,32
b7ca2c2b-b5d2-40f5-8b4b-37d993ca60c2,100,1,1,1,8,32
4f944296-e260-45fe-a9c1-8f665b734b22,50,1,1,0,2,4
e4783dba-0cb9-4a6c-b837-67eff63fd361,100,1,0,1,64,128
5b152c54-a6fe-47bf-8ce0-0024f183b4f9,100,1,0,1,4,8
7aef9f3c-7114-4c8e-8e71-624809008f58,100,1,0,1,64,128
1c85c897-34cc-437d-9698-659ee8bbc7e1,500,1,1,1,4,8
b7d31653-eb4f-427b-a15f-31938dc55fab,50,1,1,0,8,16
801270c0-5dd2-4806-b258-ea095d7faa59,100,1,0,1,64,128
e6118f76-a01c-467b-88f4-91c223af3e11,100,1,0,1,64,128
617827ea-075a-4aab-a0a6-a16d212b034d,100,1,1,0,8,16
92317160-ff7d-415a-a440-907792453cb3,100,1,1,0,8,16
b34680b8-1b2f-4e07-b8e2-12ba81230074,100,1,1,0,8,16
c93f4ce2-980c-41f3-864e-da6bf035bc86,100,1,1,0,8,16
cdf367f2-268b-4b71-841b-b914b87a469f,100,1,1,0,8,16
ea9b62f8-d916-472b-b7e1-2758a9d88ac8,100,1,1,0,8,16
efe3bbea-5d65-4e1e-89ba-8e04f9387c3b,100,1,1,0,8,16
45d786ab-c67e-4eb0-86bb-f52ad8a18421,100,1,1,0,8,16
cf5142b6-3b90-4236-af9a-e36df9fc78e6,100,1,1,0,8,16
f07f48d4-7713-496d-86ba-9b1ea861d538,100,1,1,0,8,16
ac66ddf9-dba5-4c70-b5cf-a8bb4db0c963,1000,1,0,0,56,224
ae8781f9-d94c-41c5-8cca-d3e35bb04095,100,1,1,0,56,224
b4b24882-6456-430f-a42f-ebd2eb0f87ec,100,1,1,0,56,224
c7979e6f-bdec-4416-bf83-33572332f410,1000,1,0,0,56,224
f377bac8-cce7-4f69-a588-0cad79b693b1,100,1,1,0,56,224
a3a45640-bdb0-4fa4-b04b-86648d92db99,50,1,1,0,4,8
b2b00870-c282-4791-b75e-9326f6b86a9e,100,1,1,1,8,16
8ca690c2-0565-4162-9866-7ad526325631,50,1,1,1,2,4
cf62e9c2-24ae-4ec0-b1cf-caf7b9bcda90,100,1,0,1,64,128
dcfc8dc8-fce3-4a14-86eb-aac8045f3fea,100,1,1,1,64,256
a098d267-b800-4abf-81bc-3bab2db05404,500,1,0,1,64,256
00951684-7816-40a3-a95f-d078b1cc8d36,500,1,0,1,64,256
2e887f67-3af0-433b-bdce-4a784c8414c9,500,1,0,1,64,256
a7e4a800-c206-419a-999e-b03ec0a3fcd0,100,1,1,1,64,256
f02ae97a-69fd-45d1-a73f-f481c4e4e2f1,100,1,1,1,64,256
55338627-00f8-4bdf-bc5b-1069f29bbf95,200,1,0,1,32,128
63abd79a-cbb1-4d0d-9709-91a62f50220d,100,1,1,1,32,128
c44f3a1d-30f4-48ed-ad4e-b977901868a2,100,1,1,1,32,128
c029f0ab-2d2b-4d30-90cf-016be615badb,200,1,0,1,32,128
c6d9b0d2-55e2-46db-8363-15766a13d773,100,1,1,1,32,128
1e80ace3-feeb-497d-bc5f-9a520758d4ff,100,1,1,1,8,64
e21e5341-6952-4a79-a0f3-2baa71062523,100,1,0,1,64,256
212f92c8-cbcb-406c-834a-13acc90b9216,200,1,0,1,32,128
37f62e4f-971f-4ffd-a3c1-d485f6112724,200,1,0,1,32,128
7f14cf77-b60d-4550-a5f7-0b5acb74cbf9,200,1,0,1,64,256
88231f43-cfcc-41cf-9775-fe1d078782db,50,1,1,0,1,2
0542e5a2-5d01-4384-9855-377bc518bfee,16000,1,0,1,24,48
52aa6cf1-d53e-45dd-b777-3b8436f1e585,100,1,0,1,64,128
8894c909-14c2-4ed9-96e6-aecf29fcae8d,100,1,0,1,64,128
ad138915-7b04-4493-bad6-d51c2972739a,100,1,0,1,64,128
084e0093-a8f1-4b64-86c2-dcebe77a7518,50,1,1,0,32,64
f79d7094-c514-4d9d-b107-99b02ffc9a22,50,1,1,0,2,4
3c18c55d-565d-4361-88e4-79daa6c99364,100,1,0,1,64,128
144b6505-3d6f-4ce6-b510-a7078ea487dd,100,1,0,1,64,128
2ef759fe-da8a-4e4a-9335-2705189132db,10,1,0,0,2,2
91f8ade9-3bea-4b3a-8172-b97a684c1719,100,1,1,1,8,64
47013e83-5b47-4176-b607-e6445c2e7557,100,0,1,1,16,32
9876b3ef-809b-41a3-9834-1d2fbb395874,100,0,1,1,16,32
b6ca6d5b-06e9-457b-9045-7bbe42ac7a23,50,1,1,0,2,4
f1be1e82-cefe-411f-b45e-498dfca8e60d,50,1,1,0,1,1
70d5d8ab-fda3-4101-a5fa-094c3a0c60f6,50,1,1,1,16,32
8f87e2be-deee-45a6-be43-b57153589dd8,50,1,1,0,1,1
af077387-eeff-46de-a757-fbbf7595e32d,200,1,0,1,32,128
8afa31f1-25c6-47e1-bff0-e70a7ab82c52,50,1,1,0,1,1
607257b1-215b-478f-8014-410eb148392f,200,1,0,1,32,128
e62bd277-902f-44b2-9596-0ce97eb70e74,300,1,0,1,32,128
5ca1a0f9-689c-4f3d-a734-0746291f6b92,200,1,0,1,32,128
b5e44bfa-3657-42c1-8126-bc445dacf135,300,1,0,1,32,128
3b77c8c5-e7d3-42e7-9463-4ff51aeeb1fc,200,1,0,1,32,128
611a0472-b449-4bef-98a0-4c2d2dcce368,90,1,1,0,16,32
4d4a281e-ce36-4faa-b9b2-e5edad7b3faf,100,1,1,1,8,32
d64a4af9-bc24-478f-b3be-3a89bbcc8798,100,1,1,1,8,64
db3a17ff-31e9-4c44-bff1-f85d1863da0d,100,1,1,1,8,64
63125c61-87a5-4623-afb5-818b00339e3b,100,1,1,1,8,64
1b193038-0a3a-4c1f-8934-05e8c9423d69,100,1,1,1,64,128
522362a1-9bfa-4a89-8598-1cedd3dd96b7,50,1,1,0,1,1
2708df4d-2c6c-46f1-9f31-c7fa41c344b1,50,1,1,0,1,1
f5e994e4-98f0-4521-86e4-075c4c282731,50,1,1,0,1,1
f550f39e-03ca-4e4f-9309-6ff188d86c7b,100,1,1,1,64,256
f8d0692d-c3eb-40bd-8f29-6b43a8ceedeb,50,1,1,0,2,4
0e32020d-0dce-41c9-8cd3-ec6dd9cf503a,50,1,1,0,1,1
86f7ecb2-35b8-4f13-8dc5-76d172b158af,50,1,1,0,1,1
c9ee7850-8a3e-40da-8702-1053ef751cb6,50,1,1,0,2,4
8a99561a-d26a-4490-be3d-463e76b43570,50,1,1,0,1,1
399b5831-cac9-4f2e-b92f-51be64947206,100,1,1,1,8,32
55fe8f79-181c-41b7-b5c1-a4bc9cc48cee,50,1,1,0,1,1
7c67c9db-aee8-42ec-9b87-18ec41e201da,100,1,1,1,8,64
b192015a-7900-4ec6-8aa1-95f790ed5c97,50,1,1,0,1,1
0968b34d-ca36-46eb-be3e-80e59ccd0f7e,100,1,1,1,16,32
313ae7d7-9936-423e-9ba8-71339e043fb6,50,1,1,0,16,64
3a5c5ba0-12bc-40f0-a11b-a67d50152663,100,1,1,1,32,128
2608143b-883a-45b1-8309-9bad5aaa7822,100,1,1,1,32,128
281e07fa-6da0-4202-88b2-3dd7d69ef9a0,50,1,1,0,2,4
85c262f8-68e2-41d6-9008-aaf3f3f4f06f,50,1,1,0,1,1
729dd47a-70fa-434a-9cab-1ca975434881,100,1,1,0,16,32
12cb7171-8ece-4e40-bab5-09bb3d3f7339,100,1,1,1,32,128
001418d5-0d5d-43f7-9234-5ea9c4036571,100,1,1,1,32,128
24682c40-b13d-4451-8ff7-f658de05acea,100,1,1,1,8,16
543bb5de-4530-427b-bc24-5cddf648a565,100,1,1,1,16,32
5b4a11d4-0e3d-4191-8387-9c8da228e47e,100,1,1,1,16,32
68de17e3-6a2a-49f2-9aa5-46f689fbfc17,100,1,1,1,16,64
155acc53-1728-44cf-8cf9-0bc8e360bc8c,100,1,1,1,8,16
2f14e87e-cb73-40ec-8ed4-4d38c4d7d667,100,1,1,1,8,16
616637ec-1a65-43a4-91b6-5115c637c82d,100,1,1,1,8,64
13af9a6b-3ee8-43f6-b0ab-a01c68a292d7,100,1,0,1,16,32
77e287ba-bbda-4868-bc87-cc00b6784a39,100,1,1,1,32,64
4f95fe52-1114-4dae-a035-4014113dedfe,100,1,1,1,32,64
3ceedec4-6baa-4292-97ee-0ffce1a468dc,100,1,1,1,32,64
d4028ff0-c551-4e43-8673-7bf529e0b7f6,100,1,1,1,8,64
6bc54760-03bc-4ab3-b350-0a66cd11e936,100,1,1,1,16,32
27a08ff3-43fb-4052-8977-a628ad5c3e4c,100,1,1,1,16,32
6b778b4c-8a3e-4d3f-b6f3-ab912a4bf03a,100,1,1,1,16,32
5d1febd3-557f-4826-9c17-fa2d16a76863,100,1,1,1,16,32
578d314a-22b0-4520-a5c6-5ba2cf9c5cda,110,1,0,0,4,8
1cc21b54-82f7-4deb-9cf0-f2fb92e0e4fb,50,1,1,0,16,64
3448a56b-95df-47bd-8eaa-a3d2264497a5,50,1,1,1,16,64
c9be7b00-dbf7-4806-b59f-cc00e30a8749,100,1,0,1,32,64
0494cd71-7aad-479b-b3d0-0a7c7f46ed25,200,1,0,1,32,128
33d91763-c155-4645-8b97-a55437232707,100,1,1,1,32,128
8d449cd0-0393-4d6f-aa43-e330bb425e6c,200,1,0,1,32,128
a4e0a20c-32c2-49aa-8b05-6661fe57454c,200,1,0,1,32,128
48469f53-9809-4b66-b7c8-33192b1acb1e,400,1,0,0,16,64
21efad73-6ad4-4c08-b6f8-d43b9cb4de6a,50,1,1,0,1,2
3f9ea1e8-68e2-4eed-893e-cdb62d47d35b,200,1,1,0,8,16
032043c3-e50f-4c4f-9ae1-559a10609ec6,200,1,1,0,8,16
615861c7-8737-40ae-9033-94ec958d9d0b,200,1,1,0,8,16
50033802-841e-4dd5-a358-580c0fdb4394,200,1,1,0,8,16
01ec86d7-7564-4d93-8db8-e7a7f904e285,100,1,1,0,4,16
95c8befd-12d7-489d-a67a-87d03a9a8e9b,10,1,0,0,2,4
15a62019-d61c-4cb8-8f0d-9a85b38feefb,100,1,1,0,8,16
30a615f6-91bc-4252-a3ed-589096e7aa5e,100,1,1,0,8,16
0492c351-d93a-4e49-ad29-b1701d486db6,100,1,1,0,4,16
45d6ae1c-ab9b-495c-8fb2-9e7b82ec12ff,100,1,1,0,8,16
4da0b98c-6a9b-42b9-bd0f-91e8ca94b201,100,1,1,0,4,16
4d421479-792d-4c98-a2b3-9aff6cffeca2,100,1,1,0,4,16
3de51763-a7a3-4036-88bb-8c078b7811af,100,1,1,0,4,16
1d341a0c-cb64-4525-906c-aa81d1f5902c,100,1,1,0,4,16
2e9c0e61-2211-40c3-bd3d-532d5b058e56,100,1,1,0,8,16
3c6c93d8-3da9-4f2d-b4fd-91768c808a58,100,1,1,1,32,64
851e3d75-c05b-4cfb-be07-ed37db812668,100,1,0,1,32,64
ffe416f1-24cf-4cc3-918d-9c97dc9ca67c,100,1,0,1,32,64
7b7b8873-3f3c-442f-8a0b-e343495ccb1f,100,1,0,1,32,64
ae9ca6b2-5b07-42fc-9f3f-1a498cf4464b,100,1,0,1,32,64
206bf622-1dbd-406a-baff-1c9dc99eda18,50,1,1,0,2,4
a2321ee8-6925-48a2-92b1-b88f018c4316,100,1,1,1,32,64
461ab030-1d05-49d2-be7e-23828ca19e17,100,1,1,0,2,8
ba401baa-3b70-403e-9b0d-8780f3c11827,100,1,1,1,8,16
cdd05f52-6e51-48c3-bbe9-babf146e05aa,50,1,1,0,1,1
713d245a-a026-47ba-b693-4dc3e6ede3c5,600,1,0,1,24,96
6ff522f7-996e-4667-bd5e-f1c89fcdea77,100,1,0,1,32,64
742fad1a-5c79-4413-b577-e83c32b9f36b,100,1,0,1,32,64
57f1c371-c8a5-4e3a-9415-3388251b5c87,50,1,1,0,2,4
12718f79-1c56-4b87-be5f-b36575aebe36,50,1,1,0,2,4
266a70fa-bff6-46a0-8e57-bc9d2fb9012d,100,1,0,1,32,64
85c16f26-cc37-4f1d-a013-7f4e4b1b323f,50,1,1,0,1,1
8a742e7e-6a8c-4df9-bdc7-5f6a447a09e7,100,1,1,1,32,128
01f1deb1-9c1b-4b71-9c95-fda629ce27ae,100,1,0,1,32,64
1a4b4b2f-c82b-4ed7-9a5d-3cd219eba576,100,1,1,1,32,64
328e0999-bda9-4761-99e2-9989efe9eee6,100,1,1,1,32,64
4ad46f10-a9ba-4933-a5cd-2a346ee4401a,100,1,0,1,32,64
5bd54d06-e93c-4499-b659-927951ecb3e6,100,1,0,1,32,64
5e237194-c7fe-4f47-972e-f4d6e89fb40f,100,1,0,1,32,64
4ec266d8-b9ae-4722-9f6b-61a958b96f48,50,1,1,0,4,16
18e37199-ed2f-4dc4-918b-875b75c11942,50,1,1,0,2,4
9494e0e9-db07-49db-be61-473fe69fc094,50,1,1,0,1,1
ae61f598-0a8e-4b97-a438-931a3d245ed8,50,1,1,0,1,1
690083d6-e9fa-4582-96ee-61395ed9d03b,50,1,1,0,1,1
85aab4c5-2e20-41ed-bdfc-5471c8bde044,100,1,1,1,16,32
3fb7e888-6abd-4b89-8252-72bfa4a15dc1,50,1,1,0,2,4
72de296d-2787-4197-90ec-06ea875b0296,100,1,1,1,8,32
a930c842-9b2e-4092-b04c-cd29800c500a,100,1,1,1,8,32
e32c175e-a77d-4857-94c7-fd7331db98b9,100,1,0,1,32,64
fa9b3b22-9553-4c01-8f9a-d75be43d8f82,50,1,1,0,2,4
699be89c-ff43-415a-bc7c-28445327c3c3,50,1,1,0,1,1
bf9e14e7-9e10-4624-95c4-19ea18338b79,50,1,1,0,2,4
222f6d47-dea6-4079-ab74-c9b40cd822c7,50,1,1,0,1,1
e185a85a-b3b1-4c46-b5b6-e5fe102f93e6,50,1,1,0,2,4
9dc24d4f-c7ae-4f86-b6cb-70432c73d988,50,1,1,1,16,32
ed988518-0e67-4bf8-92a4-5ba2549b2daf,90,1,1,0,8,16
35fcee15-a864-4766-aadd-027b2eeefa74,50,1,1,0,1,1
64c6e8bb-06f3-4b68-97e9-339a338503a5,50,1,1,0,1,1
ce81732f-8b2b-4afa-8b3b-0598cddac3d7,50,1,1,0,1,1
6e981611-54f7-4f20-9afc-f4538f1631d0,1000,1,0,1,32,128
27dc36ab-edf6-461f-90cb-e158e02e33af,50,1,1,0,1,1
7493b32d-be9b-4a65-b7e6-cfa56504638e,50,1,1,0,16,32
fbbea8b9-ba0a-4d35-8d88-4f9630714e01,50,1,1,0,1,2
a6618c9b-a235-4d5e-8238-54fcb4c5a27b,100,1,0,1,32,64
a9ce05be-e29d-4051-9f2e-a6773e826b14,50,1,1,1,4,16
3b3003b2-282e-4dfe-81cf-1e164bc8a38c,100,1,1,1,32,128
889f2be2-4416-431b-ba1c-626f984e4098,1000,1,0,1,32,128
d875d435-c473-4d50-82d2-899a02f94c8e,1000,1,0,1,32,128
727512a6-bab6-4e3b-8811-ed1038808719,50,1,1,0,1,1
b6c497a2-36c6-47e5-b727-705777659f2b,50,1,1,0,1,1
c464b6d4-3790-4cf1-bf2a-c6ad7568f480,100,1,1,1,8,64
e7d7ac5a-c288-4869-9be1-96c17edf9e69,50,1,1,0,2,4
d9457160-eeff-40cb-a7d9-4cda95211e0c,50,1,1,0,1,1
a724178c-73ea-4f94-8ff6-d3cc7b8ae791,50,1,1,1,2,4
36a0f268-3fe8-41e3-b8a8-bdc76a666eb4,50,1,1,0,1,1
93e258d0-ee10-479b-accf-590281b7a8e2,100,1,1,1,8,64
29de4da4-03b8-4df0-b033-4e760b804634,100,1,0,1,32,64
939ed2ce-9ea1-4018-92eb-826449f3c558,100,1,0,1,32,64
0459ff21-3ddd-41ea-9896-3a91bc1d745c,50,1,1,1,16,32
18fac6a0-cf59-44c4-b20c-ac704e1796fb,100,1,0,1,32,64
055ce641-e8fc-4d97-9f81-496eb381a6be,50,1,1,0,4,16
79f1cd40-b125-4b44-8cc9-010c26a69e2f,1000,1,0,1,32,64
b4e9df4a-517e-4166-a9e6-7d77fd47d857,100,1,0,1,32,64
6146de2b-e135-4816-b521-16d4920621a8,300,1,0,1,32,128
a9c02407-4f56-433c-944a-3a8b3b3825ac,50,1,1,0,1,1
e608e65b-6bd9-4c24-a6fb-1ce3326709de,100,1,1,1,8,32
956e5520-5f27-4d5c-a1eb-ba5fd132da1b,100,1,1,1,8,64
53816a05-53a1-4a8d-bfd5-850db7dddc31,100,1,1,0,8,16
a2afc03f-388f-467e-82c3-6dbddf2a1009,50,1,1,0,1,2
4a9ecbdf-fa68-4422-b6c5-a2dfb7cec92b,100,1,1,1,8,16
1b0dc05b-487e-4461-b9e4-cc60fb3b2663,100,1,0,1,32,64
44c59698-8908-47dd-8954-9621214124f5,100,1,0,1,32,64
aaffcb0e-4965-4742-ae97-cbc14cf48165,100,1,0,1,32,64
11942011-b02c-4fed-9c8e-c2c33d7fc9bf,100,1,0,1,32,64
3637c825-fef9-4219-9422-e9506d087f17,90,1,1,0,8,16
f4fe6c03-2d10-4a0f-ae42-9cdff6d84274,100,1,1,1,8,16
352cfcc2-37a6-4013-93e0-f94bb566c37f,100,1,0,1,32,64
d0f8537d-e920-4100-8eb2-33c2bbf1b0dd,100,1,0,1,32,64
ba15787f-9231-4c8e-a58e-a3331f36d051,50,1,1,0,1,2
4b8aea7d-4642-49ed-a12e-9fca33b2db0f,50,1,1,0,1,2
bab67805-108b-4175-881a-fe7ff877852c,50,1,1,0,1,1
dce92ea4-a8c0-4102-ae56-9b637c558aa3,100,1,1,1,8,32
ec93cd67-fdbc-4bbb-87da-bd489d94e8fc,50,1,1,0,1,2
62c79888-ce3d-42fe-b414-56a57bef0a64,100,1,1,1,32,64
b1a1ba79-0c35-496d-a905-92e69672e475,100,1,0,1,8,16
c5fd1742-c4ef-45ed-bace-d01630c0eb00,100,1,0,1,32,64
d40e26a4-e7cb-4955-ad4c-d48c24559899,100,1,1,1,8,32
dec1a275-a72c-4e30-8f10-2cda9bb9493f,100,1,1,1,8,32
7c65a52e-10c1-4288-bb0e-32e94cce8eeb,50,1,1,0,1,2
986a0dd5-07da-4697-bbe8-1a1545783e38,50,1,1,0,1,2
74f06f30-3d06-48ad-9bc8-6fac13b65b57,50,1,1,0,1,2
d5310234-25a1-4f97-bdf0-67f4f597a375,50,1,1,0,1,1
f7361ef3-dabe-434e-ba21-8f35c54cf4db,50,1,1,0,1,1
9a064f29-32b8-4c99-90da-a71123f9b6f1,50,1,1,0,2,4
cd457bb8-11cb-4498-a688-c600325ce5d7,50,1,1,0,2,4
82b3fcb6-0fc1-4655-b3d5-7a3ab014680f,100,1,0,1,64,256
3301f48b-3f8d-4672-9718-58279b9099e0,100,1,1,0,4,8
e611ebfa-146f-406b-b9ae-8c96e19ebfff,100,1,0,1,32,64
e697854f-9678-407b-9a25-c674c38fe1be,100,1,0,1,32,64
d2fd1e2a-ae80-4ee8-a8c5-3c1f415a79b5,50,1,1,0,1,1
55931c6e-6436-449e-b650-7bcc9f2b3086,50,1,1,0,1,1
8ba88f56-de99-4ef2-b20f-3159bcc0a1d1,50,1,1,0,1,1
cdcd69ae-8a49-497d-a23d-2345ffe5a6b4,50,1,1,0,1,1
e36b4ae1-48b0-4a5b-8eb7-71c0f3668fa2,50,1,1,0,1,1
4ca7e026-702b-4b15-9b4a-8a6379cf15ea,100,1,1,1,8,16
123b937f-15e3-4917-8276-1a961748152a,50,1,1,0,1,1
a76ac820-bdbf-4c6d-9220-18220637e5ec,50,1,1,0,1,2
cca664dd-02c8-422e-8219-4c19d3ef597b,50,1,1,0,1,1
476986ce-cfde-4ff6-a0e9-2a5caaa6638c,50,1,1,1,4,8
6e7ee3d5-129d-4584-a651-d3fb3ae62ba0,50,1,1,0,1,1
31f25f5e-bd49-42f2-bb43-ad10b4710d1c,100,1,0,1,180,464
3ef457d2-d521-41d5-b36e-4fe1825dc0a4,100,1,1,0,8,16
b8d3dab8-fa8e-4e6e-a271-b0954c5ea792,50,1,1,0,1,4
c46d019c-2c67-4a22-a6dc-2720c2e0a31e,100,1,1,1,8,64
1fef4f97-f0f8-4d6e-b3ca-ae0d98de7700,50,1,1,0,2,8
26c5a24f-60f0-4311-9259-6cc0c7689b9f,100,1,0,1,32,64
5e1a0e4d-b5a9-4e34-8563-6ade9bf548c2,100,1,1,1,8,64
67fcb751-e84e-4838-a09a-ee18ac5711ba,100,1,1,1,8,64
9d74d039-58d7-48d0-82cb-062cd3b3ed69,100,1,0,1,32,64
93049c63-9059-4743-86d0-2e477d32a35d,50,1,1,0,2,8
38ed4844-8f48-4a5b-8d03-ddb0865090c9,50,1,1,0,1,2
f7bb3b5b-7003-4650-9487-3d29d556280a,50,1,1,1,8,16
dc28de99-e918-4057-a58c-65548d16651a,500,1,0,1,2,8
d9feca73-187f-4239-8d0e-8572ffe6da88,50,1,1,0,1,2
0a656f8e-12c9-44b8-a502-bfd7637b5581,50,1,1,0,1,2
3339e5c2-ebd4-4d03-b501-2d0307d0efd8,100,1,0,1,8,32
4c7f2b2e-259a-43c2-a143-de1422394e0e,50,1,1,0,1,2
30ef50e6-8661-4be4-b58e-c469649f4c70,50,1,1,0,1,1
a6277290-b08d-4f95-b796-6ce3951f29e8,50,1,1,0,1,2
f33777d9-2371-4d69-8621-5ece50051189,50,1,1,0,1,2
15179b5f-6fc8-4155-89ff-ab678b3973d2,50,1,1,0,1,2
2a3bdee9-3fc0-4183-a1b5-318fe484018b,50,1,1,0,1,2
48831cfe-445a-48d1-9248-aba281cffb53,50,1,1,0,1,2
3ce1b2bc-5cc3-4cff-b743-2ef24f586ee7,50,1,1,0,1,2
3d8242ed-73d2-4a43-a5a1-05eda76f0be7,50,1,1,0,1,2
23a50d8c-369c-4846-bdfa-27a1893eab3e,100,1,1,1,64,256
6b6fc487-00f7-45c9-a1d2-fa50d5c52381,100,1,1,1,64,256
a8708fb4-4584-43f0-b12c-0b7a6871abed,50,1,1,0,2,4
51dc88a6-e0d7-4cd0-b255-f268a697ab93,30,1,1,0,1,1
ef605abd-743e-42cd-ab36-5d7cbe3b28e3,30,1,1,0,1,1
809f35bd-5eff-4408-aed0-22097c19be8e,30,1,1,0,1,1
f889a2e9-fb07-4e27-b3a4-9a1d8393844c,30,1,1,0,1,1
bddd892f-b27f-4765-b507-2905e2c747da,10,1,0,0,1,1
3ee04198-0ae4-4339-9554-09607d2403cf,10,1,0,0,2,4
80c3d0b9-10b2-434c-9bc2-e40f3626f685,10,1,0,0,1,1
a63d7459-6873-4ab0-be87-d3479ddb1dfe,10,1,0,0,1,1
dc3994cf-e528-4957-9424-7c0ffb6f325e,30,1,1,0,1,1
2e4186d0-4827-44b3-b398-c649c5a8cba7,10,1,0,0,1,1
8250dcf1-3174-4a79-8ac2-4284b035ebfa,50,1,1,0,1,2
d247a30d-ab08-492d-9357-c40d3afd762d,10,1,0,0,1,1
658f2f20-6d12-4ce5-b13a-09617ca058f3,10,1,0,0,1,1
ff80ec19-228c-45eb-99a6-587d2cd6f33f,30,1,1,0,1,1
493e57d3-46c1-4cff-94f9-10026639fbad,30,1,1,0,1,1
53fa4774-a0be-4f26-a50a-c63051a20226,30,1,1,0,1,1
a79ce095-931c-42a0-9890-1a2a9068a431,10,1,0,0,1,1
5aa7136b-523b-4fb6-8037-553f83898f64,100,1,1,1,8,32
81606ccf-4cd0-4d7f-a2d5-8b67db2db928,100,1,1,1,8,16
ad81ea3f-8258-4829-bd5d-f49bc0021d5b,100,1,1,1,8,32
f46dc90c-e322-4357-b1ff-ae2e39aee36b,10,1,0,0,2,4
b2c42d06-8d6a-4ba0-bc38-f0e0d513dad0,100,1,1,1,8,32
55c05df5-1f8b-4949-bbc0-f0ed2e2b3995,100,1,1,1,8,32
f65bd889-83af-4861-b4ef-3677b72f70a9,100,1,1,1,8,32
6c1bb6e5-c4f0-40b2-b50e-4d1396613af9,30,1,1,0,1,1
ca17ef76-2667-498a-8ae9-f6af3ad5cb09,50,1,1,0,1,2
e9861ce2-2bb8-47dc-9d9a-3e1cae547fc2,30,1,1,0,1,1
67f85ab6-9020-4c11-8859-e8e4c8c7a70a,30,1,1,0,1,1
2ce30c52-f8de-4921-a679-7cf3e4df86c1,30,1,1,0,1,1
1979c8b2-6401-48a0-9e17-89b6b9178ab6,10,1,0,0,2,4
055929ba-119a-40de-8e63-5b11191334a9,30,1,1,0,2,4
033d8079-7d6b-4304-a499-9eaeb836e209,30,1,1,0,1,1
ecd46fca-7bd9-4cb5-b154-97cee7f8328e,30,1,1,0,1,1
f029b15e-825b-4841-bfa5-b2362095131a,30,1,1,0,1,1
bbacf331-3ca9-4dc7-b4ce-cc547f624f0e,50,1,1,0,1,2
c4c07afe-7965-4e06-991a-5cc99aca5d33,10,1,0,0,1,1
3338505a-1b68-4ebf-824b-34d4d15c83ec,50,1,1,0,1,2
091fd682-97c5-4a9e-a3b2-c366cefe4d92,30,1,1,0,1,1
678834c5-04ae-4647-8e83-789ea9973035,10,1,0,0,1,1
e9b8e7fd-ca57-47b5-98c0-b418baf51c00,10,1,0,0,2,4
955155f5-ff76-4125-bacb-a22e35903d87,50,1,1,0,2,4
37fc26ba-72b5-4c4f-ba1d-dfe559180410,30,1,1,0,1,1
b671d67b-05a3-40b4-bd79-2b3dfdb0713a,50,1,1,0,1,2
b3383573-cb61-405b-91ff-08d889b59f18,30,1,1,0,2,4
145b6eb6-9013-411a-846e-ae02cabe9b2d,10,1,0,0,2,4
7804397e-173f-4fa7-9996-c3897c4e9bc4,10,1,0,0,2,4
02c24cd4-bfe2-43ba-b2b8-97f8c7ab8171,10,1,0,0,1,1
0e383c28-ad41-4e17-845f-dc750ae1f9c0,10,1,0,0,1,1
c7d5a920-6251-47a7-8631-287c01508cbd,30,1,1,0,2,4
fcdea36b-f315-44e6-95ac-29cbbf16a34b,50,1,1,0,1,2
dc2cdc03-f4df-4d1c-9b5d-0c18b6914c96,100,1,0,1,84,256
a8890399-11e2-4669-9bc8-e580916b9e25,50,1,1,0,1,2
a5c7a742-8abe-4d96-9b50-7e13f92320ca,10,1,0,0,2,4
bb17fed8-04d8-44ac-afaa-c6c0d550606b,50,1,1,0,1,2
c7ed085c-e7c5-4bb3-bb74-f67d2a8f8b82,50,1,1,0,1,2
da554aa2-2be2-48bc-abfe-07734b80c1c1,50,1,1,0,1,2
ce6802c4-64da-433e-bd3a-61b3b38f5578,50,1,1,0,1,2
a1aa5bd8-a0b3-4e23-b052-104ffd88ed55,100,1,1,1,8,16
e2799848-db9c-417a-95f4-40900de0786a,30,1,1,0,1,1
835974e1-b795-4534-a432-b1ceaa425a0a,50,1,0,0,2,8
506fa669-0a72-464d-a176-b84d7c071cd4,50,1,1,0,1,2
dd9c98b6-fb6f-4a9f-aaae-9690f3cb16dd,50,1,1,0,2,4
635d064e-dad6-48f0-b7a3-61ef16b008b9,50,1,1,0,1,2
8d56e12b-3063-463f-8b8d-13121eb24910,50,1,1,1,16,32
c17a7bd7-ede8-4c31-904a-b0ee17a8c6a6,10,1,0,0,1,1
e6d65cbc-9fe9-4f73-b57f-63e582957594,10,1,0,0,1,1
fa5304f1-0609-496c-99b5-555c62dc85e0,50,1,1,1,4,8
3cd3fe71-57b0-422d-911c-35cbf9c97b15,10,1,0,0,1,1
939d9455-ede2-4b62-a8c4-8bafce0fe43f,10,1,0,0,2,4
2e8df362-6353-4447-a7a1-f21a47e8f776,30,1,1,0,2,4
a8417ea0-20bd-41eb-bb5b-7fc7e1f340b4,30,1,1,0,2,4
2145934e-2c59-4502-b6b3-172fcde03cfb,50,1,1,0,1,2
cc47e035-b41a-48a1-9c79-540c920f3f93,30,1,1,0,2,4
451278f2-b6b4-47cc-bbe6-57f233ba590e,30,1,1,0,2,4
e6606805-66d0-46df-81e3-f97fe0ae8998,10,1,0,0,2,4
0e023a6a-a0cc-47b8-812c-0a30c6b0e0e0,30,1,1,0,2,4
2907c3ec-ecda-42e4-a872-1644f74b1961,50,1,1,0,1,2
0d4dc56e-41b0-4842-af60-0269286ed747,100,1,1,1,8,16
e5375ebd-df03-4d94-a6dc-d38b599dc17e,100,1,1,1,8,16
3fa48fa5-34f6-47a0-881e-0f910bea46e0,30,1,1,0,2,4
2d3df5a9-3faf-4bc7-bf87-df49524e7176,10,1,0,0,2,4
e014868f-d5cd-49f5-83c6-845616e46463,10,1,0,0,1,1
32389d1d-25bc-4cb4-8321-0a64546dfaa5,50,1,1,0,1,2
b96deb75-e53e-46a6-bb11-4170a9dc2216,50,1,1,0,1,2
67f7daaf-68f1-4963-81bb-f09a3c88a1cd,30,1,1,0,1,1
2a7eb92c-df47-4fba-8a47-70075a95420c,30,1,1,0,2,4
dc4c77c9-ac3c-44f9-8b31-11b071c18af8,30,1,1,0,2,4
e7c7c444-b314-4a1f-a0dc-7c9ca3a82659,10,1,0,0,1,1
07c23b97-46ad-446b-a585-6f93853a8d3f,50,1,1,0,1,2
c25b31c4-e0ce-4d75-b51c-399ad4d4ecf2,50,1,1,0,1,2
20d647f7-bf0e-4946-a26c-cd9aa00ce2d5,30,1,1,0,1,1
a958446d-d6a7-4e1d-bce0-ad0e4a0ae0fb,30,1,1,0,1,1
cc0da83b-105c-4895-9ae5-d3afe5fe0fad,30,1,1,0,2,4
e8a693c6-b56d-4c8e-ab52-6efd58c8b617,30,1,1,0,1,1
4a8c3911-2fd1-4d7e-87f2-629ac3aceb4f,50,1,1,0,1,2
89d8296a-ef41-491b-a93b-14d39452d54d,10,1,0,0,1,1
a5a2fdba-44e3-46f0-bc1e-9882cdf839a9,10,1,0,0,1,1
3c0f2d83-41da-4549-a21f-0c8b2ed48092,10,1,0,0,1,1
fb540434-40bd-4cf5-98f5-f9b441981030,30,1,1,0,1,1
589cc987-efcf-4b93-a3ba-69a6673dcf37,30,1,1,0,2,4
d212f937-36f3-4323-96b5-ba97cda17768,30,1,1,0,2,4
1ba5fe6a-4ce7-46fb-9bd5-21c0e61426b8,10,1,0,0,1,1
6358ee40-d27c-48de-8964-27c5c686800b,30,1,1,0,1,1
8c7da204-4168-48ee-822f-84966f65554d,30,1,1,0,1,1
f9d20348-9863-4cd9-ad91-f92f8d44c01d,30,1,1,0,1,1
4b865bf0-bc31-4fcb-8db4-efe077ebc480,30,1,1,0,1,1
bf5a952f-80af-4df1-803b-296148c5b7aa,10,1,0,0,1,1
130a3864-b9ea-4b85-9800-072c60e3feba,30,1,1,0,1,1
c1dd3879-b450-4f4f-a19e-facba10a4c3a,10,1,0,0,1,1
04f0c552-d3c4-492f-b957-dfc11947158d,30,1,1,0,1,1
2f7b15e2-9c51-4a74-b837-e3ec3124a64e,10,1,0,0,1,1
0627cbba-a2bf-4502-9618-1636d3f60e19,50,1,1,0,1,2
50cb2890-2f05-4a08-9f7b-43c289c95b08,100,1,1,1,8,64
2517b6b5-1ed3-4e08-ac2f-c787dfc09855,10,1,0,0,1,1
7ae65d1f-e544-4792-b36e-9256f7fa94d5,10,1,0,0,1,1
2c3abb14-14a1-44ec-826e-8d303efd13f3,30,1,1,0,2,4
6379f24c-8b1b-4b52-a505-270ecf2af57d,10,1,0,0,2,4
6a5baebe-0da3-4a6a-886a-dcc2d98e0a69,30,1,1,0,2,4
d90541f9-71fb-4255-bbf3-c74ef6a03b82,30,1,1,0,2,4
8fb9d7dc-f037-4702-b091-aaa10a4e8a2c,50,1,1,0,1,2
4b031506-dee2-4024-82cb-af868eeb7ff8,30,1,1,0,2,4
a5da73fa-fc6d-455b-b5f6-2a8202d4fde9,30,1,1,0,1,1
a767028e-9196-48c8-ad84-8e2b64a9ff0d,10,1,0,0,1,1
4138261a-323b-46f3-a0a2-fae9f3f02eb9,30,1,1,0,1,1
846bf4a3-bcaa-4299-aeae-f3034e45df13,30,1,1,0,1,1
f4768475-4fcb-4b94-9ac7-a013b4577b7a,10,1,0,0,1,1
9df97602-0b1a-4ab6-b6ba-58ee299481a3,50,1,1,0,1,2
a47bd124-5f66-46c4-9614-da311c202176,30,1,1,0,1,1
1baab27c-d4b5-49e0-9f77-54104bd1681f,10,1,0,0,1,1
4735bafb-40fe-4fa7-9b5a-1e5bc616467b,30,1,1,0,1,1
a29401b2-edc1-4b38-ba37-6cb2f879a543,30,1,1,0,1,1
09cddc2f-c8e9-4560-84d9-610ebf778010,30,1,1,0,1,1
95a7cccf-3880-4100-bd80-aa7b99e625d3,10,1,0,0,1,1
6334967c-8280-4690-a09a-110c8b10025c,30,1,1,0,1,1
02823a5f-11bd-4337-b208-94aa8b63c04c,10,1,0,0,2,4
035d4753-3f4b-4eea-8353-f5d17913d579,30,1,1,0,2,4
65cda68a-0ef0-4f01-bc2f-bdf5f825256d,10,1,0,0,2,4
68b8306c-b090-4506-94a4-25b6769e475f,30,1,1,0,1,1
e8178eb5-6f9a-45b4-99f3-9564bd8b89a1,10,1,0,0,2,4
f4334452-5418-46e7-9519-67a9f6871c11,50,1,1,0,1,2
fcbc51b9-3684-4dd3-bd02-01e5ff52d400,30,1,1,0,2,4
06fe2e29-61d2-4525-ab7e-00042a74c9df,30,1,1,0,2,4
08b4db42-c24d-4d1b-960d-048f89c91716,30,1,1,0,2,4
331210aa-416e-43e3-83f2-8cfce2bf95c4,30,1,1,0,2,4
dd45a7f0-aa2e-4fc3-b618-454fa32032e9,30,1,1,0,2,4
89af3c69-874e-4f2e-a3a4-89cc36f7e550,10,1,0,0,1,1
595e29ba-ecfc-41a3-9b85-85447bd6302b,10,1,0,0,1,1
01e08aea-2072-4138-860a-36df5215e975,30,1,1,0,1,1
79534633-60da-4a76-bedd-65787893cb8f,10,1,0,0,1,1
f6d090ed-e261-4c4b-8782-b6e429ab1233,10,1,0,0,1,1
92b18aae-8c51-4bc9-bda6-5e23a26f6379,50,1,1,0,2,4
e30c6c14-1185-4b7f-8dab-e2aea85e4c0c,30,1,1,0,1,1
1f79a8e7-fa66-4782-bab2-dd7e1f4efb45,30,1,1,0,1,1
3ee7d2d3-d327-4932-8d62-54da74fb3283,10,1,0,0,2,4
e82ea596-f359-4324-ad26-d5c321f6483e,10,1,0,0,2,4
ad49a027-e1bb-43a8-ad5b-82b1e2c77b32,10,1,0,0,2,4
91709709-7a30-461b-81ae-6c20dcad467f,10,1,0,0,2,4
a97c516a-161f-4d9b-9d76-44282b2c8ffd,10,1,0,0,2,4
e46cd633-7e72-4a47-9b14-5d849acf8540,10,1,0,0,1,1
4ebe58ae-f62e-45df-9bf1-5277a0bfca80,30,1,1,0,1,1
cc5e4c86-7f76-40d3-8fef-a372cf6d2922,50,1,1,0,1,2
bdeadf9b-0e2f-46d7-8b98-0666eca38a1b,50,1,1,0,1,1
7688b9f6-490b-4640-9526-18de19207cef,50,1,1,0,1,1
812d4546-0c93-4884-bd22-64cbaed09afc,50,1,1,0,1,1
e9d80c8e-31df-4af9-a346-33bcf8591ade,30,1,1,0,1,1
6411db69-af9a-42ab-b95f-7bfc036ed9b7,50,1,1,0,1,2
4d571b56-d518-4c86-a8e2-ca86b02c55df,30,1,1,0,1,1
3c34adc6-c18b-41dd-b598-b52a71af17f6,10,1,0,0,1,1
6c224db3-1d24-4ab1-bdf6-e22875b597b3,30,1,1,0,1,1
3080bcc7-7123-490c-b68d-7bdd6ff7eea6,10,1,0,0,1,1
31aee4b6-5260-414b-92cd-151538cfb097,10,1,0,0,1,1
4a935499-268b-4d77-a5fa-2e6d563749f3,30,1,1,0,1,1
b7172087-c661-45f1-86fc-7095f6779cd9,30,1,1,0,1,1
bd647726-fb50-472a-b88b-01cfa8d9b690,10,1,0,0,1,1
b7d9f5e3-fad2-4f0b-b57d-0b2b00d0a8d9,30,1,1,0,1,1
3d10ec9d-b92b-41fb-9537-2d725a0949c0,100,1,0,1,64,256
713044e5-6682-434e-a8b8-116a7d3d3bd0,100,1,0,1,64,512
f0b95a38-9ea1-4e3b-9432-710f57fd3f80,30,1,1,0,1,1
50d55798-1a49-4e14-8938-222c2547aa8d,10,1,0,0,2,4
94544a70-f69a-4f57-83d7-a5acd9b9abd8,10,1,0,0,2,4
060e6f05-b2f1-4771-81e1-13f7e436ed84,10,1,0,0,1,1
553e43c7-22a9-4df6-a69f-37ecebf1e0b0,30,1,1,0,1,1
36c0c314-b8d8-4f18-b0b8-9de881dac87a,30,1,1,0,1,1
6980b26e-38af-48b1-b831-18c293497990,30,1,1,0,1,1
1c4e24ed-6e28-4bf4-823d-3090c5b1676b,10,1,0,0,1,1
2fdc7f0e-904a-417d-9376-cae06340c38a,30,1,1,0,1,1
521a31b1-949b-486a-b8fe-781319aa7c6b,10,1,0,0,1,1
3d23429c-473a-45ce-948d-4e3613e7fd9f,10,1,0,0,1,1
03220f82-b49a-4c13-8efa-2e442dff49b0,10,1,0,0,2,4
513677e3-97e8-45f6-ae94-967de4b3e75a,10,1,0,0,2,4
6c83e674-8775-48df-bf0f-dbe90a071c0b,10,1,0,0,2,4
be86306e-e5dc-4e6b-beeb-ebb37c6ca3e2,30,1,1,0,1,1
809c10ec-f2ad-4f17-b54d-33ffbabdeb4c,30,1,1,0,2,4
6fbec461-ef3d-4309-be05-24e91b1cf05d,10,1,0,0,2,4
6e2c0697-a728-4c28-9597-9a43f0ce723f,100,1,1,1,2,4
4ac701b3-260a-4284-bd93-aa8a37cf36f4,70,1,0,0,1,1
3689e56f-3681-4d89-b1d4-8e00ac3a5509,100,1,1,1,8,32
f4479056-9086-4a20-9d30-4dbf75a5f2b1,30,1,1,0,2,4
0ea61404-dd44-41c8-94df-9dae4cd57f1d,50,1,1,0,1,1
1dd6213b-205c-4a65-88bf-f85e614f91cd,10,1,0,0,1,1
ed4abdd5-6130-483a-9627-29464a061ce8,100,1,1,1,8,64
f35be138-9e91-45ca-9050-e128e4729518,30,1,1,0,1,1
00e7e7d2-a46c-472d-a5f7-27b5583ef268,50,1,1,0,1,2
c4d36310-6a5d-4e87-be63-c497ebeae1e3,50,1,1,0,1,2
07ed9672-590a-46ac-834c-c13d483a6110,50,1,1,0,1,2
337f3ce3-ef9d-486f-b85b-5e766d535f60,50,1,1,0,1,2
35d76e09-8e20-42a2-a85b-003cedbee940,50,1,1,0,1,2
7772e1f6-e541-4062-a6c7-8ffc2307d700,50,1,1,0,1,2
cfd087d0-35ab-4ee1-890c-51815b478397,50,1,1,0,1,2
1796521a-4c39-4196-a040-de82472ce1be,50,1,1,0,1,2
f7d8fa36-1347-42c6-a427-ddc2216be18c,50,1,1,0,1,2
44b73e1d-bc77-4304-ac87-6e77abb5954b,50,1,1,0,2,8
d44d729d-e6c5-4a45-ac83-5bc510b23fdb,50,1,1,0,1,2
7e01b611-cd86-4bde-baf0-2db62f3edcc0,50,1,1,0,1,2
a6cf17b1-83bf-4e1e-860b-c2af5e3ab418,50,1,1,0,1,2
2b76073d-92aa-48ba-8d3b-65244267e942,50,1,1,0,1,2
2f823d0b-9246-47d5-a74d-49954c55ba2e,50,1,1,0,1,2
a4e9084c-6994-46ac-8b1f-0de3bd5a4a45,50,1,1,0,1,2
946e6617-e3a7-4481-9e82-b19265875f54,50,1,1,0,1,2
c9fcc9b1-661b-4936-830f-368bea38b4f2,50,1,1,0,1,2
a91ba713-3298-4116-9eb2-2b889536f726,50,1,1,0,1,2
4ddc3cbf-6d39-4306-ab69-8296e339c28e,50,1,1,0,1,2
596d5e33-348d-42cc-a418-aef34855e040,50,1,1,0,1,2
9ae1d336-d516-4983-ad83-588bfb9536be,50,1,1,0,1,2
fd27aa55-7b0d-44a0-8113-b4dd508bd2d3,50,1,1,0,1,2
86f22b41-20e9-4c5a-8dcc-2d5d51abdb88,50,1,1,0,1,2
81acf4de-d53a-4699-8119-1121d3c76c49,50,1,1,0,1,2
7121dc3b-6da7-4578-9161-f7cbf0cfab22,100,1,1,0,8,16
b8f89b31-d558-460f-90cc-36ceab0ab2aa,100,1,1,1,8,16
4e8d8b14-d4a1-4fe0-889e-9751cb573af2,50,1,1,0,1,2
314d028e-55f8-4597-88d9-927345bf9a03,50,1,1,0,2,4
004fa1a4-2d44-4c05-ba80-dbedd71135b1,50,1,1,0,1,2
0493dd34-5f3a-4020-90ea-c34d99a9dde7,30,1,1,0,1,1
1926a601-dd10-4a25-901a-7337192f3959,30,1,1,0,1,1
7a7cadf4-c809-4023-83a5-46563ac6f468,50,1,1,0,1,2
ae8ea252-a4b4-4920-8f9b-7768dd15eae8,50,1,1,0,1,2
755a9df9-6939-4573-b3e2-6c5d9eb06f1e,100,1,0,1,180,464
e3e3f8f9-0d50-45f7-a3bd-a8e50056a2de,10,1,0,0,2,4
486cc33b-72ea-4dba-a848-2e953bbed5a2,10,1,0,0,2,4
5aa00f73-843e-4068-8d2b-04bbdc362127,30,1,1,0,2,4
838d5271-4b58-45c2-a798-4e91ce4ba5e0,30,1,1,0,2,4
c006435f-c5bd-49d7-9d7f-3d8b45a15ff1,50,1,1,0,1,2
a89aead7-6229-4334-a376-c29c7e36c29e,50,1,1,0,1,2
df1748e4-420d-42ad-842c-036431fb017f,30,1,1,0,2,4
97954253-c514-44b0-b2c8-1a59884dfbb0,30,1,1,0,1,1
88a20110-8769-4757-89c5-0833287bd2e4,50,1,1,0,1,2
50bb5b34-2080-483e-b8c4-bd6a87f2cf54,100,1,0,1,32,64
deaa6911-8d70-4ebe-b9ba-a968d460f225,100,1,0,1,32,64
dccf7006-794f-4d78-b691-536f97997213,50,1,1,0,1,2
d2b25edd-59a0-462d-acf1-151ec2359d31,50,1,1,0,1,2
0ddf6f99-5561-4c9a-be7b-2b17a590e713,10,1,0,0,1,1
405d6a14-2ad4-414e-b821-968b47ed7e91,50,1,1,0,1,2
6078ebd2-2228-4f39-a7ec-e6935c5b1e61,50,1,1,0,1,2
9c8eaea1-aad9-4ef7-9440-8b54f237f435,30,1,1,0,1,1
2cfeeda9-3747-4f59-9540-213ea8f60e42,50,1,1,0,1,2
d6c94463-2277-468c-9eb5-5f1dafebd492,50,1,1,0,1,2
41724bfa-03c7-4f7d-a7a7-311beb0c9b22,50,1,1,0,1,2
834fe5bc-b9b2-4488-abef-8667f8aeaf94,100,1,0,1,32,64
31193461-2ffd-4ff9-a741-0c56f3d50f4d,50,1,1,0,1,2
db91c2d7-a463-4ab0-ae3c-448cd533823a,2000,1,0,1,16,32
9b7aa8a4-e242-4622-a84b-8c40eae9b85b,50,1,1,0,1,2
68f5f3bb-05ab-4d1d-996e-d44852dc21bd,50,1,1,0,1,2
0a3a1634-9a69-451c-92ee-78344c9d8cad,50,1,1,1,2,4
7743a3ff-f027-408f-8b2a-abfc9cb9def2,50,1,1,0,1,2
af4012a3-d29c-4f24-bb4c-9eb24656e24c,50,1,1,0,1,2
52eba648-df6c-4232-999e-ba01381fb083,2000,1,0,1,16,32
17a63227-434a-4ea1-9fec-ddba4bf951fe,50,1,1,0,1,2
3142ac07-0c84-40b6-be32-6ad6010b87af,50,1,1,1,4,16
68901c80-8832-4fd3-94a2-ba00817554ed,100,1,1,0,16,32
d1ad1e5a-e07a-484d-af62-4fa8e9c2a926,10,1,0,0,1,1
9f0fbfa5-c315-4a22-830c-9cdd7f2a6e08,30,1,1,0,1,1
cf262ad0-30e9-453b-b0cd-13e79a1555ee,50,1,1,0,1,2
9613baca-ebad-46e0-a280-0f44f3037ca3,50,1,1,0,1,2
c9f4e351-8c78-46cd-8174-f0d6a12bef8e,50,1,1,0,1,2
a9f42467-bd4f-4ccc-9baa-7e77b324afaf,50,1,1,0,2,8
28c75365-50c7-4cd9-afd7-032ab7c478ff,50,1,1,0,2,4
d17487ec-d40c-4b0b-a935-8e4ff05af375,50,1,1,1,16,64
3865b522-a0f4-488b-a416-28effa44e0fb,2000,1,0,1,16,32
996d8c1d-4ddb-41a9-8e27-de8a24fd2b16,50,1,1,1,16,32
0ba21627-69f5-49ac-acd9-fd40d64f4ce0,100,1,1,1,8,16
6ef4c593-7c8e-4441-92b6-fc0a742fc9d9,100,1,1,1,8,32
db75e2ef-21b2-4951-b34f-6ad19b597e1c,100,1,1,1,8,16
810ca229-aa27-49f4-b718-80bbad7c849f,50,1,1,1,4,8
bed8a0d2-f95f-4b44-9257-292812f1684a,100,1,1,1,8,16
42c29f23-788f-46c2-89d3-7e21fe07c9ef,50,1,1,0,1,2
d23da0b6-9abd-465f-83c6-46edc32b9d96,100,1,1,1,64,256
03866674-e455-4f90-970f-09bcca9903b6,100,1,1,1,180,464
276e2252-c3a9-4e24-b850-6302999d2181,10,1,0,0,1,1
a8da44f2-3040-4a2f-a83d-55bb1522faaf,500,1,0,1,180,464
b35e08a5-9fcc-4316-9b8f-cbe0d1170cbd,50,1,1,0,2,4
1a0c0f15-281c-478d-9892-f01f9536dc87,100,1,1,1,180,464
5f4349c0-2a82-4ee3-9f8e-763ebcd9c8d1,100,1,1,1,180,464
b3dfff6c-f8b9-4014-a04b-6e4d806d6694,500,1,0,1,180,464
32ca579a-b6fc-4771-9e61-589b3975362d,100,1,1,1,8,32
e67b8fd0-ff24-4a02-aee3-eb53f79c1f22,50,1,1,0,1,2
dccba109-14be-4cb4-8934-0f243e004b8f,10,1,0,0,2,4
89d438fa-d4bd-4094-974c-b8dcc4e50fe9,50,1,1,0,2,4
d44e6fcb-8d2f-4eb6-a639-2f71da85dc56,10,1,0,0,1,1
6d679370-8df4-4767-b21b-f5ea3ba51a1b,10,1,0,0,1,1
78630e37-d891-4396-8d86-15688f8fe4ee,50,1,1,0,1,2
30236dc8-f3df-4096-8383-6a401201f968,30,1,1,0,1,1
19039f7c-80e9-4966-ae69-53ef4b2391e3,50,1,1,0,1,2
8009dff3-b583-4f9b-8176-6f508b7533aa,50,1,1,0,1,2
d7082e6e-cdf0-4535-a368-7d21ef8d7b5e,300,1,0,1,4,16
ab3b03e5-845d-4fbb-8a53-3b2c03b8bcb9,100,1,0,0,4,8
29b49757-bc18-421e-bdfd-9bfab024a0b9,50,1,1,0,1,2
d5097ddb-bb4b-45f6-8efd-7150ee175b43,50,1,1,0,1,2
226ff510-6f28-40cd-ae85-2c3c90b7a3c7,100,1,1,1,8,16
227314c1-82e8-4592-89e5-6a8babf8263a,30,1,1,0,1,1
bc888843-50e7-4a31-9310-80e6079f6fca,50,1,1,0,1,2
c239c7ed-87cb-42fa-9af0-b5c03cbcc68e,10,1,0,0,1,1
d7959d4e-7fa1-479c-be1d-1c0b53af4169,50,1,1,0,1,2
3528595c-c4db-4e63-8220-8bcfc3912022,50,1,1,0,1,2
65be35cf-e5ce-4c65-a831-b72379b91e04,50,1,1,0,1,2
90e668aa-be15-45da-8f4e-f1d1a8e04b02,50,1,1,0,1,2
bd1f5316-5322-476a-8fca-b4aba15a27a4,100,1,0,1,64,128
4bd8c42f-9f32-4931-9d11-13e3ddd53ec9,100,1,1,1,8,16
e0f5c263-2e36-4350-be3f-8d84856277a6,100,1,1,1,8,16
e8408f19-a581-4e84-8d87-2ae5470cb3ef,50,1,1,1,8,16
c71bd700-1951-4bf6-9b0e-28dbe5a70931,50,1,1,0,1,2
423bec3d-c9e6-4a87-a6fa-9719b45087db,50,1,1,0,2,4
06cd07b8-70bf-4825-8137-89ed888a13a8,10,1,0,0,2,4
5b8f974c-bbcc-444c-aaad-994b07c10706,10,1,0,0,2,4
f3f56709-28d3-4cc7-98b1-085b1c026dbc,30,1,1,0,2,4
d0da4748-5c03-4d93-83ab-9f3ae3d9e516,50,1,1,0,1,2
18388370-1976-4c29-9c15-d793646157e3,2000,1,0,1,16,32
c8ead262-a824-405d-8942-ecfbd3bf5b01,50,1,1,1,4,8
bf28bff0-2d8c-4b1b-a605-709192244d8a,50,1,1,0,2,4
cf4aa067-57e3-42d4-9a44-88ca0421486d,50,1,1,0,1,2
05c43213-c74a-4743-bb5f-33146f29cc1d,50,1,1,0,1,2
551ad9c3-1749-4cf7-b305-19f991863b50,50,1,1,0,2,8
0e6c119d-9519-4b04-a458-277e2fc6a2ed,50,1,1,0,1,2
57443c58-d619-496d-b3de-a4ad5f8d4d8d,50,1,1,0,1,2
0bcc0990-b2ac-4e82-bd45-5f70a066b68e,50,1,1,0,1,2
b616cc46-56ab-44a2-ad30-a9470ae27ae6,50,1,1,0,1,2
a0299b4c-9469-4ec5-b148-adfe19c5cb27,50,1,1,0,2,4
9adcb934-8c5d-4d6c-b422-3c913c0f07b6,50,1,1,0,1,2
b0067638-9fb1-4a40-84b0-b1747d419f7b,50,1,1,1,16,32
08953a52-5a06-4dfc-b870-d2cacb17850c,50,1,1,0,1,2
3c103d1f-3407-4a13-a343-63ab569cda2d,50,1,1,0,1,2
f9ec46d7-3d6c-41b9-b545-37251060df92,100,1,0,1,64,128
6cb3e604-b2af-4bd5-a56e-2cec9c686da9,100,1,1,1,64,128
a90269ab-d8d6-4b49-9d6e-8fa228080374,100,1,1,1,64,128
3db717f8-334e-466a-8d2b-b9beff172ce1,100,1,1,1,32,64
a3c96eb0-5456-46dc-ae92-9f8690533249,50,1,1,0,1,2
e664e380-e7f8-4871-a21b-9fb4151347d4,100,1,1,1,180,464
d1500379-37cd-4bb7-941a-4f87c0b1979d,100,1,1,1,180,464
d573acf6-4269-48ae-8663-b4ccfb30a6b3,50,1,1,1,16,64
0c48c589-d1f9-48bc-b8fa-742b71ee246a,50,1,1,0,2,4
931a3b0e-0538-41af-937d-cb2b5a1b14f0,50,1,1,0,1,2
eec57a74-57bb-43db-9cb4-eb8ec73591cc,50,1,1,0,1,2
5358c952-e270-4efb-aa81-7d15403dbbbc,2000,1,0,1,16,32
cb2adc38-d57b-4eb3-ac66-7bcb08046f4a,50,1,1,0,1,2
a1315e56-fae1-4a91-a8d8-4697cc0f207b,50,1,1,0,1,2
ecee465f-9e15-44b8-a0ff-656c1d7b5c28,10,1,0,0,1,1
c26664a7-e42d-4d4c-ba46-5b7d588d1d0a,50,1,1,0,1,2
175c4e5f-ec61-41ec-bde5-94715698babd,50,1,1,0,1,1
32ece1f2-bb7a-4665-8a2c-a3e2b8213ec9,10,1,0,0,1,1
d4d17487-351f-4532-b222-29f589af4e4a,50,1,1,0,1,2
6ccd1a6d-4bf5-4fda-8d0d-e2296fc0917a,50,1,1,0,1,1
0089fb7c-067b-4503-ac13-c08340e02bf3,500,1,0,1,32,256
24b62e17-32fb-445c-980e-63e45ac705c2,100,1,1,1,16,32
55a359db-2990-494d-bc07-a57f477be160,50,1,1,0,1,2
b8b74361-52db-4258-9332-12ac0c150de6,50,1,1,0,1,2
17f77ec3-0a4e-44dd-a7f3-e9d7797ccac6,100,1,1,1,32,128
147f672b-76b9-4a97-8b4e-17a13f1d2b8f,100,1,1,1,32,256
25eb4696-cda4-491b-bd7b-09afc8d89253,100,1,1,1,64,256
381e942b-85cb-470c-b9c5-77ab325e6c01,100,1,1,1,64,256
52289700-2591-4e57-93de-82d4bb45f784,100,1,1,1,32,256
eb2e73d2-7a1b-49f3-bbcd-47947241728c,50,1,1,0,1,2
60f05211-bdca-43c3-aabb-9a568e4c8f1f,100,1,1,1,32,256
65e5d1c7-7c5a-4016-878c-34a6c1aca99f,100,1,1,1,32,256
02dad1ba-770b-4d30-9084-9117394e7c1e,100,1,0,1,32,64
34dc2e77-6cc9-40a5-a722-b6306160ed57,10,1,0,0,2,4
7c7419b8-953c-4a9b-a4aa-c3c743774c87,100,1,0,1,32,64
12c6e75f-bc8e-4266-a0b9-6c4240519892,100,1,0,1,32,64
5465a370-6eac-43b0-aec5-a6d10a9ee3ad,100,1,0,1,32,64
3d92cf2f-4a4b-45c7-9f2f-d94c010dea6a,100,1,1,1,32,64
5198536f-386d-4d3d-b38d-e792f0838310,30,1,1,0,2,4
fa0ed9b3-a005-448a-92b3-f4b74b0bade5,10,1,0,0,2,4
5c39a65a-8265-4b69-a256-edab804a8e61,30,1,1,0,2,4
690bd105-5511-44f6-b90d-69a8cc60050a,100,1,1,1,32,64
71a699bb-7722-4a08-a733-27a54861cb5a,100,1,1,1,32,64
45da00bc-8e37-4edd-a3ca-0cd37841bc84,100,1,1,1,32,64
c69e3d24-5db3-468c-921a-d8668867e00a,50,1,1,0,1,2
2ebf6161-3787-4eb3-9dfb-cd809270f431,10,1,0,0,2,4
49084dee-ae25-4d6c-b075-b788b2a36b35,10,1,0,0,2,4
46157d05-336b-4477-b8c7-091e6dc14ad6,10,1,0,0,2,4
27cd87f9-2f9f-449f-a705-ca926a17ab16,30,1,1,0,2,4
dee44164-ba4c-4b71-bb7b-14bc1e333b5e,50,1,1,0,1,2
09e9e12e-5e4a-4de6-967c-5a3a92f2a543,10,1,0,0,2,4
c85fd56d-b4fc-436a-a5a1-bdfef84fcb70,50,1,1,0,2,4
d1f7287d-008f-4b43-9123-b18f86f73926,10,1,0,0,2,4
679e3f86-a681-430f-bd60-15e120a48820,50,1,1,0,2,4
72410809-4dbb-488c-8795-6e90e559fbc6,50,1,1,0,1,2
be188237-68d4-450c-b322-08c62aa7fb27,50,1,1,0,1,2
6880250b-01c8-4c18-ac2e-e2e12c299885,50,1,1,0,1,2
3c790410-7e5b-4e32-83d0-36dd807bb2d6,50,1,1,0,1,2
5460dbaa-7967-4f24-8b52-2d81fddfe9a1,50,1,1,0,1,2
3d920bd4-7034-4adc-a769-867e5c629062,100,1,1,1,32,128
7a629b49-eece-44a5-9f30-2bf964f60522,100,1,1,1,32,128
6ca1db08-2abb-4b3c-8801-a569e102a4d7,100,1,1,1,32,128
f595e0a3-08b4-4461-819f-2b315de40ed8,10,1,0,0,2,4
89044006-662f-4a5a-beba-5070874f128e,50,1,1,0,2,4
4c05994f-8c5e-43ca-b590-8945e7845273,50,1,1,0,1,2
9aac34fa-5e73-43ce-bb3e-192a0b0ed20a,10,1,0,0,2,4
f1da5337-a5d2-4c0b-8cc1-1a1101bb68da,50,1,1,0,1,2
6f64a73a-bf88-4d00-9dc6-51d58d6143a8,10,1,0,0,2,4
b45a78fb-71c5-4bfd-87d8-c00911736862,50,1,1,0,1,2
8b88fc26-bba8-4519-b388-b8eef4a225d6,50,1,1,0,1,2
bf960766-6886-4268-9197-1fda3a137690,30,1,1,0,2,4
03a36a45-78e1-4e0a-b46c-51c187ace38f,50,1,1,0,2,4
17a4405b-010b-4b88-bd4a-c4340b1f3a60,2000,1,0,1,16,32
dad96824-e5a1-4930-9360-a08eae650398,50,1,1,0,1,2
2bbb918a-d2eb-4edb-890f-ba55d624949d,50,1,1,0,1,2
66125a6b-d257-4d57-ac25-b373dc382c81,10,1,0,0,2,4
dc62e606-70c7-4dab-96b8-ef67ff3bd7fa,10,1,0,0,2,4
26bdcc49-f6a6-4739-bf31-bf01287437f4,10,1,0,0,2,4
59f52a4e-4222-4bb0-9304-8acbb7e186a7,10,1,0,0,2,4
6ec611ba-9ef5-4239-9653-8deef28234ff,10,1,0,0,2,4
72f4388e-0c97-459e-b90a-0f1785755aef,10,1,0,0,2,4
e5966fc7-86f5-404c-9def-fd4a226df7e8,10,1,0,0,2,4
450d62ca-916f-4f68-8f61-8866f95f26cb,100,1,1,1,64,128
51c0f7a9-3a72-4c1b-8079-6d369fd323c3,100,1,0,1,64,128
60fb7313-e5f4-4c16-b4f1-53f74e591952,10,1,0,0,2,4
6d6805d4-1fa9-46e3-8e8a-e7986e297ed6,50,1,1,0,1,2
7580a59b-0d21-4bcc-b588-ce500301c62a,10,1,0,0,2,4
e0449390-a168-4452-8b20-846a6cb20f7a,30,1,1,0,2,4
99d27cc8-75bc-49dd-a033-59f71c08d4eb,30,1,1,0,2,4
f56f9f88-84d6-4e0f-837d-ca8c58551718,50,1,1,0,1,2
7be103d7-0e3d-4113-a304-7ca3d6efe1f8,50,1,1,0,1,2
ba4ff0f8-726d-421e-8a1d-9538c528a701,30,1,1,0,2,4
bb37d236-c1b4-4f49-bc4e-353bb2db06b4,100,1,1,1,84,256
43ad3661-b6fa-49b3-bc90-e1a8b352771f,100,1,1,1,64,128
3a14852a-b681-4a70-ba2e-4b7051cd4528,30,1,1,0,2,4
25cc133d-17cf-4330-aea0-8454f9dfcd5d,100,1,1,1,8,16
2a583d30-8157-4eee-8628-75daaf637510,100,1,1,1,8,16
97e3de75-2535-4fa9-8a4a-168c6b4c0317,30,1,1,0,2,4
f18ea192-2895-46ac-943d-ea00956e4570,100,1,1,1,8,32
127deab7-3f9e-4d8b-a7d3-b54e1799ad94,50,1,1,0,2,8
f8b1d1ce-63e1-45c2-86ab-d68ee50cdbea,10,1,0,0,2,4
12c60a5c-7473-4f52-8034-d27fdae664d7,30,1,1,0,2,4
ebe00806-019a-4cfb-80c1-9d1193c79b4e,50,1,1,0,1,2
4a098104-1c85-4df4-8cf2-60047f78de85,50,1,1,0,2,4
cbf154ce-7cab-48d9-8c9b-88547d851a20,100,1,0,0,8,32
3b35ed86-236c-401d-aa82-a83301213c85,30,1,1,0,2,4
10048899-55a3-4815-8a80-2a1761bf8b2f,100,1,1,0,4,16
f0f3c39e-5e2d-4240-ad2d-652c2a75bc36,30,1,1,0,1,1
a9da5618-899b-4fbd-8411-e0ebc11c0260,50,1,1,0,1,2
2127578d-0462-450e-b344-a96f836d19f2,50,1,1,0,1,2
fc5c949d-f844-4e2d-8ba7-e18b11a06484,100,1,1,1,84,256
4a57dbdf-c085-4229-a8d5-ec884d7357d2,10,1,0,0,2,4
4c0669d8-3a46-49f0-86ea-7b166ca0d468,100,1,1,1,8,64
4ac8e1db-2c13-486e-98c6-f3527e69c5e1,10,1,0,0,2,4
78dc59fc-a561-4a34-8127-d7fe7877667a,10,1,0,0,2,4
95bed44f-43a4-4c18-a825-49466368d656,100,1,1,1,32,64
1b3a6915-5ff3-47fa-97fa-83df9c8faf94,30,1,1,0,2,4
bc58f97c-58d7-4a58-aeee-c8bd9336771f,10,1,0,0,2,4
be455229-ff20-4dad-828b-bc913db43bb1,50,1,1,0,4,8
e1050b67-9749-456d-885c-9fff7aa3517b,100,1,1,1,8,32
6c4ad97f-7a7f-48e3-8810-318b40851d72,50,1,1,0,1,2
39a01935-7a67-4d72-9386-0cf0798935a0,50,1,1,0,1,2
ffe0b7fd-094c-45d3-ac85-4453c212ac45,500,1,0,1,4,8
ca7ca2d8-b2de-43e7-a0d3-a2ca79d7d58c,50,1,1,0,1,2
47f4369d-4cdc-4476-a897-03d085d34eff,50,1,1,0,1,2
56a1be7c-ba8c-4650-806d-e08f41acaff7,10,1,0,0,1,1
0c84e556-39ec-48c1-8e27-a81823a18648,50,1,1,0,1,2
ee5f7384-8e0b-48e0-9668-eced8ccf6dd1,100,1,1,1,8,64
a207fce5-1642-490d-ae0e-ee5f83b839e3,50,1,1,0,1,2
4a1a209a-0683-4709-9882-3bf5991c914c,100,1,0,1,64,256
f745461c-32b4-4462-a816-e32a09e83dfe,100,1,1,1,64,256
aebc0b06-291f-4df6-8c76-03913adee89d,50,1,1,0,2,4
6b8e332f-60ab-48b0-9899-8f4d4cd119d1,50,1,1,0,1,2
fdc80c61-88f6-436b-90f5-76f929fcf991,50,1,1,0,1,2
0f538415-078e-4ec1-af5b-aa9734beaa7c,50,1,1,0,1,2
35b3a0f9-ba70-4c02-837d-019e88cc4b88,50,1,1,0,1,2
adea39fd-7a55-4c7f-a615-098befbb724b,100,1,0,1,64,256
a4e09e44-1fa3-4d44-8d92-071e9aa90f83,100,1,0,1,64,256
0ab50ff7-17fc-457d-b02e-c6b815804cc9,50,1,1,0,1,2
3184f167-85c6-488e-9762-e5d364777ab9,50,1,1,0,1,2
617770b4-87ff-41f7-ac82-23cb17ddb0a6,30,1,1,0,1,1
96f8d6cd-2498-4eac-b7f0-0abf8abfb1cf,50,1,1,0,1,2
70788d61-0939-43bf-a015-e3eef4a35c00,50,1,1,0,1,2
18a7a5b6-db7f-4a30-8a90-4a209835f126,50,1,1,0,1,2
8d6f7318-a9c3-4e21-9b02-d23f20d880b1,50,1,1,0,1,2
13ce4e29-4b89-43c9-8482-3f4165b49987,100,1,1,1,8,64
808ebf37-7751-4fdf-9019-e94e86ed39dc,100,1,1,1,8,32
27d15dfb-d06d-42b0-9019-5efbd1341b46,100,1,0,0,1,2
d324aec3-f1c5-4f9a-8ddb-f7130b087e41,50,1,1,0,1,2
79d475f7-d8c8-4736-b809-f7887f5b4f38,50,1,1,0,1,2
6c96b5db-262a-4489-adfc-c7a539cb7c08,50,1,1,0,2,4
4aebfad2-0dd2-43da-8c4b-75309283002c,50,1,1,0,1,2
fa940768-5927-4463-8399-7e0c82c99f91,50,1,1,0,1,2
b99122bf-201a-4eca-a915-15df8c2e4bc2,10,1,0,0,2,4
ed02d35a-d7bc-41f6-adf9-16c72b83943d,10,1,0,0,2,4
7a3fb46b-ada1-431b-a6e7-d1b678bfa160,10,1,0,0,2,4
7ee49512-d3db-4534-9966-0298abe1944f,10,1,0,0,2,4
df60a75b-91cc-4a02-ac85-3f58e605347e,10,1,0,0,2,4
22478ce3-2b15-40b9-8412-d2d3bacfd2c4,50,1,1,0,1,2
82b3419e-218b-49cd-a1f8-f4a42546c94c,50,1,1,0,8,16
05cd8092-dbc2-463c-aca2-637f0efe4246,50,1,1,0,1,2
dbc1a4d2-644a-4ea2-8f5b-250e6fde28bf,10,1,0,0,2,4
5094c453-29fe-4038-82de-fd264f6e44de,10,1,0,0,2,4
fe17cdd8-de70-49dc-a2fb-5cdbefb9417e,10,1,0,0,2,4
c3ee71cf-e539-488c-9ea5-36fb94f2ce31,10,1,0,0,2,4
1ff8f9f7-c2b0-44b8-830e-99846024cfbb,10,1,0,0,1,1
52695919-3162-45ae-af63-c8b34e00c425,30,1,1,0,1,1
c322a0f7-c141-46ed-9729-16ca7591e22f,10,1,0,0,2,4
d6d2eed6-129e-45ed-9f44-ab549f7f5cb3,30,1,1,0,1,1
162ec954-33d4-4383-8149-1068e21ed635,10,1,0,0,1,1
cfacc1db-9bf8-4d07-b46f-5f307fc2aef8,30,1,1,0,2,4
8dd28002-4fd3-4c7d-9f00-e301d12dbbfb,50,1,1,0,1,1
a591e768-daf7-43dd-9c43-7479290140e8,30,1,1,0,1,1
38e71e2d-971b-43df-a940-ac42a74f7639,10,1,0,0,1,1
6faf4519-4089-4c18-982b-a99be6062810,30,1,1,0,1,1
36b29370-b005-4759-b2ee-e8bca3a3b307,30,1,1,0,2,4
6b8cec7c-047b-4918-9e03-2be8bdcf894e,30,1,1,0,2,4
bd80cd54-b988-4c7d-b0d7-2a3953292cae,30,1,1,0,2,4
ee769266-2597-43bd-8b7e-b05d4f5b66fd,10,1,0,0,2,4
839ce367-a97e-4ea3-b4ff-354446ee16f9,10,1,0,0,2,4
08535f65-871c-49be-8eac-02cc53f93880,10,1,0,0,1,1
bbfe6899-250e-4478-90f1-c50a0a6830dc,10,1,0,0,2,4
167ea21d-d332-4e66-be9f-fb803152533e,30,1,1,0,2,4
35e8b545-19e2-4404-aa55-62c03beaa3e9,10,1,0,0,1,1
dadce2d5-4d3a-4345-ad05-5f800fc9ae8d,10,1,0,0,1,1
e7ce8089-63d3-49db-902e-653950ac562f,30,1,1,0,2,4
0da4efc3-6587-4339-baef-42a62e0e6f06,10,1,0,0,1,1
24910148-beef-4e63-8872-5f762355b7e8,10,1,0,0,2,4
74792228-fdc6-4f34-8628-c548e68b6037,10,1,0,0,2,4
d819e800-6f8b-4790-a5b2-7a3a771e2dce,30,1,1,0,1,1
eac7c67d-2029-49ac-991a-f4fb0b0092ab,10,1,0,0,1,1
8621f055-74f3-42ad-b832-e42023b9afcb,30,1,1,0,2,4
56720a16-b53a-4700-b323-309b4e5448fb,10,1,0,0,2,4
601b8de3-db56-458d-b65b-758ef2fd9c56,30,1,1,0,2,4
60f14819-b34e-45b6-b4c0-05a462ff991e,10,1,0,0,2,4
c0cc2c24-35d6-4fa3-84c7-f541b9dcb122,30,1,1,0,1,1
c8475348-6ed8-4292-9bf7-7646d257520c,30,1,1,0,2,4
06da20b1-80ac-430b-b9dc-3e8f4526a701,10,1,0,0,1,1
19edf618-7704-4cea-bc76-599b53d97ce7,10,1,0,0,1,1
6294e3e4-f125-490b-b8fb-7274b80beb71,30,1,1,0,2,4
6d808a94-21f6-4b81-a078-f41df420f140,10,1,0,0,2,4
af88af13-1126-4ef0-8549-2cb24d718fb2,10,1,0,0,2,4
76bc3edc-ba88-49e6-adac-2494f0209f60,30,1,1,0,2,4
37070145-479c-4b67-84e4-a116bd7ed876,10,1,0,0,2,4
f29eade9-2281-48f5-b25a-86d6586cbfad,10,1,0,0,2,4
7e226244-6ec9-4247-b3d3-78017b84f3fb,50,1,1,0,1,2
29f98295-2474-4813-9fd9-8a5036260a2e,30,1,1,0,1,1
9604c22f-1491-4877-8955-3e869da4dbb9,50,1,1,0,2,4
78c653b8-c2a5-41cb-9f4c-daaeee000e60,10,1,0,0,1,1
a73be936-36f7-495e-b7da-2528bc58f735,10,1,0,0,1,1
253da2a8-d372-471d-af97-0a7ae2f3736c,10,1,0,0,1,1
9572fafb-09ea-4f61-b37d-be44d37c05bd,30,1,1,0,2,4
4319abed-77a1-43af-9ae7-5283af980dba,50,1,1,0,1,2
c263c3b9-fbfb-4a89-8b11-d7eedfc1b0e7,30,1,1,0,2,4
317516e6-284a-4364-afb0-d7167b3fad11,10,1,0,0,1,1
a09e61d4-8225-4576-957c-cfb53d5bce54,10,1,0,0,2,4
a16ce487-78cb-4b4e-a126-1f66bb32b274,30,1,1,0,1,1
e56244e7-4bff-4cb8-af8b-7277c1ca8d15,10,1,0,0,1,1
14ba1167-1ab7-4cb8-9b46-80cde4a393c0,10,1,0,0,1,1
85e4102c-2090-4d3e-8b5e-78591ce7a549,10,1,0,0,1,1
c38d07d5-99ed-48b8-8d5a-92e2ff82878c,10,1,0,0,1,1
178e3172-0a29-4767-a5bd-ab23f42517ec,30,1,1,0,1,1
25585985-3239-49d8-a781-dd16556baa1e,30,1,1,0,2,4
b41ab888-a886-41eb-8b55-c095baf0f2b5,30,1,1,0,2,4
d513e676-6fc2-452f-832e-4380e7f56fdc,10,1,0,0,1,1
73c5cda8-e726-49fd-a964-5e9ba17e2b8f,50,1,1,0,1,2
733f00c6-cc90-4813-bca0-5c1f71b09080,30,1,1,0,1,1
8458a14f-a1ff-4500-a3d0-b67afe82b021,30,1,1,0,2,4
487c8b1b-77eb-40e4-895f-0800694ec012,10,1,0,0,1,1
5a1c59a9-3eb1-4e0f-a945-016518af8844,10,1,0,0,1,1
7bed0f10-986b-4d27-b0a9-ddfff4ba7583,10,1,0,0,2,4
3c6e1f3c-7026-4e8c-927d-79d670837caa,30,1,1,0,2,4
b162d8cf-d019-403c-98c4-f5a3aff56e93,10,1,0,0,2,4
6980f69a-0e80-4ea4-b318-20c85d487bd8,10,1,0,0,2,4
75eb9d26-e475-455b-ad8b-3694d7788008,10,1,0,0,2,4
92a34376-4c72-4291-bcd3-c75a372a1d06,50,1,1,0,1,2
88139d88-c030-4baa-88b7-26cb9f0fbd16,30,1,1,0,1,1
f78d9d90-bc39-416f-bb63-549aa1793ad3,10,1,0,0,2,4
29822d85-bf8b-4e2d-822d-440d6c92e579,10,1,0,0,1,1
534d6241-84fe-4f46-9f62-4225c13ca219,10,1,0,0,1,1
a17ffbb2-69c1-4a7f-81a2-88879d7b9b35,10,1,0,0,1,1
d4725fd9-7d11-4d5f-937d-71c24434eb45,30,1,1,0,1,1
7d1499ec-56db-4f28-b46f-5e4355b217f7,30,1,1,0,1,1
b6b9ec57-6f99-4241-9369-4fc0ee02acaa,30,1,1,0,2,4
d01c7a28-8fdc-4522-912f-5954acb9e773,10,1,0,0,1,1
498ce611-d674-40fb-a221-51ebb58c8b18,30,1,1,0,2,4
6b07e4d2-5a3c-4fa9-bdbd-b8060a962289,30,1,1,0,2,4
7431cfa1-0736-41ce-88d1-645f3db674f6,30,1,1,0,1,1
e737862d-fc21-440b-868a-0ed9f8e34598,30,1,1,0,2,4
3bac46bd-052f-4899-aac8-b56dfe1261db,10,1,0,0,1,1
496f065d-3b6d-44f7-87d2-8f5158fefe58,10,1,0,0,2,4
9d876683-82d4-450b-9cae-600c66cb3b66,30,1,1,0,1,1
543d6ef9-2a83-4afb-8ddc-b24fe22b943c,10,1,0,0,1,1
70aa77ec-8347-488a-a083-360cbf55fe3e,30,1,1,0,1,1
68fca159-ffcb-49b4-bc53-23ecf712671b,50,1,1,0,1,2
5656dc15-9d76-4e3a-9d7b-70b14d2eecc1,100,1,1,1,180,464
40fb788a-5002-4b3f-b336-e448c3158ae5,100,1,1,1,180,464
3fe60423-bd19-4e4b-a49e-eda33b5340ca,100,1,0,1,64,256
ecb35fbc-9446-4a46-a682-322d833ddd4b,100,1,0,1,64,256
10f48f15-d0b9-4b8f-b17c-a99fc3bd1a7e,30,1,1,0,2,4
d6f6a08a-1a36-4e68-9f4e-ad0f4aef3beb,10,1,0,0,2,4
7da9fb9d-308b-42ee-a3bd-b22f011180a2,30,1,1,0,2,4
05a818e7-4539-43cf-886e-4f8824539c70,30,1,1,0,2,4
256bd6f9-f0db-4f6f-b73a-1e7b99adf9d5,10,1,0,0,2,4
b18b22ed-65ab-4692-9872-a74f82dea8c8,10,1,0,0,2,4
09380166-03ae-4df3-a1f1-34535445fe84,10,1,0,0,2,4
5e1e5c6f-9dad-4892-8310-fa61aa6ee305,10,1,0,0,2,4
7f412954-2bba-4ae6-bfb8-b13b60c2a099,30,1,1,0,2,4
bf411ec8-0965-4735-b317-1738e3269d42,10,1,0,0,2,4
e0bc016c-2206-455f-8314-3b7be9a04aaf,10,1,0,0,2,4
39dc83b5-e6e2-4845-854d-70349a1c8b6f,30,1,1,0,2,4
952f614e-127a-40d8-8cef-1bccfd56a902,30,1,1,0,2,4
f6d9ff56-4c21-4c11-ab73-df8d138483ac,30,1,1,0,2,4
343b594a-8a5b-408e-8b0a-73c5989fc688,10,1,0,0,2,4
3cc9ff52-e461-4cf0-be97-da8fb3f5363c,30,1,1,0,2,4
e3c11724-7b8a-4f0d-a788-7476f8121a02,30,1,1,0,2,4
9424e06e-70a5-4d4e-9ae2-5712372da60b,30,1,1,0,2,4
03f68351-d900-4e1a-8277-8bf0393cf31f,10,1,0,0,2,4
ec5df84c-43dd-4b3b-8c6e-3f7be9f4c737,10,1,0,0,2,4
08073188-598b-4b07-9b92-94b12859fe57,30,1,1,0,2,4
11eb6c80-54c4-4539-b34f-331679f87c83,30,1,1,0,2,4
80ec7dfd-b922-4d78-b9bc-b001c7e4ed0b,30,1,1,0,2,4
9123bd73-799f-4816-98cf-0cacb6fda40f,30,1,1,0,2,4
c5f63eee-2dca-400b-8381-88cff883dd4b,10,1,0,0,2,4
26d55ab0-6653-4d79-9093-d2bcb0016deb,50,1,1,0,1,2
1379f08e-2910-445c-99d0-9b24c33207f5,30,1,1,0,2,4
8e1932d0-a0a2-4565-a37c-afd81ae63f0f,30,1,1,0,2,4
1ada936c-829c-4089-bfa0-7744557600d9,10,1,0,0,2,4
4cc88411-2078-47b7-ab3c-bff4dd7a15b1,10,1,0,0,2,4
77badba4-e379-4676-a6e5-a3f80b6b8c11,10,1,0,0,2,4
6acc4bf6-610d-404c-9a9d-92098e93dfbb,30,1,1,0,2,4
8e8cebfe-23e6-459b-b1cc-4726fd502520,30,1,1,0,2,4
bce6c865-df55-42ba-9c4b-6959d62522f6,30,1,1,0,2,4
d575f0d4-58b9-44e6-813d-c6828048a565,50,1,1,0,1,2
d455ebd8-6a14-403d-a3b6-7c1545659dff,30,1,1,0,2,4
236daa9e-25e9-440d-98b5-83124635fda4,10,1,0,0,1,1
f17a78d0-85f3-4b03-98ab-42f9b232c558,30,1,1,0,1,1
712f33ec-dcba-419b-a6c0-d7258a512848,10,1,0,0,1,1
dd5b443a-86b9-4026-a08e-e8a2ed875e58,50,1,1,0,1,2
8fba831b-446e-4183-b812-c715f1ea4404,10,1,0,0,2,4
9022d27a-ac40-4709-873c-684582b6dbbf,30,1,1,0,2,4
47369839-564a-482a-8ced-e3ba84d5e5a8,50,1,1,0,1,2
09c296a4-ca39-4631-b2f5-c209edaa6fdb,50,1,1,0,1,2
51f757eb-b969-4866-938a-6660472d185b,50,1,1,0,1,2
bcc73db1-efb7-4941-9d26-7b08cd598b4d,50,1,1,0,1,2
8d5c38d6-1aec-4775-860a-9bc4f556cf0e,50,1,1,0,1,2
a720899a-abc0-4a9d-adc8-0b7fa083d8d1,300,1,0,0,16,32
87de757e-b71a-4fec-a793-1f156899aac2,30,1,1,0,2,4
2b9a66b9-c2e0-4143-a10a-fd34fed8767b,200,1,0,1,4,8
646a7fd8-f6d1-4e77-9375-5e91de6f44c8,50,1,1,0,1,2
656ab503-d146-4790-91a8-e18fd632962a,50,1,1,0,1,2
1f008f1b-e757-4f33-ac87-427c795efa07,30,1,1,0,2,4
838c5546-5c12-4290-b683-a09dbff5d818,30,1,1,0,2,4
dfb14ca8-b294-48f8-b2bb-f2e70a63ed4f,30,1,1,0,2,4
eff7a4a3-a800-4c9c-b1bf-bfb0e90f11df,50,1,1,0,1,2
f51cba53-f498-4263-8142-f19588435aa2,50,1,1,0,1,2
1e72827a-7b67-4e6a-aeba-fcebc08ebbdb,100,1,1,1,64,128
aea91c79-c8bf-49b1-a0a1-239276bbe4b7,100,1,1,1,64,128
3c05c1e4-6930-4334-9894-a0b2a3955078,100,1,1,1,64,128
ed69055d-7617-4e8c-952a-be3c288dd2a6,30,1,1,0,2,4
8888a83b-e41a-456f-b049-13e251cf0604,30,1,1,0,2,4
3b4ec37f-104c-4e78-916f-2aa23a74ce4a,100,1,0,1,32,64
8bbe8527-b755-4431-8dee-06526030d356,100,1,0,1,32,64
956cd106-0628-4914-95bc-3de4878f174c,100,1,1,1,180,464
c9949c88-580d-4154-9f4e-ee6e9e51f8e0,100,1,1,1,180,464
d445feba-2427-4e52-bcd4-609ef32795ff,100,1,1,1,180,464
0c5dd5c5-4aa8-48ae-bf3f-909f853d46a6,100,1,1,1,180,464
9c4b16b6-b951-4c91-9715-33751f50d32a,100,1,1,1,180,464
3f9eaff6-1c10-4ef4-b395-02cde762d1fe,30,1,1,0,2,4
265c47a9-061d-4a53-94b1-dd5b567db2de,500,1,0,1,32,128
3499a8fa-e815-4927-a1d4-7262c32324c7,30,1,1,0,2,4
17c164a6-ac83-4ce5-884d-a0506bd1ee07,500,1,0,1,32,128
161d3d35-1751-4a0b-aeda-abb297cb673b,500,1,0,1,16,32
2182db12-a477-4ed3-98d4-cf93df19bc93,2000,1,0,1,16,32
f5b4d8c1-e9df-4f6a-9291-206ad9fd101e,50,1,1,0,1,2
a5a6bf8d-b67b-4448-98d9-d167570ab91a,50,1,1,0,1,2
a0b1fcd3-d35b-4eb4-a037-6706ae879eba,30,1,1,0,2,4
ba358059-9dd0-4e41-a9ff-336cdd525256,10,1,0,0,2,4
6bca44eb-f78f-4b39-92c0-9e6401fd748c,30,1,1,0,2,4
db944b4f-824f-4110-a670-af4fa14fd8a8,100,1,1,1,8,16
a8354f8e-7939-4924-a866-94c6546dd3cc,50,1,1,0,1,2
9780d533-bbd7-4d33-bf92-c2d18efd4ff3,50,1,1,0,1,2
b44d4747-4859-4851-b2ee-49b23cdeb9ef,30,1,1,0,2,4
7647a54b-855a-4edf-ae69-025c2375e0a8,50,1,1,0,2,8
e5d58aaa-d8d2-4683-a679-590468da0110,100,1,1,1,180,464
0497a834-dfd5-43aa-a6f2-ebccb563ae69,10,1,0,0,2,4
ccf9c31f-8f64-46a8-bb81-2c28744cbf98,50,1,1,0,1,1
d27cbec4-66be-46a1-80b8-34fc153259b6,100,1,0,1,64,128
c1953f4a-355d-4ce0-88f9-0c71eae69db2,30,1,1,0,2,4
6d268eb5-7143-4e9d-8348-5d19672a5b12,100,1,1,1,64,128
82957a4f-79bc-42d1-b420-9957e73bf05f,100,1,1,1,84,256
91a62571-fbab-4518-ad18-1dc331877918,100,1,1,1,84,256
0d04d1c4-3b5c-4c79-b5d1-516fac478457,50,1,1,0,1,2
e495eb72-1122-4c9b-b958-83d320ddc035,100,1,0,0,1,1
abd0c118-ee85-41b3-aa88-53e2d763399c,50,1,1,0,2,4
11e55426-389e-47ae-bdb5-d9b611b0a604,50,1,1,0,1,2
ac5c7054-1027-4773-9f27-107a82689e03,100,1,0,1,32,64
59084342-fcae-4ad1-a306-bcebad7df284,100,1,0,1,64,128
9ef618cc-fe46-4381-bc98-32abee4fb13c,100,1,1,1,32,64
bd7dd961-2d63-409e-9e38-70b384a132b2,100,1,1,1,32,64
6194d7f2-086f-42e2-8073-9dc20f25e8fc,100,1,1,1,8,32
b3196098-032b-4fc3-a159-ab9170257993,50,1,1,0,1,2
dc88c8e2-a4a5-43cf-ba21-e18502e457c8,200,1,0,0,1,2
0a331b29-90dc-4338-b28a-eb5ebd4ed47b,200,1,0,0,2,4
9713eed6-159f-44f6-9d19-8ed56b81337c,10,1,0,0,2,4
407cfb60-810e-4913-97da-e659d14983de,50,1,1,0,1,2
b861140f-c8c5-4844-a4ca-4574f16d9a0e,30,1,1,0,2,4
6cd0b5a8-c298-40c1-ae30-91e53013eda5,50,1,1,0,4,8
83812b99-cb96-43fb-8815-28c6341eeac5,50,1,1,0,1,2
958908ab-e979-4b90-bf21-12990f907bcc,50,1,1,0,2,4
d376f00c-c5fc-41de-b420-7ff4d343714e,50,1,1,0,4,8
59e82ac9-0001-44d3-bfee-8fda2e1ba692,50,1,1,0,4,8
a3a7c7f2-5663-4bd2-9e0e-6692ffcd8607,50,1,1,0,1,2
1fc71c72-ebff-492a-9281-f2e1e9b2b149,50,1,1,0,1,2
8f6fd056-000d-42e7-bf55-d7b3916c0176,50,1,1,0,1,2
18400975-ee50-4679-a5f1-c0e687e037d1,30,1,1,0,2,4
57301060-1f2f-4bff-b788-e1407d15a115,30,1,1,0,2,4
e029d4a7-6d54-4682-81aa-f5623e0ae69c,50,1,1,0,1,2
4723497a-fef7-4c5a-9076-1b22d2c34e61,50,1,1,0,1,2
589edc7a-7dcf-4ec2-94ae-7a1c97aa26b5,10,1,0,0,2,4
168c797b-ed14-4e75-8d30-6d18e3fc1442,50,1,1,0,2,8
b8f60a5c-21a1-4d0a-ba49-aea9ffd67ddf,50,1,1,0,1,2
9c8a3e9b-94d5-4b26-8c76-c7d540e17e7e,50,1,1,0,1,2
4b35f081-4dea-44e3-a2b7-4cb62cbaf14c,200,1,0,0,4,8
b9ce034b-52f3-4511-a484-07e5e9b00c51,200,1,0,0,4,8
1a383581-f41b-40cc-ac4b-05888732343b,50,1,1,0,4,8
20257aca-2917-4824-94cb-ceb261100737,50,1,1,0,4,8
7b485605-da11-49b6-b2dd-ee613a611864,50,1,1,0,16,64
f074264d-c04e-46f0-82af-dcc8d30b8d09,50,1,1,0,1,2
b0e4d1b2-9250-480f-ac03-e042b1f922ed,50,1,1,0,1,2
a7014da5-d7b4-4fbf-9e27-98529673042a,100,1,0,0,2,4
a8e6c040-22d4-4b3f-ad64-85d8362dda73,50,1,1,0,2,4
95af0fbd-c88c-4d80-ba84-81d079c41df9,100,1,0,0,2,4
18b40a6c-542d-4a9e-b21a-544790099651,50,1,1,0,1,2
828b8fb7-5dba-44c7-85f4-b91e9d17733f,50,1,1,0,1,2
c2bf19f2-9518-4e55-b362-f588d6e336fd,50,1,1,0,2,4
698e7cd5-9aa9-4059-94ff-8f8425bfcb87,50,1,1,0,2,8
06e098cd-728d-434b-b2f2-5dd2aef6ced5,50,1,1,0,2,4
68ebec4b-a5e3-4063-99b3-6351b55c0878,30,1,1,0,1,1
42d566bd-3f0f-4f63-b214-9d55c3c7af9f,30,1,1,0,1,1
17d9d92c-4b63-4fea-907a-6fd4c78c3f42,50,1,1,0,1,2
c267f4d8-d2a2-49c6-9484-56367cf90fb5,30,1,1,0,1,1
71147811-fec7-4015-a806-4f07e9ded1c4,50,1,1,0,1,2
f60a06b4-fafa-458a-98fb-d0925955a2be,50,1,1,0,1,2
6889c32e-4da4-44c2-8be8-dc00dbc72a1f,50,1,1,0,2,4
81574673-3bd3-4bae-a2c8-74e2651e1206,50,1,1,0,1,2
9ea09cfa-b2a0-426c-b7ae-c0c8d17bcabe,50,1,1,0,1,2
b0e67443-1484-4fb6-9e94-d3245f4b7e6f,50,1,1,0,1,2
cfdace17-fe83-4292-8c25-131903fe0623,10,1,0,0,1,1
17c76ac3-a97f-48e8-866d-7672dda2f7a4,50,1,1,0,1,2
dc929885-774b-4f0b-9702-ee7190b046db,50,1,1,0,1,2
f4738749-5949-463b-8eeb-f76c66681179,50,1,1,0,1,2
719f6ae2-1a88-45d6-8ff7-2f4236826f71,50,1,1,0,1,2
73c72f51-5d39-4994-8528-d74352f0d353,50,1,1,0,1,2
37855bf5-009b-4ab0-853b-d16957f2083a,200,1,0,0,4,8
94d5f9d2-047c-4f33-b3eb-0b2040abca2f,50,1,1,0,1,2
065c17cf-3507-4454-be42-2e125b2fc5dc,50,1,1,0,4,8
c4d63681-5ade-4b46-8d80-62114d0cce6b,200,1,0,0,1,2
193ebda5-c388-49b3-8fd7-24860909a1a8,100,1,1,1,8,16
1567e982-e2b3-4f03-b55b-cfbe8853ca00,50,1,1,0,1,2
d2d933e1-77bb-4c7f-8c7b-388bbe247d71,100,1,1,1,8,16
5f59d6e9-16d2-4e99-886b-ef346e20e3c4,50,1,1,0,1,2
3110265e-cb93-4967-bf55-005062cf8053,50,1,1,0,1,2
b47c6cb6-c443-49c5-af97-7179cb09995f,100,1,0,1,32,64
45a6533e-3709-4967-8307-d1711c7f1f4c,100,1,1,1,32,64
4be17e2c-cbe2-42b4-83ec-8d3189f00a4b,100,1,0,1,84,256
f9f30918-7016-4d64-9f9f-c2b818a3fc48,100,1,1,1,64,128
7476749e-0302-4b25-9038-a0b0b89e15b0,100,1,1,1,32,64
861f1e64-dc30-4543-9839-584d70cc32df,100,1,0,1,32,64
9da00e20-182b-46cf-aae3-78d394278531,100,1,1,1,32,64
bb5e3df5-df93-4d24-8712-a1fdf96823cf,100,1,1,1,32,64
e323a198-1d84-460c-a97b-dd5002176eb7,100,1,0,1,32,64
4feda436-fefd-4663-af28-4a0d13b221fe,50,1,1,0,4,8
086e6b7c-a6a6-47e6-bd66-3ebf304cff23,50,1,1,0,2,4
b0981dcc-6b2e-42c5-9d97-da7070995898,50,1,1,0,4,8
49c9d057-afe5-4829-adc2-65543e84329b,50,1,1,0,1,2
61a8b909-7e92-4f83-b020-4e232904357b,50,1,1,0,4,8
e418c6d7-f88a-4295-9d6a-09ac96c3cf91,100,1,0,0,2,4
bda9f772-81f6-4e77-9b5c-337c2445c1cf,200,1,0,0,4,8
1270690e-f95b-4fca-958e-a3a86e295683,100,1,0,0,2,4
6f1e13ef-922b-4f9c-9865-692c9b92c68f,50,1,1,0,1,2
1d794248-26ae-433d-aaa6-77f9fc928dda,50,1,1,0,1,2
7d007dfa-ca74-4745-b9e7-cff11f1e2c51,100,1,0,0,2,4
5935907d-577e-4417-9b5a-3d42026ef621,50,1,1,0,1,2
53a41dd6-f386-4832-b13e-32b2f2cedc06,50,1,1,0,1,2
790e64cb-58a9-4ae8-af2a-4079b903f7b0,50,1,1,0,2,4
d4350a21-b241-45d2-beb5-59e7a2119f6b,50,1,1,0,8,40
9f586927-158f-40c5-bbe4-b2abcad49029,50,1,1,0,1,2
5d6b0450-b98c-4493-b4c5-c04e997a1b3a,50,1,1,0,1,2
c936a2a4-9a40-4047-9de5-897a2b0a4243,50,1,1,0,1,2
fa9e3fdf-6289-48cb-b127-3e23e37f9622,50,1,1,0,1,2
abf72e7f-01a6-4015-b768-c91d2513be9f,50,1,1,0,1,2
e8f8575e-9c08-4330-a51e-7941cb1a1e3d,30,1,1,0,2,4
efde2b8a-0242-43f5-9eda-eca52c3751ca,100,1,0,1,4,32
3ff6386d-5832-45d1-baff-7ca4fba436b2,30,1,1,0,2,4
24f1a284-ec26-4696-815a-de45ba7723b8,50,1,1,0,1,2
31d331ba-7d79-44c5-a03e-07aba9f1ef31,200,1,0,1,16,32
493a7b47-d607-44e9-af62-889093059412,10,1,0,0,1,1
7c755ed3-a7ff-43f8-99b7-aa01e9b3b4c0,50,1,1,0,1,2
e0186415-c745-41e6-ad7a-658f63539f42,50,1,1,0,2,4
729615dc-7ef2-4381-a6fb-0d4b2486c8ad,50,1,1,0,1,2
3b3e947f-9388-419d-a2d1-d6ea2b939d12,10,1,0,0,2,4
a00a3a88-e804-4c05-993b-686ce779c82e,100,1,1,1,84,256
fc78e4a0-a2e6-4463-99d5-0fbecb566897,100,1,0,1,84,256
26b231dc-a791-46e1-a524-85dd25e7b261,100,1,1,1,64,128
7f3f5a17-99bd-4488-ab0c-365214a0fde6,100,1,1,1,64,128
bdcb1fcf-fea5-4aae-9cac-7650f4a7a42d,100,1,1,1,64,128
38be70f5-8870-4c71-9c5e-4e85ab2ff7b6,100,1,1,1,64,128
5339de3b-6916-4ed2-8504-25a0b104fb9e,100,1,1,1,64,128
836ec86e-20f3-4cb8-9590-ac363264adbd,10,1,0,0,2,4
c12d15e1-17b1-49aa-aa9a-eb02e0902d9c,100,1,1,1,32,64
d2196360-d019-4e6b-91b9-b5f30bff280e,500,1,0,1,32,64
d375c955-428d-4b57-accd-81a4940315f2,10,1,0,0,2,4
a3387b00-ba34-48df-af97-77730fa11309,50,1,1,0,2,4
3b29e4ee-e807-46e6-8fad-ea17fe691600,10,1,0,0,2,4
467662c9-e3d4-42b1-832f-9ca7930b9ee8,30,1,1,0,2,4
e140dab8-654e-41b8-a985-d65c5636ed5b,100,1,1,1,84,256
bf24e9fe-15a4-4fa8-98b9-106a117d5f0a,50,1,1,0,1,2
e0080494-e2d9-42ef-936a-c7b9c1ad2e32,100,1,0,1,16,64
e5831a7b-c17d-45b5-bbdd-2c99a6b66ef7,50,1,1,0,4,8
0a0fc7e9-6122-4cb9-8817-df83cc2d386a,50,1,1,0,1,2
cf157566-8772-48be-af0f-8a7920b5538c,100,1,0,0,2,4
7cd6a783-5456-46db-a868-9d60df5a4c98,50,1,1,0,1,2
f5ce00b4-77cd-46a8-bf06-46373c529541,50,1,1,0,1,2
f5470330-cb15-4af7-b724-56223dfe7777,50,1,1,0,1,2
a5c67b58-11dc-45af-9e71-200531083c64,100,1,0,0,2,4
04f046fc-027d-4fc0-b5a5-35f5fad60799,50,1,1,0,1,2
170f8ed0-cd26-4d9b-bd34-29079ec9e4b2,30,1,1,0,2,4
684de474-7fcf-4411-b780-8a458d7e5b50,100,1,0,0,2,4
01aafe8e-ee00-4575-b1ea-793d747d8c98,50,1,1,0,1,2
fdc87f34-0333-4ed7-a7d6-75a5ae4277b8,30,1,1,0,2,4
f3b929b7-6ea0-494f-a637-80204525ad0a,50,1,1,0,1,2
001f31fe-e8fd-4fba-86b4-5a0f78be94a0,50,1,1,0,1,2
9784cf98-bf8c-43fb-8d59-118a16150c88,30,1,1,0,2,4
45a6989d-4f24-4079-8921-8bcea06bd31e,50,1,1,0,1,2
db223136-c082-4c75-a124-937b5b68c028,50,1,1,0,1,2
9b7b6fbc-0e46-41c8-ade8-872ddea8b965,30,1,1,0,2,4
f71996c0-e9bb-4b33-94b4-4589178b1f2b,30,1,1,0,2,4
a89296fb-de81-4efb-a457-a52d7ff43981,100,1,1,1,32,64
1102017f-9911-48f5-b880-1fd2cbdec6d5,100,1,0,1,64,128
166aa218-6530-4dbf-8f6b-ee22b87242cd,50,1,1,0,1,2
4ebb26ab-f7bf-4c9c-b9ee-f0661c434a2a,100,1,1,1,32,64
6d1c8800-c158-4005-81be-d5a9ab1e253a,30,1,1,0,2,4
f6d80d62-3181-4489-b0de-3d514790199a,10,1,0,0,2,4
2e7900ff-e7a1-4b8c-b8b1-2c86aa7c2707,30,1,1,0,2,4
52f7cc15-1bc3-438d-9572-12111885c02f,10,1,0,0,2,4
f7b544fc-3025-4eca-ac3a-8fabb8789a9d,200,1,0,0,4,8
8f10da89-db25-43e1-8c90-feddcfc85a56,10,1,0,0,1,1
a3b022d4-8086-472f-bb01-34eb21fa1e8d,10,1,0,0,1,1
733636e8-a96a-486e-ad44-e0f468b8b7e0,10,1,0,0,2,4
a340c82b-1346-472a-8c1c-cfa79b858e51,30,1,1,0,2,4
0966cd16-14f2-455b-ae04-73f4471e5a61,30,1,1,0,1,1
f94ad26f-9b50-4934-9460-d93d9abe5e47,200,1,0,0,4,8
5b6fc26b-5689-4843-95ca-cbf1dbbaa84c,10,1,0,0,2,4
e134bc40-5865-471b-8b85-e9398d95a7cf,50,1,1,0,4,8
9b99be24-b40a-4a20-887f-4cfede718782,30,1,1,0,2,4
a74cd0f6-810d-444e-af8e-9c41299d0dc5,100,1,0,1,32,64
1b293ecf-ca46-4e88-bde2-21f0575c607e,10,1,0,0,2,4
c1f94828-d2af-4841-a693-c74c5daf062a,100,1,0,1,32,64
5506fa51-04d7-4c3a-ab39-ea8b6cb51f7d,100,1,1,0,4,8
e0ab0313-6a93-4710-b09f-aa9785f0381b,50,1,1,0,1,1
2c119988-53f0-4181-9223-8e8f60bf927a,50,1,1,0,1,2
e2a2f3b5-a473-4cd7-974e-4a2cfb8cb76d,100,1,1,1,32,64
c8a5120a-f28f-4aae-af62-6f210c8d3c96,50,1,1,0,1,2
28a19f8a-53f2-47f9-a198-a21265570302,50,1,1,0,1,2
04608673-5210-4f03-962b-e2656b448069,50,1,1,0,1,2
d046a9e3-e961-46f4-b0ee-e3c144ddba95,50,1,1,0,1,2
4a634ba1-5520-4d2f-bbd0-f639c1592365,50,1,1,0,1,2
d2e48e96-b39b-4562-9394-17c867da26bd,100,1,0,0,2,4
865c205d-e47b-4b52-b918-f9b6842b494a,100,1,0,0,2,4
a50b7027-6944-4283-a074-ac5a63e5d1ce,100,1,0,1,32,64
dc1fa301-bde4-4a7f-8a67-2114c1543432,50,1,1,0,2,4
39e5d485-4224-42ff-88df-b450e13885f4,50,1,1,0,1,2
b3cd7778-81e6-4192-aa4b-a19c5c3f5dbf,50,1,1,0,1,2
cf9c92f7-2748-4631-a95c-3a1435cc596d,50,1,1,0,1,2
7804f976-88cf-4f9c-b6ca-d7e135f87e9c,50,1,1,0,1,2
63ef807e-c3a4-46f6-a4d3-8550ce0c68b8,200,1,1,0,16,64
066730a9-89be-4ea7-9d03-efaea4ff863e,50,1,1,0,1,2
f3f3de69-2627-44f1-befb-f71f9c539817,10,1,0,0,2,4
9f7c0061-4608-44c6-b728-1b613840642c,50,1,1,0,1,2
5be5a174-41a0-4c0c-8771-a2bba587f583,50,1,1,0,1,2
9b664644-6d56-420c-8241-248506fb9495,50,1,1,0,2,4
95fbca2b-3cfd-440c-9eb2-2572d3fc4033,50,1,1,0,1,2
de404003-a9a7-4b63-ab42-3832220639c8,100,1,0,0,2,4
46a2890d-864c-4ad2-9fa0-f307b9057754,50,1,1,0,1,2
4d34f1f6-a15f-438e-bd82-128641d50498,50,1,1,0,1,2
fc177c01-1e19-4ce6-85f5-4415181c7d2b,50,1,1,0,1,2
4ae528d1-13db-41e7-8590-4c8547bf08fb,30,1,1,0,2,4
f638c820-552d-486d-98d3-dcfbf0272edc,50,1,1,0,1,2
4dd8914a-4f3f-44ce-b7f9-77ca746e0526,100,1,1,0,8,16
53e56554-528c-4cee-b3f5-04fab1f4f860,10,1,0,0,2,4
57801cc2-a96b-40e1-9949-58e2fbc072a5,50,1,1,0,4,8
75956788-15e6-4708-90d0-95c5b319d067,50,1,1,0,1,2
b34ffa27-852d-4377-b63d-fc5b17154dd0,200,1,0,0,4,8
bfb9988b-4caf-4ae0-b76b-a0feb615a647,50,1,1,0,1,2
e1e1d60a-c5b2-4fd7-9d22-c9bbe82919a3,50,1,1,0,1,2
b33a73c0-d6a3-4cf8-8332-54b2bd14311f,50,1,1,0,2,4
dbda13a5-8e70-416c-bc04-45c31c8f59e4,50,1,1,0,2,4
a1ed7845-cdf5-4ec0-b88a-0d13c0291a29,50,1,1,0,1,2
03cb973a-3ab5-4994-8b2d-a94fd8c7a130,50,1,1,0,1,2
bc1f6de4-7e33-4c85-965d-6abba6f32630,100,1,0,0,2,4
081faa24-a28e-4175-b777-b8b215049f15,50,1,1,0,1,2
4da4fb3e-5f36-40d7-88db-e2197194f824,50,1,1,1,2,4
b39b5dde-1a31-48bf-a200-147e50eb4abe,500,1,0,1,4,8
ba1fcc4e-4db7-4bd2-8d92-1d7631ba4db7,50,1,1,0,1,2
45908b28-6912-43f0-ba14-911bfcf3c363,50,1,1,0,1,2
9de0f730-8e2c-48ea-87f4-79f83c003c6a,100,1,1,1,8,32
84e4027a-769f-40a7-ac02-33219e8b3c98,50,1,1,0,1,2
bc3d980c-2d9a-4830-96e0-a04554f392bb,100,1,1,1,8,32
da538c96-feea-4275-b1bd-5db6c5525b74,30,1,1,0,2,4
415bc38e-3ea2-443b-b6e5-27ce87fad1c5,30,1,1,0,2,4
6af54ed6-94d5-440e-832e-6e978197b334,100,1,1,1,8,32
15f59054-befc-4e43-8aa7-3f2a9ddffddb,200,1,0,0,4,8
87223078-41da-4c86-ae95-798e87c8016a,50,1,1,0,1,2
3eff5562-c9d2-4d33-8f33-cdf161d98936,50,1,1,0,2,4
f775e47f-64f1-45b4-8df7-e72378c0200d,100,1,0,0,2,4
59a2834c-eff7-4af3-909f-9b103098eb04,10,1,0,0,2,4
e0cc14bd-a1e5-4e92-ac90-56e62ba66261,50,1,1,0,2,4
05daf570-9000-4335-8076-9df80c1b589d,10,1,0,0,1,1
36696ff9-e5e4-47ef-b10f-52ec6aa865f7,50,1,1,0,1,2
ae06341a-a72c-4868-8779-963cc00ac9ed,10,1,0,0,1,1
fa019eb6-6f26-4d25-b72c-59b93b827962,10,1,0,0,2,4
73a5e095-5cf5-41a5-b88f-418d38dd2f3d,10,1,0,0,2,4
eb83a8ed-1af7-4bf1-8643-13ad20156ff9,30,1,1,0,2,4
5c8f8525-8c25-49eb-a4b2-e40536d609f6,10,1,0,0,2,4
1ed8738a-5c61-424b-b9dd-99425e08d117,200,1,0,0,4,8
c8080916-eb8a-4cd0-8d64-d172177edd59,30,1,1,0,2,4
bc41c96f-645b-4d71-9d06-18e1debf9b5d,50,1,1,0,4,8
bff9cd10-a405-45cf-9d1d-4b141644ae8a,30,1,1,0,2,4
0a7bcb77-c9ea-4895-85a0-de6ebb113ce6,30,1,1,0,2,4
0a9b69a1-8011-4172-8d30-728ee80f7897,50,1,1,0,2,8
d833be1d-0d2e-44c1-a9a7-ee8ff85b1166,30,1,1,0,2,4
626e5881-fdd7-4d4e-bf0d-0af59427e456,50,1,1,0,4,8
ba0bcd78-e037-4e46-8247-095a5bcfe109,50,1,1,0,1,2
2fa96306-560f-4bd1-883b-bf1bbf840cbe,50,1,1,0,1,2
81b70e80-86df-4e35-a91d-ce674e8202ec,50,1,1,0,1,2
19c4fdfd-a2c8-42ba-850c-467ffb326469,100,1,0,0,2,4
79c1659a-3f8f-4764-a34c-6cd0e1feb1a3,200,1,0,0,4,8
12bba8a5-44dd-4d34-a18d-1222799a9fe3,50,1,1,0,1,2
c50bac8e-ae50-47c2-bd3b-147a817fcc79,50,1,1,0,1,2
05455cd6-98b6-4fe6-ba31-f4e08ffb17ba,50,1,1,0,1,2
735bac54-acb1-4109-b28e-080d9bb306dc,50,1,1,0,4,8
dd42cca8-edb1-4d24-9306-e116b262c66e,50,1,1,0,1,2
fd55414f-9395-4730-9f21-cbe29385ffde,50,1,1,0,1,2
7617ddd2-2ba4-4d59-b82e-f05a8e2a404a,50,1,1,0,2,8
e69f2041-ba02-4bee-9eeb-116a607dd0d8,50,1,1,0,1,2
381ce400-ad8b-4c3d-9c1e-ab3728f7621a,50,1,1,0,1,2
5f4cf796-524c-4c43-8e0c-bb6205b7e502,50,1,1,0,1,2
b7bdd7fc-c0b5-4cc8-b074-3334b9aa40a5,50,1,1,0,1,2
05e4f79d-b106-44aa-ab9d-84cfb8dc8f89,30,1,1,0,1,1
c63726ae-0688-46cc-a814-56bd2291a5ba,100,1,0,0,2,4
a112bb6f-ef04-4b83-8a7a-a60280999af1,50,1,1,0,1,2
c72305a8-54c2-422f-b4ad-33fde007b6e1,100,1,0,0,2,4
1222a5d8-4425-4c75-8099-18909225390f,50,1,1,0,1,2
9ac00bb4-989f-42b2-8e92-91e17c561029,50,1,1,0,1,2
1de8d12c-ce9b-491b-925d-ca0acf5cb3a2,50,1,1,0,1,2
5832865c-5afa-439b-ae19-85a5ced04d85,50,1,1,0,2,4
7d1881ae-7196-4326-b292-fc43062c842c,40,1,0,0,4,32
c88049ca-c1c4-4e68-987b-f095f14ab0d3,50,1,1,0,8,16
24b86927-88dd-488d-85a3-e78df9d2cff8,200,1,0,0,4,8
b0d49111-5596-4e1d-b69f-6cf393790c77,200,1,0,0,4,8
d05c9d5f-1a9e-4f83-938e-e5b3cd8de343,50,1,1,0,1,2
f76b2374-a054-4e27-8b17-ca9d07294040,200,1,0,0,4,8
d2fc5b62-756e-4410-bf32-4a9accb97eea,50,1,1,0,2,4
8d2d3446-b4c8-4e87-ab30-60f5cf091350,50,1,1,0,1,2
eff4938d-a319-4601-94dd-143f2e610a54,50,1,1,0,1,2
162bb417-2e26-4a7a-b0dd-fa182d01c495,100,1,0,1,16,32
37faa180-4147-4dd3-af6f-d61a57fa64f7,100,1,0,1,16,32
4f8e1245-30b2-459d-8ab0-d8b5bd21a4bd,100,1,0,1,16,32
201916fe-21d6-4ec7-a10b-031c23a84c1f,100,1,0,1,16,32
24fa6a7a-e241-4122-9d7b-c0b0e75ca9c2,50,1,1,0,1,2
8f5ee4db-bb96-488c-9c4e-5c5fec08e1b6,100,1,0,1,16,32
63d89821-3ab9-4432-b531-9168fd41c1af,100,1,0,1,16,32
78966ffe-9920-4b07-a0d1-ec6cb8b9d073,100,1,0,1,16,32
fb564ffa-3b57-4558-a61e-1b704f3a2249,100,1,0,0,2,4
aaf5b210-87f0-4111-8ad2-567a025c201f,50,1,1,0,2,4
ea675c09-f44b-4537-9898-c748b4c098be,50,1,1,0,2,4
5e6d67e9-e42b-4e32-8c15-695eca0de744,200,1,0,0,4,8
f9da234f-1cfd-46fb-b72d-15a056d88b38,50,1,1,1,4,16
3bde2644-9790-4e36-882e-461baf30c9dd,50,1,1,0,1,2
a0ef3c36-f387-4fdb-9263-61bee6b628fc,200,1,0,0,4,8
2f24a106-3992-465f-8f7f-671a8a0d63dc,50,1,1,0,2,4
b3ccb28e-1bf4-4e92-8303-db47a2fbcc21,50,1,1,1,4,32
d5979fc3-7a26-47ed-8ffc-30cfd9d142ce,50,1,1,0,1,4
5e665bb6-ca7e-4eae-866b-d5729137908c,50,1,1,0,16,64
ad577c05-149f-49b5-a9cc-e5ea5d985860,50,1,1,0,1,2
832cfb96-1846-4eb1-af6d-85f59e6b6802,50,1,1,0,1,2
9a84d187-33fb-405a-9b14-7f32655f7201,50,1,1,0,4,8
3bc517cc-f95d-4a7c-b777-ca0fe2b8403a,50,1,1,0,1,2
0daaf1b2-fcf2-4741-9252-77030c1e6761,50,1,1,0,1,2
287db57d-cf88-46ec-9da6-91dc333a7ee2,50,1,1,0,1,2
48eea95c-58ee-4e56-9f99-55def75bbcfc,50,1,1,0,1,2
a14c96bb-fbb6-4de3-98f5-787b41a1d481,50,1,1,0,1,2
4b62651c-ffd6-45b4-bf3c-30d568ef1e89,50,1,1,0,1,2
2a534cad-8936-44c1-bf36-0072bf926cef,10,1,0,0,2,4
d6b24ed3-b832-44c7-8042-5ef28a9ae94b,50,1,1,0,1,2
3a63a319-1f36-4c9d-9338-26c5fc6392e9,50,1,1,0,2,4
32c0b4a1-1ff4-4b9a-b91c-8aaba640c924,50,1,1,0,1,2
ecba32de-6d29-4f27-a8fb-55d51d66aae9,200,1,0,0,4,8
660e8200-03ef-468e-b63c-e4dea24fc78c,50,1,1,0,1,2
e82fd5d0-76d1-46da-9b0b-1b185a159dd1,10,1,0,0,2,4
ef205e92-6435-42ea-a5d1-e08ae292a6ca,100,1,0,0,2,4
6ccedf7e-5c0e-4e51-a429-b08001ca05a8,50,1,1,0,1,2
35a2ceff-f814-4a03-a98d-f6a6b79f41df,50,1,1,0,1,2
87d731ba-61a9-4311-9b88-bf35cb9eaf63,100,1,0,0,2,4
c5b14185-fae4-4ea7-a7c3-29c04f7253d8,100,1,0,0,2,4
b8dedfc8-446c-4c29-9142-bab02bfd6529,10,1,0,0,2,4
5549501a-4c1e-4c46-97b6-1663cd145639,10,1,0,0,2,4
c5dd36db-ad05-4196-bb3a-519be173e5a7,50,1,1,0,1,2
5bf40359-40d6-41da-a531-2e3386c3fa55,30,1,1,0,2,4
53c9fbb8-79a9-40e6-940d-694704e389d0,50,1,1,0,1,2
eba67b74-4a9b-46cc-b68e-64a6cd258b8e,50,1,1,0,1,2
b448c8a8-aac3-426f-8810-e5acb380763c,50,1,1,0,1,2
64edb5e5-7874-4a8b-996d-9a1e2feb3efb,100,1,0,0,2,4
7f5351c1-353a-4deb-9cdf-770613d97bda,50,1,1,0,1,2
0f33c56f-6d30-4ec2-a0d0-d6719c2cd35d,50,1,1,0,16,64
8a6a491e-1d86-457b-8d98-f3d5df362ca3,50,1,1,0,1,2
d06a03f6-e33c-450b-995d-c41dc2becc5b,50,1,1,0,2,4
5173d153-9811-4e72-9af0-617978ed8b1f,50,1,1,0,2,4
247b582e-c430-48ce-8895-c3034dcee2d1,200,1,0,0,4,8
7632379c-78ad-46ff-bb79-154f22811e17,100,1,0,0,2,4
115d04b7-b0e6-4456-a745-f84765d954ed,50,1,1,0,1,2
8fa3ca10-cbc8-42c9-8473-9c1aa0c4a0d9,200,1,0,0,4,8
dfe80621-0c50-464d-ba19-bfa6c3b8768b,100,1,0,0,2,4
aacebd50-a53f-4c57-af9f-320861df3e63,50,1,1,0,4,8
46dbc9a6-48c9-47f2-bf0d-d49916eec580,50,1,1,0,2,4
e65486e9-8c87-451e-bd67-ea1127832d9f,50,1,1,0,4,8
6fe32253-fa9f-40b4-a6a0-4ff871e1f446,100,1,0,0,2,4
2a5aa620-b312-4a23-83ee-45a69cff30b8,50,1,1,0,2,8
591eed1f-6525-4aff-ae57-5f9bff712abb,50,1,1,0,1,2
1a42e49c-8b71-499b-b712-19665bb7bf22,50,1,1,0,1,2
6b4bd8cb-0ccf-4810-8f75-92017b5b1c25,50,1,1,0,1,2
85453f08-306e-49a0-8b87-03a0c661fba1,50,1,1,0,2,4
024a64da-2769-44cf-956f-735b9f2e0aff,50,1,1,0,1,2
da9e7656-dfb0-4355-9a27-33301fdd828f,100,1,0,0,2,4
61d1e55d-9695-4364-a027-f66dd4d0d289,100,1,0,0,2,4
0beb6b36-6f28-4f45-8c3c-28465eb85f54,200,1,0,0,4,8
4bec55de-4ae4-45aa-aab9-82c0262faaaa,100,1,0,0,2,4
a1454198-c1c0-48bd-9442-9d88cbb13a17,50,1,1,0,1,2
b462aef5-eebd-4fd7-980f-2dcc0f1646bf,50,1,1,0,2,4
a9551a03-3d52-48bd-8288-95fd304bb4ff,50,1,1,0,2,4
9068b51b-09a5-4af3-bae0-991795fb8d30,50,1,1,0,2,4
b011dfcb-97ed-4271-ab5d-e46cdfa64714,100,1,0,0,2,4
103c3273-fef1-4d7d-905a-c221e86e8fb4,50,1,1,0,1,2
c24c358a-1753-4de0-babf-e1c9d91fc79f,50,1,1,0,2,4
00ad710c-e612-413c-950d-cae4322410fb,100,1,0,0,2,4
018e07e0-9d2a-4cb7-a07d-19f4a8fef35e,50,1,1,0,1,2
2400319c-5d9b-4021-a4cd-bd6eb905597b,50,1,1,0,1,2
c05cbb36-c5c9-4c3f-b895-74cc59fe232c,50,1,1,0,1,2
634e1973-ac53-42eb-84c2-cf60778bd8ff,50,1,1,0,1,2
37516a9c-a51b-4fbe-88c0-9cb6fbff2349,50,1,1,0,1,2
353b629b-85d0-46d5-8ec4-749e40b97d57,50,1,1,0,2,4
4ee88556-2af2-4f85-a3f0-f39ef1f7c9ec,50,1,1,0,1,2
18312fe2-671b-484c-a2b1-dee4c04fa8af,50,1,1,0,2,4
ced1fde2-a325-4d86-9a30-dfd4e5bbaedc,50,1,1,0,2,4
b877797e-75d5-4094-89a4-94ca5ba5f2b1,50,1,1,0,2,4
faf31773-d8f5-4eb0-baa8-b8ea99d78542,50,1,1,0,2,4
d2d8816f-0faa-4827-afdc-61890646159b,100,1,0,0,2,4
be46a8e1-d14e-42ec-9dce-c58c3064f195,100,1,0,0,2,4
5443aec8-0c90-4403-80b9-1b239e4b4b8d,50,1,1,0,1,2
d2eb7d39-00f0-41e8-ab29-36ddb136be4c,50,1,1,0,2,4
c7aa1862-3d3c-4fcc-aa2e-d8aec7d9f976,50,1,1,0,1,2
81686469-253b-457c-a1b0-e005411e8f36,50,1,1,0,2,4
b0e99803-f0eb-47ee-9a6f-3baab332ebcd,50,1,1,0,2,4
f01d5b27-1ec9-4c8f-a82e-08d0490ec563,50,1,1,0,2,4
fc9884c6-113f-4d3f-976a-90d4f6eaaf33,200,1,0,0,4,8
c334d4bc-6b01-4b06-a9b5-f2de9c02f8a7,50,1,1,0,4,8
3f8a9ae2-a1b6-4451-af08-fd8483f36e34,200,1,0,0,4,8
f6a802ee-0ca8-4343-87e3-0d3f38098bcc,50,1,1,0,1,2
4b3fb3e1-8a4e-4cee-9775-fe84ba7a52ca,50,1,1,0,1,2
b2e376dc-1c23-4714-90eb-7a8a01c7dcdd,50,1,1,0,1,2
7e0df32c-6e07-42d9-82df-3369f5582c61,50,1,1,0,1,2
14c2d782-d27d-4e3f-af51-ce77738df3a1,50,1,1,0,1,2
0804c441-2313-46c4-976c-1a5bca8cbe93,200,1,0,0,4,8
192c3a6b-64db-45ad-94e7-90a89b114f22,50,1,1,0,1,2
ee19f213-3ab3-47a6-9a7a-00c62049d36c,50,1,1,0,1,2
c9f78587-9f10-40f3-a73b-0cafef705449,100,1,0,0,2,4
a0db6990-a02e-437e-96c4-986eb501934c,100,1,0,0,2,4
c796f7af-8df1-4daf-8361-73f92466b3f4,50,1,1,0,1,2
57710430-3d04-4c9f-9d28-c8938f547555,200,1,0,0,4,8
41de7d18-b624-4676-b643-e28480347a03,50,1,1,0,1,2
85943e13-ab11-4d3e-b930-e776054aa92e,50,1,1,1,1,2
dbb3301f-9b3f-4c91-a7f1-daf9ab71f8bf,50,1,1,0,2,4
f90f93ed-089d-4786-bf2a-dcacb327e117,50,1,1,0,2,4
046c4d39-ad9f-4bc9-b48f-9a6d212b0d8c,50,1,1,0,2,4
27b8318c-0728-4252-917e-7615894cbf81,50,1,1,0,4,8
9611caf5-bfcc-4a90-b1cd-0d4a725ded0a,50,1,1,0,1,2
a7621519-7783-46e6-ab32-d2eaaaee3ce1,50,1,1,0,1,2
29471a9b-119b-4c0d-9dea-6bdefa5b5003,50,1,1,0,2,4
03d1e76e-ee9d-422b-a13e-d05873afa5be,50,1,1,0,4,8
bb794493-bf61-414e-a90b-cb5facb94336,50,1,1,0,2,4
438503e2-7ce6-4a8c-a73c-72be77aae2a9,50,1,1,0,1,2
c2df4307-03b8-4a77-b07d-6ebca79a2932,50,1,1,0,1,2
09bf3d08-e4bb-462b-a8dc-59578fdecdf6,50,1,1,0,1,2
16fe91dd-0047-4abf-b29f-c8c56b023dba,50,1,1,0,1,2
6b8f3f8c-d1d5-4a57-bd86-d4ff405c7d2f,50,1,1,0,8,16
db8aa381-4e0b-4b1c-b0c7-3a8325ea62e6,50,1,1,0,8,16
9902ef79-9c7f-47d4-8cb7-60729d192863,50,1,1,0,1,2
3225ea3c-0ac3-416d-a3e1-4828fc9f6711,50,1,1,0,4,8
126ab5d7-cf40-4e97-a766-6a7b8b1d53c9,50,1,1,0,1,2
0fed426d-aa58-4644-8580-eab6534dbb9b,50,1,1,0,1,1
b7002709-ab54-4c5b-9328-bd13c25ea5a0,500,1,0,1,32,64
4757fb4a-32b1-4890-8234-b737cec993f6,200,1,0,0,4,8
92fee7f0-2761-4311-b234-9423dba5d16d,50,1,1,0,1,2
7ee1ed74-3ea7-4db9-9afa-e5a835c5f189,50,1,1,0,1,2
9f7f2b76-2f30-4e19-b725-01f1180d8b63,50,1,1,0,1,2
16c9c241-8744-4b1d-8110-edb4b584bf80,50,1,1,0,1,2
25879a1a-e9e0-4bc4-8cb1-95a65b8c165f,50,1,1,0,2,4
6924dca8-a1f4-4833-a24d-eb17611e2bfd,50,1,1,0,1,2
0cf7569f-08bd-443a-9674-40884a46d190,50,1,1,0,1,2
88f9978e-68d1-4d30-bd8f-a4c0fb88466c,50,1,1,1,24,96
399dd796-345c-4435-bbe8-e44d2892a252,50,1,1,0,1,2
f0a99ca2-92c2-4d95-9667-0f7b995c772f,100,1,0,0,8,16
b7683dc5-eaaa-4ed7-b478-701d9c771319,50,1,1,0,1,2
cb78f349-f77e-4edd-a4ab-08b3245d8833,200,1,0,0,4,8
93c9626d-ac09-4f17-a8fc-5f9082dcbc90,10,1,0,0,1,1
44c4d776-0b46-4f9d-8c39-1395fb58bd69,50,1,1,0,1,2
dadd969d-e7c2-4984-b3a7-a6c3cdd3e8c0,50,1,1,0,1,2
3fa442ce-3fe0-4903-af34-a5b17f3ddffc,50,1,1,0,2,4
c53bc92b-1ae1-4bc0-aed7-3a6b06923921,50,1,1,0,1,2
cf162322-aff7-4473-82fc-c2191b17592f,50,1,1,0,1,2
ce122622-326e-4c87-abfc-735d6dd72c08,50,1,1,0,1,2
fd491a7d-b568-46bc-809d-ecebf1454ad2,50,1,1,0,1,2
3921d64c-b31e-418c-b87e-1f28efbd571f,50,1,1,0,1,2
c98207c3-0dd6-4037-8a94-cd76bd55e852,50,1,1,0,1,2
551d1e17-7ebd-47f6-9212-cbdf33020e48,50,1,1,0,1,2
b574f8fc-9ffe-430e-b900-51c835912f5f,100,1,0,0,2,4
b831be15-29cd-40bc-85a7-09db3ac155a1,50,1,1,0,1,2
37e46d4a-3d65-47fc-b10a-54afd85fe59f,50,1,1,0,1,2
7b594d0c-7a9f-4103-9dd9-384f4a4dd1d1,50,1,1,0,1,2
f6c637de-2e48-41d3-ab32-c1414f68b12e,50,1,1,0,1,2
41fdf337-6554-46ed-88f5-dc834fd50951,500,1,0,1,32,64
e4f64fff-89a5-406c-b496-db2d9881b3a1,500,1,0,1,32,64
26693c70-f6f2-440d-8d44-56aef34df13c,100,1,1,1,64,128
a0935ac8-340c-48c9-bb0b-810c1db64523,100,1,1,1,32,64
1af67a62-ab37-4b3b-b43f-6e41f76ae332,100,1,1,1,84,256
5006e78e-9708-483e-b9ae-63fc4c63728c,100,1,0,1,84,256
57450879-7956-4c39-a654-5ff48c716157,100,1,1,1,64,128
9d031ce4-9359-4e58-8560-aa60c7dfc5e7,100,1,1,1,64,128
a7701d49-89d2-4ec1-87ca-3c78590dae61,100,1,1,1,84,256
ad3da77b-cfcc-46f2-b636-82831d6efd00,100,1,1,1,84,256
ce9390f7-57ac-4c7c-96a0-383c94586c14,500,1,0,1,32,64
de018b7a-65b3-48a8-abac-07d7671b75a5,100,1,0,1,84,256
043a4fce-cb1d-4615-9262-730d94eacb85,30,1,1,0,1,1
5b90b001-f507-4715-9118-5966e4f93d56,100,1,1,1,32,64
90e36112-cae0-4e39-a6a9-3cac911b9847,100,1,0,1,84,256
d2edcafe-87b0-4ccc-9605-4caafc4ac7da,100,1,1,1,84,256
7e3eb1ef-b2a4-4573-a43a-8b2368fb5a9b,50,1,1,0,1,2
5ed32342-aef8-49de-8ce5-ff018a6cac3b,50,1,1,0,1,2
6e2b38d5-a6fd-40c4-86fa-3b6b11fe242c,100,1,0,0,2,4
8654b627-1f1a-437a-926e-4c584665b0ce,50,1,1,0,1,2
312e447f-7404-4ef6-bc2e-25e4facd9d03,50,1,1,0,2,4
e23cd209-e17c-4561-a652-526e8d01c3ca,200,1,0,0,4,8
58b61e9f-c4ba-4d15-8b99-58a8984f3dfa,50,1,1,0,2,4
f1fa1250-efc4-41b6-ba1c-bb89ac3444d3,50,1,1,0,1,2
7ff2868e-500e-4ac5-a0a2-23ce068e75be,50,1,1,0,1,2
2839c78a-2b97-4e35-ba02-85636d85b43b,50,1,1,0,1,2
c8d37839-3d0f-48dd-beb6-67261be0444f,50,1,1,0,1,2
a2128fa7-226e-4012-9652-42108895e9e1,100,1,0,0,2,4
73f5392e-9fee-419b-8b48-114c6a967584,50,1,1,0,1,2
b36c8f1b-bcc4-49c5-b0a1-ee2653144e30,50,1,1,0,1,2
d45865c0-a248-496e-bee1-14157cb4d7df,100,1,1,1,180,464
0288785d-f6a8-40cf-a2ab-43e1061fc07e,100,1,0,1,64,128
6d2bfba6-a0c8-4fa7-b523-dc5ba70b873d,100,1,1,1,180,464
f29fc24b-50f3-4940-a692-e0cce0458d48,100,1,1,1,180,464
856d2f99-d263-4736-ac3a-d7ae4c4ea98e,100,1,1,1,180,464
94b06b57-6a20-47b7-8b5b-ef96b9f1c41a,100,1,1,1,180,464
339817ac-04b9-4231-93d1-deb38113a366,100,1,0,0,2,4
7ccdc0c6-5576-4100-8dce-c01d6dc6cdf3,50,1,1,0,1,2
6ead6d71-8b2e-4da4-9736-5c22b7b603c5,50,1,1,0,1,2
ac842cad-b6bd-479f-86ca-3cd6f372a6cd,10,1,0,0,1,1
64ea4139-8a7e-463c-8bc0-de8bbbf7f40f,50,1,1,0,1,2
bf86f354-fd67-498b-bb6b-dd14b7abf975,50,1,1,0,1,2
9580b004-21b5-47ea-8e71-5192b05385d0,50,1,1,0,1,2
83809bfa-1090-456a-9f84-77a373a4f7ed,50,1,1,0,1,2
8af9dfa9-2872-444b-8ec6-c42e6ca6da8d,10,1,0,0,2,4
a75e79c0-396b-4f45-a0ca-725ebd2f625d,10,1,0,0,2,4
c1e536a3-90a8-4371-8734-9bcf264e2554,50,1,1,0,1,2
39eb4819-6325-4aee-9b23-cfd3451d52b6,10,1,0,0,2,4
975e8a7b-63c2-4230-a239-05f9b30e17a8,50,1,1,0,2,4
0be953b9-f1d1-434b-b3fa-fdc80a12fa5d,50,1,1,0,1,2
be5763fc-220e-4010-b716-69035102a638,50,1,1,0,1,2
6eb82d2b-78af-4e3e-b7aa-d3027a2721dc,30,1,1,0,2,4
1318d1a4-a10a-4e6f-ae61-0f5164d59d29,100,1,1,1,32,64
452d1210-140f-4856-ad39-c446f8483945,500,1,0,1,32,64
6f5cc61c-9ae2-4954-bca7-54b6eb66671b,100,1,1,1,32,64
7615c569-8168-4fb8-8599-f7b0cc584188,500,1,0,1,32,64
8df3a1d7-b74c-497e-8226-f911158801a3,50,1,1,0,1,2
eba6ecf2-9235-4144-bde4-ae2922729c24,500,1,0,1,32,64
d830fc11-c883-444e-9f0c-e8ce0797f741,50,1,1,0,1,2
ae235ac1-44bd-48dc-b313-911d8f17ccf3,10,1,0,0,2,4
cffb6abc-43eb-44b1-8f7b-da83d897495d,100,1,1,1,64,128
ee500572-8cad-40e7-8b2d-796a4ff0f321,30,1,1,0,2,4
f23f2c94-af2f-4f5c-ab75-8f20cc1e86ec,30,1,1,0,2,4
5742efd4-1d40-4733-950e-0a60849b0293,50,1,1,0,1,2
db728e12-129d-4dc3-8c8f-91c1ee49e28f,10,1,0,0,2,4
4e5a59bf-476c-4f1e-b499-ade7a8b639b9,100,1,1,1,8,16
8395cbe5-08eb-4732-a9f1-5311921be6a7,10,1,0,0,2,4
68b4d5e6-92b2-4104-8df7-954db935a719,30,1,1,0,2,4
dd70642f-0e89-4ed6-bd94-43a80523847a,50,1,1,0,1,2
9cdfb755-93a3-4702-badb-3950fb7a002c,100,1,1,1,8,64
c4ac4bba-a82e-4b0c-a710-2c99bd37a9b3,100,1,1,1,8,64
268c5f45-84df-4d41-b7ab-37cca5ff4330,50,1,1,0,1,2
45269a01-fc22-407a-874e-fbfd5bd3c75e,100,1,0,0,2,4
ac162a48-fd71-4816-be62-260430603db4,50,1,1,0,1,2
063a6004-8a16-493b-9254-7c42faab14fd,100,1,1,1,32,64
36ba0755-b114-47c0-88b4-5dad1e298d5c,100,1,1,1,32,64
d43ff64d-22ca-420a-a508-6a4fee13979d,500,1,0,1,32,64
fffc3419-03e6-4539-a713-4f2bac9c1641,100,1,1,1,32,64
1316a858-41fb-4dbb-a74e-32d32bbeafc9,100,1,1,1,16,32
8f5eafdd-6e66-431f-97c4-ce08b9edf7c3,50,1,1,0,1,2
303e69df-ef3d-4a38-b8f8-e05d74940085,50,1,1,0,1,2
c07d3446-fa40-40da-9f40-ffae08163e40,50,1,1,0,1,2
9245db31-75e3-4716-8b71-86e24af2a316,50,1,1,0,2,4
bb37c0af-4ba7-46b2-b581-182adc5d9f69,50,1,1,0,1,2
8a0d84af-462d-4ca4-80fc-c30a9bcc763f,50,1,1,0,4,8
931d79f1-a251-4591-b88f-3cd8ad2aff7e,50,1,1,0,1,2
2d44815b-42e6-465e-afa7-d29a583fa2b9,100,1,0,0,2,4
b2dad1fc-c2c2-4f4b-98de-be6a04ba2139,50,1,1,1,20,80
47162ac5-150e-49e4-8086-d526bf8c3a2e,50,1,1,0,1,2
4cea65a8-95e6-49a1-8844-057d6bbea9ab,50,1,1,0,1,2
ac779b1e-adaf-415c-b858-21a49c209be1,50,1,1,0,1,2
a9ce81bf-3a73-4385-b666-f8378f663830,50,1,1,0,1,2
ad4a94f1-102c-4a06-ac4e-6a02f4da9368,50,1,1,0,1,2
603532f8-431b-4196-b7ab-9f673c8d1d3a,50,1,1,0,1,2
f2d69f3b-e548-45e1-b9e9-d6937c80485f,100,1,1,1,8,16
1a2f957e-0c76-4234-9a3e-07ef31e67029,100,1,0,0,2,4
e2d7aab5-b555-4a2e-9017-1191b14af9f1,50,1,1,0,1,2
c0ba1cc6-2b72-4a80-8d09-6b9395871f90,50,1,1,0,1,2
a874217b-5992-4743-befa-0a7d5cf1e368,50,1,1,0,1,2
0c9464cd-3332-4656-9076-89214ea11a83,50,1,1,0,1,2
25966a0f-43c2-4e33-80ce-848782b5ac61,100,1,1,1,8,32
3bf80545-993d-429a-a533-b95e686a910d,50,1,1,0,1,2
18055397-958f-4c16-a19f-674f1b2828ee,50,1,1,0,1,2
94c7c2a2-a4f1-4bc3-9b64-8ceba5fd2d3b,50,1,1,0,1,2
4e9affa9-4aaf-4674-87d4-85ffe001c151,50,1,1,0,1,2
6eafb8a4-b922-4a77-8030-7a9007da3132,50,1,1,0,1,2
26b68c33-2c28-4146-953f-01b2d27652e8,100,1,1,1,16,32
88789219-fa3b-4954-9cee-18de2e6af396,50,1,1,0,1,2
5f397fdc-294a-46cb-8dee-9f721dddd3b0,50,1,1,0,1,2
c5339677-d143-4da6-aba5-5846b571bce3,50,1,1,0,1,2
21633ca8-e6cb-4fdf-801c-bdad6e8acd4b,50,1,1,0,2,4
64065f6d-3115-41ec-86e2-14bc91831849,50,1,1,0,2,4
24ac18e6-b951-4cc0-8629-8c4e068988dc,50,1,1,0,1,2
ab74c56e-0df0-4c12-93bc-b84416e20fe6,50,1,1,0,1,2
548960a2-38f8-4b7a-b495-d5e891864872,50,1,1,0,1,2
87acee2e-33d1-4b47-b8a2-463529ab8860,50,1,1,0,1,2
93a304f4-f68c-4d3d-82fb-07d9f7afc4d2,200,1,0,0,4,8
6dd58206-e5e6-42d1-ab46-85b1de77e336,10,1,0,0,1,1
a4aed6e0-6b44-4e91-b1ab-990c47d54014,50,1,1,0,1,2
6e2facf7-542d-4fd0-a727-03b805d0d7bc,50,1,1,0,1,2
cafabe4f-8bfc-4364-b7b0-8ae41a6da188,50,1,1,0,1,2
0a0c1dea-723a-4484-a89c-53c02fc4b107,50,1,1,0,1,2
02a817c9-f136-486c-b302-7bcb3d09fd9c,50,1,1,1,16,32
7727313d-30f0-440f-8290-d4e565914940,50,1,1,0,1,2
117c4983-2ae1-4983-9e66-eaedf4939a09,50,1,1,0,1,2
66d06414-c632-4f01-adf1-f000d4661a48,50,1,1,0,1,2
f68cfd48-fbdd-429d-9e21-d2003987122c,50,1,1,0,1,2
39a703e4-2691-48a0-a8ba-358a500788f5,50,1,1,0,1,2
bf69c6d0-6703-435a-aa88-6d4b373f80c1,500,1,0,0,4,8
88e5de32-4572-4f3e-86e6-8690e2397c5b,50,1,1,0,1,2
2b4b6cc2-2883-48a6-8305-07217a4702bd,50,1,1,0,1,2
8cf7b29a-a315-4311-a071-ff300100dda9,50,1,1,0,1,2
65714ed7-fd4c-4ead-8d64-3fda398a0a69,50,1,1,0,1,2
682ea9ae-602e-4c6f-8dd2-92af000f8b39,50,1,1,0,1,2
674acc76-383f-40db-920a-bc678c459153,50,1,1,0,1,2
63b5980b-d5ff-49da-bd71-2837970478ec,50,1,1,0,1,2
13000294-52c7-4949-8346-92dae29776a4,100,1,0,0,1,2
c4bd5ef4-6a58-4c28-8fe8-3a67e55ab9aa,50,1,1,0,1,2
242292a6-24ab-47a9-ab08-9a469f3ed928,50,1,0,0,1,2
053e8e03-7156-40d8-9633-8c264fb83908,50,1,1,0,1,2
a7ff867a-69f1-44a4-9077-bb64e4dd98c4,50,1,1,0,1,2
daee0c66-aa8a-4fad-8441-f5a7081c111b,50,1,1,0,1,2
7ca6fe61-3dcc-4f61-9106-f6510a55d953,50,1,1,0,1,2
032abfec-b53e-48f0-989c-5eb5f97167b8,50,1,1,0,1,2
3adcdd67-b523-445e-b356-97774101faba,50,1,1,0,1,2
7bdac8af-3cd5-401c-882e-166b6bcc3c10,50,1,1,0,1,2
d1c1dd16-b217-4f72-a3d6-1793e6b190f1,50,1,1,0,1,2
449ce91f-f28e-4713-a1bb-038ef1521bb4,50,1,1,0,1,2
3d6fc422-f797-471f-a556-e9491b5478f9,100,1,0,0,2,4
ab8684bb-f0e9-42c9-8f5c-f1f0d9173e0f,100,1,1,1,8,16
0ccf813d-84a1-4f60-8854-46d2a94944e3,50,1,1,1,16,64
81e26467-044c-4d35-8d46-e5e5d026d68b,500,1,0,1,16,64
762ad5dd-cddc-4525-ad7f-e3ebd72301cd,50,1,1,0,1,2
98e6c1ef-b8cb-46ee-be71-b78f7ea8686d,50,1,1,0,1,2
b552f129-a472-4c42-a4df-150644c646d9,50,1,1,1,16,32
180ad84c-c342-41a0-a323-e06522e4f01c,50,1,1,0,1,2
4ca0bc5c-0cdf-409b-9789-5a1d8207b825,50,1,1,0,1,2
64ca2574-b50f-45fd-87aa-8cd141c1f274,30,1,1,0,1,1
a81f1b24-88a2-4c66-9f82-99a3fa73b66e,50,1,1,0,1,2
aba72ad9-8db5-42f4-9151-6876a8b8d068,50,1,1,0,1,2
a6e66e9f-27c8-4ade-ba81-d7520ba6f474,50,1,1,0,1,2
25a55e6e-08a6-46bf-a140-cea7c48cbeb8,50,1,1,0,1,2
719b8780-b775-4c77-89f6-e11dc601fdff,50,1,1,0,1,2
bf174fc2-1334-4f07-acfa-e18a25501546,50,1,1,0,1,2
9b467af4-170c-429d-abc1-a993db8699d0,50,1,1,0,1,2
139e23b9-e198-4d05-bf7c-0ca75c7b5475,50,1,1,0,1,2
25e28515-5e0c-4b35-802f-2333d2f19632,50,1,1,0,1,2
d94b5e05-a4ae-44ec-85dd-5cdf0d2e14ed,100,1,1,1,32,64
090e508d-8294-4ea1-9c6c-aa33129b0639,50,1,1,0,1,2
95caaf43-d53e-4aa5-809b-bb81f7d7b331,10,1,0,0,1,1
5d181d27-1029-477f-818c-b2533992c7f6,200,1,0,0,4,8
0a61e2a5-81ec-4846-82da-78e6f6d2daec,50,1,1,0,1,2
d0e93f81-3bb0-4f00-aeed-2dbd5fb65ab8,100,1,0,0,2,4
cf899b95-851b-4a8c-b8c3-d860cbb9628f,50,1,1,0,1,2
6237763e-4fbe-4824-9278-70a3ddbe3f6d,50,1,1,0,1,2
e2acc2a1-0b78-44b0-8f80-c2a5e12ceb04,10,1,0,0,2,4
61881c09-e255-4992-9f78-ddbb3d96eb04,50,1,1,0,1,2
6f01234a-812b-4482-a34b-d9a7d63cf856,50,1,1,0,1,2
dd9ed63d-c2ca-4780-9eea-116fdbf88430,50,1,1,0,1,2
864e350e-b6ab-4b64-9c2b-ad5e19596d68,50,1,1,0,2,4
5a01e700-cff2-4923-8950-b6e1461b9430,50,1,1,0,2,4
99652a46-82e8-44ca-a2cb-28581f3303bb,100,1,0,0,2,4
514caab6-c949-4ea7-b6e3-40bd85590caf,100,1,0,0,2,4
fb66d53b-54ff-4d3d-bedb-486e1992d304,50,1,1,1,8,16
5bb55fb8-242d-4594-9c77-df9f9011119c,100,1,1,1,4,8
bc1486a7-1d8f-4414-8cdb-4f25c135b119,200,1,0,0,4,8
3de74c92-fcfb-47d4-8c77-ad7747067690,50,1,1,0,8,16
c7e91c44-51e7-4bd6-9c5f-df3fdd907b13,50,1,1,0,1,2
40c31376-44ff-4972-8191-552de1c54f86,50,1,1,1,4,8
91615410-07b2-4f41-bac1-45f66bdabe3d,50,1,1,0,1,2
44fe95ad-0447-406e-ab5d-44493debc7de,100,1,1,1,8,64
852afaae-4f59-48ec-8525-55a27594a2a3,50,1,1,0,1,2
1c7a89c1-a648-4b64-b153-a3c8b31f20ba,50,1,1,0,1,2
95531f4b-71fa-46f1-a54b-910c20802a89,50,1,1,0,1,2
119ec2b2-b6ab-4ef0-9647-b83794a68938,50,1,1,0,1,2
8b70fba3-e594-456e-b57c-2cce0f879c19,50,1,1,0,1,2
65a3c93a-f3f1-49b5-ac71-1cc3ba2f6037,50,1,1,0,1,2
e0439557-094f-4e90-8238-9ee0054a3261,50,1,1,0,1,2
676fd950-d92d-4fc2-a477-dfd14fe27501,50,1,1,0,1,2
99676e27-113a-4c6a-b62d-77cbef8f6421,50,1,1,0,1,2
0f095b29-ab32-452e-9e2e-6b813ceb9d65,50,1,1,0,1,2
fa29e979-992e-424a-ba1a-518dd3b0c41c,50,1,1,0,1,2
3cf9027f-7d15-451c-902d-8b8137bc2c7c,50,1,1,0,1,2
a10614c7-3cc9-49c8-9530-7a4bbee0a474,50,1,1,0,1,2
d94c7545-a8e9-4009-845d-9dd3561cdd67,50,1,1,0,1,2
0e174924-86e2-42fd-b2a7-61af36870eae,50,1,1,0,1,2
dcedc1db-0da4-4506-8c65-db71124ed9aa,50,1,1,0,2,4
9c7e5958-152b-4e73-8c65-e63f461bce78,50,1,1,0,1,2
3837adbb-50db-4a9c-b345-8d29a275f73a,1000,1,0,1,32,64
388c6d41-9f78-49c9-8bea-504bcbbc17bd,200,1,0,1,32,128
d3c7f554-c4f7-4d82-a3ce-d8f448ec0437,50,1,1,0,1,2
556dd282-1fa9-426b-aa5c-eac86d980c64,500,1,0,1,32,64
63596097-fd5c-4a11-80f7-628aec611461,500,1,0,1,32,256
9a0f3f03-1cb3-4c85-b785-fed23b019a12,100,1,0,0,2,4
a21634fa-98fb-427f-8c59-e6af7c556746,100,1,0,0,1,2
0e02b375-ca78-4e13-961d-0b3ec0e49a5d,10,1,0,0,1,1
37b31a10-d908-4319-bbae-aa5f0c001366,10,1,0,0,1,1
b9ed93c8-d5af-48dd-b3f4-a0d585558a92,50,1,1,0,1,2
65417690-0c40-431d-8b1f-1ddbbbe1b50e,30,1,1,0,1,1
15c5041e-7591-4d6e-9902-560d68b3b6ee,50,1,1,0,1,2
f44fbdea-6a23-4cd1-b91f-0719eacecfd9,50,1,1,0,1,2
2bd2896b-7597-41f9-a182-ebdcc983c0ff,30,1,1,0,1,1
caafce84-e117-49b4-9204-014d38cd2c1b,50,1,1,0,1,2
16ebad8b-7e93-461d-a110-5b02a6fed23a,10,1,0,0,1,1
12b83eb9-39ff-4b87-95a4-3b8b1a733da9,10,1,0,0,1,1
1ecd7903-a62b-4178-a356-582167b3e16c,30,1,1,0,1,1
a8d7e8e5-0aae-43e1-8b93-3758b2667400,10,1,0,0,1,1
d5b23de5-1c76-422b-b920-c5e85b2acfe5,10,1,0,0,1,1
421ef060-0dff-405b-9462-51cd6a44e2b3,50,1,1,0,1,2
ee2789f5-ee64-4ba3-b81f-57ece1c41f67,50,1,1,0,1,2
8dd8a8e9-f73d-45d3-a07d-cf5073f73151,100,1,0,1,32,64
2bf48e66-2b10-4a75-9986-215ef1ee59b4,10,1,0,0,1,1
854ae83c-a28f-4c39-ade2-6168f8ab98d9,50,1,1,0,4,8
40eddad8-ad3e-460b-971f-5bd0dbbb7858,50,1,1,0,1,2
472333ef-43be-4a59-95f7-671c6a078865,50,1,1,0,1,2
a08f990b-4e8e-416b-bf58-1e42e3aa2dd6,500,1,0,1,180,464
48bc8794-a1fd-4d8e-af3b-b25d723b1a65,50,1,1,0,4,8
9afdfbb6-fa7b-41a8-91cd-af562002eb37,50,1,1,0,1,2
302568fa-8131-4c01-a4d5-a477528d21af,100,1,0,0,1,2
bf5d9244-c39c-4e2e-aa6f-0590825ed4ca,30,1,1,0,1,1
38fb307d-a953-4da8-b70f-95eb93cfba46,50,1,1,0,2,4
02ec5514-3016-4c1e-b8f0-a08a5e1d4dba,50,1,1,0,1,2
87d17b9a-59ec-4c84-9d5f-49453a641352,50,1,1,0,1,2
2a01ffe6-bed8-4874-b569-f987fa10b3de,10,1,0,0,1,1
ed45009e-b361-41b6-8f8e-92a3be105e9c,50,1,1,0,1,2
9dd3cfe1-ae62-455b-a5e1-2f120e12b219,100,1,0,0,2,4
f2097a31-62d0-49c0-bf0c-91cc2f018951,100,1,0,0,2,4
ac5c352a-d223-46d7-ab04-490e0b6b4086,100,1,0,0,2,4
71142e87-0c4a-416c-b29d-3b967d0b2810,100,1,1,1,32,64
c0438574-41d2-4def-81eb-c840e8b06116,100,1,1,1,32,64
fb8e7fc4-2543-4fc6-bb00-b1ea03c887f9,50,1,1,0,1,2
87f81cac-ccdc-4fe1-8df7-ebbc67576c94,50,1,1,0,1,2
e8d785e9-244b-4537-894c-968997cab6d0,100,1,0,0,1,2
b628d0b5-0a0f-461a-9058-bbb60a24637a,100,1,0,0,1,2
c225b6b4-ea9d-4124-8d25-e111232711a3,50,1,1,0,1,2
05f39814-cae6-47ef-a283-fe328756a020,100,1,0,0,1,2
6fe159c2-118a-411f-b36e-9eab06fa0bc7,30,1,1,0,1,1
7ace552c-65c3-434c-b43d-97c6fe394895,200,1,0,0,4,8
f0d0df03-57eb-45d7-9501-b86234bd88b8,50,1,1,0,1,2
fb509973-d037-45eb-9b49-3e0c4b5bec44,10,1,0,0,1,1
8e38f799-25aa-492f-931e-9bf0f1821dec,30,1,1,0,1,1
c6d686c4-d3dc-44c4-bf1c-96a0fd703725,50,1,1,0,1,2
e25145e6-475d-44e8-bb3c-cbc72eb13c41,50,1,1,0,1,2
6084a37e-cd8a-4414-9a18-5cea0bb3b9b8,50,1,1,0,2,4
f6c30498-210c-435d-9421-d41514044ed1,50,1,1,0,1,2
8e2aa198-f7c4-4cf3-979e-61634fa28805,50,1,1,0,1,2
587ec5c0-167a-488a-a225-4ed91d65c0c5,50,1,1,0,1,2
cd164323-9498-4212-aeb1-761d9effe8fa,30,1,1,0,1,1
e18eec95-97f3-462c-9a59-a88ab9ad49ff,30,1,1,0,1,1
b639de27-8d26-43d1-a3dc-0553d64b0182,10,1,0,0,1,1
cd0c0348-bc76-49ac-9278-b9f0562bd779,50,1,1,0,1,2
5fc716fd-2dcb-465a-b830-5aef9aac16ba,100,1,0,0,2,4
1aede02c-1916-4f94-8c15-59b88218e5cb,50,1,1,0,1,2
28c8f833-2113-441f-9fe6-0b8e8ae2dbe5,50,1,1,0,1,2
32e297e3-e7c1-4243-886e-53d00bfb84cb,50,1,1,0,1,2
cc245b45-0d0d-4415-b7e9-b87c49af828c,50,1,1,0,1,2
fac977b2-f854-462b-8ba1-e05710b2ddef,50,1,1,0,1,2
dcf6cd3f-4dc5-47b0-af57-869cee915db0,50,1,1,0,1,2
dc18677d-492d-4ae8-9953-ef8b7b2c713c,30,1,0,1,2,4
c668620d-7de7-4781-8448-d6168a8a8624,50,1,1,0,1,2
3a22e7c3-ada6-4ce4-b024-64b1a623cad0,50,1,1,0,1,2
5cac6887-c518-4649-a21f-9995487a13fa,50,1,1,0,1,2
d42f0965-d464-483b-902a-053a0b316bdf,50,1,1,0,1,2
1d489c0a-251b-466f-896f-35a0941675f0,50,1,1,0,1,2
bc4fdebf-b0d3-4282-b533-c0c0f511dfd2,50,1,1,0,1,2
28972118-8532-4163-ac31-a51a7a5a5344,50,1,1,0,1,2
87f18472-8b6e-4aaa-aab4-7814be84924d,50,1,1,0,1,2
30aae7d5-4879-4e11-992b-c415db39bf1e,50,1,1,0,1,2
80cba896-bd90-4a2e-9445-b3d2eadc3c35,50,1,1,0,2,4
e8061ca6-0d5d-40f2-9174-4e78cb2b2716,50,1,1,0,1,2
2ca76759-5069-44f6-a43b-d4af49249adb,50,1,1,0,1,2
1df2b4c0-c502-45d8-a39b-1075a68415de,100,1,0,0,2,4
3018a29b-07ab-4f16-b52d-248016aadbef,100,1,0,0,2,4
cd4dcb2d-e291-40f5-b314-a6f3320fb90a,100,1,0,0,1,2
8c1e8689-6cfe-40f1-bf8c-c1ad8077623e,50,1,1,0,1,2
840faef6-137f-4ebb-a1b2-9142cdfb5bb5,50,1,1,0,1,2
c1cef655-0ccb-46e6-9c35-4be2d2221287,50,1,1,0,1,2
7a044d05-e971-48ae-b1e7-ea3099630d52,50,1,1,0,1,2
0b930584-d7af-48ee-aba5-e614295f9ee8,50,1,1,0,2,4
6ea70ec6-4836-4b42-91cd-e0e8fc85a537,50,1,1,0,1,2
aec80424-a369-48e6-95e0-ebee1d5417b0,50,1,1,0,1,2
42ddf690-bf6a-4d3c-aed1-4e2790bc4a6a,50,1,1,0,1,2
2792d97b-384e-4ec4-8928-053c2056b586,50,1,1,0,1,2
733a7218-190f-49a9-b6e8-997f1028c238,50,1,1,0,4,8
d27b4841-0822-4f1e-bd8c-2cbb522a8564,50,1,1,0,1,2
c8c894a8-ebe2-4c9f-a741-6267efeba856,50,1,1,0,1,2
8356dbc4-aae7-4ac7-91d6-088e0abb21a5,50,1,1,0,1,2
3e6d3158-a8cc-4c87-9cee-711dbc0b03c5,50,1,1,0,1,2
27394774-7ac3-4db7-90fd-8729e9d1da53,50,1,1,0,1,2
fccad3df-f5ce-4e3b-9701-c55dd8be340c,50,1,1,0,1,2
a69683a6-d9b8-41ba-8fb8-4db77cd99a6b,50,1,1,0,1,2
44de0dd0-33f8-4d1a-8504-3bd0e60c186e,50,1,1,0,1,2
bf6b18d3-e27e-4c34-95f8-eaecbc096693,50,1,1,0,1,2
401f6c0d-cc3e-4f3c-9712-ac1092aa247d,30,1,1,0,1,1
5171e01d-3004-4e49-b6b5-82ceb0328328,10,1,0,0,1,1
70e0f563-b43b-47a7-adfe-d0ad76b3eae8,30,1,1,0,1,1
aacea7f0-ce89-42b2-879b-396053d07354,30,1,1,0,1,1
686dc68e-7aec-4ad5-966c-4b0fe8ba5657,100,1,0,0,2,4
546ee36e-669d-49d9-924b-0d5eb4614d7f,50,1,1,0,1,2
2c6f79a4-d1f6-4b56-86a6-c7cc75e480be,10,1,0,0,1,1
d2d1505e-f50c-4a4f-a07b-6e6508edeaf6,50,1,1,0,2,4
72952174-0cb1-473f-aed8-133c3615ec19,50,1,1,0,1,2
3eee1c62-6b3f-45a4-8a58-e3932a5bac5e,50,1,1,0,1,2
33d9caee-c237-4834-9e7f-f0ab64786918,200,1,0,0,4,8
59eff0a4-2b74-4c15-84d1-5d281ef5da2c,50,1,1,0,1,2
1d2e3f79-2ea7-47fa-8db7-a2b09fc2f917,200,1,0,0,4,8
0a3c75a7-2fc7-4f3a-b665-44feeaa1ff2c,50,1,1,0,4,8
c3cd6f61-329d-4fa5-a6a5-2242c3076620,50,1,1,0,1,2
7c75dc2a-a0f9-41b7-b1ba-72459476887a,50,1,1,0,2,4
7bdc10ed-2e10-4daf-9906-b180c40bd914,50,1,1,0,1,2
061d40d6-92ac-455e-9133-7d8c2c548fbd,50,1,1,0,1,2
58f4d95e-991b-419e-942f-ed456492a13b,50,1,1,0,1,2
2561f4cf-ff88-422e-bc59-c3e88858d32d,50,1,1,0,1,2
c983add9-0bf8-4e79-9068-7c210d4c3f0c,50,1,1,0,1,2
92cf4ba4-76f1-49c1-8ae5-8948f7300736,50,1,1,0,1,2
02997240-6c61-468e-a4e7-e88039e13127,100,1,0,1,64,128
1b22b7bf-e2eb-4293-9595-a839568de07a,50,1,1,0,4,8
66c418f1-dc33-4bb0-9386-76b23262f21f,100,1,0,0,2,4
62e23679-0fe1-403a-82d3-a5a99fd2c270,50,1,1,0,1,2
da66c812-5bf0-4796-872a-e48528f34d67,100,1,0,0,1,2
9487b266-d5d3-4b4d-8485-74290872019f,50,1,1,0,1,2
ddf1026a-689b-4636-a059-4e305f1f23dd,50,1,1,0,1,2
0c8bca06-d6b0-46f2-87ea-f5bbc698e63a,100,1,0,0,2,4
7ed490de-c9ee-4517-a392-98142b9587d9,50,1,1,1,8,16
3fc31f86-e513-490d-97d0-6ebf0032ca09,50,1,1,1,16,32
d99d6d0c-0d39-4863-a006-b24d3eb6188c,50,1,1,0,1,2
b65df96f-65cf-4f4e-be73-28783bda0726,200,1,0,0,2,4
47a7650c-748d-4bf0-90fb-81b5798720ed,50,1,1,0,1,2
da62a9e0-c957-4ec9-9bac-3daea7e1bf1b,50,1,1,0,1,2
2302ab77-de07-487c-a1a4-f100113527de,200,1,0,0,2,4
bf9d89ac-22d1-4c8f-9d7f-70874053fa01,50,1,1,0,32,64
4f8eae45-0c88-49fc-8c20-c2ce784821b3,50,1,1,0,1,2
270e6a53-5431-425d-8bf5-5b611c71c1f7,50,1,1,0,1,2
791ff9d2-11f7-4d95-8c4d-ce9480707deb,50,1,1,0,1,2
8c09664f-cc66-47eb-b7de-24505625b2f6,100,1,0,1,64,128
a53660fe-0e64-4d09-beb3-8fb5af0c7b42,100,1,0,1,64,128
c1af1ee7-fff4-41dd-a17d-d42aa00c4f94,50,1,1,0,1,2
707fa750-8ed6-46ca-8f01-0a5255b24010,50,1,1,0,1,2
8f0b4d4f-b476-469b-8b03-9190216d6748,50,1,1,0,4,16
33c78ebf-99fe-4bff-9e79-41b479ebcbce,50,1,1,0,1,2
7e5f24f2-d246-4e1d-b99c-74e97033e617,50,1,1,0,2,4
2c34185e-17bc-4f3c-b782-afe32f41dbf9,50,1,1,0,1,2
65e957e8-6b8d-4be3-831d-501796a091e8,50,1,1,0,4,8
c7b58f6f-3431-4ccd-9574-fe4e7a0a903b,50,1,1,0,1,2
adc7d0e5-f61d-41d9-84c2-b024614abbe1,50,1,1,0,8,16
aff488c0-e191-408c-892a-88d8f4980045,500,1,0,1,32,64
83bb45e5-d551-4efb-a40e-82f1c5cb29b5,50,1,1,1,1,2
f399b441-5dee-4c97-be91-46fb081be2e5,10,1,0,0,1,1
cadef239-6b5c-4206-a179-1847e245bf6c,30,1,1,0,1,1
32bc911b-91a5-40ad-b99c-fcab60524d67,30,1,1,0,1,1
fac452d1-3a6c-4179-b4b0-1aef9dc4edd8,30,1,1,0,1,1
46aa5e20-710c-4e45-8407-1108d98e89f9,50,1,1,0,2,8
e98478c4-4c17-4175-960e-ca6078632197,10,1,0,0,1,1
77725f72-4eef-4f39-81bb-5b2c246e4a44,30,1,1,0,1,1
94303c63-c40a-4b28-aaa5-3658b0bdf00b,30,1,1,0,1,1
ad654450-2f60-4e01-bd13-a164f0185d2d,50,1,1,1,8,32
1bbdc4b1-492b-4987-a39b-074551d5097a,10,1,0,0,2,4
df4ef0d0-b63d-40bc-93a2-cf62f91f76eb,50,1,1,0,4,8
de8beea8-4581-4b6d-b74b-ce3eaee7f617,50,1,1,0,1,2
f81efe8f-cf25-4786-91a1-96d7a232c026,50,1,1,0,1,2
41fda519-524d-408d-8d75-01b8eb10ca21,50,1,1,0,1,2
a2afb6ea-3bec-43af-af6a-730b21d046c0,50,1,1,0,2,4
44f5d84c-0ffb-49e3-8732-beffbc3056fd,50,1,1,0,1,2
e7e998dc-3201-40f3-bb10-c7eafc550e2d,30,1,1,0,2,4
2996408a-f484-408c-83e7-cffaa0c2d0a0,30,1,1,0,2,4
d90ae343-daa5-4ad3-ad08-58abd63e54ea,30,1,1,0,2,4
b837ea36-d41c-4321-bd67-229e2879118e,50,1,1,0,4,8
7aec9d45-9c2d-4c0d-b21b-6c2a03b1947c,100,1,1,1,8,16
08e5cdbc-aaf5-440d-9e61-884b3ee58476,50,1,1,0,1,2
79d59f55-83d5-49eb-a8a6-fda1cdcff691,50,1,1,0,1,2
6dca6a42-6b7d-4944-ab6b-a00f2647552e,50,1,1,0,1,2
7ebae134-e6b2-471d-98c6-828e0683b3dd,100,1,1,1,8,16
4d4d5209-bc0b-41ae-81bf-5ccba8d8b1d9,50,1,1,0,1,2
9fcb5473-b683-4a79-9532-62fc9d2811e2,50,1,1,0,1,2
8ebf1b01-ecdd-4f21-b533-f644d938ee6c,50,1,1,0,1,2
7c9f14b8-8e65-4542-8f3a-86fd2837bccb,50,1,1,0,1,2
f9fa4c2c-3be1-45db-85ec-f34f61b3a9f1,50,1,1,0,1,2
1e083396-ea6c-4f62-8dbe-07de41955f70,50,1,0,0,4,8
5f97204f-ba78-4dcd-b054-1c6a49f1c528,50,1,1,0,1,2
629652e5-76fc-4292-afd9-a6aa1b6d96c4,50,1,1,0,1,2
3bf210b3-0500-4ed8-8df2-480fea067910,100,1,1,1,8,32
a10b7e0f-a8bb-4b5f-9005-f0235766017a,100,1,0,1,32,64
bf90df59-46b4-466c-ba92-3927ad938514,100,1,1,1,32,64
441e94f9-f7cb-4849-850d-cd08afb080d9,500,1,0,1,32,64
10774d48-43e7-4382-9a93-bdaca06e88f6,50,1,1,0,1,2
5ab71f63-8d76-4515-a422-bc9bc4ce33cb,50,1,1,0,1,2
6bbf71d3-b878-45bb-8ce1-a61165794ac3,50,1,1,0,1,2
2ed618b8-e042-4933-bc29-2919828664a8,200,1,0,1,4,16
0ed87168-6093-4b0b-8582-8c43f13410d5,50,1,1,0,1,2
a2c8b10e-4c43-4cb4-95f4-b98e7e0f7392,50,1,1,0,1,2
87ef7849-96a1-4d1a-b875-32828988ca3a,30,1,1,0,2,4
a12caba5-d813-4044-96be-08bdc6262d5a,50,1,1,0,1,2
4165f46a-b7a6-482a-9d91-75f559282347,50,1,1,0,1,2
fc8f27a9-f303-4782-bd00-ea56e435a9f4,50,1,1,0,1,2
5865eaff-efa3-4353-9bff-151eb30c3b32,100,1,1,1,8,16
ccd41e95-d706-4f82-9b8b-96dbbfbff425,50,1,1,0,1,2
05fa204e-2b11-45d3-b94b-51adcdb78410,50,1,1,0,1,2
c0a3a1f6-7184-4e81-90ad-66e6ae2f8b35,10,1,0,0,2,4
8da5fffe-baed-4020-bc46-7434a45b4482,50,1,1,0,1,2
81c1fdc8-5d69-4b59-95a2-b87b5d60ca3f,50,1,1,0,1,2
51af12a1-271a-445a-8d52-b3d58ebd1dd1,100,1,0,1,32,64
886846aa-84d4-4bfe-b9e2-1826bb8e1b9f,100,1,1,1,32,64
d6b3b44f-1812-405a-adaa-63fcf0f97c5e,50,1,1,0,2,4
35f57dbe-ec41-43c5-b44d-227cfebe7556,50,1,1,0,1,2
ddebd948-1622-4b59-847f-107986cff05f,50,1,1,0,1,2
b242385c-a7bf-499f-bd69-3e1f13861645,50,1,1,0,1,2
4c6f6c21-56de-4078-b1cd-91ba59f89092,500,1,0,0,8,32
5e0598e5-e10d-42c9-ae3a-e8252f16ae69,100,1,0,1,32,64
6c014f3c-d05f-40f2-bb4d-ec74ddec489a,100,1,0,1,32,64
b68b5824-f634-4e6a-99cc-76c519f4319b,30,1,1,0,2,4
e36cb7b2-18c1-4a17-a219-ad3bdc127e71,100,1,1,1,32,64
7c50972f-d914-47c3-bf5a-75306efc9a57,100,1,1,1,32,64
91e8da9a-33ff-4761-ae34-757315873fc0,100,1,1,1,32,64
a7257b39-0b4a-49c2-b633-4423312b11fa,100,1,1,1,32,64
c0a5e1f5-f107-4887-a21d-5efdc9d673ae,100,1,1,1,32,64
fd4a0990-caed-411a-b138-18682f25f329,100,1,1,1,32,64
49e7a570-5946-41d4-8c94-d4bbf20ad47f,10,1,0,0,2,4
23f44c0a-aaa7-4054-8820-69f5867efbd9,50,1,1,0,1,2
a85de0ff-1c05-493b-8178-c13064cb061c,50,1,1,0,1,2
0fa752f0-0276-4642-9c9b-35f9a221f239,100,1,0,1,32,64
166737ec-3820-49e5-959e-72ece82b2f35,100,1,1,1,32,64
3c32dd44-005d-4bff-84a1-def63aaef60e,100,1,0,1,32,64
5e99e04b-c380-4cce-b26e-23663e8ad195,100,1,0,1,32,64
6202e22c-21c0-4cbe-90b6-94c17e1eb2bf,100,1,1,1,32,64
77cc41f8-9157-46d3-83bf-517bc60d048d,100,1,0,1,32,64
9e1a1091-d585-4991-93e1-bd8273530891,100,1,0,1,32,64
a121b8d8-9a14-49ba-af31-d6a20d2f2474,100,1,0,1,32,64
a23917d5-1a45-4d9f-a791-09e22d395fa3,100,1,0,1,32,64
a99f90ad-757e-4826-b32b-1faf0a04cf90,100,1,1,1,32,64
c2223cea-cc2d-4d19-b450-4ab8d2ac0a41,100,1,1,1,32,64
c2aba544-261e-4199-8a41-16467646de8d,100,1,1,1,32,64
c4fb331e-43a3-4d49-bda1-ae8a374b918a,100,1,0,1,32,64
fe9473b4-6f5e-4ef3-95c0-15634c208aac,100,1,1,1,32,64
60a2b7a7-eaf1-4161-9a49-3a477ed0f722,30,1,1,0,2,4
854a149a-44ab-4f1e-9297-7c6631cc1659,30,1,1,0,2,4
ca3cd3ac-ef63-4911-a662-11dd275bebe2,10,1,0,0,1,1
5e36f759-7e46-406b-b1d5-7e37263b1672,30,1,1,0,2,4
6fdaa9ba-7e9b-47d4-a6b9-997ccb3e9335,300,1,0,1,32,128
c03c430d-4cb4-453d-be06-6712c7e22754,200,1,0,1,32,128
5fae265f-6bc7-4255-a6a8-478423e2579d,200,1,0,1,32,128
8df693f6-11fc-4adf-acd6-f65c8d899157,300,1,0,1,32,128
c8810ae1-d6a9-4b2f-901d-82f96e700370,500,1,0,1,32,64
2c66d77a-d9e3-4440-912f-07b3669fccc6,100,1,1,0,8,16
43d6c64f-1049-473e-bc04-6e0807778250,100,1,1,0,8,16
4bbf0f5c-11b1-4390-9a20-ad58a81f455f,100,1,1,0,8,16
7fb086e4-b320-4cea-9950-ea3c4e079df0,100,1,1,0,8,16
8152002b-3477-422a-90de-fe084597beac,150,1,0,0,8,16
92c38754-1f32-481c-a91f-7be1cd9b4822,100,1,1,0,8,16
b35792c9-d001-4e85-b602-1cfb7aaf8831,100,1,1,0,8,16
bf5eb685-cb65-4b3d-8c7e-695f1fe890f1,150,1,0,0,8,16
ce75ae6c-06d7-4a06-91aa-fd874fc7dc50,100,1,1,0,8,16
d668afa7-bdea-4f49-ae16-ea2b7b408863,100,1,1,0,8,16
e35a9581-9bce-426f-b01b-fb0453eff7e1,150,1,0,0,8,16
f72e4c71-a456-4c70-98eb-b41b38b775da,100,1,1,0,8,16
07e2ebd2-cf91-48ee-8609-aa700396998e,150,1,0,0,4,8
b142c3cb-c0eb-42d1-a591-3559b5b114de,50,1,1,1,4,8
1247702d-3761-45e5-888b-40ea9d5f29da,100,1,1,0,8,16
8799e513-f1af-412f-8f5d-ff1815df034f,150,1,0,0,8,16
b650166b-a1a7-474b-93e7-df6cfcb9b4cf,150,1,0,0,8,16
c39e37cd-6134-4db2-b9ad-2e3091fe564f,100,1,1,0,8,16
dc49e89e-f82d-497c-a51d-9d5707606cef,100,1,1,0,8,16
6e136efc-65a4-49df-b6a1-0db75681cca4,30,1,1,0,2,4
b854c7ee-de4d-4f6c-847c-2180de2b920c,100,1,1,1,8,64
6d9a13da-7e06-49eb-89ae-99705ff83056,50,1,1,0,4,8
536a3961-51fd-4604-9602-02158ccdce9b,50,1,1,0,1,2
89e86396-bd1e-4382-922f-dc09c787274a,50,1,1,0,1,2
c0b02371-d20e-45fe-ab21-931026d561f5,50,1,1,0,2,4
f0289ed0-b639-4fbd-9355-c13601675d66,50,1,1,0,1,2
454f394b-fedf-4b69-8ba3-27dccc24a012,50,1,1,0,1,2
9a9cc85c-17e0-4748-9867-5b32a4dd9759,50,1,1,0,1,2
21f95437-caf3-4a49-a767-631d0a7ff8e9,50,1,1,0,1,2
1b9801c0-7722-4e85-b5ea-20f36da81274,50,1,1,1,1,1
a94abe21-2fd8-4f32-910f-70a6bd16bab0,50,1,1,0,1,2
001f1661-72fe-4800-a06a-4b17723ffc03,50,1,1,0,1,2
854dafb4-646b-4f12-800b-3d481a3ae721,50,1,1,0,1,2
b7b5eed9-8553-4406-a4d7-a1e5a4e896ec,50,1,1,0,1,2
81516f9f-8220-42f3-8926-932a3daefa17,50,1,1,0,1,2
36c3c2f8-8c61-40ae-8513-675136d7785c,50,1,1,0,1,2
4a3656f9-edc0-48c1-809f-6d7ee667a429,50,1,1,0,1,2
086ac128-916e-472e-94ce-bb6f7ccbc9d5,50,1,1,0,1,2
d93cc70a-ebd5-47de-8df5-8b31b6e7fdb4,300,1,0,0,8,16
c506d49b-32c4-4a26-a242-ce9283eb8bff,50,1,1,0,1,2
45d783be-89c8-4b67-a00e-6f670644ec99,50,1,1,0,1,2
9e6dda4f-ddc6-41a4-a4e4-63e9cf7cd207,50,1,1,0,1,2
b4c072e2-cf2d-4f3c-9175-c9563dba6bce,50,1,1,0,1,2
53ab3ef8-ebb4-4083-92bc-957ae7ed3c61,50,1,1,0,1,2
aed839c1-5d6f-4a13-989d-02497b9ca161,50,1,1,0,1,2
833a8a37-9416-423d-9c0f-06a9fb8c50d6,50,1,1,0,1,2
ff3a6d93-d86d-4c2a-939d-5db2265829c3,50,1,1,0,1,2
bbd7e89e-a9a3-4f03-ac08-62e514f881bc,50,1,1,0,1,2
dbfcb678-1fc2-4cb5-bd73-b794fb1b7e7e,50,1,1,0,2,8
791c1124-11ce-4d75-8d62-0eecc2dc9336,50,1,1,0,1,2
ab9bb164-e88f-47da-958d-773d632f828d,50,1,1,0,1,2
e89e79de-2030-4571-b453-6386d64110ce,50,1,1,0,1,2
b7043ce6-dfe6-4f20-9774-3962bd8cc3b5,50,1,1,0,1,2
562d4d8c-240c-4ede-ad65-c7829e63a66c,50,1,1,0,1,2
1ac68582-c8d0-4a85-8858-a7014d2272ca,50,1,1,0,1,2
64d029ae-6184-4c09-b224-6029e2d3fc37,100,1,0,0,2,4
4432a1a9-3c62-4f9d-a2b9-264826f361b5,50,1,1,0,1,2
bb756d5f-7893-4ca5-9db9-9085af0aaa6a,50,1,1,0,1,2
10472b1b-a976-4a53-916f-a0a3fe422642,50,1,1,0,1,2
a6ed8799-2b50-41e8-8557-d28dfc8dc3cd,50,1,1,0,1,2
5156fdec-fee6-41ca-9bd3-078c1efa4d73,50,1,1,0,1,2
2c8a6f4e-b7a4-4768-8f32-aaf5d73288bf,50,1,1,0,2,4
f0303a36-a5eb-4bf4-a710-c064de71155b,50,1,1,0,1,2
d5623df6-55cc-43dc-a852-eea954c1f71b,50,1,1,0,2,4
58585260-2e09-4dcb-bbc9-639256aabcce,50,1,1,0,1,2
f31481e4-a0e6-4636-92c3-15b9d5f3159a,50,1,1,0,1,2
8b42629d-d411-48bb-bad0-997979dcc592,50,1,1,0,16,64
a9bfcb5c-037c-4ca1-b6bf-b6c4f01daf66,50,1,1,0,1,2
25dc82b4-0a89-498c-9fba-4b2d85cfd008,50,1,1,0,1,2
ef8e780d-e2ac-4c0f-b2a8-fa2e65bb425d,50,1,1,0,1,2
adc45ed9-367a-43f9-ace6-a9325a2009d4,50,1,1,0,1,2
fefd9d23-0ffd-4eb1-bdef-e8341c4ad850,50,1,1,0,1,2
6e24e3a0-448e-417b-ac63-92ee3acd3772,50,1,1,0,1,2
80d9b97d-753b-4dcf-903f-a3db37505da7,500,1,0,1,32,64
08052bbf-676f-47e8-a1ff-82b54ae2a8ce,50,1,1,0,1,2
21fcbe05-840a-4197-8e95-a06f5f86a64e,50,1,1,0,1,2
de591aa2-4d41-448a-a334-ff4380a90cea,100,1,1,1,8,16
5e8e7f5c-3586-4558-9316-83655330e263,50,1,1,0,1,2
e6bfdb8a-0641-4fad-8767-d068471c29b1,50,1,1,0,1,2
51353943-b8ed-4957-948c-13574a836d4c,50,1,1,0,1,2
8898be6a-dd3e-44f5-8469-150374f7a7ca,50,1,1,0,1,2
c87e2ed8-54df-459e-91fb-c57f575bff73,50,1,1,0,1,2
0ff8ac36-3ab8-4e80-a175-83017d587171,50,1,1,0,1,2
68d0dd3d-5fed-44c5-9b75-13ce2b7c5c8a,100,1,1,1,16,32
d0ec1e8d-5133-44e9-951f-a1d30a2bf4bc,50,1,1,0,1,2
4cca1032-af36-4765-9e46-f3a700890b11,50,1,1,0,1,2
fff873dd-3157-4fc4-9f8d-e8eb0d701612,50,1,1,0,1,2
a8685759-e18b-44a4-a6ae-1bc9785bb2ba,50,1,1,0,1,2
f7322fe4-883f-477e-9f85-9448374df8a3,100,1,0,1,84,256
9acef4e7-9c90-47b7-8ca0-1a954238ac38,50,1,1,0,1,2
94f146f9-d827-434d-a727-fe7a915e750c,50,1,1,0,1,2
9e8f5402-69e3-4189-a9b3-e9d6bf4c3211,50,1,1,0,1,2
95f1bb0e-7e0b-4fe0-9a4e-bfe116f39d1f,10,1,0,0,1,1
078469d1-fb0c-4d38-85c9-c183eee9c415,50,1,1,0,1,2
8e0eacbf-094b-4622-afba-156d1ea9c642,50,1,1,0,1,2
a83e2c45-16f5-4d38-b2ac-4e1fe595ffed,50,1,1,0,1,2
3c72bbd8-26bd-4259-8095-fc0c44a6ba84,50,1,1,1,4,8
e1c1350d-75df-493d-a5c3-8aa7d24e2952,50,1,1,0,1,2
5eca6727-21a2-4d71-9cd0-ce715bf6901c,50,1,1,0,1,2
dcb26f1e-5cfe-4f2d-8deb-7029aa22ae7a,100,1,1,1,8,16
c3df1bd4-f80d-456a-9d2b-c519843a036e,50,1,1,1,16,64
ba1aebbf-c3fd-4aba-a2c0-4ea50f3d6b7b,50,1,1,0,1,2
79171cec-329e-4575-a20b-458e8f7d498c,150,1,0,0,4,8
879f13e9-7c45-4857-8bba-063521369a53,50,1,1,0,4,8
d854f87a-81a8-4e3b-b9f3-086f2ae8b651,10,1,0,0,2,4
ffe15bf2-0981-4e14-9a61-588b47a87ae8,50,1,1,0,1,2
41babaf7-399f-45e0-a3e0-a9889a8df497,50,1,1,0,4,8
e3f8ce2c-60b1-4b98-a21e-c450360d7a2b,50,1,1,0,8,32
e4506f2f-2bb7-456d-9562-12682f6cbfdb,50,1,1,0,1,2
4a1abdee-8f53-40e4-9998-8651b8684b9d,50,1,1,0,1,2
18928b6e-72fa-48b8-8cba-b2658375b15a,10,1,0,0,2,4
9045d348-8f5f-4226-9729-d58affe50941,50,1,1,0,1,2
a29bea14-31ac-4eb5-a5c0-fab9d3a3f553,50,1,1,0,1,2
c1e81822-7958-4725-a475-a01fd375b1dd,50,1,1,1,16,32
9743620a-13aa-44f0-a69f-85c223066248,50,1,1,1,8,16
59bbf5db-8f19-4532-a7ac-979af6a3c3f5,50,1,1,0,1,2
8e1dd0a6-9eb9-4a7e-be58-eb8092d9121a,50,1,1,0,1,1
1fdc94d8-e6cc-4058-91af-430e4c757335,50,1,1,0,1,2
0097a531-6eeb-4206-94c2-710470bc25df,100,1,0,0,1,2
5ff1b5a4-e1a9-418c-ae83-373300be58d8,30,1,1,0,2,4
25f870cc-77c8-491c-9c55-462671d8aa53,50,1,1,0,1,2
4dd67d06-e3d5-4dc2-b91f-db59263f94f4,50,1,1,0,1,2
e0272ff5-41cb-4e44-ada3-4d26ea9ad3ad,50,1,1,0,1,2
a32b9955-b8fa-4f0d-a5ff-2511789eb417,50,1,1,0,1,2
55419726-3ffb-4b60-bdfe-e8c82556f8e2,50,1,1,0,1,2
1f93d91e-a2a2-40da-9357-a3c556f17ac9,50,1,1,0,1,2
36327543-c21e-4d8e-9731-dbea37ee6947,100,1,1,1,8,32
ddac19ca-8030-4d95-837c-3cb0883938e1,50,1,1,0,1,2
44d13d23-876e-4068-aa59-15015dde0361,50,1,1,0,1,2
8c422ac3-9829-417f-8b7b-24a88d4d702c,50,1,1,0,1,2
3ce183e8-1da9-427a-9f20-2d87b47fd3ad,50,1,1,0,1,2
577d5c1a-57a2-4f25-91a1-f3aecdabb102,50,1,1,0,1,2
47ddfa72-3922-4f00-8b6e-4a1b69b67a40,50,1,1,0,1,2
5adb77d1-e51e-4244-87f2-4d7deff9f33c,50,1,1,0,16,64
8e6d87d9-b730-454c-a1bf-c366cb13e9df,50,1,1,0,1,2
285d958d-4d90-40f3-b5ba-e0fde1a97c0e,50,1,1,0,1,2
ae57f234-7251-47c5-a7d7-2a284169e982,50,1,1,0,1,2
ca3f1223-1dc1-4107-9422-9a1a96f0c110,50,1,1,0,1,2
0810edbb-bc7f-449f-94d0-76a243b5eb1a,50,1,1,0,1,2
005d6b3d-3686-4dcf-8596-e7dd6b3addbc,50,1,1,0,1,2
82b4e734-2db9-4398-9a70-ee1a151b41f9,50,1,1,0,1,2
1571f05c-046d-4727-9113-20caf95937c9,50,1,1,0,1,2
28a15131-71a3-4e73-8ab3-0e1031595f0c,50,1,1,0,1,2
716df1eb-a2b2-4f0e-9457-6ce26e26f10c,100,1,1,1,8,16
5594abaa-8c16-435c-9477-f7668114d262,50,1,1,0,1,2
40e8a166-eda2-490d-8850-4fb19772db72,50,1,1,0,1,2
b78700b6-d8f0-4d4d-828d-4452bfc79cbf,100,1,1,0,2,4
d82a8985-5b23-4b70-bb80-1901bad4a18f,50,1,1,1,4,8
cf4fe417-dc82-4f28-bc25-bddce2d97286,200,1,0,1,32,128
0c3f53c3-d101-4ad0-b602-59a5dae24c21,200,1,0,1,32,128
fa516ba2-e6df-4c21-9949-e50db039bc71,50,1,1,0,1,2
e8c24e5b-a00b-4c7d-8162-9f3619e9e46b,50,1,1,0,2,8
0f62c334-e0e9-4c90-84e0-bc8224dddb69,50,1,1,0,8,32
a4a0d179-2e79-4df7-a490-bb9d0ef342c0,50,1,1,0,1,2
d5c600da-4597-4355-a2e2-85017f374b98,50,1,1,0,1,2
fe56ac3d-3d71-416a-af3b-7fa448a8079b,50,1,1,0,1,2
f94523fd-9885-481a-aa3a-f8af5a528166,50,1,1,0,1,2
fd9cc015-ac1f-4b07-a113-6d47bd3302bd,50,1,1,0,4,8
35ceb3af-1299-4c01-996d-98f0c8885de0,50,1,1,0,2,8
6907e4a2-4f53-4f62-94bc-af624c680bc7,50,1,1,1,4,16
f9858a1d-df7b-40ec-8751-7bf1208b2abb,30,1,1,0,2,4
e5f73c82-90fe-4eb8-b2c5-45ae571f5f9a,10,1,0,0,2,4
a00ad242-50df-43d3-986c-7d2369bd29d2,50,1,1,0,1,2
821cc8f8-3fef-4633-81b0-5ff32c591699,50,1,1,0,1,2
7d55fec1-7a04-4ac3-8d3b-ec03ba4b1a6e,50,1,1,0,1,2
f081420a-f5b6-4afa-899a-636880697618,50,1,1,0,1,2
dbab8b30-a226-4c93-b882-6d91982841f1,10,1,0,0,2,4
63351a65-3ddf-4d39-9283-5095e38c03b8,50,1,1,0,1,2
cfe6cc93-5e3f-4269-a8ab-a8055034e554,50,1,1,0,1,2
25cd3442-756f-4b4a-80df-60d72c15609d,50,1,1,0,2,4
814fe910-e3b3-4f7b-8148-7b90ee36f354,50,1,1,0,1,2
fb070f92-7e36-48a3-9524-2341fc634c98,50,1,1,0,1,2
9a870491-6752-4975-aaab-68816309e46c,50,1,1,0,1,2
b1447ccd-2d53-4095-ab26-314e77ee9284,100,1,0,1,8,16
05fd1899-0e09-4bb1-982c-6af0e7b55d7b,30,1,1,0,2,4
4155a207-e1ba-41bf-a9e3-1e32d59cdc72,50,1,1,0,1,2
5866d9cd-ac04-4e77-83fb-0d804c9ffef3,10,1,0,0,2,4
009ae708-367d-494c-92d9-eeb4b3cefd34,50,1,1,0,1,2
62bbe12a-a694-4e91-a69b-2e44e9980872,200,1,0,1,32,128
01029904-7de0-447c-be8e-019adaccd8f5,50,1,1,0,1,2
fc85e168-0df3-43b3-a733-2aa55d45392b,50,1,1,0,1,2
0892404c-9b11-41c0-b091-9d32c233de83,50,1,1,0,4,8
818e0ed0-d57d-4881-9395-29b931f6a768,50,1,1,0,1,2
14676755-6794-4e8d-9a6a-0c5bfc2ceeb8,10,1,0,0,2,4
898e02fd-3dea-42ba-86a2-d64d07c4c7a3,100,1,1,0,8,16
f85c3821-49dd-4a9d-b7b9-51434876286c,100,1,1,0,8,16
15bcf71d-4149-40c5-ba6e-7764f3834c2a,50,1,1,0,1,2
f5363903-af12-4a56-9d6d-3bf7b135e1a4,10,1,0,0,2,4
9ff1d772-970f-4ac1-afdf-2ea76edad077,10,1,0,0,2,4
2a392190-0159-4753-a992-42e50bf210b1,30,1,1,0,2,4
c157ca88-dfb8-4198-9918-2eddfee0a3fa,100,1,1,0,2,4
4c148534-dae0-4dd8-95de-b7cf8039a7a3,30,1,1,0,2,4
3def90b3-a612-43d0-87ac-f72eb37a57f9,50,1,1,0,1,2
7bc9d677-7975-4ca4-be66-17deea01277a,30,1,1,0,2,4
9b2928a8-857d-4285-8815-bb9d2bfb4bb9,30,1,1,0,2,4
7997af4f-1405-47ad-be2a-5402f6d17f30,50,1,1,0,1,2
e0903d30-488d-4b0f-a0ca-0599c8d65774,30,1,1,0,2,4
9ebd775f-7db0-4f4e-94d5-254f31b68560,30,1,1,0,2,4
9ebd775f-7db0-4f4e-94d5-254f31b68560,30,1,1,0,2,4
dff8e3e1-077e-4820-b246-a2cf9df21bf3,50,1,1,0,1,2
ae8a85b8-3243-45e3-b770-6103066e83a9,10,1,0,0,2,4
bb541e93-9211-42d9-a60c-17c8d5643a7f,30,1,1,0,2,4
c039edad-99b6-4d7d-a477-c12a04ff6838,30,1,1,0,2,4
ca75e4a2-99aa-4af7-9ace-e1f740bde5f1,100,1,1,1,8,32
29f3bc18-2411-446c-add4-6c44256f3ec2,50,1,1,0,1,2
98104e57-ab07-4af4-90d0-fdc25a53a911,50,1,1,0,1,2
24f6a558-9d77-45b1-aa88-a66f2eb8a9ba,50,1,1,0,1,2
18e575ca-0782-4e6e-8c2d-10e16c674876,50,1,1,0,1,2
8c883e54-d48d-4053-a0a9-098ff2e3e842,50,1,1,0,1,2
c09ec926-929f-4481-8c81-db7b1a431bab,50,1,1,0,1,2
cc6b1a43-473a-4310-aa69-8cce3a3299ab,10,1,0,0,2,4
8d3b2070-6ff0-44ec-bd57-f296885d024b,10,1,0,0,2,4
0199ee04-dfbb-4349-a65e-eb2fc549cb86,10,1,0,0,2,4
5d4ffe90-74c7-4c22-83e8-ea66ed2a261d,10,1,0,0,2,4
a89ba10c-24d1-4be9-b225-237ea8e061ae,10,1,0,0,2,4
ac2fa119-91d4-4733-8b7a-6e41a068b05d,10,1,0,0,2,4
d9735cd4-488f-454d-912e-295a51d10891,50,1,1,0,2,4
e40ad451-0e7a-468a-a6df-37b2e587af56,10,1,0,0,2,4
4249a065-07c9-4fdb-8c30-26eb3ac57f2b,50,1,1,0,1,2
315f95a7-f05b-4d14-aa59-2567a7612617,30,1,1,0,2,4
90de283b-1454-48bf-a1bc-4228985a9894,30,1,1,0,2,4
d2060779-3b4f-436a-82c3-9cfefca3b44c,10,1,0,0,2,4
fb841214-5099-4961-9336-2a89634c1952,10,1,0,0,2,4
831b2140-7e16-409d-bf05-8b3e29ff3d46,30,1,1,0,2,4
f8117ffc-ace6-49b3-8063-94cd7b063da2,100,1,0,1,64,256
33691752-3179-4bbb-b0a3-1ea35ea62d79,30,1,1,0,2,4
46211481-f6dd-4d31-b428-b2d5ea98a151,30,1,1,0,2,4
aa518da3-6f30-4164-ae16-db6cab0d79af,10,1,0,0,2,4
a371b4a5-ade0-4943-a176-e3d648f550f7,10,1,0,0,2,4
8484b3ac-4171-437a-99a4-c2e8da26cb24,10,1,0,0,2,4
779a182c-ee8d-4a74-96ef-6a63049cd659,10,1,0,0,2,4
a0190e71-54c0-4453-8c4e-c0d00e627d18,30,1,1,0,2,4
f5098508-9cdf-45c7-922c-c96d2444fb0c,30,1,1,0,2,4
58eea473-c0e1-4dad-8211-06a15d2292ea,10,1,0,0,2,4
f51b1d51-9b83-49aa-9bdc-adc7512dc742,10,1,0,0,2,4
cf1e9ebc-6c94-4970-951d-611e8932216e,30,1,1,0,2,4
a4e48c72-e77c-4b6b-9777-c399918c8ef1,10,1,0,0,2,4
ea979da6-ff6e-421d-95aa-061919f1e060,10,1,0,0,2,4
b32a1f08-0040-4de5-a96f-c79f7c03d531,50,1,1,0,1,2
a19e4b9e-ab9b-4ef1-b685-4fa6f7568167,50,1,1,0,1,2
1ec05df5-6907-4dd0-afad-5826db32b58d,50,1,1,0,1,2
2d4998ef-680f-402d-a80c-f2232af85226,50,1,1,0,1,2
6bd5ab5b-f5a3-4622-a8b1-e04f855f33ef,50,1,1,0,1,2
ca40d17f-2fe7-4301-a9e3-094019119b8d,150,1,0,0,4,8
3f2c4971-b642-4d7b-a7a0-963ac4758578,50,1,1,0,1,2
73f629d3-ef40-4ac1-8c38-0a446d836fb0,50,1,1,0,2,4
06834d33-5c12-4fd3-b807-ba241623a3bb,50,1,1,0,1,2
914c6fd6-f8c3-4163-be5e-feed753e2fc3,50,1,1,0,1,2
55048c28-be61-4980-97e7-1d1f89ee957f,50,1,1,0,1,2
eff6d029-0588-47d1-a4a5-910b286740d8,50,1,1,0,1,2
9625b5f0-694c-4e82-a320-0e269a585a20,50,1,1,0,1,2
8b0a82c8-bcc2-4205-8875-f3b754c25938,50,1,1,0,1,2
bbadec6e-5a77-4152-aac1-0374fec909a7,50,1,1,0,1,2
6bc431e8-8c1c-4e51-83fc-f8cc54c7b7fa,30,1,1,0,2,4
8ed65cc8-94a0-4fae-946a-1d28e214ade4,10,1,0,0,2,4
929472de-1474-4764-966c-306912626628,300,1,0,1,32,256
0d72162c-ed61-478f-be5b-a37f33a56a41,200,1,0,1,32,256
4ff15c74-93d0-44dc-ba38-ec898d44c5ac,10,1,0,0,2,4
64e9850d-441a-46f5-9edc-a2fedc5aeecc,30,1,1,0,2,4
492f2676-b181-40b0-a4ab-2eeebfa8c47f,50,1,1,0,1,2
562bae3f-21b8-4f66-9a8b-55bbc3ec9539,50,1,1,0,4,8
7af7c8a7-2465-4d17-b2c9-ee7a8568aacd,50,1,1,0,1,2
78776aa0-1852-4769-b241-906dfc57f2cb,100,1,0,1,32,64
8e6e08bd-593b-42f2-b371-4bda89f8d448,100,1,0,1,32,64
2a889839-4814-40de-b43f-a9928581f2b4,50,1,1,0,1,2
6bae5dcb-d031-4c9d-82f6-76eac23de2e9,50,1,1,0,1,2
1e13c9b3-4741-480a-84fe-ce80c6abbeec,500,1,0,1,4,16
a4c56f39-0065-4c96-b3bc-b4a658b6d1c6,50,1,1,0,1,2
e619ca6b-d4d5-472d-950a-3d19e70f7b5f,50,1,1,0,1,2
dd1c7b9f-01f6-429e-900d-a9c881742909,50,1,1,0,1,2
c52ef457-2c1a-4d63-9cb9-0b1340453040,50,1,1,0,1,2
f252e273-e8b3-4222-bb0f-ddbae1329cff,90,1,1,0,8,16
29611390-77be-4ead-8826-07984ac08274,50,1,1,0,1,2
8c9f43d2-c5d8-436b-b5c1-de3851d7d3dc,50,1,1,0,1,2
36cec772-0da5-4dfc-a2e3-2eb260750e26,90,1,1,0,16,32
2c36b661-db30-44d2-9b59-528dedc32594,50,1,1,0,1,2
12ebd17e-7c21-4c8e-86e5-e94e5446ab35,50,1,1,0,1,2
2b442cce-34cb-402f-8a44-b94af7887e6b,50,1,1,0,1,2
5a884bfc-4b69-4400-8609-b85e26cfebbd,50,1,1,0,1,2
99d5e26e-faf4-45db-8d68-6867aeb70efe,50,1,1,0,1,2
38d9ffb1-ccfc-4907-bb7b-d1704ad7bf9e,30,1,1,0,1,1
5c3b12ec-6d67-4f54-9a81-c8795665386d,10,1,0,0,2,4
c3ec7b3f-ba1a-4ca0-a649-e42bf073740e,30,1,1,0,2,4
1842925f-828d-418f-b5f4-fac5558fd25e,10,1,0,0,2,4
78269770-bf7f-4b80-9f01-1fc036347f80,50,1,1,0,1,2
fe521a55-d2b5-410f-be8b-bbe1fb2d5337,50,1,1,0,2,4
b9f57852-ac31-42ff-b8ba-c89c44337675,100,1,1,1,8,32
cb608d32-0c91-4237-bd5f-036429caaf1e,50,1,1,0,1,2
6442b41e-bda3-45fd-8edc-527c251c5056,50,1,1,0,1,2
327d0945-5209-4e08-a797-2ab90091e53b,50,1,1,0,1,2
2d57c50d-1e4b-4965-8a55-7b16730d5cfd,50,1,1,0,1,2
d8d0a7ca-1972-4cfa-8e44-472ad47abf08,100,1,1,1,8,16
6fb59541-d179-480f-adc0-e8f4726e54ff,100,1,1,1,32,128
c8f047f5-5a1f-434b-94d1-4ffe7a8f186a,50,1,1,0,1,2
3b62be8b-96e8-4e25-8831-8d4427474c15,50,1,1,0,1,2
01256c43-27d9-44e8-a066-d7549641c4c5,30,1,1,0,2,4
751aac66-e1f3-4085-9736-b02ba5fd457c,30,1,1,0,2,4
e06ae268-5884-4854-a43c-c385ff33e2e3,30,1,1,0,2,4
3b3aea79-6ac5-4533-885b-21496d14e933,30,1,1,0,2,4
bb8ff9b9-c046-4005-a290-3910050039eb,30,1,1,0,2,4
0d6b091c-3bda-4e54-b0d6-398aef72bc41,10,1,0,0,2,4
460e5234-0563-4534-ba0e-9444a4be2e3a,30,1,1,0,2,4
de8b4b42-b286-4ae6-8779-b70cdc87acb5,50,1,1,0,1,2
8ae22ebb-281f-493a-a427-54290b307205,500,1,0,1,180,464
e11ccece-1d99-46b6-9d40-d720a9602228,100,1,1,1,180,464
d5df7fcc-efa3-48a5-947e-6543fc1e3e71,500,1,0,1,180,464
9b98ded2-1898-4b9e-857f-2bbe6d3bda71,100,1,1,1,8,32
ce5061b1-0c12-415e-8e58-c8f06046684e,100,1,1,1,8,32
49037668-6e36-435a-bb9a-7a140ac9c4fc,50,1,1,1,8,32
a0fa1db7-8f24-4d8e-a7fe-aff36601caa0,30,1,1,0,2,4
64e69d15-50c1-4a82-84c4-2c7e8448fb08,10,1,0,0,2,4
3b4164b4-8a60-4195-9ee3-b7557c867ca6,30,1,1,0,2,4
74867849-dad9-4757-a2b2-f26163a28dcf,10,1,0,0,2,4
38a99d6c-16e4-4224-acec-dab2036ad996,50,1,1,0,1,2
5ca3fbe0-f545-4934-bba0-576ff99e1335,100,1,1,1,8,32
91205511-63ed-4cc2-a1ac-74fde840363d,50,1,1,0,1,2
f76004cd-bee8-4055-9fc0-7626d878a5a6,50,1,1,0,1,2
b69eceed-34ff-45b7-a94f-22ed9931df43,100,1,1,1,8,32
e6f2f01c-9214-4006-bf05-0443d1b7019b,50,1,1,0,1,2
012491e0-5b05-4d1e-8793-673244bb9d9a,30,1,1,0,2,4
1771c953-d9b3-4b53-b6b0-4e4aa7041ba6,50,1,1,0,1,2
6ee2b786-3a0e-4230-a1f7-63da0818c122,30,1,1,0,2,4
6ca3d9fa-8a16-4457-943b-1acc029d2229,30,1,1,0,2,4
b255a9af-5def-4c03-9c69-d38d9eea2a52,30,1,1,0,2,4
2610bd6a-1db1-483e-8223-fe0fd7657d32,10,1,0,0,2,4
83dea5cf-0851-4f72-b3ec-db9fab62cf92,10,1,0,0,2,4
c12f074e-84bd-4cb8-adeb-25319b1d01ec,10,1,0,0,2,4
c814c6d7-dc81-4369-8d4d-c7c8716bbb75,30,1,1,0,2,4
2ba7aacd-9452-44d5-94cc-3d74d0ac119f,10,1,0,0,2,4
92d8a706-0667-43bc-980a-a241d758d5ad,50,1,1,0,1,2
8e2a5331-3b36-46b1-934d-9d0dec3f8f10,10,1,0,0,2,4
2be9a91e-44f8-4838-ae11-f7877d8b312b,30,1,1,0,2,4
75ccc75c-70f2-4e5a-8823-a7be6391bfdf,10,1,0,0,2,4
5ee697a1-6006-4adf-a301-17c2ce7889cb,10,1,0,0,2,4
1a093ff3-9fcf-45f0-9adc-e997cec52483,10,1,0,0,2,4
179c5f85-3e4e-466c-8668-78fd83476434,10,1,0,0,2,4
1c85afe0-0b8d-442e-8879-d9cfe85cc567,30,1,1,0,2,4
77962e72-0c6d-47e2-86ce-1a541bd71716,30,1,1,0,2,4
785e39e9-768f-454c-9abf-b361c3ca72b8,50,1,1,0,1,2
aa3caa60-0768-4ac2-b223-b181ccb24dac,10,1,0,0,2,4
ea4d11c3-62c4-4354-9039-60ec6e19117c,30,1,1,0,2,4
4a820ed9-e643-446b-b589-e172284f7b0c,30,1,1,0,2,4
bd421f12-afc6-4204-9d39-4a10205218df,10,1,0,0,2,4
1b02ebde-5d96-4d3a-aa6b-3ab170d61ecf,10,1,0,0,2,4
c5fc9f1b-ec22-4262-8e3b-649433b8733e,30,1,1,0,2,4
71cd3bda-0ff8-469d-9120-003dd295e0c0,10,1,0,0,2,4
1877de4c-0360-4f4e-8748-ab83b93b37f6,10,1,0,0,2,4
9f3dfd19-7e36-45da-9fff-183066e77fad,10,1,0,0,2,4
dafe5acc-c642-4d4b-a135-c3c66946e11a,10,1,0,0,2,4
54e63b61-26b5-4726-b04b-40c333409a32,30,1,1,0,2,4
8fea5664-6dac-482f-8432-03116f84b8a3,30,1,1,0,2,4
a5ed8e40-10f6-4593-897d-0e19da29a0a9,10,1,0,0,2,4
5a239281-788a-4efa-8fa1-6f8404e6cbdf,30,1,1,0,2,4
31c9e67d-6bd3-45aa-b2b9-9eba1d65e1bb,50,1,1,0,1,2
4b808130-4746-4f5a-b194-5327ebb7ea2b,50,1,1,0,1,2
e7ae64e6-0335-4097-8877-b2fb3ba6fb98,100,1,1,1,32,64
c130737c-8e07-4501-8006-75bcaa7202c7,100,1,1,1,32,64
20e1deaa-d54f-465e-b614-1b8ad32c27df,50,1,1,0,1,2
78e86ecd-1623-4fb7-a825-48118c28b962,30,1,1,0,16,64
91a68ca8-5b7e-4941-8dad-3e42ed71a9a6,30,1,1,0,16,64
885d61e0-a51e-41ba-8e38-4fc85cbe1090,50,1,1,0,1,2
5f30a160-c173-4d47-ba9b-9ad5c18c6ba9,50,1,1,0,2,8
47f55c1f-b52f-4abc-800e-e85ea84799e3,50,1,1,0,1,2
7dafcf23-ccf9-4b22-bf51-13ef077d3c96,50,1,1,0,1,2
721754fe-7361-4e11-82a3-6723778b9af4,50,1,1,0,1,2
0efaff69-73f6-47ec-8c56-65f486693515,50,1,1,0,1,2
c847766b-7673-4a52-8ec1-4cc76875c74d,50,1,1,0,1,2
fddd6830-b6e0-4f1a-b9cb-d813ed279d13,50,1,1,0,1,2
bef84946-102d-4bfc-833b-0cbc6c189296,50,1,1,0,1,2
2f9ecd73-1130-4fc6-b3e1-2e08fa43bd90,50,1,1,0,1,2
fa42efa8-17ea-412b-ad6b-4bf365fc15bf,50,1,1,0,1,2
7f0b61b9-649d-4d8b-beca-bb75363750f7,50,1,1,0,1,2
05a88a36-4ef6-4ed9-8716-1882b5e850d2,50,1,1,0,1,2
2ecb1b5f-8a3a-4b5a-bf54-5f465b5e997e,50,1,1,0,1,2
865c61cc-6655-420f-92aa-8e3da514c2bd,50,1,1,0,1,2
98234375-4f83-4c6e-b61d-2a08dfc21ab6,50,1,1,0,2,4
5590c1d3-d822-42a2-84c7-701e0c550669,50,1,1,0,1,2
d33138a0-426d-4ff0-abcd-38c6c9302f14,50,1,1,0,1,2
e275b502-46f9-461d-aa33-349e5ddfdbad,50,1,1,0,1,2
e8f0515b-9088-4385-8e9c-5439cd0c8ca8,50,1,1,0,1,2
911e0874-9503-4856-922a-31cd88287ec3,50,1,1,0,1,2
7e16c3c3-4a1e-4f93-8195-bb482b335d3f,50,1,1,0,1,2
cb4d4047-6bc4-4cbb-84e5-c39ec9984c8e,50,1,1,0,1,2
178fd34d-8276-4f03-9ffb-a8e3403be51f,50,1,1,0,1,2
c2028d2c-6e9f-4cf2-805f-c41aae534050,50,1,1,0,1,2
00555ba3-c840-4f9f-89fb-bf6b50215d7f,10,1,0,0,2,4
57d3a708-d5ac-4e8b-b2d5-cb29a66c7b1b,30,1,1,0,2,4
c9d99a0f-8ee6-496c-8c2e-039a2ad80efa,30,1,1,0,2,4
f8ab705a-9e2f-46ff-b3e4-5e9ddeab8eb4,10,1,0,0,2,4
d0145862-f7f9-414c-9e53-b2653e11eb32,50,1,1,0,1,2
213d9c58-119f-4dc5-83e4-b82ebf4d2ac9,200,1,0,1,4,8
1840ba16-48c0-4965-9b7a-e1042424a28c,50,1,1,0,1,2
ebd9a147-478f-4f46-9603-1ad3fc6c5eb1,10,1,0,0,2,4
01ad7fac-eaa2-4006-b216-c58b4fac0ef9,30,1,1,0,2,4
a34206e5-4143-4edd-beb2-0e4964aa248d,10,1,0,0,2,4
fcdcd4de-8f99-491e-b3f4-05899b4df52a,10,1,0,0,2,4
c883d22b-2a31-4249-aa17-c50b94898754,10,1,0,0,2,4
e1898797-fe39-4cf9-9194-8ad33ca0fed4,50,1,1,0,1,2
3a43d3de-a0bd-452e-be25-9961b0052de5,50,1,1,0,1,2
d858b296-c3ad-4fa4-a98b-57bd87a6a2aa,50,1,1,0,1,2
290f1a77-0efe-4b8e-99be-314185bc8d7b,50,1,1,0,1,2
b436e2ce-39fc-4587-8b90-5eb07224d4e4,50,1,1,0,1,2
b0198f8a-fb51-49be-bc92-4c16418f8304,50,1,1,0,1,1
66633a7e-4f49-451c-b00e-610f2cea9f37,50,1,1,0,1,2
95154f9b-3249-4396-ac18-7f65435a5b92,100,1,0,1,64,128
9938e648-6657-4d3a-8b6b-5250fc4af2d8,50,1,1,1,1,1
42690768-7042-4356-a9aa-c22d977885aa,50,1,1,0,1,2
d0e169cc-6d9b-424c-999e-0ffa03b90fa6,30,1,1,0,2,4
eeec339c-d02b-49b6-94eb-b24db5629951,10,1,0,0,2,4
36861c5f-9a92-4619-9d09-32fdcbaee561,50,1,1,0,1,2
af0efb1f-b005-45d4-a897-940e6f478bac,10,1,0,0,2,4
180d3469-67ce-46cd-964a-f7c5fb44ec56,50,1,1,0,1,2
9103a91b-b12a-493a-81a3-ca458c4d5593,50,1,1,0,1,2
1fbbfd52-a221-4070-a483-9d65e17c292e,50,1,1,0,1,2
b3335715-64b2-4383-b06a-ce6d788ade3a,50,1,1,0,2,4
fcb46699-073c-46ad-b2c3-294ca20b6193,50,1,1,0,1,2
c116e37c-e7a3-4a4a-a551-243e7d616a72,50,1,1,0,1,2
166bb2f6-27e8-481b-a095-afc6cce02147,100,1,0,1,64,256
1dd3691b-a61d-4899-b1b5-cfc53d2656c6,100,1,0,1,84,256
0da34c0e-1482-4d5a-a684-1afccbec593c,100,1,0,1,64,128
065ebe84-93bf-478c-86f1-2fbe8a487214,100,1,0,1,84,256
05519de0-fbeb-4c6c-b79e-65504ae0835a,100,1,0,1,64,128
1326e30e-f773-47e8-a646-387aa8142680,100,1,0,1,64,128
d82f23ba-b259-42a6-a3bc-49ec91469189,30,1,1,0,2,4
db6d9cf9-070e-4047-955f-ca8a920d31cd,10,1,0,0,2,4
625c4dd1-e0b8-49ff-a543-f24245ac9412,10,1,0,0,2,4
1dce4818-e09b-4a73-aa95-29a067da609a,50,1,1,0,1,2
d4d31f1a-79d8-4e13-9711-015adf912f83,50,1,1,0,1,2
69f8d411-e057-49b4-9928-2af39f3b3fcd,10,1,0,0,2,4
715fda6d-3dc7-466b-903a-e146b2fcf4ac,10,1,0,0,2,4
ffde124e-e9e4-4f6d-972a-bfaf9c4aa596,200,1,0,0,4,8
05d23164-25ea-4e81-a26d-81d2eb3c8289,50,1,1,0,4,8
c626e898-1cd5-4efa-85c3-7c6558974ec9,50,1,1,0,1,2
658cebfd-f850-46f2-9c68-af0c9a8610c2,50,1,1,0,1,2
b005656a-aed5-4b2c-bf98-04dfed95290a,30,1,1,0,2,4
55f6e890-ef4b-413f-a4a7-f29e3437986e,30,1,1,0,2,4
bbb17873-31f4-42e1-9a47-af0712a8881e,30,1,1,0,2,4
502193f7-35a6-450c-8c89-3d00624dbc6d,30,1,1,0,2,4
b58a15ce-186b-4e19-810a-71bd8be53d0e,10,1,0,0,2,4
3a72c8d0-6233-442a-a8ba-d23e441a5040,30,1,1,0,2,4
424ab226-e0f1-40ea-8ba8-2dd5fc35c8c7,50,1,1,0,1,2
accf305c-4c9b-406e-aa2b-eeaca0fa6445,30,1,1,0,2,4
254cb9b6-abd7-4744-a000-11f52a3ee8e0,30,1,1,0,2,4
10c0b75c-bdd4-4ad2-8ef8-34b017e0990a,10,1,0,0,2,4
f5d4dd44-b410-41d3-b2e4-c5e4f4600845,30,1,1,0,2,4
5a42c4f8-51bc-465f-8802-9fbe21449892,50,1,1,1,8,40
2a3f09d9-0925-4fbe-943d-11e5c73ea16e,30,1,1,0,2,4
df39dbd2-d80c-49e2-a9dc-c62b125acf2a,30,1,1,0,2,4
3b467e48-58b4-41c7-887d-eaa662cb3205,100,1,0,1,64,256
ba3f9486-60b9-4c77-b5eb-6e36258fb362,50,1,1,0,1,2
9d8cf4fc-c240-4fca-9251-774a48b916be,50,1,1,0,1,2
9933ef3d-4ae9-486e-b703-39d603753b8a,50,1,1,0,1,2
54d430f2-6ed0-4f3a-964f-85023b98c863,100,1,0,1,64,128
3cc188b5-24b9-431f-ac28-62585ee855ad,100,1,0,1,64,128
23d437f9-86a2-4f4d-9482-6fa1d5d60d4e,100,1,0,1,64,128
988f0a93-999c-4789-8646-467ee2fcca02,50,1,1,0,1,2
3d6e915a-490d-40e5-a967-3977c317d5d8,50,1,1,0,1,2
1762db2a-ae4a-411b-8ab4-16cace9c2f20,50,1,1,0,1,2
089737f6-9971-46ab-a790-39ca46873aa9,10,1,0,0,2,4
f5fd1ca3-124b-400c-8534-1eb6178087b4,50,1,1,0,1,2
a1a48129-341b-469d-a316-da6096a0e578,50,1,1,0,1,2
b90bcc58-cb5b-42e0-9955-3a8ef4bcb095,100,1,0,0,2,4
d60106bb-a63d-435e-bf74-35022002ddac,50,1,1,0,1,2
fed7b47e-5431-4bfb-bc51-c63f4478dfff,50,1,1,0,1,2
ad3cd327-affe-41e4-b955-42c4113a4bd6,50,1,1,0,1,2
f4571188-d63e-47a3-aeaa-6a5679ddd6c7,500,1,0,1,180,464
f5a62ca3-c059-41ce-8b3e-19046a7e23fe,50,1,1,0,1,2
5041e4ac-0584-4752-b3bf-fdd9bd8bb594,10,1,0,0,2,4
2b0e4037-b3d9-4edf-afeb-4302f59f4c85,50,1,1,0,1,2
c2ab24b5-1505-412f-be68-b1133bf593be,30,1,1,0,2,4
6386a8ae-42a7-48c5-98e4-a2522227d78c,50,1,1,0,1,2
976073ae-b28c-42dc-942f-c123c088c06f,30,1,1,0,2,4
1344b368-8afe-4f7c-8fe4-ddff19dc5aad,30,1,1,0,2,4
bfde9422-0a3d-4b36-8208-95018f4e21ff,50,1,1,0,1,2
0cc16e22-c152-443e-9337-925ff7ea377b,108,1,1,0,4,16
69835542-2a0d-48bf-9a0f-183ad4ec89cb,50,1,1,0,2,4
a3234d8c-393e-4e0a-89f2-e657dab593a4,10,1,0,0,2,4
24f8b678-0524-4836-92f7-6c703cf361af,10,1,0,0,2,4
39b71102-c568-435f-a87a-d0286d52907b,50,1,1,0,1,2
b79d4858-e4f7-4db0-a972-e6f79afaa548,50,1,1,0,1,2
837a6e04-128a-4e9b-9bb3-68708001941c,50,1,1,1,1,2
56af0509-a4ca-4912-976a-57a8aa1a6f4b,50,1,1,0,4,8
e460b67a-ebc6-465b-9fbb-1d25664823b9,50,1,1,0,2,4
90644359-a665-40b8-a6bc-d364903ef09c,50,1,1,0,1,2
4cad987b-73b1-4b63-b6f9-143a59af7ab6,50,1,1,0,1,2
4d288bde-dffa-453a-af02-5ce74352fce3,50,1,1,0,1,2
6a3d8c00-4603-4f61-a4cc-3edc70dfea7a,50,1,1,0,1,2
38867abc-24cb-4e32-b929-56828621d154,50,1,1,0,1,2
7a60a0eb-2cb5-4205-af34-7f3ba0c055c7,50,1,1,0,1,2
10031947-8232-4226-91ca-086b30f28f8e,50,1,1,0,1,2
115e317d-83ee-4fe2-9c1a-cc1ac69c2195,200,1,0,1,32,128
0b57ebf3-c139-4dc4-a5b0-628899b75a3e,100,1,0,1,32,64
241ace1d-30f6-4759-a35a-239f0f259f80,1000,1,0,1,4,8
117696bd-e915-4c22-8674-1362b5beba54,500,1,0,1,32,64
18d4436a-119d-45a9-9abd-81f017c55f11,500,1,0,1,32,64
0819c616-ae1f-4bdc-89a1-53731a97ce76,500,1,0,1,32,64
0d0def12-7b83-4a3e-a104-cf11ef960a52,200,1,0,1,180,464
25686e44-2f64-460f-b784-27ba07749200,100,1,0,1,180,464
5758d31f-ef79-40c6-bfdb-c87cc39d3725,500,1,0,1,180,464
44f70c12-6acb-4462-9298-3d0e10a91164,200,1,0,1,180,464
23bfae61-fa6d-4427-b3a2-6ce94121bc66,500,1,0,1,180,464
08d3d8a1-96dc-4542-a25a-5054ffb383d9,100,1,0,1,180,464
09e16945-bdd7-4661-8868-de5889eb657f,500,1,0,1,180,464
1bbbd6e0-2880-4f62-999a-04f017c85090,500,1,0,1,180,464
294c382b-6603-4fe8-a1c5-3bcd81207a95,500,1,0,1,180,464
2c4e68cf-6596-4e1d-b296-3ad8affe0b08,200,1,0,1,32,256
306b8615-a6e7-4fdc-8800-8002293ba067,500,1,0,1,180,464
339a1bf5-ca83-41ce-b29e-fb4fde388782,500,1,0,1,180,464
3116a276-a8bc-4b15-a1d6-113e3580a0ad,200,1,0,1,32,128
6eb4668b-19c4-4559-b944-238375dc3ece,200,1,0,1,180,464
263435bc-496b-4cd6-9635-1900c5d8372b,200,1,0,1,32,256
eb7eff3e-3685-4b95-a6b9-5ee395035868,500,1,0,1,180,464
a3048434-4194-4eb7-807c-d132a3f27f9e,100,1,1,1,180,464
8be5d733-2a30-42a1-b385-40c714d19726,100,1,1,1,180,464
9bb0a987-e0c6-4270-9dac-abb3b52562a9,100,1,1,1,180,464
21c1d422-78c6-47db-a78a-31bc02d881d7,500,1,0,1,180,464
d6df2060-d827-4108-9f95-fed29654b55e,200,1,0,0,4,8
5245f3cd-940a-411b-93a2-7c0f40c2d95c,50,1,1,0,1,2
e92d1f90-f17f-41cc-9395-087686f0180c,50,1,1,0,1,2
4bd8f982-d3e7-4b0e-84f3-402f0fd75de7,10,1,0,0,2,4
115d184f-6d3d-478d-883f-67e7a1c4c273,50,1,1,0,1,2
5293ce39-0d65-41ea-acee-f588c94bbc5f,50,1,1,0,1,2
cd8e7a21-bff9-4fdf-999d-df4e5a1487cd,50,1,1,0,1,2
cd412a21-72b8-40c2-a971-d34e8ecd2c4a,10,1,0,0,2,4
a44ea506-6777-4dbd-bc39-81e101eb0875,30,1,1,0,2,4
f2fd40ec-534b-4ea8-adf7-692ec5613283,10,1,0,0,2,4
d7d26aa4-0ed5-4b85-9e62-de0a1189d5d0,10,1,0,0,2,4
a9bc425b-aa5a-4b7c-91d4-37bc4234ae43,50,1,1,0,1,2
b40eb1e7-8a75-4e9f-946e-230c47ce9052,10,1,0,0,2,4
3d8b9ef2-6d14-49c8-b34f-12ed8fcabdaa,10,1,0,0,2,4
3ce99fa1-e062-4e88-ab0e-ff8f6183b8a4,30,1,1,0,2,4
842fd1b2-9bbe-4cec-9fd7-1c34a3672e7a,50,1,1,0,1,2
daf9dc34-a2c3-4704-8262-e6c96151c118,10,1,0,0,2,4
97539a92-188c-4c15-8fd5-1c5b5833b019,50,1,1,0,1,2
e5d16d3c-4561-4daa-955b-c04de7125a7b,100,1,1,1,180,464
fa2d15de-be7b-4f8a-844e-1e744703992a,100,1,1,1,180,464
c73d60b2-0213-42a3-8525-83bdbd02c746,30,1,1,0,2,4
9d8bceb1-aaa4-4c19-989e-621984cc72c3,20,1,0,0,1,2
a3c051c3-8592-4a5e-92fa-e0776fe6ff4e,50,1,1,0,1,2
3cf316b2-a74e-4606-b8d9-228885bbd616,30,1,1,0,2,4
aca2cf1a-7e27-4676-860e-3dc55617dbfc,50,1,1,0,2,8
2cd31e0a-1e57-4a34-8000-dc6afddfcabd,50,1,1,0,2,4
90ccd3ba-d2d8-49dc-828a-299526a3f7c5,500,1,0,1,180,464
87c7f1e8-7263-4b6f-969f-f82b33c011f3,50,1,1,0,1,2
e6512810-214e-4a4f-8d90-81b851f11df0,50,1,1,0,1,2
1ec37480-3797-438e-87f2-0c00a05d73f4,50,1,1,0,2,4
d8da9cb2-4dfc-4b89-b471-81da35aa930f,50,1,1,0,1,2
97ecc113-7bb6-419f-895c-eecef91768c5,50,1,1,0,4,8
7aeac9cc-a8f1-4b3c-bb84-8afb595e252b,50,1,1,0,2,4
48c6669f-84f8-4e6f-ac6e-146e1e2dfe48,50,1,1,0,1,2
cff1faba-8170-46a9-af4f-3cca78ec2c36,50,1,1,0,1,2
8ac223fa-aa7e-46f1-93f2-40faeb66aaf5,50,1,1,0,1,2
0255346d-0f46-4e5a-abb3-f5c4878a09e7,100,1,1,1,8,64
707a487f-3540-463b-ae50-91ddfd9369ce,50,1,1,0,1,2
9c5a2388-b602-44b5-b120-1548aa9e682a,50,1,1,0,1,2
029c05fa-70c8-4d29-bd43-b5cd2dca2ae7,50,1,1,0,1,2
cc364d6b-16c9-410f-874f-7b4624674e2e,50,1,1,0,1,2
2cee5dfe-33c4-4a39-a3f1-23deb51f54e4,100,1,1,1,8,64
933f35b0-5398-4313-8c22-76f6126ec283,50,1,1,0,1,2
155b0491-eafa-4fb6-bbac-8e0e22cec35f,50,1,1,0,1,2
97af3099-4b53-4f0d-9a26-e70da43faa9f,10,1,0,0,2,4
f383011e-6377-4c01-a5bd-8be01287c8b5,100,1,1,1,180,464
e77df65e-397d-463e-9989-dd2bf391d495,100,1,1,1,180,464
2f28b007-798b-44c3-9bde-5e5df04836f5,100,1,1,1,180,464
848b26f7-663d-4973-a856-43d6a5818a5a,100,1,1,1,180,464
d7d8b524-3228-42cb-adce-bdd5e4fee0ac,100,1,1,1,180,464
af67c641-287e-4053-a1d5-fb4dec096204,500,1,0,1,180,464
39ebb4ce-9d04-488b-84d7-306abf005c63,10,1,0,0,2,4
eb6e7c78-dc3c-419f-b1f8-78c9f6e32167,200,1,0,0,48,96
21413534-ba04-4e65-8ae6-2e5d1e63f18b,50,1,1,0,1,2
f4cafeae-69f6-4a40-b285-e55c7e7ea35a,100,1,1,1,8,64
eda15ee7-305b-44fe-a7aa-1caab8b86a99,50,1,1,0,1,2
5cbcc441-1adc-4460-aa93-78e690d56a4b,50,1,1,0,1,2
921c1d49-9ea1-42c7-b6e7-724febd1c7c8,50,1,1,0,1,2
3b39e371-bdeb-4f3a-92f7-bd060f1e9a55,50,1,1,0,1,2
e6135c6d-b581-4b26-a7f4-179d6d606f32,50,1,1,0,1,2
243d612a-84d8-4d7a-b85f-eaa22f388669,50,1,1,0,1,2
8bde4f7c-cc78-4662-ac3e-c7bd246d414a,100,1,1,1,180,464
3528526a-9020-4d18-9abd-0ba6514c31ff,100,1,1,1,180,464
f444014b-7a03-47c8-a2d8-85d9abc2aa3d,100,1,1,1,180,464
6c070655-6553-44f1-944f-bea4f231e775,100,1,1,0,16,32
ed8d388b-0002-4ef6-9e1b-3456f86e2e27,100,1,1,0,16,32
3707254e-5d9c-4331-b1bc-27be0fc33078,50,1,1,1,8,32
c83bda0f-ceed-4e80-a391-94620214ae5d,50,1,1,0,1,2
e0736e19-912e-45c5-9e59-df0b2887aaea,50,1,1,0,1,2
2dbd4517-38e1-4e28-824f-ac7a6b9e20c3,50,1,1,0,1,2
a027f2fc-bd28-4165-b88b-401a0788eb43,50,1,1,0,1,2
19d6aa4e-725c-41b5-89c5-22ac14845ce3,50,1,1,0,1,2
8c0849f3-1d39-43be-a5bb-12341de2b736,50,1,1,0,1,2
e6a4deec-4c81-478d-bb9a-29c7567d480a,50,1,1,0,1,2
f9b1a897-9fd6-4729-983c-48f83ebcfd38,50,1,1,0,1,2
6eab985d-3c7c-4a7b-8255-65970d9edb5e,75,1,1,0,1,2
eed0e02d-560a-4a11-a13f-655ea48350f3,50,1,1,0,2,4
966b3585-cb28-414d-a80a-aae27e82b58f,10,1,0,0,2,4
61cef683-fb9d-4ffe-a09f-1ae36d39772f,50,1,1,0,1,2
ca9025c4-af40-41fd-ba4e-10e17e548229,10,1,0,0,2,4
62756d82-9ff6-4a26-be67-c482198c993e,100,1,0,0,4,8
45a2ac9e-8a23-48cd-a0d5-c519da8d041b,10,1,0,0,2,4
9858fa66-68e6-44b6-8555-23d90c5bbc6c,50,1,1,0,1,2
357d7ec8-00d9-4221-85cc-b418d10b6987,50,1,1,0,1,2
b2aa884c-56fc-4a64-94b2-a7fad90617cc,30,1,1,0,2,4
690c54cd-94d4-4ced-a0fb-87f788415320,200,1,0,0,1,2
c6044d7a-acd8-47a8-9a7c-57f885638a41,500,1,1,1,8,32
96ac19d3-aaf0-45df-b8cc-bb36f33d40e1,50,1,1,0,1,2
c2d69557-fbff-4268-a4ad-c335a376614a,200,1,0,0,4,8
a37d54f9-b032-4032-a31e-80b425091470,50,1,1,0,1,2
11f7a51a-0659-49c0-a3a2-964e41522b83,50,1,1,0,2,4
34b1c63c-dcfd-44db-b45d-ac9e2c1d5aa4,50,1,1,0,1,2
e377a3c2-7ee0-475d-9f98-83de04bb48e0,50,1,1,0,1,2
eea18bd7-a137-403a-810b-c145c2ad0aa2,50,1,1,0,1,2
e3525a4b-4027-4b46-834b-85bf668a4b11,50,1,1,0,1,2
a4cc4926-ce08-4907-9df6-6f52c16abf96,30,1,1,0,2,4
aa773ccc-0277-4d57-9dbd-8320e33f957e,10,1,0,0,2,4
86d05af7-d36e-4322-ad47-ca89d5b2c689,300,1,1,1,8,32
ac029e8a-474e-471a-99a6-8531ad756d26,500,1,0,1,180,464
5de1897c-0ef4-4675-ae60-5d682b86df4e,50,1,1,0,1,2
37faf8be-c406-4626-9b5f-9f9df529e050,500,1,0,1,180,464
f8c0f463-7f4e-48da-899f-d9cd2f57b8a2,500,1,0,1,180,464
6e32aa51-e964-46bf-bdcf-bb840028a9c1,50,1,1,0,1,2
a7c2f987-738d-4c7a-8f22-38f7acbedb90,10,1,0,0,2,4
b0df05f9-c3cc-4423-8efb-769c1f46c93b,10,1,0,0,2,4
b1c52b76-dc1d-41ba-b9ff-4acfb023b341,10,1,0,0,2,4
fc7fcb8a-1a58-4e95-97a0-31f6a31bdfd2,10,1,0,0,2,4
d43329dd-4a3f-469b-b9b7-ce6469f3b973,50,1,1,1,8,32
57ad04ee-c806-4f42-8fd8-24e2a28e8d89,10,1,0,0,2,4
32bb5989-d8a2-4f01-9d8f-e76216bef110,50,1,1,0,1,2
cf116e54-f905-472d-a81b-487c89e3bb0f,50,1,1,0,1,2
03c3b7f5-d795-41d3-9d75-176453af0a3b,100,1,1,1,4,8
054e08cf-f968-4bfe-9dd8-a649a7d0284a,50,1,1,0,1,2
6532cf02-82e9-41ef-9584-30c899e11c29,50,1,1,0,1,2
90e9da73-694f-421a-a4f5-5ff0ffc89dcf,50,1,1,1,16,64
700b94ce-2717-4ae4-9f63-11211010b7a2,50,1,1,0,1,2
b5802a1f-a901-4fc0-a29e-c8fe6be013f7,300,1,0,1,8,40
be89c461-54fd-48cf-9dff-cffc8127dee4,300,1,0,1,8,40
be70a0a4-0629-4263-aa8e-7ed043839677,50,1,1,1,8,40
abadae10-0997-4ff0-8370-fd1ee45e6443,300,1,0,1,8,40
f38b4508-2eb7-4d04-9a5c-f1b43be8785c,50,1,1,0,1,2
4d921577-3be0-440c-bb4c-3dfdf0255dde,50,1,1,0,1,2
76a981b8-c1b3-474e-b9e0-a66a6caaba2b,50,1,1,0,1,2
403ef413-bcd5-4f8e-a98a-f1c61371ee3b,50,1,1,0,1,2
8ad7cfb4-efc6-415f-ae13-11cd68d795ed,50,1,1,0,1,2
445886b7-f915-4f10-a171-d5716c718679,50,1,1,0,1,2
c9cbf82d-9814-4498-a53a-8f8123948202,50,1,1,0,1,2
03996f8e-64d0-4553-b65e-51cedd89a2c8,200,1,0,1,180,464
22f80cf1-6c80-411c-958d-907abae1a29f,50,1,1,0,1,2
176a70bb-d4e7-4c8b-b93e-bebd55754916,500,1,0,1,32,64
173ac221-5195-4174-a5a4-13cda58ec479,500,1,0,1,32,64
17c0e86e-b61d-41ee-8f77-079812033dd5,500,1,0,1,32,64
3d516b3b-35d0-4992-b6a6-e6451974f59b,500,1,0,1,180,464
9092da98-8f28-43cc-ae0e-52184d48b873,50,1,1,0,1,2
86d7f600-203e-4a8c-afe0-cb8509a07221,50,1,1,0,2,4
ec9d6539-3639-4340-ad58-c7692dddbd09,50,1,1,0,1,2
e842ed1e-0422-4e07-97d3-3fd1ca865651,50,1,1,0,1,2
4e423534-d772-40ce-9d99-1d842b07c2f4,50,1,1,0,1,2
2670222b-f044-4de8-a52f-055a4fbd2130,10,1,0,0,2,4
abdc75ce-512c-4c2a-94a4-221157e98e09,30,1,1,0,2,4
169fe971-6896-4142-a175-00aa4f8ea380,10,1,0,0,2,4
0cc5817b-c1ca-4c8c-9718-7fee5b816ea1,10,1,0,0,2,4
8350fa18-1e4f-4ee8-a531-9fe49494b108,50,1,1,0,1,2
776f541a-2f4c-47f2-a5b1-cb970037b98f,50,1,1,1,2,4
fc8df77f-9628-4d00-97a7-e29e017b9c58,50,1,1,1,1,8
7a9b6c05-e795-4b36-ac73-819bdf217222,50,1,1,0,1,2
424dc3e2-ad72-477b-a037-f5d2a16ec26c,500,1,0,1,8,32
5317d9d2-4020-41d0-bec4-10c4f92a71ce,50,1,1,0,1,2
aed26788-4729-477b-89c4-760a02e3b4f0,50,1,1,0,1,2
b74ced74-464e-4740-af28-1c54521448fa,50,1,1,0,1,2
34726a8f-ffe6-4d07-b2ac-50eab9a897ac,50,1,1,0,2,4
d1ff6306-f635-4f26-b88f-c35b8cc30108,100,1,0,0,2,4
c5d3c282-8743-4159-a80a-8db2e9e564cc,50,1,1,0,1,2
3a7625c5-29c3-4838-8d24-b5aa2816afbb,50,1,1,0,1,2
162f7d21-b427-4ae9-b778-5982bf695c57,50,1,1,0,1,2
80bd7487-dce1-4aed-a147-4a6b2c7d50f3,50,1,1,0,1,2
b8559fcf-d6f0-45b1-aecc-198e5b8b5fbd,50,1,1,0,1,2
3fa3f2f3-1336-4955-b206-ac1730b9093e,50,1,1,0,1,2
d2a3c92a-1d7d-46ec-8028-814233377fb9,50,1,1,0,1,2
5a8561fb-623b-4345-aa34-0295bca55d35,500,1,0,1,32,64
e80f023b-3532-48f1-b67c-23fb4f52b391,50,1,1,0,2,4
f1bb272a-5ffc-4454-811b-b8b235f5d30b,50,1,1,0,1,2
7a0924cb-4417-4869-b07c-d4ee00aa766f,50,1,1,0,1,2
9460891d-8698-4071-a148-c9c757569fc5,50,1,1,0,1,2
226b4b33-5cd7-4cd0-912f-566c1914e7d1,50,1,1,0,1,2
852c1cc7-2b1a-4441-b702-078520746618,50,1,1,0,2,4
859fc09b-67c2-4879-bd40-8b4efe2d737c,130,1,0,1,2,4
a37aab2a-9285-4ddc-a735-7bb798ea6a29,50,1,1,0,1,2
8267b1d9-a700-4481-a172-e6093fc515f8,50,1,1,0,2,8
4fe32ca4-563e-4394-950d-424189963586,100,1,1,1,8,64
4e1aa529-76df-4b63-9b13-fbb232247a6d,100,1,1,1,8,16
1431ba5a-39a6-41bf-93e4-d4e4bdbf0568,50,1,1,0,1,1
893459ea-3a5a-4c90-a02f-3293b18fd193,100,1,1,1,8,64
389b2b66-5e37-43fa-9423-22171c6d3b33,50,1,1,0,1,2
afee04ab-fcca-4757-b13b-39f4eca24ec8,50,1,1,0,1,2
70c515b5-79dd-4d34-937f-017af69686e9,50,1,1,0,1,2
7da073b6-0c50-485f-87a1-3e7601dd22e6,50,1,1,0,1,2
dac49e4e-463c-4027-bb91-f301a015fb61,50,1,1,0,1,2
0dffa6b9-2c65-4a38-a31f-72ddb22b6e38,50,1,1,0,1,2
3212ba5f-c712-4e0e-907e-0a62378f3b6d,50,1,1,0,1,2
9cf9a065-5057-48f2-9d6a-ea22dfa999e5,50,1,1,0,2,4
9bf663b8-f8d8-40f3-bcf3-03c21c8050b9,50,1,1,0,1,2
31e25eb7-206c-43e2-974a-e76174b50afb,50,1,1,0,4,8
72da6865-8927-4298-bf26-8c000b15d58e,50,1,1,0,1,2
c0655794-e322-4619-94be-c2915381fd38,50,1,1,0,1,2
26f20bd4-85a2-48d0-b74d-9b5b218acefd,50,1,1,0,1,2
5b319aad-2574-429d-aab1-aa7387049a3e,50,1,1,0,1,2
63650ecf-d4e0-4694-9d43-d7c57650c278,50,1,1,0,1,2
cb4283a9-265b-4692-854b-ebff5cecd41b,50,1,1,0,1,2
cf7878e4-559d-4a3b-85ec-a7dc9ac61bf9,50,1,1,0,1,2
ee00e258-a0c3-4067-831c-b125b5a47b01,50,1,1,0,1,2
72bcfab2-9957-4dbd-8bdd-7af3c75c207f,50,1,1,0,1,2
83717664-fa92-4235-a1d9-290b95f8db45,50,1,1,0,1,2
a41dc061-f6de-408a-8ef5-f5be6b11da1d,100,1,0,0,2,4
0d21b7d4-47a2-4c9a-aec8-2dfe8ac3ba10,50,1,1,0,1,2
20eec921-dcca-4bfc-858c-78ddb9d02025,50,1,1,0,1,2
200895a3-29e9-44c3-9dff-5543223c02d6,50,1,1,0,1,2
6b3f40dc-fc38-4745-bf7e-153b249e2020,50,1,1,0,1,2
71181cf4-d7d7-4887-b828-eaa20575b57a,50,1,1,0,1,2
cd13f717-a9b0-47e2-9055-a842fcff89bc,50,1,1,0,1,2
e2fd3063-9d0f-41dc-bbe5-dee48bbc4027,50,1,1,0,1,2
b9049c50-38a2-4a07-a9ff-058eed631d05,50,1,1,0,1,2
3a8faa19-0254-4b28-874b-6c79185c0d58,50,1,1,0,1,2
8f80d143-a4af-4001-b283-77a4c43b7fb7,50,1,1,0,1,2
13a1f72a-1b7a-41b8-b009-4adc89aefb94,50,1,1,0,4,8
c64b0ec0-9553-42d1-9f6d-aa04e01102a4,5000,1,0,0,36,160
84e44bc5-0af8-4fa7-90e6-3704688a1049,50,1,1,0,1,2
2f63bffe-a264-41fa-b998-fcc005df1334,500,1,1,0,4,8
25fece8c-f938-4c90-a9be-0704bb910416,50,1,1,0,1,2
1b9a9e7b-1010-485d-ac18-ef4e6f5c238c,50,1,1,0,1,2
94754897-517d-45fa-a6c7-3ee143406d97,50,1,1,0,1,2
9c4bb7f7-76d9-4322-9479-399a13949c27,128,1,1,0,2,4
57194c8d-7ff0-45ef-94eb-c989acf9e876,50,1,1,0,1,2
6e1f1ab3-cdb2-44d1-b5cc-189b1a8ae7a6,50,1,1,0,1,2
86ef1ea6-34a0-44d2-8baf-ebd698fe02a5,50,1,1,0,1,2
de1f170c-ad6c-4e86-9c03-5688827c96b0,50,1,1,0,1,2
b10d0e09-e94d-49c0-a683-b7bd2e6d75aa,50,1,1,0,1,2
c93319b8-94a5-4d97-982c-6bc6a3baf311,50,1,1,0,1,2
533474e2-22fb-4b0f-af2d-b30d23e01e25,50,1,1,0,1,4
43116e67-397a-4049-8dd8-8ea72a3c600e,100,1,1,1,84,256
0dbd1917-139e-449e-a9c9-edb7a33e6763,100,1,0,1,84,256
01d9a7fc-abcf-4465-ad5e-fe370ff9e80b,100,1,1,1,84,256
2d849347-60af-4a04-9b8a-4a279cb3543e,50,1,1,0,1,2
1430500b-329d-44ad-9b92-8f49584346b9,50,1,1,0,1,2
c5d7b056-0cf1-4a2f-80a4-17e2356e41d9,200,1,0,1,8,24
4735b1e4-b8a3-460f-9656-78df95ed3682,50,1,1,0,1,2
da937014-e2f2-4eff-9e41-73d957281a4e,100,1,1,1,8,16
0e4d3724-09ec-41fe-9268-4baaf1cf5c1d,50,1,1,0,2,4
1e804214-15c3-4080-bf27-b0c9363dec46,50,1,1,0,1,2
1effa2d7-f4b2-4a9b-b757-8a51161585c5,50,1,1,0,1,2
16438437-17bc-4210-a82e-f5e8863fbebe,50,1,1,0,1,2
ef7c6bdd-4ed1-4db2-bd39-73c4a5e523a2,50,1,1,0,1,2
f67abe3d-bf26-404d-b374-68007f848874,50,1,1,0,2,4
5cae3b70-49f0-4fda-bb03-cd27b5fc8e28,50,1,1,0,1,2
ba029100-df8a-442e-a54d-3ef09799d47b,50,1,1,0,1,2
5a56d148-11b2-4826-b222-1c93684d7a8b,50,1,1,0,1,2
b6c7d44d-a8c1-4936-ab97-c21e2592865f,50,1,1,0,1,2
742c43c3-4daa-47a7-abc4-4b0ba4aca75f,50,1,1,0,2,4
9bcfe636-034d-4db3-90b2-4bcf32f12277,50,1,1,0,1,2
660e780d-67e0-4ae3-b4de-32def1fab840,50,1,1,0,1,2
dd2bb5bb-573a-4148-aa7d-20eb3744f902,50,1,1,0,1,2
12d1bd21-73b7-49da-bc20-35b10520fb1f,50,1,1,0,1,2
3699cfef-a280-45fa-9cd7-83b5e597a8f2,50,1,1,0,1,2
17db1362-61b0-446f-950c-7b111d75d233,50,1,1,0,1,2
571c5c98-620d-44e1-968d-05c82c487a8c,50,1,1,0,1,2
fe37ad6b-ee08-4da9-8592-b32d3491710b,50,1,1,0,1,2
df3124e4-2e45-4aa6-a75a-35f5a987e4d5,200,1,0,0,4,8
022157e7-2934-46cd-81d9-2ca1fd6230b0,50,1,1,0,1,2
ca6ff381-db78-4a1d-b0b8-429ec574e016,50,1,1,0,1,2
c6cb7e55-a42b-4ec5-a3e3-f18b3814165c,100,1,0,0,2,4
44ef58b5-a4d4-4054-b168-6577e918fc22,50,1,1,0,2,4
5814984d-ef20-451f-a4d7-1c5581e6c18c,50,1,1,0,1,2
c179993a-5bfd-48e2-991c-20eb2fc89831,50,1,1,0,1,2
73561f47-d7c1-4664-ada4-6fbc11a134e9,50,1,1,0,1,2
055b1eaa-08bc-4ab9-a334-721b417ba568,50,1,1,0,2,4
07c643e9-5ca3-4529-9054-f57ab11b09b5,50,1,1,0,1,2
49d58e68-0d42-46b4-84a7-49446de6b55a,50,1,1,0,1,2
88816f4c-f47e-480e-a850-4f62794a1c79,100,1,1,1,16,64
600d8555-503f-4288-9860-ccefe2b950aa,100,1,1,1,8,16
06bed550-6e80-46c2-b75e-97958643407e,50,1,1,0,1,2
d107d7ae-697b-424a-b9b6-2bbcd442ea5d,50,1,1,0,1,2
2f6a94cc-4cc5-47bd-8016-50ef84ab81a8,100,1,1,1,64,128
68f39b23-0059-4a32-a68a-cc9a5e395da7,100,1,1,1,64,128
706ad492-b484-4843-8796-b756e0e19444,100,1,1,1,8,64
eb0d0e62-5332-4998-b7bd-99e63918580a,100,1,1,1,8,64
c36ccd4d-8745-49f8-aafa-8c8a80a8eb4b,50,1,1,0,2,4
9ac6e036-0860-49b7-b105-29f569875181,50,1,1,0,1,2
e11c6924-d772-48b7-b433-a913e4ccf97a,50,1,1,0,1,2
952b11cf-4fa7-4b65-aec0-679fb54945e3,50,1,1,0,2,4
4431524b-2914-4318-b9b6-dc79d852ee85,30,1,1,0,2,4
e3820de8-e350-4965-8d2a-f142054d52c1,50,1,1,0,1,2
c3bc8895-805c-4363-8b31-91c56d7f9da2,50,1,1,0,1,2
39d6b886-93f7-40ce-99f5-fe9739cbe000,30,1,1,0,2,4
2731c982-9250-4d5b-a5ff-aeea12823a76,50,1,1,0,1,2
bc693932-145f-46bd-8663-cd5c7739e9d9,50,1,1,0,1,2
3d32da47-2dfe-414f-9b60-d51a86b60e3f,30,1,1,0,2,4
e685f59f-a84e-40c6-8404-5286ed2d4ef5,50,1,1,1,8,40
e6345966-4e41-4e75-a565-0ea9fbc3647f,50,1,1,1,8,40
76408a10-a13e-4e09-a363-bf9fc922b831,50,1,1,0,1,2
4a3887cd-471e-469c-bead-fd7fa94ddd5d,50,1,1,0,1,2
bf11610c-068b-41ef-a569-b7f45e307508,50,1,1,0,1,2
68d1af36-19a1-4be4-bdc1-c2ea512d2e3d,50,1,1,0,1,2
7e449031-bd47-4b40-834b-bd73d26977a3,100,1,0,0,2,4
853b2a9f-e2cb-4aed-acad-5891ce39cacf,50,1,1,1,4,32
4b73c187-fc18-48ac-ac1a-f4c44c8c69fc,50,1,1,0,1,2
badeea50-7603-42fe-a253-c63a1adeb39c,50,1,1,0,1,2
e3da6435-921b-4006-a0da-7edfa5776007,50,1,1,0,1,2
68cc302c-de9f-4704-8106-403051987a62,50,1,1,0,1,2
e120bf9f-4e2a-47c9-9d3a-66558013e415,50,1,1,0,1,2
eeda0244-4cea-4c15-8e0e-6c1d6ae0e9a4,50,1,1,0,1,2
bde3bf8f-4b2e-407c-8ed8-4359c3ced41b,50,1,1,0,1,2
15ceb5f8-df05-4500-83d8-a86beb0e7d5f,50,1,1,0,1,2
402c0fa7-e8ba-4a74-8450-02dc0fa0cfd3,50,1,1,0,1,2
9c14dcc3-8c52-49ff-a4fa-8f533e739d31,50,1,1,0,1,2
7c976fd6-0fa0-41b4-861a-e05758bc5874,50,1,1,0,1,2
bc85701c-aa43-49d1-a2c8-2be6204341f1,50,1,1,0,16,32
0b1a7776-0760-4428-b8a4-480f5107be03,50,1,1,0,1,2
6781dc17-6d38-4412-b545-ccae466f6025,100,1,1,1,8,32
283e5401-eadc-488c-a114-beaa64abc6aa,50,1,1,0,1,2
d3803637-1c57-48fb-8ed0-a596cbfb202f,400,1,0,1,90,224
ccad1835-97ff-403a-b868-44e500ba207d,50,1,1,0,1,2
e24fc431-08e7-4836-b0ae-ea2f745cb580,50,1,1,0,1,2
143a9755-1d60-413f-aa32-d30e330b0638,300,1,0,1,8,40
0d693029-d666-47db-9cda-cedb96044ed7,300,1,0,1,8,40
d593a01c-bd43-42cc-8dcf-16ade238e121,300,1,0,1,8,40
c07f8543-5f78-4ff0-bb0a-0047fa2ca1b4,300,1,0,1,8,40
28a001d4-22bc-430a-8413-6e06db33f2ca,50,1,1,0,1,2
54a066ab-82c9-4ffc-babc-d072eeb86d55,10,1,0,0,2,4
0655ef11-e834-46f0-8b57-00c7bdec45b8,50,1,1,0,1,2
b53958ed-0ceb-42fa-a410-f7b315469167,50,1,1,0,2,4
42fc7e74-36c1-4b51-be80-b384aa5932ea,10,1,0,0,2,4
49dc7259-cc67-4118-a119-50131f0e7eb3,30,1,1,0,2,4
c19eb854-5403-402f-a16f-7a02f04d6033,50,1,1,0,1,2
78861f52-1b5f-428f-ba66-b57201e31dde,50,1,1,0,1,4
1bd09290-c259-47fd-8e67-b56366512d3a,50,1,1,0,1,2
c785ad65-8762-497f-9eae-c1f9735b030b,50,1,1,0,1,2
1e95b1be-0402-49d2-b29b-be9990f917e1,10,1,0,0,4,8
b4483bb9-ccc0-4e00-b479-d50bbcaafe86,50,1,1,0,2,4
fee652a9-0990-4133-93a9-1e44cc6e51ac,10,1,0,0,2,4
7bcb1b05-f95c-4a67-9275-da293617d47c,50,1,1,0,1,2
eb1c8eb8-1c0b-4e25-a5f1-d535438f9d06,50,1,1,0,1,2
417789b4-2217-4bee-b69a-9f705cbcc819,50,1,1,0,1,2
5554dcc1-e145-4847-b7f8-cebabebf8225,50,1,1,0,1,2
f6f71284-7bbf-47e4-b55a-9fb8e64df6c4,50,1,1,0,1,2
12a474ca-93fd-44f6-8824-f2ac2759d24d,50,1,1,0,1,2
2f981ff0-32ef-45dd-be3a-c05680d10cd6,50,1,1,0,1,2
47ddd928-fce0-4e0b-965e-98deddead4cd,50,1,1,0,1,2
0a9df033-e80e-49f1-909d-399d51414da9,100,1,0,0,2,4
377104d6-3944-442c-9e61-bce2b8551acd,50,1,1,0,1,2
36c492b3-79d0-4139-bd09-9193893470c2,100,1,0,1,64,128
3820a194-eaad-43c1-a1f8-26e60d03d735,100,1,0,1,64,128
3f115f1f-6d0c-4af0-b82e-c3487daddcae,100,1,0,1,64,128
6928b755-d503-4ebf-9430-c6f0924e2e70,100,1,0,1,64,128
73e64087-799c-4ea4-a09c-fed4daf6358d,100,1,0,1,64,128
427eec0b-1de9-4c7d-ad78-cf4fa81f1fd0,100,1,0,1,64,128
6fbb0d52-9111-41a3-b12d-e34948d75606,100,1,0,1,64,128
52a3540a-a8d5-4593-a986-57d56c1deeb4,100,1,0,1,64,128
57f8e00c-2867-4aee-942a-ee0efa1bd8e7,100,1,0,1,64,128
7b273ace-69a6-41e5-b8e3-3f6eb9f859ab,50,1,1,0,1,2
9d23628b-0250-4c6d-be76-15983df621a4,50,1,1,0,1,2
83a22df9-f4d7-4c97-ab61-88756d2b0b2b,100,1,0,1,64,128
04a2ebe1-96c5-4a5e-9b2c-cc7782595519,50,1,1,1,1,2
340c7267-f8bd-4628-902b-56950b9f70cf,50,1,1,0,24,48
9849dd67-57b4-4d52-bb8c-b936d0477563,50,1,1,0,1,2
d6f8d5ac-9991-4dbe-a3e0-5869fa38920a,140,1,1,1,2,4
c2748254-f2db-4039-8dde-f090739c6acc,30,1,1,0,2,4
16a4df7c-e4b9-41f8-8b8c-e10611f8d1e1,10,1,0,0,2,4
2ad93d68-3f79-481e-a3ef-ef6a1f7c3d4c,50,1,1,0,2,4
da641e71-3797-4d90-8430-035319bc2984,50,1,1,1,16,32
248a812c-2830-43f1-a231-1de91135b3bb,50,1,1,0,1,2
f377ef9f-f023-4dc9-b132-b2ba3c4a98f0,10,1,0,0,2,4
b580ff02-ac60-49ac-9ce0-316b581801d9,10,1,0,0,2,4
3bb8e336-752a-4264-a4b5-cecfc9791a5d,10,1,0,0,2,4
22897a09-9236-4c63-a927-d94d6d0d48ed,300,1,0,1,32,128
0b3f0df9-e1d4-420a-a05e-9fa63fb373ea,300,1,0,1,32,128
29a285ae-0196-47e6-bb70-145ad6d25191,300,1,0,1,32,128
1cf72b92-b225-46b4-aed8-d11a6f0ae6f6,300,1,0,1,32,128
01bbc794-0c46-4754-92da-50b93a434aba,300,1,0,1,32,128
0179d83d-ceae-4603-838e-665ccda1e176,200,1,0,1,64,256
0206b901-97ed-45d6-92ed-9e35f9df62be,200,1,0,1,32,128
16db9027-ac45-40d3-90d6-474242661059,200,1,0,1,64,256
26da5577-9421-48c4-a066-1b9b908ce697,30,1,1,0,2,4
273be3ee-e724-437c-9b8f-e534f4b7327f,300,1,0,1,32,128
30b4dc67-e68e-4aed-867d-49684495fd8c,300,1,0,1,32,128
2caf2411-b694-4651-a1ca-c82c9bd7ca24,300,1,0,1,32,128
bda3d0ed-a06b-418e-bc58-1234c02173bb,10,1,0,0,2,4
0306686a-7e73-470a-95b1-3077fdd9f505,50,1,1,0,2,8
f89a9090-5e5e-4541-afed-b67908cbf02b,100,1,0,1,32,64
0981b493-032b-4aa0-a4f2-c5af030b42c8,50,1,1,0,2,4
7da08dc5-b349-42b9-bb3c-1139f3964ad8,50,1,1,0,1,2
c61f62ce-b3c9-4ad7-b0b1-4c5faed3884e,50,1,1,0,1,2
55bad8b2-8be3-4d72-bd59-1be946354573,100,1,1,1,8,64
fe600d80-ce4b-4417-a30e-f472c5b687eb,30,1,1,0,2,4
167a1cad-478d-4023-b6c0-0c8b96ec8f40,10,1,0,0,2,4
23eab08e-3ef0-4f4a-a816-4666d8d523ee,30,1,1,0,2,4
73069276-cee6-487b-8d70-ff2bfce61895,10,1,0,0,2,4
4be6363b-231f-468b-9532-e17700aa03f5,10,1,0,0,2,4
0b0c57a4-25dc-49bc-82c8-968edc23bc81,10,1,0,0,2,4
01f2883b-a9e8-4c98-99b7-16b91ebd6354,50,1,1,0,1,2
98461fc2-79e4-4492-ad1b-dc980d248be2,30,1,1,0,2,4
0d189bfc-8269-4d4c-b0c5-7e8ecc04aafa,30,1,1,0,2,4
1398e104-3331-4817-be21-237e9adc5b79,30,1,1,0,2,4
fdabc1c8-89b6-42de-af49-a843552da541,10,1,0,0,2,4
4f2c041d-4f3e-4e15-8198-b47030a0eef5,10,1,0,0,2,4
29d62319-d98e-4bc9-9fc0-676f6b30a39d,10,1,0,0,2,4
b832e69a-95e0-4903-96fa-4b271b35e705,30,1,1,0,2,4
31a16d30-ac01-4efe-9bd9-2742fd172b96,30,1,1,0,2,4
f8a90d2e-3bd6-4055-b449-6d6459648cac,10,1,0,0,2,4
fe7e723c-ab6c-4a8b-b58e-7c3006d07c68,30,1,1,0,2,4
6e64d4ad-8d59-48c5-b1ff-0fe572fddc59,10,1,0,0,2,4
69973605-92a7-48d9-9287-daed341a9f68,30,1,1,0,2,4
c6771d7c-3c1e-47ea-86b4-41c0a94bf75a,30,1,1,0,2,4
ecad613e-9c51-481d-b130-061c2941ed9a,30,1,1,0,2,4
4123f7eb-f68c-4d41-8f7c-b2b820da57ea,30,1,1,0,2,4
e2daeccd-bf8b-4a05-b766-fd15b8c9e316,10,1,0,0,2,4
56d6170b-2572-4d5a-86cd-c410519f0531,10,1,0,0,2,4
69c934e0-6fbd-450c-8152-98b507382101,30,1,1,0,2,4
9331e40f-cd0e-4962-a587-123d9de17e90,30,1,1,0,2,4
f0b681b5-b990-48be-ae61-2d9ecb97d82e,30,1,1,0,2,4
a09ed6f1-4437-4034-8489-bf010b0fb0ab,10,1,0,0,2,4
85b69fe6-492e-40a1-8177-360428d80590,10,1,0,0,2,4
42b65fc6-5a68-4549-afae-d43fe8f90fc9,10,1,0,0,2,4
4e9d1928-963b-471d-86b4-674308a3a7ec,30,1,1,0,2,4
a31d809a-b07c-4d86-b16d-f1c80c801667,30,1,1,0,2,4
8eb5a762-76f7-4542-a287-76fac6050a22,30,1,1,0,2,4
25805d01-5173-4b74-9b5f-e1d5c88c6217,10,1,0,0,2,4
12fec454-758f-4033-850f-18cace97301b,10,1,0,0,2,4
dbf54b8e-ad74-4e9c-8224-2864ad50b4ff,30,1,1,0,2,4
6ad90cbd-d7aa-47d3-8343-9f24eda39ca1,30,1,1,0,2,4
18e63483-ff4e-4e47-b36f-4b2a72dc320e,10,1,0,0,2,4
d73f56b3-f4ee-4ef5-bbf0-c269a8aa48c7,10,1,0,0,2,4
5c2daacf-262e-47b3-b15c-6accfe79eaad,30,1,1,0,2,4
37a41b25-b11c-4684-8cea-1c4f2bf505c7,30,1,1,0,2,4
20588f35-9dc6-4172-9afa-bd9b3300d54a,10,1,0,0,2,4
21d80b7b-5e0b-4daa-a986-9a491980ec29,10,1,0,0,2,4
3c0079fb-79ef-4c93-b20e-33091ff0ba8e,10,1,0,0,2,4
9786e863-eec3-42aa-9136-689f587c1fb7,30,1,1,0,2,4
197b69e4-40c9-45f8-9b7f-bbae16146f87,50,1,1,0,1,2
1f27e7c2-aca6-4558-bcba-81f284bb7be0,10,1,0,0,2,4
eaad4ac6-0ab9-4c63-a785-21c98d3b3d02,30,1,1,0,2,4
74b63178-3889-4a38-9cee-a773e85c1289,50,1,1,0,1,2
d9a216bd-38fc-4420-8a60-f91e30958478,50,1,1,1,16,32
2b83a38d-9746-4042-93d4-de40f1664bac,50,1,1,0,1,2
4c8451da-1505-45e0-a0de-da1536767698,30,1,1,0,2,4
3259d377-f996-4f7f-ae12-956a0ecadefa,10,1,0,0,2,4
489f0aa3-fb2d-4301-910a-e6e77d45876a,30,1,1,0,2,4
c34fc3e8-ed19-46ad-aa28-366f3b14cb17,10,1,0,0,2,4
929b781e-892f-4d4e-b2b4-c7b04af8583e,10,1,0,0,2,4
757ac960-33ec-4281-8f13-2fe9316c40a5,10,1,0,0,2,4
0c2f4050-eea6-428d-9bd9-7dcc2c1d103a,10,1,0,0,2,4
9cc1a967-cb70-4bcf-a3a0-dc5ad9f480d7,30,1,1,0,2,4
c754aa8b-80b9-468d-88ae-f557ac3b0855,10,1,0,0,2,4
3fabac0f-c657-4ed7-b94f-f49948a77ee1,50,1,1,0,1,2
6064a995-2db9-4232-9d5b-b31559ee7316,10,1,0,0,2,4
bdab719c-7110-4f16-b933-62ff1aec82c4,10,1,0,0,2,4
0ec92967-2b35-4d3a-b2ed-a624b27e4992,50,1,1,0,1,2
6213abb8-18a7-4715-8661-8f6da076070b,10,1,0,0,2,4
3328ac6d-5125-4b84-9958-1871af640ff5,10,1,0,0,2,4
6e0e8298-a712-47bf-82f9-7b00bdec3c43,10,1,0,0,2,4
bad77ed7-1e4f-4538-b865-8064b97ee95f,30,1,1,0,2,4
f7b5e71d-7dbd-499c-a716-e31ba0b1d1d5,30,1,1,0,2,4
14561b74-d86a-4648-9674-461d33311edb,10,1,0,0,2,4
21676610-6eba-4aa0-8ca6-df7ffbd73260,30,1,1,0,2,4
5ab9226a-9af5-475a-b38e-2951dedabbb8,100,1,1,1,8,16
883d932f-a09a-4be1-b510-911348815d12,100,1,1,1,8,64
ddf7c296-649b-47dc-98c9-c3941c103124,100,1,1,1,8,32
1236f724-9d3d-49ef-b6d6-1e14b448bafa,30,1,1,0,8,16
ceb0394d-fed9-4de4-9e86-bb97836b5c69,100,1,1,1,8,16
e1714372-df84-4cef-9175-088f286a1623,50,1,1,0,1,2
8f5b400b-a477-4a07-a05a-ef043a9b5394,50,1,1,1,16,32
bd37ba6e-1ca0-4e4c-9cfd-afa3aa020188,50,1,1,0,4,8
008a6a74-c362-4576-9cc0-423b0bac2881,100,1,1,1,8,16
7df9cc70-7155-43ed-a790-9b4017f528be,50,1,1,0,1,2
bf99e35d-66de-4370-93e2-a46e601e17c2,50,1,1,1,16,64
0ee15638-51e9-4ac1-9575-34a5adceafa0,100,1,0,1,32,128
badbc8b5-52cf-4326-ad2f-2b2cb712781c,50,1,1,0,2,8
d95be1f7-d151-4d8b-a962-d4ce4757c190,100,1,0,0,16,32
ae9c9f60-b874-4aeb-ad26-c73839766709,100,1,0,0,16,32
bc7f3023-ad09-45f1-8bff-7acb852b206d,50,1,1,0,1,2
64cef2a7-b870-4f11-92e6-923c34d96df2,50,1,1,0,1,2
662ef65e-d0ed-4821-8b73-d86b15e09e42,50,1,1,1,16,32
187b8f7d-0d3f-4720-bd93-5613cc142532,200,1,0,0,4,16
7889c34b-0a67-4b8f-88ec-a032f6a518be,50,1,1,0,2,4
5c8c7b76-739f-436c-99df-53b75943b214,50,1,1,0,1,2
02c1c8c7-683a-40ca-8f7f-fbffd1d429cd,50,1,1,1,8,40
4edfc4e6-e3f3-4c9a-ab63-dc72e40397c3,50,1,1,0,1,2
2e1a1b92-62d3-4b4e-98b6-df9835fc1455,50,1,1,0,1,2
7bbae97c-0f82-413e-99fa-bda0fa789583,50,1,1,0,1,2
32693574-a572-47c4-ac23-827c62185687,50,1,1,0,1,2
cc078435-16a0-4bc4-bb1b-e509bd0d8ea5,50,1,1,0,2,4
357981e2-8c77-4059-9ec3-9c4fb3e3bdce,50,1,1,0,1,2
5469e712-6fdb-4357-a563-63035d499e1d,50,1,1,0,1,2
fa03a203-019d-4a1d-aba6-cedbe9967e39,50,1,1,0,1,2
ac885a5c-281a-4749-84ae-da78418a707e,50,1,1,0,2,4
8547a572-19ce-404d-bace-9155501df71f,100,1,1,1,8,64
77db8220-a20d-40d8-a00d-c5ef908bbb31,50,1,1,0,1,2
a70f625e-c4d0-4eed-9ec2-7c2c314ae324,100,1,1,1,32,64
ba57dfcb-9b5a-4abf-8c90-b831e9344128,50,1,1,0,1,2
24197057-0da5-4061-8262-a49c1232ef1c,50,1,1,1,76,320
297e0d58-17f8-47d9-8d37-37f1fc7a3d32,50,1,1,1,76,320
4d6d9f5d-0466-4f3f-a30e-225081e5229c,100,1,1,1,16,64
53b62ece-44e4-4382-9541-77bedaab9207,50,1,1,1,1,2
659e3a3b-34fa-4716-9c90-c670c8d9e85a,50,1,1,0,1,2
43c20e6e-668c-4dba-b63c-aeef20fb878a,50,1,1,0,1,2
d5e8d75a-3bb7-45b0-a236-e2cc03ca7099,50,1,1,0,1,2
3e679f30-86d3-4cea-8831-df7da7fd2ea6,50,1,1,0,1,2
85829504-2c81-4ed0-bc71-1764214d543f,50,1,1,0,1,2
10524148-5743-45f8-b109-c77864d4a3e6,50,1,1,0,1,2
47ff3467-5b6c-4512-b44d-120a5f026848,50,1,1,0,1,2
05163cca-ee5a-4fd7-bec7-d254459f9f07,50,1,1,0,1,2
d74d6590-4e1e-4b5f-93d4-2dbfca514c14,50,1,1,0,1,2
f0d2d325-1414-4e45-a2dc-10241411937f,50,0,1,0,1,2
6da62381-8269-4325-bca8-f095ffd865d0,50,1,1,0,1,2
491efb9d-e7ef-462f-bc07-2daf78668c5b,50,1,1,0,1,2
e85357fe-93d0-464b-ac89-68b30eeeddba,50,1,1,0,1,2
dd274e50-c8a9-4fe8-b3b5-94b906218f77,50,1,1,0,1,2
7f769104-5590-4ab9-920c-59126f720be0,50,1,1,1,1,2
9fdc12bc-cf99-4edf-85ce-bad34f3cc9b6,200,1,0,0,4,8
245b8f29-56e0-4bae-a03b-5a71e0dbf2a1,50,1,1,0,1,2
2e2a7e82-0d35-4ddc-9f9f-44a51f764628,50,1,1,0,1,2
a2eaa4e8-07df-4334-94da-fd1b0eaf6cfd,50,1,1,0,1,2
de8d5577-ce9f-441c-8407-f375b063661c,50,1,1,0,1,2
d2931f64-0734-4cd6-b71a-2cc7645f0e91,50,1,1,0,1,2
8d0f71c4-cd72-4d6c-90d2-d7d914cf9f20,50,1,1,0,4,8
38b4794b-95b5-412d-aa98-c27ed81368ef,50,1,1,0,1,2
532204e8-0ae9-4521-b3a5-e30e90169ed2,50,1,1,0,1,2
f26d6d24-9232-4cbb-b321-3fc1746792f9,50,1,1,0,1,2
bbb7cc74-dfd9-4eb4-a4c4-0899f03adc0b,50,1,1,0,1,2
b3c03d5a-f611-4536-b2c4-664970107979,50,1,1,0,1,2
2a892d28-df8c-437d-98ac-383719fdf3d7,50,1,1,0,16,64
85575379-f25d-4f0e-b9c9-4fb4a96762a7,50,1,1,0,16,64
a3416d42-c86a-437f-a63c-a6e0d68ce011,50,1,1,0,16,64
ce1bb6d3-0ce0-4295-a974-3d79209398ea,50,1,1,0,1,2
1a306104-b51e-415f-a281-356cd62462f0,50,1,1,0,16,64
457cf971-221a-4952-8396-c663b963756c,50,1,1,0,16,64
225fe7cc-558e-4872-af6e-adcb83472bad,50,1,1,0,16,64
1fedebb3-f7a6-421a-b722-83097d9058f5,50,1,1,0,16,64
9d010514-cc41-46a2-aeb0-46974baea90a,50,1,1,0,16,64
62d40946-cf38-48de-99ae-ba032f5736d8,50,1,1,0,16,64
f8c39d03-6973-4deb-a4c0-2b22b8645173,50,1,1,0,16,64
7458311b-bfcb-47f6-b9cc-e37f5cd60f4a,50,1,1,0,16,64
1d30e975-d27f-4af2-a69d-8bc153d84d2f,50,1,1,0,16,64
9dd89c21-3454-4ca9-9195-3346d26d1726,200,1,0,0,8,16
73739986-dbd7-40fd-a05c-c6dc7dbe6941,50,1,1,0,1,2
e8348b8c-59a5-4bf7-88f0-81824637339a,50,1,1,0,2,4
5324ad68-c8c5-4767-8ef9-8c2e65e61541,30,1,1,0,2,4
e15b4af3-9fd4-4ea9-933b-d855afaa7701,10,1,0,0,2,4
fa9d1123-31a8-4180-b749-ccd96db18c43,50,1,1,0,1,2
efb3353a-e906-497f-b233-2d2b6db21b15,30,1,1,0,2,4
9777f906-3c48-4d91-93cf-8285b2312da5,30,1,1,0,2,4
d83bee71-281b-473b-8486-333f78bc847b,10,1,0,0,2,4
1860c9c9-291c-48ca-9d48-597c21893605,10,1,0,0,2,4
7d420be7-8415-40f3-b6a3-fc5ca6ac3585,30,1,1,0,2,4
29f3ff1b-9033-4774-ae6e-6fbc5e4f08e3,30,1,1,0,2,4
a9da30f2-bf09-4914-8165-4d2c7f149467,30,1,1,0,2,4
3ce52a6b-8906-42cb-9d81-41fd9169cf53,10,1,0,0,2,4
feb9af9e-dac5-402b-8f09-296002aa7c82,30,1,1,0,2,4
2fb059a9-978d-4c10-a40f-ae4bcc115b34,10,1,0,0,2,4
6541349e-ba25-4204-9107-23822930e171,10,1,0,0,2,4
61b74e7e-9a4c-415e-91bf-758b21598624,30,1,1,0,2,4
05f519dd-7843-40ff-8c80-c2b1582ca29c,10,1,0,0,2,4
f87156e7-d5d4-42f2-8148-51cb9e7ef040,10,1,0,0,2,4
9481b38b-0f29-49f5-b756-3af2c372e982,30,1,1,0,2,4
9a9aa6a5-349b-4438-8177-eb7c4b21c01d,10,1,0,0,2,4
c567ed97-5990-4616-8e61-dda66e2cd0bd,10,1,0,0,2,4
87b6114c-a00a-4f6c-a587-ecd7f5972976,50,1,1,0,1,2
d0788582-fbd4-4dc4-a52a-c10cfc41c2a5,50,1,1,1,4,8
0dcca5f2-b132-4bf6-b9a6-a969ed4c3af1,50,1,1,0,1,2
7aded012-5e8c-4b03-b50e-9845c6a777fb,30,1,1,0,2,4
3fc976fe-e065-45a5-9d68-20072dda55e6,10,1,0,0,2,4
f968f151-907b-4ba5-af59-d3a0b1bb4359,30,1,1,0,2,4
1ce3a1ab-7202-4559-a144-a476bd7c3820,10,1,0,0,2,4
928c616d-5702-470e-a01c-fbc4ce7f8970,10,1,0,0,2,4
9aea3b66-0a0d-46d4-8e9c-ad1c6a64328f,30,1,1,0,2,4
a2323d67-40e2-4b88-b80e-f4b5bc5620ca,50,1,1,0,1,2
51f04a8e-7481-4909-9956-abee97be29fc,30,1,1,0,2,4
262a791c-8e1e-48da-be88-7b44de172cfa,30,1,1,0,2,4
f0f2c817-abff-4797-88f5-356116509de1,30,1,1,0,2,4
f7f58feb-b5eb-46c3-b9e1-c43b81022161,30,1,1,0,2,4
c7da2c48-581a-402d-b0a0-90969c402433,10,1,0,0,2,4
675544f7-bfeb-4594-9d40-b13f5d440f14,10,1,0,0,2,4
f56ab270-e2a8-48f4-99fa-d85153d67669,10,1,0,0,2,4
e85a5118-e72a-416f-8232-ada9388b5712,30,1,1,0,2,4
7d71fb86-413b-4b75-858e-4058d08d5b10,50,1,1,0,1,2
a471bbf9-8620-49ac-b012-aab78949c1ec,30,1,1,0,2,4
420f9b43-a388-4765-8650-3e0cb1f9f528,10,1,0,0,2,4
6d9f6d43-ca11-4e73-a339-44b42dd2eed2,30,1,1,0,2,4
1f584fa6-285e-408e-985b-6e96733ed419,10,1,0,0,2,4
f6a0e01e-7b71-44bb-8415-1afc43155722,30,1,1,0,2,4
8fdbc002-909a-44ae-af9a-cd3b308f3584,30,1,1,0,2,4
d21afe16-0797-4d70-9100-a3a00d3d7f0b,50,1,1,0,16,64
a3a66ed7-28d1-4faa-bbeb-1b381e0a2019,30,1,1,0,2,4
a1aea53b-9ff7-4fc6-8ae2-d5f27ced75f6,10,1,0,0,2,4
2f0eeed3-6520-4147-8712-d1bc12db875a,10,1,0,0,2,4
2141c919-96bf-4ca5-a54c-6350d1dbccf4,500,1,0,1,8,16
961108b5-6b17-4daf-873c-4c870d6dbd12,50,1,1,0,1,2
aa7e7d22-b3b8-4533-9c45-6ab3bb06031e,10,1,0,0,2,4
6fed6c25-043e-4f7d-bdd1-ba97e3a7688a,10,1,0,0,2,4
8832ee40-ae9d-4edf-b4c6-5c248a468904,50,1,1,0,1,2
29478b31-8cc9-41de-9d00-99ee42ec3fe8,10,1,0,0,2,4
e18e0b1f-2da1-441d-afc5-eb49db669892,50,1,1,0,1,2
63ba7a69-fc51-4ab7-b182-8f738d08de85,50,1,1,0,1,2
893efbf2-fc9b-431f-b6f6-c02b147fe9e7,50,1,1,0,1,2
d3d87893-2b53-4b92-a8f8-90ba9e3c46c8,50,1,1,0,1,2
0ce95097-cf31-4433-b843-414fde7c0564,50,1,1,0,1,2
ca73999d-f39e-43ee-bec8-92fd8019608d,50,1,1,0,1,2
a13b982f-0c09-4fef-b5cd-499a8f1ddeda,10,1,0,0,2,4
46957bdc-876e-49eb-adb1-2f05439ccdf2,30,1,1,0,2,4
9f5d807f-3d20-4c29-ae22-1bb56050fd39,10,1,0,0,2,4
d9e61353-fa1f-4e82-bdd6-19c134f7ffda,30,1,1,0,2,4
05c52e2a-c8ab-460a-bf79-22fa551a9e3a,30,1,1,0,2,4
9706efa0-45dd-4e32-9c85-8dceb2f044ea,100,1,0,1,84,256
92e218bf-2b15-4573-9125-8cb7f779991e,30,1,1,0,2,4
f8e34a33-16f8-405d-899f-3dbb2506ea34,50,1,1,0,1,2
e4f6327a-001d-4ba1-bf76-3af4938e7b30,10,1,0,0,2,4
45f008ca-5ccc-42cc-942b-54ae719f911d,50,1,1,0,1,2
4af05cc2-0fa2-488b-ad44-6f4483c72537,10,1,0,0,2,4
5de23ec3-b429-48fe-ac88-76de0de4e23d,10,1,0,0,2,4
c3649e20-9d56-467e-a276-8de804020c1f,50,1,1,0,1,2
0f8e5a77-bb4e-4a91-b12a-ffd2d4ff2df3,50,1,1,0,1,2
86ce7eba-9034-4f77-a88b-4992bed4f3d3,50,1,1,0,1,4
171d2422-6155-4368-a568-1a5d83230819,30,1,1,0,2,4
5b5ebc3c-ab96-494c-85d3-2784e620be1f,10,1,0,0,2,4
d9b99e1c-2867-4ab7-820c-45d2f7a64fdc,10,1,0,0,2,4
bb3ee19e-bb35-4c3e-a68c-f4cb7f63d336,30,1,1,0,2,4
3ed1bea5-26bd-4274-97a2-26185cbfa1a1,100,1,0,1,64,128
bf541621-29f8-4647-b0cc-8f5a7d0e2399,10,1,0,0,2,4
668b1e84-bb5e-4ec2-a41a-aaedb8973602,50,1,1,0,1,2
51f1c138-0eff-4552-9552-7ba764d14dea,100,1,1,0,1,2
8cc97494-ccd1-4781-99b1-209ce9eee7d3,50,1,1,0,1,2
aa3e462f-fc4c-4374-aff5-5c7410a93230,50,1,1,0,1,2
793b16f0-c294-4939-914e-4c6fbe33afa7,50,1,1,0,1,2
ffc42761-fd29-4c3f-a616-e2ecc72b9453,10,1,0,0,2,4
f3619a94-2f88-4ad6-9576-4e75328138ae,10,1,0,0,2,4
821b8f25-79c0-4484-9327-8d59e2f886d8,10,1,0,0,2,4
7299b349-dd34-4fe0-97c5-aeea97386010,30,1,1,0,2,4
6abc069a-17bd-433b-9b93-720867244231,30,1,1,0,2,4
b713b3ef-533e-4efc-ac7b-d6dd965e1b30,10,1,0,0,2,4
90bc88ad-f414-4733-a2e2-2c19a50e7b3f,10,1,0,0,2,4
8eab8d11-62ad-4ba0-bdeb-f55f93a64422,10,1,0,0,2,4
25df1193-2030-4dc6-878b-8c21dd87c40b,30,1,1,0,2,4
05686a4c-3e1f-4dc0-a6fa-11a65dbde0c9,30,1,1,0,2,4
519c053e-38c1-4d6a-a629-fd4b3daaf880,30,1,1,0,2,4
01eeec8e-d4a6-4e5a-847a-2b160a40bd9d,10,1,0,0,2,4
99a63806-ad32-474f-a5dc-497ba7926902,30,1,1,0,2,4
6965c13d-c4bb-4574-934c-eb86a9362a3e,10,1,0,0,2,4
dda3616e-807a-4eaf-846a-8bef65274e5c,30,1,1,0,2,4
5c32e09e-f4e4-43f7-9bb5-fd8d8e7b0a75,30,1,1,0,2,4
1ebed448-61a8-4b9d-9245-26b89a60aa53,30,1,1,0,2,4
0a23199c-d66b-4b7c-b990-1708e5076f7f,10,1,0,0,2,4
502c0c5f-c351-4d5e-99da-ca71f6812cbc,10,1,0,0,2,4
bee4f4c1-95ad-4428-b6a4-9f49493974f4,10,1,0,0,2,4
7f606459-254b-4a23-9611-131002b2bfd9,30,1,1,0,2,4
ac3e729f-6e9a-4047-a268-c13c8dcb5439,10,1,0,0,2,4
00223656-80e7-48b6-a12e-a0ec751464b8,10,1,0,0,2,4
56c3d1a8-f91a-4000-a7aa-cd825900ddda,10,1,0,0,2,4
8c1f99ee-0308-45cd-a71a-451ecd1b21e8,30,1,1,0,2,4
7443865e-febe-4c73-9481-a5d47b388c4e,30,1,1,0,2,4
b4ca9dc4-b87a-4912-909f-f8e63e4a8785,50,1,1,0,1,2
720685c4-147f-4c7b-9319-02903dcdd283,30,1,1,0,2,4
e9072f35-9130-4760-b09a-d74beeb5921f,30,1,1,0,2,4
606d7084-74ca-4ead-a55f-fc8f9c317eee,30,1,1,0,2,4
623b16e7-d2e0-449e-8701-b9724f5a4515,10,1,0,0,2,4
f75c86a1-82ab-461f-9e12-df08949e68f7,30,1,1,0,2,4
3e365714-7bc1-4d33-8337-271d5e3753d6,10,1,0,0,2,4
3adff6c2-3a53-41a2-bc27-a3097b1b8e61,30,1,1,0,2,4
8ce2c02d-8de4-40a8-8c0d-471cf7e80f42,10,1,0,0,2,4
b1152445-ca38-4823-956a-d0451559c252,30,1,1,0,2,4
11ac673f-cbe3-4b9a-9252-0ab2e6985070,10,1,0,0,2,4
3e9114b8-26e6-49cb-9c19-c175012520f7,10,1,0,0,2,4
f667636c-e04b-4175-a42e-b3e0e37038a8,30,1,1,0,2,4
5377ce9c-019e-4973-a009-8d7b9809ddfc,10,1,0,0,2,4
48d67f6a-3965-4a51-bb7d-0ec47b405c37,50,1,1,0,2,4
e2260fc7-a7bb-49c7-86b8-8a14c7232dd0,100,1,1,1,32,64
88252b91-add8-4fe6-90e5-46424f842397,100,1,0,1,32,64
54b91907-400c-42b1-b98f-5dc99b3cef11,10,1,0,0,2,4
5ef46c42-2297-4ef4-b038-bd48a32c87f0,50,1,1,0,2,4
62698bbe-7670-440a-a2c3-f6719e9c374b,100,1,1,1,4,8
ef979bc9-36c8-47cd-bcd6-05ef19170ede,100,1,1,1,4,8
9380a7af-beaf-477a-95ad-113ca395917d,50,1,1,0,1,4
3a835033-88f0-4b30-94db-d30055617628,50,1,1,0,2,8
1c5cb243-8489-4d83-84bf-6eee67724165,50,1,1,0,2,4
6f535490-a451-4384-8064-118de6b00d68,100,1,1,0,1,2
2448c7b6-e146-4fde-8439-54dfa9e1d543,50,1,1,0,4,8
accee829-9395-4b9e-9ce9-df6f11f6d9fa,100,1,1,1,16,64
9c132d8e-9c04-4ac6-8223-c4cfc0df2f74,50,1,1,0,1,2
386a6dbb-ca7f-46c4-90b3-8439df123d55,50,1,1,0,1,2
926767c0-e717-4e23-aa7b-d2595c03a1c9,50,1,1,0,1,1
b9a17664-3ff3-483d-b129-1baa46e7146e,50,1,1,0,1,2
2c42108d-1d62-484f-96bc-a784f74d8b19,50,1,1,0,1,2
dbb0ab80-468e-4574-b083-04f6813ff79b,50,1,1,0,1,2
715387bd-14ab-45f5-92c5-0ae50654551a,50,1,1,0,1,2
95fddd77-f81a-4bab-8e52-a92bcb107533,50,1,1,0,1,2
5f9c3c2a-418a-4ea5-99ba-90c5143a4a76,50,1,1,0,1,2
b54c49d9-faa3-48bc-9d3b-5cb5df653e6f,50,1,1,0,1,2
923ce2a5-45f2-4c90-8ad6-91d3b684410f,50,1,1,0,1,2
f7a7ba77-877a-48a6-8383-d0dc6dcde0f7,50,1,1,0,1,2
54b48ecb-f53e-409d-b861-69c9e209b20a,50,1,1,0,1,2
05d6e6a8-dda4-45d7-878e-802cbc74f9a9,50,1,1,0,1,2
b5545bc2-7de7-422b-9ab5-c4b0fd7acff3,100,1,1,0,1,2
64ff5ae5-77ea-436e-8808-1e6f9bb7cf33,50,1,1,0,1,2
9f190524-7152-498c-b07c-1d1359bbffdf,50,1,1,0,1,2
68ba6d86-2663-4704-9393-c7b91398e200,50,1,1,0,1,2
59139884-c9e0-4df2-935f-86b9f000d540,500,1,0,1,32,64
156a20da-b524-408e-a728-4e0498d970df,500,1,0,1,32,64
835f391e-1f1b-41db-b729-b3663310493c,50,1,1,0,1,2
9db93e58-05ae-40ad-b94b-887114b0025a,50,1,1,0,2,4
8b6e02bc-b674-465e-8ebc-8d6f1a0a4d61,100,1,1,0,1,2
003f09be-8819-4e4f-b40f-560eada152ca,200,1,0,1,32,128
5767dc92-7890-4498-a904-2469bb109658,50,1,1,0,1,2
3b1c8564-03f5-4d18-aa78-bc37aa1ccfb3,50,1,1,0,1,2
ff481d7d-959c-4307-b67d-1f9cb505fb18,100,1,1,0,1,2
da8fb966-bd1e-4425-b59c-15610f4b1247,100,1,1,0,1,2
52425ae6-ab34-4f88-b596-e609453746f3,50,1,1,0,1,1
ba064ba5-cd59-46b3-b317-1d0ddb9e8374,50,1,1,0,1,2
d8ccd8ec-f2b8-4837-bd57-67d548fe930c,50,1,1,0,1,2
f9957ecc-f5f9-47a7-88a6-229511aaaabd,50,1,1,0,1,2
e9620e2e-6cca-454c-b46c-b5021fd445e1,50,1,1,0,1,1
eded4bd8-ca21-4b75-baaf-c28735aa1f26,50,1,1,0,1,2
a3f55952-ff9d-4997-81c6-3e008960bf7b,50,1,1,0,1,2
797c199b-d06a-4875-baf3-76e15be451df,50,1,0,1,4,16
696dbc6b-892b-48b8-83cf-e6ef9d9c3949,100,1,1,0,1,2
7fe442af-66e5-4e11-a916-e523f33ca862,100,1,0,1,64,128
e9f97e26-0473-448a-8f8e-b0567750fbc8,100,1,0,1,64,128
d0211923-3125-43d3-9317-427616785e89,50,1,1,0,1,2
fef992f9-540e-4057-b1d2-b56a874535f7,50,1,1,0,1,2
50a4b2e7-de54-4380-8051-92ef77554921,50,1,1,0,1,2
71ff2dab-d513-4fe7-8c71-f2efcf53e832,50,1,1,0,2,8
a8f50b0b-5120-46af-8ea6-6d1f3c04b4b7,50,1,1,0,1,2
5ac6ed49-c0fd-4666-bbe3-622d6e9681d5,100,1,1,0,1,2
851f04ac-78ab-4704-bc11-aa2b5109fa92,50,1,1,0,1,2
a6b1e665-4be3-4834-9484-15a555d86b17,50,1,1,0,1,2
acc3f1fa-9bef-4565-bd4b-6fd687d80bf6,100,1,0,1,64,128
13e675b1-e21e-467a-8715-19c147816d7d,300,1,0,1,64,256
e75d8079-0bd5-4aee-b87a-6d083a443870,50,1,1,0,2,4
74e4f1f6-7b32-401b-a336-6f7c4e1f41e5,50,1,1,0,1,2
39951e77-2eef-451c-9bbf-cb0ce61e13cb,50,1,1,0,1,2
5f4b01a9-ffe8-4710-a8fc-70ff5f92db79,50,1,1,0,1,2
a56cc7c6-ab44-433c-bd44-f04894948d77,50,1,1,0,1,2
fd0334ad-0677-435d-8b84-4544b7853b09,500,1,0,1,16,64
c6f8c56a-9723-4764-8a1d-57dceb776b6d,50,1,1,0,1,2
3bed451a-e2f7-455f-837b-4278395b0e38,50,1,1,0,1,2
5f8b6c2e-ce8c-4e6c-88b2-1e22f1709f84,50,1,1,0,1,2
97d5d6a5-5504-4503-b180-5d11b33f0019,50,1,1,0,1,2
3c135c7a-60b8-41a3-a867-41b6204c5f60,50,1,1,0,1,2
006ead5d-2654-46ce-b3a2-b63c4ca17ab9,500,1,0,1,180,464
00e34c09-e784-46c7-abf7-e57f1ec74224,200,1,0,1,180,464
00db00a3-5e86-4793-aef0-1bddbf00867a,500,1,0,1,180,464
82f666f3-c9ec-473e-b5dd-94815b629e69,100,1,1,0,1,2
efa1a224-0116-4f3d-bf24-c531d9f97e62,50,1,1,0,16,32
307921f9-6aac-4015-b7c0-2cd7e2d4841a,50,1,1,0,1,2
d7b466d0-4696-4b3b-81bb-39daa54e051f,50,1,1,0,1,2
ccfeb37a-83ed-46d8-b847-a60c92df078a,50,1,1,0,1,2
370faed7-3fc7-4833-b659-8bb4cdea4bae,100,1,1,0,1,2
2ac5821f-a4b3-4c95-89f4-1f538a5b7c2e,100,1,1,0,1,2
1e097b7e-02f3-4934-9a50-cba4495d3bbd,50,1,1,0,1,2
0709a171-54e6-4ac9-a302-d54aca857aac,500,1,0,1,32,64
0c2447af-13a2-4948-9d51-e1065096bd4f,500,1,0,1,32,64
1a020f3b-b1d1-4240-923b-a552321ad938,500,1,0,1,32,64
b787449d-8cc6-4c3d-8f82-53efcc95a94d,50,1,1,0,1,2
12181aaa-ac2c-423b-b267-f5127020aa5c,60,1,1,1,8,32
ac53a32b-3c62-443f-b17d-af880ae8ce18,50,1,1,0,1,2
9557bfcf-8b9c-4149-9f36-b936fa255307,50,1,1,0,4,8
e7beb81f-b2e6-40b9-aa9a-cedf9d8a6bca,50,1,1,0,1,2
71ef356b-e7ec-4310-8327-c4dadc23a980,50,1,1,0,1,2
2eaf99ec-3b05-47ab-8706-ed36a2d3575e,50,1,1,0,16,32
